pop	chromosome	window_pos_1	window_pos_2	avg_pi	no_sites	count_diffs	count_comparisons	count_missing
pop1	NC_091013.1	1	1000000	0.0033357671548626	628641	2097	628641	0
pop1	NC_091013.1	1000001	2000000	0.0049387040744972	753639	3722	753639	0
pop1	NC_091013.1	2000001	3000000	0.0050651045564873	901857	4568	901857	0
pop1	NC_091013.1	3000001	4000000	0.0045679860764376	915283	4181	915283	0
pop1	NC_091013.1	4000001	5000000	0.0049020376708211	956337	4688	956337	0
pop1	NC_091013.1	5000001	6000000	0.0045472613735182	978611	4450	978611	0
pop1	NC_091013.1	6000001	7000000	0.0042415295430814	972055	4123	972055	0
pop1	NC_091013.1	7000001	8000000	0.0039303698665498	976244	3837	976244	0
pop1	NC_091013.1	8000001	9000000	0.0044320235160996	966827	4285	966827	0
pop1	NC_091013.1	9000001	10000000	0.0047047083091136	972005	4573	972005	0
pop1	NC_091013.1	10000001	11000000	0.0045096576476915	979897	4419	979897	0
pop1	NC_091013.1	11000001	12000000	0.0042367694321858	963942	4084	963942	0
pop1	NC_091013.1	12000001	13000000	0.0045058023377596	950996	4285	950996	0
pop1	NC_091013.1	13000001	14000000	0.003570471281748	977462	3490	977462	0
pop1	NC_091013.1	14000001	15000000	0.0034348295200469	975012	3349	975012	0
pop1	NC_091013.1	15000001	16000000	0.0036977228580121	982767	3634	982767	0
pop1	NC_091013.1	16000001	17000000	0.0033338837876659	962841	3210	962841	0
pop1	NC_091013.1	17000001	18000000	0.0037222622896938	955333	3556	955333	0
pop1	NC_091013.1	18000001	19000000	0.0036209012252313	959982	3476	959982	0
pop1	NC_091013.1	19000001	20000000	0.003953871835372	980052	3875	980052	0
pop1	NC_091013.1	20000001	21000000	0.003391540566976	973304	3301	973304	0
pop1	NC_091013.1	21000001	22000000	0.0035418728418627	979143	3468	979143	0
pop1	NC_091013.1	22000001	23000000	0.0034618964382193	969122	3355	969122	0
pop1	NC_091013.1	23000001	24000000	0.0036708448219671	966535	3548	966535	0
pop1	NC_091013.1	24000001	25000000	0.0033964527988432	975135	3312	975135	0
pop1	NC_091013.1	25000001	26000000	0.0026409217801207	975417	2576	975417	0
pop1	NC_091013.1	26000001	27000000	0.003363034430375	963713	3241	963713	0
pop1	NC_091013.1	27000001	28000000	0.0020783615462927	970476	2017	970476	0
pop1	NC_091013.1	28000001	29000000	0.0021129247859205	959807	2028	959807	0
pop1	NC_091013.1	29000001	30000000	0.0024317019774515	981617	2387	981617	0
pop1	NC_091013.1	30000001	31000000	0.0030671503209252	981693	3011	981693	0
pop1	NC_091013.1	31000001	32000000	0.0028523134339931	967285	2759	967285	0
pop1	NC_091013.1	32000001	33000000	0.0029076542445951	982579	2857	982579	0
pop1	NC_091013.1	33000001	34000000	0.0030890173024598	958881	2962	958881	0
pop1	NC_091013.1	34000001	35000000	0.0014915653462037	978167	1459	978167	0
pop1	NC_091013.1	35000001	36000000	0.0034020842113015	977636	3326	977636	0
pop1	NC_091013.1	36000001	37000000	0.0031793072285478	982604	3124	982604	0
pop1	NC_091013.1	37000001	38000000	0.0034647073480625	971222	3365	971222	0
pop1	NC_091013.1	38000001	39000000	0.0027378148177916	970482	2657	970482	0
pop1	NC_091013.1	39000001	40000000	0.00288969135354	977267	2824	977267	0
pop1	NC_091013.1	40000001	41000000	0.0029785408512533	981353	2923	981353	0
pop1	NC_091013.1	41000001	42000000	0.0032310689614991	978314	3161	978314	0
pop1	NC_091013.1	42000001	43000000	0.0032474136853963	968463	3145	968463	0
pop1	NC_091013.1	43000001	44000000	0.0032358752613041	977788	3164	977788	0
pop1	NC_091013.1	44000001	45000000	0.00406693558579	965346	3926	965346	0
pop1	NC_091013.1	45000001	46000000	0.0040477523826471	955345	3867	955345	0
pop1	NC_091013.1	46000001	47000000	0.0037902040225272	952983	3612	952983	0
pop1	NC_091013.1	47000001	48000000	0.0038639483451116	963781	3724	963781	0
pop1	NC_091013.1	48000001	49000000	0.003983335694589	974058	3880	974058	0
pop1	NC_091013.1	49000001	50000000	0.0031576997967061	955759	3018	955759	0
pop1	NC_091013.1	50000001	51000000	0.0036606856694652	976593	3575	976593	0
pop1	NC_091013.1	51000001	52000000	0.0028935888570784	979061	2833	979061	0
pop1	NC_091013.1	52000001	53000000	0.0028693745559666	979656	2811	979656	0
pop1	NC_091013.1	53000001	54000000	0.0040734011925951	975352	3973	975352	0
pop1	NC_091013.1	54000001	55000000	0.0032941470504785	976277	3216	976277	0
pop1	NC_091013.1	55000001	56000000	0.0040115570803621	969449	3889	969449	0
pop1	NC_091013.1	56000001	57000000	0.0042266064410548	967916	4091	967916	0
pop1	NC_091013.1	57000001	58000000	0.0029551859148607	80198	237	80198	0
pop1	NC_091013.1	58000001	59000000	0.0020077877829156	460208	924	460208	0
pop1	NC_091013.1	59000001	60000000	0.0031375776226289	979418	3073	979418	0
pop1	NC_091013.1	60000001	61000000	0.0035947878690966	963061	3462	963061	0
pop1	NC_091013.1	61000001	62000000	0.0033941660203301	973435	3304	973435	0
pop1	NC_091013.1	62000001	63000000	0.0030937121292222	983608	3043	983608	0
pop1	NC_091013.1	63000001	64000000	0.0029801813328084	975444	2907	975444	0
pop1	NC_091013.1	64000001	65000000	0.0037884055015311	970857	3678	970857	0
pop1	NC_091013.1	65000001	66000000	0.0031790116729821	963507	3063	963507	0
pop1	NC_091013.1	66000001	67000000	0.0029425793508322	966499	2844	966499	0
pop1	NC_091013.1	67000001	68000000	0.0027939885348345	968150	2705	968150	0
pop1	NC_091013.1	68000001	69000000	0.0031236728237387	974814	3045	974814	0
pop1	NC_091013.1	69000001	70000000	0.0030190972381002	984069	2971	984069	0
pop1	NC_091013.1	70000001	71000000	0.0031697900969277	981453	3111	981453	0
pop1	NC_091013.1	71000001	72000000	0.0034078431007963	968061	3299	968061	0
pop1	NC_091013.1	72000001	73000000	0.0041028924829404	977603	4011	977603	0
pop1	NC_091013.1	73000001	74000000	0.003020683734413	566097	1710	566097	0
pop1	NC_091013.1	74000001	75000000	0.003383598996262	423218	1432	423218	0
pop1	NC_091013.1	75000001	76000000	0.0035601559982483	968216	3447	968216	0
pop1	NC_091013.1	76000001	77000000	0.0031079445995723	969451	3013	969451	0
pop1	NC_091013.1	77000001	78000000	0.0035483887523159	974245	3457	974245	0
pop1	NC_091013.1	78000001	79000000	0.0037026616397502	977405	3619	977405	0
pop1	NC_091013.1	79000001	80000000	0.0040249797927274	971185	3909	971185	0
pop1	NC_091013.1	80000001	81000000	0.0041966744874018	980300	4114	980300	0
pop1	NC_091013.1	81000001	82000000	0.0040317393126746	963852	3886	963852	0
pop1	NC_091013.1	82000001	83000000	0.0036675307248313	971771	3564	971771	0
pop1	NC_091013.1	83000001	84000000	0.0039165438587576	550996	2158	550996	0
pop1	NC_091013.1	84000001	85000000	0.003060003390165	790522	2419	790522	0
pop1	NC_091013.1	85000001	86000000	0.004652968661978	970993	4518	970993	0
pop1	NC_091013.1	86000001	87000000	0.004427641338388	970720	4298	970720	0
pop1	NC_091013.1	87000001	88000000	0.0037396942122799	970935	3631	970935	0
pop1	NC_091013.1	88000001	89000000	0.0039233080349963	976217	3830	976217	0
pop1	NC_091013.1	89000001	90000000	0.0041183597190738	979759	4035	979759	0
pop1	NC_091013.1	90000001	91000000	0.0037594645579761	967425	3637	967425	0
pop1	NC_091013.1	91000001	92000000	0.0042345518038491	972476	4118	972476	0
pop1	NC_091013.1	92000001	93000000	0.0036090078157314	836518	3019	836518	0
pop1	NC_091013.1	93000001	94000000	0.00392509127203	951825	3736	951825	0
pop1	NC_091013.1	94000001	95000000	0.004232829075157	979723	4147	979723	0
pop1	NC_091013.1	95000001	96000000	0.004202819115381	966970	4064	966970	0
pop1	NC_091013.1	96000001	97000000	0.0038140411625501	976130	3723	976130	0
pop1	NC_091013.1	97000001	98000000	0.0033342626608877	972029	3241	972029	0
pop1	NC_091013.1	98000001	99000000	0.0035723171529584	976677	3489	976677	0
pop1	NC_091013.1	99000001	100000000	0.0037897951486943	978417	3708	978417	0
pop1	NC_091013.1	100000001	101000000	0.0042071296239744	982380	4133	982380	0
pop1	NC_091013.1	101000001	102000000	0.004513687410458	973705	4395	973705	0
pop1	NC_091013.1	102000001	103000000	0.0037706556578957	967471	3648	967471	0
pop1	NC_091013.1	103000001	104000000	0.0030636231545193	958016	2935	958016	0
pop1	NC_091013.1	104000001	105000000	0.0021521632520467	960429	2067	960429	0
pop1	NC_091013.1	105000001	106000000	0.00033256779990713	796830	265	796830	0
pop1	NC_091013.1	106000001	107000000	0.0024721784002868	912151	2255	912151	0
pop1	NC_091013.1	107000001	108000000	0.0034367812260409	899970	3093	899970	0
pop1	NC_091013.1	108000001	109000000	0.0040929164613977	909376	3722	909376	0
pop1	NC_091013.1	109000001	110000000	0.0044266704851132	977710	4328	977710	0
pop1	NC_091013.1	110000001	111000000	0.0045294843215629	984218	4458	984218	0
pop1	NC_091013.1	111000001	112000000	0.0051124130243354	982315	5022	982315	0
pop1	NC_091013.1	112000001	113000000	0.0049394841280033	973381	4808	973381	0
pop1	NC_091013.1	113000001	114000000	0.0049773982871683	975811	4857	975811	0
pop1	NC_091013.1	114000001	115000000	0.0042082235145894	975471	4105	975471	0
pop1	NC_091013.1	115000001	116000000	0.0035769611650086	973452	3482	973452	0
pop1	NC_091013.1	116000001	117000000	0.0044913124691976	986126	4429	986126	0
pop1	NC_091013.1	117000001	118000000	0.0043114043432873	972305	4192	972305	0
pop1	NC_091013.1	118000001	119000000	0.0040692152844361	880268	3582	880268	0
pop1	NC_091013.1	119000001	120000000	0.0044719286538162	938074	4195	938074	0
pop1	NC_091013.1	120000001	121000000	0.0034143486258989	215268	735	215268	0
pop1	NC_091014.1	1	1000000	0.00066119960499764	116455	77	116455	0
pop1	NC_091014.1	1000001	2000000	0.0059949123444568	798010	4784	798010	0
pop1	NC_091014.1	2000001	3000000	0.0055842111688583	917408	5123	917408	0
pop1	NC_091014.1	3000001	4000000	0.0050117303619909	954361	4783	954361	0
pop1	NC_091014.1	4000001	5000000	0.0047965517023654	950266	4558	950266	0
pop1	NC_091014.1	5000001	6000000	0.0043567768446213	977328	4258	977328	0
pop1	NC_091014.1	6000001	7000000	0.003577405878948	986469	3529	986469	0
pop1	NC_091014.1	7000001	8000000	0.0042267735733848	948241	4008	948241	0
pop1	NC_091014.1	8000001	9000000	0.0037921935794467	760246	2883	760246	0
pop1	NC_091014.1	9000001	10000000	0.0037870868700384	837055	3170	837055	0
pop1	NC_091014.1	10000001	11000000	0.0044599683121052	971980	4335	971980	0
pop1	NC_091014.1	11000001	12000000	0.0044458759592427	977985	4348	977985	0
pop1	NC_091014.1	12000001	13000000	0.0036058924609473	975348	3517	975348	0
pop1	NC_091014.1	13000001	14000000	0.0038680060785869	979833	3790	979833	0
pop1	NC_091014.1	14000001	15000000	0.0034130283248788	982705	3354	982705	0
pop1	NC_091014.1	15000001	16000000	0.0034038883516329	964779	3284	964779	0
pop1	NC_091014.1	16000001	17000000	0.003432420850404	966082	3316	966082	0
pop1	NC_091014.1	17000001	18000000	0.0031576930603496	976029	3082	976029	0
pop1	NC_091014.1	18000001	19000000	0.0034575761867522	974382	3369	974382	0
pop1	NC_091014.1	19000001	20000000	0.0035009006825636	982033	3438	982033	0
pop1	NC_091014.1	20000001	21000000	0.0032081438773776	965044	3096	965044	0
pop1	NC_091014.1	21000001	22000000	0.0028446217337683	978689	2784	978689	0
pop1	NC_091014.1	22000001	23000000	0.0034930765168685	973354	3400	973354	0
pop1	NC_091014.1	23000001	24000000	0.0032591711316194	954844	3112	954844	0
pop1	NC_091014.1	24000001	25000000	0.0030461044422356	980925	2988	980925	0
pop1	NC_091014.1	25000001	26000000	0.0023743438892838	939628	2231	939628	0
pop1	NC_091014.1	26000001	27000000	0.0024937451629943	976844	2436	976844	0
pop1	NC_091014.1	27000001	28000000	0.0027017569727031	963077	2602	963077	0
pop1	NC_091014.1	28000001	29000000	0.0029288319571083	971377	2845	971377	0
pop1	NC_091014.1	29000001	30000000	0.0031833900142834	979459	3118	979459	0
pop1	NC_091014.1	30000001	31000000	0.0026961091082937	974738	2628	974738	0
pop1	NC_091014.1	31000001	32000000	0.0025656271459112	977149	2507	977149	0
pop1	NC_091014.1	32000001	33000000	0.0030453967972886	971302	2958	971302	0
pop1	NC_091014.1	33000001	34000000	0.0031677205291596	978306	3099	978306	0
pop1	NC_091014.1	34000001	35000000	0.0028982261335547	973354	2821	973354	0
pop1	NC_091014.1	35000001	36000000	0.0029234141609688	972151	2842	972151	0
pop1	NC_091014.1	36000001	37000000	0.002709588502876	982437	2662	982437	0
pop1	NC_091014.1	37000001	38000000	0.0026895344809899	984557	2648	984557	0
pop1	NC_091014.1	38000001	39000000	0.0031176879782457	948780	2958	948780	0
pop1	NC_091014.1	39000001	40000000	0.003310666075936	984092	3258	984092	0
pop1	NC_091014.1	40000001	41000000	0.0030742612836113	979097	3010	979097	0
pop1	NC_091014.1	41000001	42000000	0.0032125897225997	969934	3116	969934	0
pop1	NC_091014.1	42000001	43000000	0.0036961379130378	981024	3626	981024	0
pop1	NC_091014.1	43000001	44000000	0.0039318000329174	984282	3870	984282	0
pop1	NC_091014.1	44000001	45000000	0.0033013248067778	982030	3242	982030	0
pop1	NC_091014.1	45000001	46000000	0.0036199559568603	974045	3526	974045	0
pop1	NC_091014.1	46000001	47000000	0.0028188091446562	983394	2772	983394	0
pop1	NC_091014.1	47000001	48000000	0.0017766142302726	564557	1003	564557	0
pop1	NC_091014.1	48000001	49000000	0.0053995680345572	3704	20	3704	0
pop1	NC_091014.1	49000001	50000000	0.0022607540239225	728518	1647	728518	0
pop1	NC_091014.1	50000001	51000000	0.003398195931584	955507	3247	955507	0
pop1	NC_091014.1	51000001	52000000	0.0032192138743875	966385	3111	966385	0
pop1	NC_091014.1	52000001	53000000	0.0025762652233854	977772	2519	977772	0
pop1	NC_091014.1	53000001	54000000	0.0030422110645886	971333	2955	971333	0
pop1	NC_091014.1	54000001	55000000	0.003295260021585	973823	3209	973823	0
pop1	NC_091014.1	55000001	56000000	0.0028043315807377	746702	2094	746702	0
pop1	NC_091014.1	56000001	57000000	0.0036268416684485	986809	3579	986809	0
pop1	NC_091014.1	57000001	58000000	0.0038582971456654	968562	3737	968562	0
pop1	NC_091014.1	58000001	59000000	0.0042303094700491	451740	1911	451740	0
pop1	NC_091014.1	59000001	60000000	0.003928342284112	673312	2645	673312	0
pop1	NC_091014.1	60000001	61000000	0.0037674227761222	965116	3636	965116	0
pop1	NC_091014.1	61000001	62000000	0.0048965591607659	973745	4768	973745	0
pop1	NC_091014.1	62000001	63000000	0.0047621357569928	968893	4614	968893	0
pop1	NC_091014.1	63000001	64000000	0.0042932818071288	977108	4195	977108	0
pop1	NC_091014.1	64000001	65000000	0.0043947916219243	954539	4195	954539	0
pop1	NC_091014.1	65000001	66000000	0.0046104052504866	967377	4460	967377	0
pop1	NC_091014.1	66000001	67000000	0.0049960397246085	968367	4838	968367	0
pop1	NC_091014.1	67000001	68000000	0.0046727006169269	950842	4443	950842	0
pop1	NC_091014.1	68000001	69000000	0.0041021887443807	732292	3004	732292	0
pop1	NC_091014.1	69000001	70000000	0.0039623040048613	961057	3808	961057	0
pop1	NC_091014.1	70000001	71000000	0.0027265495421955	961655	2622	961655	0
pop1	NC_091014.1	71000001	72000000	0.0010395398846994	883083	918	883083	0
pop1	NC_091014.1	72000001	73000000	0	53	0	53	0
pop1	NC_091014.1	73000001	74000000	0.00051936403036798	775949	403	775949	0
pop1	NC_091014.1	74000001	75000000	0.0018022081705621	966592	1742	966592	0
pop1	NC_091014.1	75000001	76000000	0.0044074646963508	978794	4314	978794	0
pop1	NC_091014.1	76000001	77000000	0.0044557944736708	978950	4362	978950	0
pop1	NC_091014.1	77000001	78000000	0.0049593929244767	977539	4848	977539	0
pop1	NC_091014.1	78000001	79000000	0.0041932796445432	972270	4077	972270	0
pop1	NC_091014.1	79000001	80000000	0.002799302553985	924516	2588	924516	0
pop1	NC_091014.1	80000001	81000000	0	1503	0	1503	0
pop1	NC_091015.1	1	1000000	0.0029351529041714	803706	2359	803706	0
pop1	NC_091015.1	1000001	2000000	0.0063885589488273	918517	5868	918517	0
pop1	NC_091015.1	2000001	3000000	0.0053024173552641	957865	5079	957865	0
pop1	NC_091015.1	3000001	4000000	0.005069384582996	954751	4840	954751	0
pop1	NC_091015.1	4000001	5000000	0.004574636865079	973192	4452	973192	0
pop1	NC_091015.1	5000001	6000000	0.0043809292068422	978103	4285	978103	0
pop1	NC_091015.1	6000001	7000000	0.0042284541229749	969385	4099	969385	0
pop1	NC_091015.1	7000001	8000000	0.0047047875090477	967100	4550	967100	0
pop1	NC_091015.1	8000001	9000000	0.0038227626375735	979658	3745	979658	0
pop1	NC_091015.1	9000001	10000000	0.0040661862393816	968721	3939	968721	0
pop1	NC_091015.1	10000001	11000000	0.0036900030851847	982113	3624	982113	0
pop1	NC_091015.1	11000001	12000000	0.0042141387111436	979085	4126	979085	0
pop1	NC_091015.1	12000001	13000000	0.0040037822786662	957095	3832	957095	0
pop1	NC_091015.1	13000001	14000000	0.0034245912543559	981723	3362	981723	0
pop1	NC_091015.1	14000001	15000000	0.0034549987182905	979161	3383	979161	0
pop1	NC_091015.1	15000001	16000000	0.0036542037149537	977778	3573	977778	0
pop1	NC_091015.1	16000001	17000000	0.0029599388144008	936168	2771	936168	0
pop1	NC_091015.1	17000001	18000000	0.0035112714232802	950368	3337	950368	0
pop1	NC_091015.1	18000001	19000000	0.0028851767375956	974637	2812	974637	0
pop1	NC_091015.1	19000001	20000000	0.0037346360879687	976802	3648	976802	0
pop1	NC_091015.1	20000001	21000000	0.0034619194051058	964205	3338	964205	0
pop1	NC_091015.1	21000001	22000000	0.0031411744074789	975113	3063	975113	0
pop1	NC_091015.1	22000001	23000000	0.0034480864519325	964883	3327	964883	0
pop1	NC_091015.1	23000001	24000000	0.0028304311607555	968757	2742	968757	0
pop1	NC_091015.1	24000001	25000000	0.0041203629831325	777116	3202	777116	0
pop1	NC_091015.1	25000001	26000000	0.0005401026194977	3703	2	3703	0
pop1	NC_091015.1	26000001	27000000	NA	0	NA	NA	NA
pop1	NC_091015.1	27000001	28000000	NA	0	NA	NA	NA
pop1	NC_091015.1	28000001	29000000	NA	0	NA	NA	NA
pop1	NC_091015.1	29000001	30000000	NA	0	NA	NA	NA
pop1	NC_091015.1	30000001	31000000	NA	0	NA	NA	NA
pop1	NC_091015.1	31000001	32000000	NA	0	NA	NA	NA
pop1	NC_091015.1	32000001	33000000	0.0011547344110855	866	1	866	0
pop1	NC_091015.1	33000001	34000000	NA	0	NA	NA	NA
pop1	NC_091015.1	34000001	35000000	NA	0	NA	NA	NA
pop1	NC_091015.1	35000001	36000000	NA	0	NA	NA	NA
pop1	NC_091015.1	36000001	37000000	NA	0	NA	NA	NA
pop1	NC_091015.1	37000001	38000000	NA	0	NA	NA	NA
pop1	NC_091015.1	38000001	39000000	NA	0	NA	NA	NA
pop1	NC_091015.1	39000001	40000000	0.0040140299326757	495512	1989	495512	0
pop1	NC_091015.1	40000001	41000000	0.0037916804921069	973447	3691	973447	0
pop1	NC_091015.1	41000001	42000000	0.0032785917425496	982434	3221	982434	0
pop1	NC_091015.1	42000001	43000000	0.002730038461697	970316	2649	970316	0
pop1	NC_091015.1	43000001	44000000	0.0033875614855145	981532	3325	981532	0
pop1	NC_091015.1	44000001	45000000	0.0030791617803265	977214	3009	977214	0
pop1	NC_091015.1	45000001	46000000	0.0029452280110202	972760	2865	972760	0
pop1	NC_091015.1	46000001	47000000	0.0037178724538984	975020	3625	975020	0
pop1	NC_091015.1	47000001	48000000	0.0027181907457207	965348	2624	965348	0
pop1	NC_091015.1	48000001	49000000	0.0032576725818873	976464	3181	976464	0
pop1	NC_091015.1	49000001	50000000	0.0023573397740857	983736	2319	983736	0
pop1	NC_091015.1	50000001	51000000	0.0032607164799366	979846	3195	979846	0
pop1	NC_091015.1	51000001	52000000	0.0032577874366139	966300	3148	966300	0
pop1	NC_091015.1	52000001	53000000	0.0037914819071515	969278	3675	969278	0
pop1	NC_091015.1	53000001	54000000	0.0036505421602331	977663	3569	977663	0
pop1	NC_091015.1	54000001	55000000	0.0032816747100866	984863	3232	984863	0
pop1	NC_091015.1	55000001	56000000	0.0029266970409992	981311	2872	981311	0
pop1	NC_091015.1	56000001	57000000	0.0032237008618737	975897	3146	975897	0
pop1	NC_091015.1	57000001	58000000	0.0029906645681708	974031	2913	974031	0
pop1	NC_091015.1	58000001	59000000	0.0030731866510757	977487	3004	977487	0
pop1	NC_091015.1	59000001	60000000	0.0037230266307847	969104	3608	969104	0
pop1	NC_091015.1	60000001	61000000	0.0028157278051246	933684	2629	933684	0
pop1	NC_091015.1	61000001	62000000	0.0019017943373124	974343	1853	974343	0
pop1	NC_091015.1	62000001	63000000	0.0014923268013704	879164	1312	879164	0
pop1	NC_091015.1	63000001	64000000	0.00028112274419468	366388	103	366388	0
pop1	NC_091015.1	64000001	65000000	0.00017425443246591	952630	166	952630	0
pop1	NC_091015.1	65000001	66000000	0.00018526952856625	518164	96	518164	0
pop1	NC_091015.1	66000001	67000000	0.0012360939431397	809	1	809	0
pop1	NC_091015.1	67000001	68000000	0.0002652373746369	780433	207	780433	0
pop1	NC_091015.1	68000001	69000000	0.00010314737739818	940402	97	940402	0
pop1	NC_091015.1	69000001	70000000	0.00075827036585266	977224	741	977224	0
pop1	NC_091015.1	70000001	71000000	0.001828706090888	979381	1791	979381	0
pop1	NC_091015.1	71000001	72000000	0.0026677772908437	965223	2575	965223	0
pop1	NC_091015.1	72000001	73000000	0.0026079278966628	979705	2555	979705	0
pop1	NC_091015.1	73000001	74000000	0.0029452673716804	972747	2865	972747	0
pop1	NC_091015.1	74000001	75000000	0.0025963597704552	976367	2535	976367	0
pop1	NC_091015.1	75000001	76000000	0.0022038838836374	974643	2148	974643	0
pop1	NC_091015.1	76000001	77000000	0.0031496272005276	979481	3085	979481	0
pop1	NC_091015.1	77000001	78000000	0.0033418800369054	980885	3278	980885	0
pop1	NC_091015.1	78000001	79000000	0.0030028823136003	970401	2914	970401	0
pop1	NC_091015.1	79000001	80000000	0.0034471226548349	962832	3319	962832	0
pop1	NC_091015.1	80000001	81000000	0.0033743585362728	983298	3318	983298	0
pop1	NC_091015.1	81000001	82000000	0.0030161998787708	963464	2906	963464	0
pop1	NC_091015.1	82000001	83000000	0.0034047886904303	973335	3314	973335	0
pop1	NC_091015.1	83000001	84000000	0.0032773908852176	962656	3155	962656	0
pop1	NC_091015.1	84000001	85000000	0.0038093396902014	962109	3665	962109	0
pop1	NC_091015.1	85000001	86000000	0.0037233376466169	958280	3568	958280	0
pop1	NC_091015.1	86000001	87000000	0.0042718300545027	957201	4089	957201	0
pop1	NC_091015.1	87000001	88000000	0.0043491207394763	953756	4148	953756	0
pop1	NC_091015.1	88000001	89000000	0.0043085540023924	955541	4117	955541	0
pop1	NC_091015.1	89000001	90000000	0.0041182212815141	974207	4012	974207	0
pop1	NC_091015.1	90000001	91000000	0.0030797063752125	816961	2516	816961	0
pop1	NC_091015.1	91000001	92000000	0.003319018233371	965647	3205	965647	0
pop1	NC_091015.1	92000001	93000000	0.003677719321469	974517	3584	974517	0
pop1	NC_091015.1	93000001	94000000	0.003822665755468	961371	3675	961371	0
pop1	NC_091015.1	94000001	95000000	0.0035384975528553	922708	3265	922708	0
pop1	NC_091015.1	95000001	96000000	0.0030546254723088	967058	2954	967058	0
pop1	NC_091015.1	96000001	97000000	0.0029298350998895	258035	756	258035	0
pop1	NC_091015.1	97000001	98000000	0.0035140492122104	644271	2264	644271	0
pop1	NC_091015.1	98000001	99000000	0.0040230419989037	966930	3890	966930	0
pop1	NC_091015.1	99000001	100000000	0.0038755953382095	975076	3779	975076	0
pop1	NC_091015.1	100000001	101000000	0.0036551202355636	978080	3575	978080	0
pop1	NC_091015.1	101000001	102000000	0.0037018229984766	970873	3594	970873	0
pop1	NC_091015.1	102000001	103000000	0.0033694376158084	977908	3295	977908	0
pop1	NC_091015.1	103000001	104000000	0.0036923684876726	971734	3588	971734	0
pop1	NC_091015.1	104000001	105000000	0.0041622829348449	976147	4063	976147	0
pop1	NC_091015.1	105000001	106000000	0.0038852086181367	967773	3760	967773	0
pop1	NC_091015.1	106000001	107000000	0.0034846790381175	971969	3387	971969	0
pop1	NC_091015.1	107000001	108000000	0.0030849330231319	975710	3010	975710	0
pop1	NC_091015.1	108000001	109000000	0.0042301605470344	803752	3400	803752	0
pop1	NC_091015.1	109000001	110000000	0.0040163003623334	969549	3894	969549	0
pop1	NC_091015.1	110000001	111000000	0.004191525964349	956215	4008	956215	0
pop1	NC_091015.1	111000001	112000000	0.0038859275602891	969910	3769	969910	0
pop1	NC_091015.1	112000001	113000000	0.0034867438046172	959061	3344	959061	0
pop1	NC_091015.1	113000001	114000000	0.0032901543258564	976246	3212	976246	0
pop1	NC_091015.1	114000001	115000000	0.0037018092299666	981412	3633	981412	0
pop1	NC_091015.1	115000001	116000000	0.0036672304834643	963670	3534	963670	0
pop1	NC_091015.1	116000001	117000000	0.0037920055576227	970199	3679	970199	0
pop1	NC_091015.1	117000001	118000000	0.0037146575180409	972095	3611	972095	0
pop1	NC_091015.1	118000001	119000000	0.0036816664277083	976460	3595	976460	0
pop1	NC_091015.1	119000001	120000000	0.0038604901574519	969566	3743	969566	0
pop1	NC_091015.1	120000001	121000000	0.0027726931488402	981717	2722	981717	0
pop1	NC_091015.1	121000001	122000000	0.0033049499276465	973691	3218	973691	0
pop1	NC_091015.1	122000001	123000000	0.0037939066225421	363214	1378	363214	0
pop1	NC_091015.1	123000001	124000000	0.0038468799420647	969357	3729	969357	0
pop1	NC_091015.1	124000001	125000000	0.0036875976984734	962144	3548	962144	0
pop1	NC_091015.1	125000001	126000000	0.0038494603015376	968967	3730	968967	0
pop1	NC_091015.1	126000001	127000000	0.0043861114126577	958024	4202	958024	0
pop1	NC_091015.1	127000001	128000000	0.004348066004766	978596	4255	978596	0
pop1	NC_091015.1	128000001	129000000	0.0039197043352911	978135	3834	978135	0
pop1	NC_091015.1	129000001	130000000	0.0030226452651368	976628	2952	976628	0
pop1	NC_091015.1	130000001	131000000	0.0034999648270357	980867	3433	980867	0
pop1	NC_091015.1	131000001	132000000	0.0036981022517036	971309	3592	971309	0
pop1	NC_091015.1	132000001	133000000	0.0030539108756622	978745	2989	978745	0
pop1	NC_091015.1	133000001	134000000	0.0035503309821388	977092	3469	977092	0
pop1	NC_091015.1	134000001	135000000	0.003571931794924	972303	3473	972303	0
pop1	NC_091015.1	135000001	136000000	0.003290341589815	974063	3205	974063	0
pop1	NC_091015.1	136000001	137000000	0.0031676977111327	972315	3080	972315	0
pop1	NC_091015.1	137000001	138000000	0.0026511374966011	970904	2574	970904	0
pop1	NC_091015.1	138000001	139000000	0.0035362106321105	971096	3434	971096	0
pop1	NC_091015.1	139000001	140000000	0.0034714973428938	967594	3359	967594	0
pop1	NC_091015.1	140000001	141000000	0.0034069651008537	977703	3331	977703	0
pop1	NC_091015.1	141000001	142000000	0.0030661890251288	949387	2911	949387	0
pop1	NC_091015.1	142000001	143000000	0.002984064702527	969483	2893	969483	0
pop1	NC_091015.1	143000001	144000000	0.0025353908992487	975392	2473	975392	0
pop1	NC_091015.1	144000001	145000000	0.0027110875384425	963451	2612	963451	0
pop1	NC_091015.1	145000001	146000000	0.0023778931032757	958832	2280	958832	0
pop1	NC_091015.1	146000001	147000000	0.0021737335096518	980801	2132	980801	0
pop1	NC_091015.1	147000001	148000000	0.0030733067688009	969965	2981	969965	0
pop1	NC_091015.1	148000001	149000000	0.0022931921050565	980729	2249	980729	0
pop1	NC_091015.1	149000001	150000000	0.003196940249644	962170	3076	962170	0
pop1	NC_091015.1	150000001	151000000	0.0035463417764532	950557	3371	950557	0
pop1	NC_091015.1	151000001	152000000	0.0034557123184452	962175	3325	962175	0
pop1	NC_091015.1	152000001	153000000	0.0025585416946166	946633	2422	946633	0
pop1	NC_091015.1	153000001	154000000	0.0019783979766195	960373	1900	960373	0
pop1	NC_091015.1	154000001	155000000	0.0025567357030399	960991	2457	960991	0
pop1	NC_091015.1	155000001	156000000	0.0032251448868753	960577	3098	960577	0
pop1	NC_091015.1	156000001	157000000	0.0025876111807868	971166	2513	971166	0
pop1	NC_091015.1	157000001	158000000	0.0029557587632445	956438	2827	956438	0
pop1	NC_091015.1	158000001	159000000	0.0031333039222727	974690	3054	974690	0
pop1	NC_091015.1	159000001	160000000	0.0035198804623416	969067	3411	969067	0
pop1	NC_091015.1	160000001	161000000	0.0040568265636912	967998	3927	967998	0
pop1	NC_091015.1	161000001	162000000	0.0035088938299055	949872	3333	949872	0
pop1	NC_091015.1	162000001	163000000	0.0044650220677149	951843	4250	951843	0
pop1	NC_091015.1	163000001	164000000	0.0036812386729103	954570	3514	954570	0
pop1	NC_091015.1	164000001	165000000	0.0033788630136279	968965	3274	968965	0
pop1	NC_091015.1	165000001	166000000	0.004645355485303	951488	4420	951488	0
pop1	NC_091015.1	166000001	167000000	0.0050595049017208	960173	4858	960173	0
pop1	NC_091015.1	167000001	168000000	0.006987256835912	728469	5090	728469	0
pop1	NC_091015.1	168000001	169000000	0.0059300387877877	558681	3313	558681	0
pop1	NC_091016.1	1	1000000	0.0010741138560687	4655	5	4655	0
pop1	NC_091016.1	1000001	2000000	0.0032018874283788	338238	1083	338238	0
pop1	NC_091016.1	2000001	3000000	0.0042504838767805	943422	4010	943422	0
pop1	NC_091016.1	3000001	4000000	0.0036720977596741	982000	3606	982000	0
pop1	NC_091016.1	4000001	5000000	0.0031875748759199	981624	3129	981624	0
pop1	NC_091016.1	5000001	6000000	0.0038005477439985	980385	3726	980385	0
pop1	NC_091016.1	6000001	7000000	0.0041605999849343	969091	4032	969091	0
pop1	NC_091016.1	7000001	8000000	0.0037160388502428	975232	3624	975232	0
pop1	NC_091016.1	8000001	9000000	0.001729299060204	967444	1673	967444	0
pop1	NC_091016.1	9000001	10000000	0.0011510800492142	315356	363	315356	0
pop1	NC_091016.1	10000001	11000000	0	1372	0	1372	0
pop1	NC_091016.1	11000001	12000000	0.00035611722035055	744137	265	744137	0
pop1	NC_091016.1	12000001	13000000	0.0016879500309814	982849	1659	982849	0
pop1	NC_091016.1	13000001	14000000	0.003463888703303	972895	3370	972895	0
pop1	NC_091016.1	14000001	15000000	0.0041815917086425	969009	4052	969009	0
pop1	NC_091016.1	15000001	16000000	0.0033123449723335	131025	434	131025	0
pop1	NC_091016.1	16000001	17000000	0.0021843259014245	576837	1260	576837	0
pop1	NC_091016.1	17000001	18000000	0.0042420783288665	725352	3077	725352	0
pop1	NC_091016.1	18000001	19000000	0.0045511204760607	979539	4458	979539	0
pop1	NC_091016.1	19000001	20000000	0.0042285734456385	963209	4073	963209	0
pop1	NC_091016.1	20000001	21000000	0.0041913571325336	975579	4089	975579	0
pop1	NC_091016.1	21000001	22000000	0.0043623751352895	966446	4216	966446	0
pop1	NC_091016.1	22000001	23000000	0.0045330868769205	966229	4380	966229	0
pop1	NC_091016.1	23000001	24000000	0.0043610640659071	948851	4138	948851	0
pop1	NC_091016.1	24000001	25000000	0.0045441354242133	957938	4353	957938	0
pop1	NC_091016.1	25000001	26000000	0.0037893776770276	977997	3706	977997	0
pop1	NC_091016.1	26000001	27000000	0.0047780139508427	334030	1596	334030	0
pop1	NC_091016.1	27000001	28000000	0.0037609030271934	194900	733	194900	0
pop1	NC_091016.1	28000001	29000000	0.0035909581515262	977455	3510	977455	0
pop1	NC_091016.1	29000001	30000000	0.0036451125830279	967597	3527	967597	0
pop1	NC_091016.1	30000001	31000000	0.0041171416296721	977620	4025	977620	0
pop1	NC_091016.1	31000001	32000000	0.0038743559657165	985196	3817	985196	0
pop1	NC_091016.1	32000001	33000000	0.0030920869844258	975393	3016	975393	0
pop1	NC_091016.1	33000001	34000000	0.0036804588983227	983573	3620	983573	0
pop1	NC_091016.1	34000001	35000000	0.0027701903474302	981521	2719	981521	0
pop1	NC_091016.1	35000001	36000000	0.0016007691874946	195531	313	195531	0
pop1	NC_091016.1	36000001	37000000	0.0017482517482517	2288	4	2288	0
pop1	NC_091016.1	37000001	38000000	0.0030411116030104	795104	2418	795104	0
pop1	NC_091016.1	38000001	39000000	0.0035249449418262	982143	3462	982143	0
pop1	NC_091016.1	39000001	40000000	0.0028000976444307	974966	2730	974966	0
pop1	NC_091016.1	40000001	41000000	0.0029605117705794	972467	2879	972467	0
pop1	NC_091016.1	41000001	42000000	0.0030982325573796	979268	3034	979268	0
pop1	NC_091016.1	42000001	43000000	0.0038198561666816	959722	3666	959722	0
pop1	NC_091016.1	43000001	44000000	0.0030215845029294	975978	2949	975978	0
pop1	NC_091016.1	44000001	45000000	0.0025652275950736	980030	2514	980030	0
pop1	NC_091016.1	45000001	46000000	0.0029382625362267	972003	2856	972003	0
pop1	NC_091016.1	46000001	47000000	0.0028791094506122	967313	2785	967313	0
pop1	NC_091016.1	47000001	48000000	0.0032092518086558	977798	3138	977798	0
pop1	NC_091016.1	48000001	49000000	0.0032254712386991	981562	3166	981562	0
pop1	NC_091016.1	49000001	50000000	0.0041620846905537	959375	3993	959375	0
pop1	NC_091016.1	50000001	51000000	0.0030880536439033	952056	2940	952056	0
pop1	NC_091016.1	51000001	52000000	0.0038626305140618	973171	3759	973171	0
pop1	NC_091016.1	52000001	53000000	0.0032652533317183	974197	3181	974197	0
pop1	NC_091016.1	53000001	54000000	0.0032626295172727	986934	3220	986934	0
pop1	NC_091016.1	54000001	55000000	0.0032021694849592	330401	1058	330401	0
pop1	NC_091016.1	55000001	56000000	0.0031525890352829	483095	1523	483095	0
pop1	NC_091016.1	56000001	57000000	0.003038556126908	984020	2990	984020	0
pop1	NC_091016.1	57000001	58000000	0.0031108064363339	981739	3054	981739	0
pop1	NC_091016.1	58000001	59000000	0.0034036232644425	981601	3341	981601	0
pop1	NC_091016.1	59000001	60000000	0.0032601555219457	981855	3201	981855	0
pop1	NC_091016.1	60000001	61000000	0.0031942353303573	983647	3142	983647	0
pop1	NC_091016.1	61000001	62000000	0.0034183828060022	983506	3362	983506	0
pop1	NC_091016.1	62000001	63000000	0.0033238716973053	962131	3198	962131	0
pop1	NC_091016.1	63000001	64000000	0.0024016756822711	983480	2362	983480	0
pop1	NC_091016.1	64000001	65000000	0.0029449121584408	978637	2882	978637	0
pop1	NC_091016.1	65000001	66000000	0.0041045107735746	978923	4018	978923	0
pop1	NC_091016.1	66000001	67000000	0.0036075138606083	985166	3554	985166	0
pop1	NC_091016.1	67000001	68000000	0.0030426634101386	967902	2945	967902	0
pop1	NC_091016.1	68000001	69000000	0.0038367932485901	950794	3648	950794	0
pop1	NC_091016.1	69000001	70000000	0.0034896620666114	984336	3435	984336	0
pop1	NC_091016.1	70000001	71000000	0.0036120848413314	984473	3556	984473	0
pop1	NC_091016.1	71000001	72000000	0.0033992091635824	980228	3332	980228	0
pop1	NC_091016.1	72000001	73000000	0.0038559403576545	982121	3787	982121	0
pop1	NC_091016.1	73000001	74000000	0.0040428233774989	981987	3970	981987	0
pop1	NC_091016.1	74000001	75000000	0.0031092842637423	981898	3053	981898	0
pop1	NC_091016.1	75000001	76000000	0.0033902431788491	977511	3314	977511	0
pop1	NC_091016.1	76000001	77000000	0.0036375989162578	968496	3523	968496	0
pop1	NC_091016.1	77000001	78000000	0.0035177665543303	981873	3454	981873	0
pop1	NC_091016.1	78000001	79000000	0.0031789273231092	983036	3125	983036	0
pop1	NC_091016.1	79000001	80000000	0.0030365556186721	957664	2908	957664	0
pop1	NC_091016.1	80000001	81000000	0.0028172983548571	979307	2759	979307	0
pop1	NC_091016.1	81000001	82000000	0.003467566547911	956867	3318	956867	0
pop1	NC_091016.1	82000001	83000000	0.0035033804548248	976200	3420	976200	0
pop1	NC_091016.1	83000001	84000000	0.0036617337100776	980683	3591	980683	0
pop1	NC_091016.1	84000001	85000000	0.0023099709492827	979666	2263	979666	0
pop1	NC_091016.1	85000001	86000000	0.0036115677977522	964678	3484	964678	0
pop1	NC_091016.1	86000001	87000000	0.0034485083362786	978974	3376	978974	0
pop1	NC_091016.1	87000001	88000000	0.0030248479142452	978231	2959	978231	0
pop1	NC_091016.1	88000001	89000000	0.0029741783081497	982120	2921	982120	0
pop1	NC_091016.1	89000001	90000000	0.003471065885497	972900	3377	972900	0
pop1	NC_091016.1	90000001	91000000	0.0035981572979478	969663	3489	969663	0
pop1	NC_091016.1	91000001	92000000	0.0034060126278658	979738	3337	979738	0
pop1	NC_091016.1	92000001	93000000	0.0030571485722652	969858	2965	969858	0
pop1	NC_091016.1	93000001	94000000	0.0032247348920404	978375	3155	978375	0
pop1	NC_091016.1	94000001	95000000	0.0029258933894854	977821	2861	977821	0
pop1	NC_091016.1	95000001	96000000	0.003349131121643	965325	3233	965325	0
pop1	NC_091016.1	96000001	97000000	0.002654097741022	968314	2570	968314	0
pop1	NC_091016.1	97000001	98000000	0.0038451072365794	959141	3688	959141	0
pop1	NC_091016.1	98000001	99000000	0.0034708075687328	969515	3365	969515	0
pop1	NC_091016.1	99000001	100000000	0.0034301760582996	969338	3325	969338	0
pop1	NC_091016.1	100000001	101000000	0.0032172854956169	981262	3157	981262	0
pop1	NC_091016.1	101000001	102000000	0.0025210938507324	953951	2405	953951	0
pop1	NC_091016.1	102000001	103000000	0.0025056416005268	959834	2405	959834	0
pop1	NC_091016.1	103000001	104000000	0.0034204247621965	953098	3260	953098	0
pop1	NC_091016.1	104000001	105000000	0.0025887934377145	964542	2497	964542	0
pop1	NC_091016.1	105000001	106000000	0.001642968134563	785773	1291	785773	0
pop1	NC_091016.1	106000001	107000000	0.0027849150262563	960532	2675	960532	0
pop1	NC_091016.1	107000001	108000000	0.00297675610235	952379	2835	952379	0
pop1	NC_091016.1	108000001	109000000	0.0029646130202098	971459	2880	971459	0
pop1	NC_091016.1	109000001	110000000	0.0024604019282539	958380	2358	958380	0
pop1	NC_091016.1	110000001	111000000	0.0026735414876349	973989	2604	973989	0
pop1	NC_091016.1	111000001	112000000	0.0027953115618555	957675	2677	957675	0
pop1	NC_091016.1	112000001	113000000	0.0037028494616362	958181	3548	958181	0
pop1	NC_091016.1	113000001	114000000	0.0032544605644679	977735	3182	977735	0
pop1	NC_091016.1	114000001	115000000	0.0036731813188854	942235	3461	942235	0
pop1	NC_091016.1	115000001	116000000	0.0031410773834275	981192	3082	981192	0
pop1	NC_091016.1	116000001	117000000	0.0032222897948175	975083	3142	975083	0
pop1	NC_091016.1	117000001	118000000	0.0031727475931865	963203	3056	963203	0
pop1	NC_091016.1	118000001	119000000	0.0034738694620859	980175	3405	980175	0
pop1	NC_091016.1	119000001	120000000	0.0037574616443033	966610	3632	966610	0
pop1	NC_091016.1	120000001	121000000	0.0034215347038469	982600	3362	982600	0
pop1	NC_091016.1	121000001	122000000	0.0046251152173065	974246	4506	974246	0
pop1	NC_091016.1	122000001	123000000	0.0052013569508111	926489	4819	926489	0
pop1	NC_091016.1	123000001	124000000	0.0048416556636896	964133	4668	964133	0
pop1	NC_091016.1	124000001	125000000	0.011251675664589	546052	6144	546052	0
pop1	NC_091016.1	125000001	126000000	0.0046693994903653	740138	3456	740138	0
pop1	NC_091016.1	126000001	127000000	0.00054161553759573	118165	64	118165	0
pop1	NC_091017.1	1	1000000	0.0030908509451166	587864	1817	587864	0
pop1	NC_091017.1	1000001	2000000	0.0034260489182948	950074	3255	950074	0
pop1	NC_091017.1	2000001	3000000	0.0041903830708524	973658	4080	973658	0
pop1	NC_091017.1	3000001	4000000	0.0042780958802257	967019	4137	967019	0
pop1	NC_091017.1	4000001	5000000	0.0035599612739576	959561	3416	959561	0
pop1	NC_091017.1	5000001	6000000	0.0039039048284653	974409	3804	974409	0
pop1	NC_091017.1	6000001	7000000	0.0046047874176212	973552	4483	973552	0
pop1	NC_091017.1	7000001	8000000	0.0040126720438458	940022	3772	940022	0
pop1	NC_091017.1	8000001	9000000	0.0032914393892312	836716	2754	836716	0
pop1	NC_091017.1	9000001	10000000	0.0023827448420365	949745	2263	949745	0
pop1	NC_091017.1	10000001	11000000	0.00059128531564449	952163	563	952163	0
pop1	NC_091017.1	11000001	12000000	0.0004813639680954	193201	93	193201	0
pop1	NC_091017.1	12000001	13000000	0.00032724058592933	296418	97	296418	0
pop1	NC_091017.1	13000001	14000000	0.00084881287909497	944849	802	944849	0
pop1	NC_091017.1	14000001	15000000	0.0019921511547568	434204	865	434204	0
pop1	NC_091017.1	15000001	16000000	0.003878098814	948145	3677	948145	0
pop1	NC_091017.1	16000001	17000000	0.0037215971266284	977806	3639	977806	0
pop1	NC_091017.1	17000001	18000000	0.0040828375772235	978976	3997	978976	0
pop1	NC_091017.1	18000001	19000000	0.0042410971064642	982293	4166	982293	0
pop1	NC_091017.1	19000001	20000000	0.0047288407977456	974446	4608	974446	0
pop1	NC_091017.1	20000001	21000000	0.003783124308564	967190	3659	967190	0
pop1	NC_091017.1	21000001	22000000	0.004359542707883	978543	4266	978543	0
pop1	NC_091017.1	22000001	23000000	0.004654561337444	979899	4561	979899	0
pop1	NC_091017.1	23000001	24000000	0.0043439137387584	972395	4224	972395	0
pop1	NC_091017.1	24000001	25000000	0.0039898551883495	975474	3892	975474	0
pop1	NC_091017.1	25000001	26000000	0.0035766114929504	631883	2260	631883	0
pop1	NC_091017.1	26000001	27000000	0.00073475385745775	4083	3	4083	0
pop1	NC_091017.1	27000001	28000000	0.0033749351081829	891869	3010	891869	0
pop1	NC_091017.1	28000001	29000000	0.0030519838562604	749021	2286	749021	0
pop1	NC_091017.1	29000001	30000000	0.0040635302522078	974276	3959	974276	0
pop1	NC_091017.1	30000001	31000000	0.0039771563177895	971297	3863	971297	0
pop1	NC_091017.1	31000001	32000000	0.0037237826467047	982603	3659	982603	0
pop1	NC_091017.1	32000001	33000000	0.0034123291881782	959755	3275	959755	0
pop1	NC_091017.1	33000001	34000000	0.0033553299492386	985000	3305	985000	0
pop1	NC_091017.1	34000001	35000000	0.0034424099134815	971122	3343	971122	0
pop1	NC_091017.1	35000001	36000000	0.0040635065695396	980434	3984	980434	0
pop1	NC_091017.1	36000001	37000000	0.004458044641852	977110	4356	977110	0
pop1	NC_091017.1	37000001	38000000	0.0043499223513555	375409	1633	375409	0
pop1	NC_091017.1	38000001	39000000	0.0040614449275543	240801	978	240801	0
pop1	NC_091017.1	39000001	40000000	0.0033149239102188	977398	3240	977398	0
pop1	NC_091017.1	40000001	41000000	0.0032109095469752	980719	3149	980719	0
pop1	NC_091017.1	41000001	42000000	0.0032802181879466	973106	3192	973106	0
pop1	NC_091017.1	42000001	43000000	0.0037977460448648	980055	3722	980055	0
pop1	NC_091017.1	43000001	44000000	0.0034644350270684	981401	3400	981401	0
pop1	NC_091017.1	44000001	45000000	0.003272053415276	978896	3203	978896	0
pop1	NC_091017.1	45000001	46000000	0.002417288991455	976714	2361	976714	0
pop1	NC_091017.1	46000001	47000000	0.0028533268576979	971848	2773	971848	0
pop1	NC_091017.1	47000001	48000000	0.0032918057254203	964820	3176	964820	0
pop1	NC_091017.1	48000001	49000000	0.0028718183182003	979867	2814	979867	0
pop1	NC_091017.1	49000001	50000000	0.0032721934490338	972742	3183	972742	0
pop1	NC_091017.1	50000001	51000000	0.0032807787909829	977207	3206	977207	0
pop1	NC_091017.1	51000001	52000000	0.003251585250448	974294	3168	974294	0
pop1	NC_091017.1	52000001	53000000	0.0023499707282543	971927	2284	971927	0
pop1	NC_091017.1	53000001	54000000	0.0031219739883269	976946	3050	976946	0
pop1	NC_091017.1	54000001	55000000	0.0029233851300634	973871	2847	973871	0
pop1	NC_091017.1	55000001	56000000	0.0023315102077386	982196	2290	982196	0
pop1	NC_091017.1	56000001	57000000	0.0021777865769155	979894	2134	979894	0
pop1	NC_091017.1	57000001	58000000	0.0023322557917858	965160	2251	965160	0
pop1	NC_091017.1	58000001	59000000	0.0030880994915346	975681	3013	975681	0
pop1	NC_091017.1	59000001	60000000	0.0026257224080508	971923	2552	971923	0
pop1	NC_091017.1	60000001	61000000	0.0021666832537155	964608	2090	964608	0
pop1	NC_091017.1	61000001	62000000	0.0023101142962841	983934	2273	983934	0
pop1	NC_091017.1	62000001	63000000	0.0030299881204904	981522	2974	981522	0
pop1	NC_091017.1	63000001	64000000	0.0026015183166047	981350	2553	981350	0
pop1	NC_091017.1	64000001	65000000	0.0027768374675159	960085	2666	960085	0
pop1	NC_091017.1	65000001	66000000	0.0033142837039267	966423	3203	966423	0
pop1	NC_091017.1	66000001	67000000	0.0036377588140396	979999	3565	979999	0
pop1	NC_091017.1	67000001	68000000	0.003422543673831	975298	3338	975298	0
pop1	NC_091017.1	68000001	69000000	0.0042609744627778	978180	4168	978180	0
pop1	NC_091017.1	69000001	70000000	0.0040971053015679	972882	3986	972882	0
pop1	NC_091017.1	70000001	71000000	0.002872665702262	973312	2796	973312	0
pop1	NC_091017.1	71000001	72000000	0.0036501716346439	979406	3575	979406	0
pop1	NC_091017.1	72000001	73000000	0.0038036200468535	968551	3684	968551	0
pop1	NC_091017.1	73000001	74000000	0.0039941204243251	972179	3883	972179	0
pop1	NC_091017.1	74000001	75000000	0.0049281408541623	957359	4718	957359	0
pop1	NC_091017.1	75000001	76000000	0.0047549206382346	957955	4555	957955	0
pop1	NC_091017.1	76000001	77000000	0.00516304319408	956219	4937	956219	0
pop1	NC_091017.1	77000001	78000000	0.0063782110960584	778745	4967	778745	0
pop1	NC_091017.1	78000001	79000000	0.0060666035133508	875119	5309	875119	0
pop1	NC_091017.1	79000001	80000000	0.0014260104302477	539968	770	539968	0
pop1	NC_091018.1	1	1000000	0.0016921074560357	901243	1525	901243	0
pop1	NC_091018.1	1000001	2000000	0.0037726123132562	973861	3674	973861	0
pop1	NC_091018.1	2000001	3000000	0.0044369188324027	981537	4355	981537	0
pop1	NC_091018.1	3000001	4000000	0.0048741722399678	971447	4735	971447	0
pop1	NC_091018.1	4000001	5000000	0.0042909996231845	979259	4202	979259	0
pop1	NC_091018.1	5000001	6000000	0.0041782831187171	961639	4018	961639	0
pop1	NC_091018.1	6000001	7000000	0.0033030422757803	949125	3135	949125	0
pop1	NC_091018.1	7000001	8000000	0.00057357714242174	944947	542	944947	0
pop1	NC_091018.1	8000001	9000000	0.00071022727272727	173184	123	173184	0
pop1	NC_091018.1	9000001	10000000	0.00056211036816533	884168	497	884168	0
pop1	NC_091018.1	10000001	11000000	0.0015402519881452	958934	1477	958934	0
pop1	NC_091018.1	11000001	12000000	0.0026973117779891	979123	2641	979123	0
pop1	NC_091018.1	12000001	13000000	0.0033742996640024	977388	3298	977388	0
pop1	NC_091018.1	13000001	14000000	0.002820843225361	812523	2292	812523	0
pop1	NC_091018.1	14000001	15000000	0.0030366501606082	774867	2353	774867	0
pop1	NC_091018.1	15000001	16000000	0.0033255657643278	968557	3221	968557	0
pop1	NC_091018.1	16000001	17000000	0.0040680363751956	978359	3980	978359	0
pop1	NC_091018.1	17000001	18000000	0.0041671308960164	960373	4002	960373	0
pop1	NC_091018.1	18000001	19000000	0.0045043464017877	940203	4235	940203	0
pop1	NC_091018.1	19000001	20000000	0.0041080249983423	965184	3965	965184	0
pop1	NC_091018.1	20000001	21000000	0.004412480866397	946633	4177	946633	0
pop1	NC_091018.1	21000001	22000000	0.0031747501620537	799118	2537	799118	0
pop1	NC_091019.1	1	1000000	0.0004581901489118	4365	2	4365	0
pop1	NC_091019.1	1000001	2000000	0.0039462816237878	588402	2322	588402	0
pop1	NC_091019.1	2000001	3000000	0.0045963400856679	827615	3804	827615	0
pop1	NC_091019.1	3000001	4000000	0.0039990777636994	980226	3920	980226	0
pop1	NC_091019.1	4000001	5000000	0.004413864728028	215684	952	215684	0
pop1	NC_091019.1	5000001	6000000	0.0026574972867156	295767	786	295767	0
pop1	NC_091019.1	6000001	7000000	0.0020139311543473	967759	1949	967759	0
pop1	NC_091019.1	7000001	8000000	0.0005636339907151	697261	393	697261	0
pop1	NC_091019.1	8000001	9000000	0.00040332506485391	528110	213	528110	0
pop1	NC_091019.1	9000001	10000000	0.001210323131836	941071	1139	941071	0
pop1	NC_091019.1	10000001	11000000	0.003755625509608	977467	3671	977467	0
pop1	NC_091019.1	11000001	12000000	0.0044466772954933	975335	4337	975335	0
pop1	NC_091019.1	12000001	13000000	0.0042027158537036	974132	4094	974132	0
pop1	NC_091019.1	13000001	14000000	0.0040918828950071	954084	3904	954084	0
pop1	NC_091019.1	14000001	15000000	0.0040676816440302	943535	3838	943535	0
pop1	NC_091019.1	15000001	16000000	0.0043751378127388	975055	4266	975055	0
pop1	NC_091019.1	16000001	17000000	0.0042866517942612	976753	4187	976753	0
pop1	NC_091019.1	17000001	18000000	0.0024844783766852	981695	2439	981695	0
pop1	NC_091019.1	18000001	19000000	0.0044638111348608	968903	4325	968903	0
pop1	NC_091019.1	19000001	20000000	0.0036263202311843	977575	3545	977575	0
pop1	NC_091019.1	20000001	21000000	0.002604114032111	940051	2448	940051	0
pop1	NC_091019.1	21000001	22000000	0.0035166656677118	967678	3403	967678	0
pop1	NC_091019.1	22000001	23000000	0.003470050948754	975490	3385	975490	0
pop1	NC_091019.1	23000001	24000000	0.0035941914913896	975741	3507	975741	0
pop1	NC_091019.1	24000001	25000000	0.0041309081923158	971215	4012	971215	0
pop1	NC_091019.1	25000001	26000000	0.0035826874169554	971617	3481	971617	0
pop1	NC_091019.1	26000001	27000000	0.0037734994757028	971777	3667	971777	0
pop1	NC_091019.1	27000001	28000000	0.0033149940518482	976774	3238	976774	0
pop1	NC_091019.1	28000001	29000000	0.0023911768949079	977343	2337	977343	0
pop1	NC_091019.1	29000001	30000000	0.0028571164010005	971959	2777	971959	0
pop1	NC_091019.1	30000001	31000000	0.0035059632906217	983182	3447	983182	0
pop1	NC_091019.1	31000001	32000000	0.002548570320434	979765	2497	979765	0
pop1	NC_091019.1	32000001	33000000	0.0027924645258112	980854	2739	980854	0
pop1	NC_091019.1	33000001	34000000	0.0023814367968098	983020	2341	983020	0
pop1	NC_091019.1	34000001	35000000	0.0024259227170334	981070	2380	981070	0
pop1	NC_091019.1	35000001	36000000	0.0028849284313856	973681	2809	973681	0
pop1	NC_091019.1	36000001	37000000	0.0022928612963772	966478	2216	966478	0
pop1	NC_091019.1	37000001	38000000	0.0031406514163652	976549	3067	976549	0
pop1	NC_091019.1	38000001	39000000	0.0033461859619824	977232	3270	977232	0
pop1	NC_091019.1	39000001	40000000	0.0025476272149663	976595	2488	976595	0
pop1	NC_091019.1	40000001	41000000	0.0021589618948861	975932	2107	975932	0
pop1	NC_091019.1	41000001	42000000	0.0019353979611233	983777	1904	983777	0
pop1	NC_091019.1	42000001	43000000	0.0026725504843362	982582	2626	982582	0
pop1	NC_091019.1	43000001	44000000	0.0027793455876745	983325	2733	983325	0
pop1	NC_091019.1	44000001	45000000	0.0019543793769955	976269	1908	976269	0
pop1	NC_091019.1	45000001	46000000	0.0022943216816979	977631	2243	977631	0
pop1	NC_091019.1	46000001	47000000	0.0025020647367346	984387	2463	984387	0
pop1	NC_091019.1	47000001	48000000	0.0019976733345159	969628	1937	969628	0
pop1	NC_091019.1	48000001	49000000	0.0034339613773853	978753	3361	978753	0
pop1	NC_091019.1	49000001	50000000	0.0030725574868087	970527	2982	970527	0
pop1	NC_091019.1	50000001	51000000	0.0026722984748671	972571	2599	972571	0
pop1	NC_091019.1	51000001	52000000	0.0026079045995899	981631	2560	981631	0
pop1	NC_091019.1	52000001	53000000	0.0032607018427229	985064	3212	985064	0
pop1	NC_091019.1	53000001	54000000	0.0036535500514944	980690	3583	980690	0
pop1	NC_091019.1	54000001	55000000	0.0028777568254489	975760	2808	975760	0
pop1	NC_091019.1	55000001	56000000	0.003103980796487	976488	3031	976488	0
pop1	NC_091019.1	56000001	57000000	0.0030855390795746	977787	3017	977787	0
pop1	NC_091019.1	57000001	58000000	0.0030187241230148	970940	2931	970940	0
pop1	NC_091019.1	58000001	59000000	0.0042425038408557	982203	4167	982203	0
pop1	NC_091019.1	59000001	60000000	0.0043028216560376	956814	4117	956814	0
pop1	NC_091019.1	60000001	61000000	0.0039860850139774	977651	3897	977651	0
pop1	NC_091019.1	61000001	62000000	0.0044641337238634	969281	4327	969281	0
pop1	NC_091019.1	62000001	63000000	0.0041480256012498	911518	3781	911518	0
pop1	NC_091019.1	63000001	64000000	0.0043470199681457	895326	3892	895326	0
pop1	NC_091019.1	64000001	65000000	0.0042931998725343	969673	4163	969673	0
pop1	NC_091019.1	65000001	66000000	0.0046178055025312	942439	4352	942439	0
pop1	NC_091019.1	66000001	67000000	0.0060441975041461	905662	5474	905662	0
pop1	NC_091019.1	67000001	68000000	0.0037540714487494	881443	3309	881443	0
pop1	NC_091019.1	68000001	69000000	0	479	0	479	0
pop1	NC_091020.1	1	1000000	0.00048958607047065	806804	395	806804	0
pop1	NC_091020.1	1000001	2000000	0.00043219104774692	932458	403	932458	0
pop1	NC_091020.1	2000001	3000000	0.00066478756486336	858921	571	858921	0
pop1	NC_091020.1	3000001	4000000	0.00061161048229855	652376	399	652376	0
pop1	NC_091020.1	4000001	5000000	0.0014517742593844	972603	1412	972603	0
pop1	NC_091020.1	5000001	6000000	0.0027168869733776	969860	2635	969860	0
pop1	NC_091020.1	6000001	7000000	0.0019614538743287	983964	1930	983964	0
pop1	NC_091020.1	7000001	8000000	0.0016608184980184	977229	1623	977229	0
pop1	NC_091020.1	8000001	9000000	0.0043473413194846	977609	4250	977609	0
pop1	NC_091020.1	9000001	10000000	0.0040663968778639	971130	3949	971130	0
pop1	NC_091020.1	10000001	11000000	0.0038294084558119	970646	3717	970646	0
pop1	NC_091020.1	11000001	12000000	0.0039198566006338	973505	3816	973505	0
pop1	NC_091020.1	12000001	13000000	0.0033269783548554	985579	3279	985579	0
pop1	NC_091020.1	13000001	14000000	0.0034098008179829	974837	3324	974837	0
pop1	NC_091020.1	14000001	15000000	0.0029417066151438	987522	2905	987522	0
pop1	NC_091020.1	15000001	16000000	0.0023238726305237	978539	2274	978539	0
pop1	NC_091020.1	16000001	17000000	0.0029574615207314	976175	2887	976175	0
pop1	NC_091020.1	17000001	18000000	0.0030885651429268	976829	3017	976829	0
pop1	NC_091020.1	18000001	19000000	0.004094801610725	970743	3975	970743	0
pop1	NC_091020.1	19000001	20000000	0.0040920283782683	970179	3970	970179	0
pop1	NC_091020.1	20000001	21000000	0.0037208451663051	984185	3662	984185	0
pop1	NC_091020.1	21000001	22000000	0.0030560061768613	986909	3016	986909	0
pop1	NC_091020.1	22000001	23000000	0.0036372042845034	973275	3540	973275	0
pop1	NC_091020.1	23000001	24000000	0.003219641570689	967499	3115	967499	0
pop1	NC_091020.1	24000001	25000000	0.0029002727334689	983011	2851	983011	0
pop1	NC_091020.1	25000001	26000000	0.0037532191703518	974630	3658	974630	0
pop1	NC_091020.1	26000001	27000000	0.0040653920911494	983177	3997	983177	0
pop1	NC_091020.1	27000001	28000000	0.0036195812948003	984368	3563	984368	0
pop1	NC_091020.1	28000001	29000000	0.0033511824820884	867455	2907	867455	0
pop1	NC_091020.1	29000001	30000000	0.0042466286307054	987136	4192	987136	0
pop1	NC_091020.1	30000001	31000000	0.0040566589328105	968038	3927	968038	0
pop1	NC_091020.1	31000001	32000000	0.0043262873069802	983060	4253	983060	0
pop1	NC_091020.1	32000001	33000000	0.0046555052428378	950058	4423	950058	0
pop1	NC_091020.1	33000001	34000000	0.00393115117279	968673	3808	968673	0
pop1	NC_091020.1	34000001	35000000	0.0044794551502698	951455	4262	951455	0
pop1	NC_091020.1	35000001	36000000	0.0040422433771287	956647	3867	956647	0
pop1	NC_091020.1	36000001	37000000	0.0034724365373114	939686	3263	939686	0
pop1	NC_091020.1	37000001	38000000	0.00074622075296081	124628	93	124628	0
pop1	NC_091021.1	1	1000000	0.0010479991594728	751909	788	751909	0
pop1	NC_091021.1	1000001	2000000	0.0029891020767178	939078	2807	939078	0
pop1	NC_091021.1	2000001	3000000	0.0037222268626796	957760	3565	957760	0
pop1	NC_091021.1	3000001	4000000	0.0025897317544411	979252	2536	979252	0
pop1	NC_091021.1	4000001	5000000	0.0013036090775911	948137	1236	948137	0
pop1	NC_091021.1	5000001	6000000	0.0015027831147817	910311	1368	910311	0
pop1	NC_091021.1	6000001	7000000	0.0025727750343863	886980	2282	886980	0
pop1	NC_091021.1	7000001	8000000	0.0047692806455099	971635	4634	971635	0
pop1	NC_091021.1	8000001	9000000	0.00369038703661	980114	3617	980114	0
pop1	NC_091021.1	9000001	10000000	0.0033863205201852	828628	2806	828628	0
pop1	NC_091021.1	10000001	11000000	0.0039822884174473	958243	3816	958243	0
pop1	NC_091021.1	11000001	12000000	0.0032916813141159	907439	2987	907439	0
pop1	NC_091021.1	12000001	13000000	0.0030833416273463	984646	3036	984646	0
pop1	NC_091021.1	13000001	14000000	0.0025498127766953	984386	2510	984386	0
pop1	NC_091021.1	14000001	15000000	0.0028370284753599	980251	2781	980251	0
pop1	NC_091021.1	15000001	16000000	0.0034411385282009	972062	3345	972062	0
pop1	NC_091021.1	16000001	17000000	0.0029685244597234	980285	2910	980285	0
pop1	NC_091021.1	17000001	18000000	0.0032029563246178	982842	3148	982842	0
pop1	NC_091021.1	18000001	19000000	0.0025128417724549	981757	2467	981757	0
pop1	NC_091021.1	19000001	20000000	0.0022577894244573	981491	2216	981491	0
pop1	NC_091021.1	20000001	21000000	0.0026562645881661	974677	2589	974677	0
pop1	NC_091021.1	21000001	22000000	0.0023064327580659	982036	2265	982036	0
pop1	NC_091021.1	22000001	23000000	0.0023370266396501	978166	2286	978166	0
pop1	NC_091021.1	23000001	24000000	0.0030316442842935	960205	2911	960205	0
pop1	NC_091021.1	24000001	25000000	0.0031641760066418	963600	3049	963600	0
pop1	NC_091021.1	25000001	26000000	0.0038734319967584	705834	2734	705834	0
pop1	NC_091021.1	26000001	27000000	0.0044936735031426	967360	4347	967360	0
pop1	NC_091021.1	27000001	28000000	0.003542912552033	985912	3493	985912	0
pop1	NC_091021.1	28000001	29000000	0.0033285434780844	985416	3280	985416	0
pop1	NC_091021.1	29000001	30000000	0.0036812459726844	983906	3622	983906	0
pop1	NC_091021.1	30000001	31000000	0.0037914983177915	976395	3702	976395	0
pop1	NC_091021.1	31000001	32000000	0.0044207448534152	974044	4306	974044	0
pop1	NC_091021.1	32000001	33000000	0.0047301574720738	984111	4655	984111	0
pop1	NC_091021.1	33000001	34000000	0.0025041651531417	985558	2468	985558	0
pop1	NC_091021.1	34000001	35000000	0.0043315945326825	984395	4264	984395	0
pop1	NC_091021.1	35000001	36000000	0.0047549585292262	971407	4619	971407	0
pop1	NC_091021.1	36000001	37000000	0.003629981332684	985680	3578	985680	0
pop1	NC_091021.1	37000001	38000000	0.0045313899686881	973432	4411	973432	0
pop1	NC_091021.1	38000001	39000000	0.0050789862557286	935226	4750	935226	0
pop1	NC_091021.1	39000001	40000000	0.0026422298908032	952226	2516	952226	0
pop1	NC_091021.1	40000001	41000000	0.00061855670103093	43650	27	43650	0
pop1	NC_091022.1	1	1000000	0.00086136263366877	428391	369	428391	0
pop1	NC_091022.1	1000001	2000000	0.0015220606548858	975651	1485	975651	0
pop1	NC_091022.1	2000001	3000000	0.0049396979468524	948641	4686	948641	0
pop1	NC_091022.1	3000001	4000000	0.004805006528914	875337	4206	875337	0
pop1	NC_091022.1	4000001	5000000	0.0031381455900169	922838	2896	922838	0
pop1	NC_091022.1	5000001	6000000	0.000739762029226	834052	617	834052	0
pop1	NC_091022.1	6000001	7000000	0.00041352189201328	365156	151	365156	0
pop1	NC_091022.1	7000001	8000000	0.0012757232428577	975917	1245	975917	0
pop1	NC_091022.1	8000001	9000000	0.0024305087501402	971813	2362	971813	0
pop1	NC_091022.1	9000001	10000000	0.0036065756220687	952427	3435	952427	0
pop1	NC_091022.1	10000001	11000000	0.0034907239040567	979453	3419	979453	0
pop1	NC_091022.1	11000001	12000000	0.0031716536141315	978354	3103	978354	0
pop1	NC_091022.1	12000001	13000000	0.003666480014493	971504	3562	971504	0
pop1	NC_091022.1	13000001	14000000	0.0040100486861302	976048	3914	976048	0
pop1	NC_091022.1	14000001	15000000	0.0028976589777345	978376	2835	978376	0
pop1	NC_091022.1	15000001	16000000	0.0032663846149892	972635	3177	972635	0
pop1	NC_091022.1	16000001	17000000	0.0028705228583783	978219	2808	978219	0
pop1	NC_091022.1	17000001	18000000	0.0025322163830931	980169	2482	980169	0
pop1	NC_091022.1	18000001	19000000	0.0033535019122096	981064	3290	981064	0
pop1	NC_091022.1	19000001	20000000	0.0032036984468146	986360	3160	986360	0
pop1	NC_091022.1	20000001	21000000	0.0031710844155449	986098	3127	986098	0
pop1	NC_091022.1	21000001	22000000	0.0036107235836993	979859	3538	979859	0
pop1	NC_091022.1	22000001	23000000	0.0028307857973671	973228	2755	973228	0
pop1	NC_091022.1	23000001	24000000	0.0030482286541721	972368	2964	972368	0
pop1	NC_091022.1	24000001	25000000	0.0038595342910696	974729	3762	974729	0
pop1	NC_091022.1	25000001	26000000	0.0040500254864304	971105	3933	971105	0
pop1	NC_091022.1	26000001	27000000	0.0032674329501916	978750	3198	978750	0
pop1	NC_091022.1	27000001	28000000	0.0036693247708964	981652	3602	981652	0
pop1	NC_091022.1	28000001	29000000	0.0040240687374344	977866	3935	977866	0
pop1	NC_091022.1	29000001	30000000	0.0042771364561247	982433	4202	982433	0
pop1	NC_091022.1	30000001	31000000	0.0035480393918113	979696	3476	979696	0
pop1	NC_091022.1	31000001	32000000	0.0045170663282346	958144	4328	958144	0
pop1	NC_091022.1	32000001	33000000	0.0038801084069015	931675	3615	931675	0
pop1	NC_091022.1	33000001	34000000	0.0022783486940903	271688	619	271688	0
pop1	NC_091023.1	1	1000000	0.0031974969474969	524160	1676	524160	0
pop1	NC_091023.1	1000001	2000000	0.0045982282082574	702227	3229	702227	0
pop1	NC_091023.1	2000001	3000000	0.005203424064634	935730	4869	935730	0
pop1	NC_091023.1	3000001	4000000	0.0043295131522941	876311	3794	876311	0
pop1	NC_091023.1	4000001	5000000	0.0049232792452359	961148	4732	961148	0
pop1	NC_091023.1	5000001	6000000	0.0036689634643008	980931	3599	980931	0
pop1	NC_091023.1	6000001	7000000	0.0025537330897296	974260	2488	974260	0
pop1	NC_091023.1	7000001	8000000	0.0024331936706537	985947	2399	985947	0
pop1	NC_091023.1	8000001	9000000	0.0022519649001298	987582	2224	987582	0
pop1	NC_091023.1	9000001	10000000	0.0011730500329849	874643	1026	874643	0
pop1	NC_091023.1	10000001	11000000	0.0015767928540356	986179	1555	986179	0
pop1	NC_091023.1	11000001	12000000	0.0018182723162453	984451	1790	984451	0
pop1	NC_091023.1	12000001	13000000	0.00241131472423	986184	2378	986184	0
pop1	NC_091023.1	13000001	14000000	0.0024445653151864	978088	2391	978088	0
pop1	NC_091023.1	14000001	15000000	0.0025919726157127	931337	2414	931337	0
pop1	NC_091023.1	15000001	16000000	0.0037214100544727	975168	3629	975168	0
pop1	NC_091023.1	16000001	17000000	0.0030730274362171	981768	3017	981768	0
pop1	NC_091023.1	17000001	18000000	0.0035542244008512	967581	3439	967581	0
pop1	NC_091023.1	18000001	19000000	0.0033054820658693	965366	3191	965366	0
pop1	NC_091023.1	19000001	20000000	0.0038643590700391	986192	3811	986192	0
pop1	NC_091023.1	20000001	21000000	0.0039733512318607	984811	3913	984811	0
pop1	NC_091023.1	21000001	22000000	0.0044836321576681	986477	4423	986477	0
pop1	NC_091023.1	22000001	23000000	0.0042674079515831	982798	4194	982798	0
pop1	NC_091023.1	23000001	24000000	0.0043505436123493	972752	4232	972752	0
pop1	NC_091023.1	24000001	25000000	0.0054502308143671	962895	5248	962895	0
pop1	NC_091023.1	25000001	26000000	0.0047400207178318	948941	4498	948941	0
pop1	NC_091023.1	26000001	27000000	0.0024791328493857	970904	2407	970904	0
pop1	NC_091023.1	27000001	28000000	0.0019140684027603	19853	38	19853	0
pop1	NC_091024.1	1	1000000	0.0019492011322748	886004	1727	886004	0
pop1	NC_091024.1	1000001	2000000	0.0037573007714176	982088	3690	982088	0
pop1	NC_091024.1	2000001	3000000	0.0035116345062429	986720	3465	986720	0
pop1	NC_091024.1	3000001	4000000	0.0043795501489047	981836	4300	981836	0
pop1	NC_091024.1	4000001	5000000	0.004594610309922	980279	4504	980279	0
pop1	NC_091024.1	5000001	6000000	0.0040822882229331	971269	3965	971269	0
pop1	NC_091024.1	6000001	7000000	0.0044983839709639	973683	4380	973683	0
pop1	NC_091024.1	7000001	8000000	0.0037435233687844	982764	3679	982764	0
pop1	NC_091024.1	8000001	9000000	0.0030091724522374	986650	2969	986650	0
pop1	NC_091024.1	9000001	10000000	0.0029494188357248	986296	2909	986296	0
pop1	NC_091024.1	10000001	11000000	0.0025860831882202	982567	2541	982567	0
pop1	NC_091024.1	11000001	12000000	0.0032191762593684	976958	3145	976958	0
pop1	NC_091024.1	12000001	13000000	0.0044046677813349	925836	4078	925836	0
pop1	NC_091024.1	13000001	14000000	0.0034344106114822	980372	3367	980372	0
pop1	NC_091024.1	14000001	15000000	0.0029805418327511	974655	2905	974655	0
pop1	NC_091024.1	15000001	16000000	0.0022630747450707	974780	2206	974780	0
pop1	NC_091024.1	16000001	17000000	0.0011449043482578	966893	1107	966893	0
pop1	NC_091024.1	17000001	18000000	0.00013910718479577	553530	77	553530	0
pop1	NC_091024.1	18000001	19000000	0.00039061128004487	939553	367	939553	0
pop1	NC_091024.1	19000001	20000000	0.004604045164594	863154	3974	863154	0
pop1	NC_091024.1	20000001	21000000	0.0036425096651335	957307	3487	957307	0
pop1	NC_091024.1	21000001	22000000	0.0021828425389805	313811	685	313811	0
pop1	NC_091025.1	1	1000000	0.0010340579322709	879061	909	879061	0
pop1	NC_091025.1	1000001	2000000	0.0039780906232093	937133	3728	937133	0
pop1	NC_091025.1	2000001	3000000	0.0045026251371126	956331	4306	956331	0
pop1	NC_091025.1	3000001	4000000	0.0046848564133858	979966	4591	979966	0
pop1	NC_091025.1	4000001	5000000	0.003945874135952	985333	3888	985333	0
pop1	NC_091025.1	5000001	6000000	0.0036197552607177	985702	3568	985702	0
pop1	NC_091025.1	6000001	7000000	0.0040781347269093	976672	3983	976672	0
pop1	NC_091025.1	7000001	8000000	0.003315420995714	956138	3170	956138	0
pop1	NC_091025.1	8000001	9000000	0.0030551018332686	963634	2944	963634	0
pop1	NC_091025.1	9000001	10000000	0.0033679867836183	986049	3321	986049	0
pop1	NC_091025.1	10000001	11000000	0.0035923403996225	985430	3540	985430	0
pop1	NC_091025.1	11000001	12000000	0.0037696903526514	987349	3722	987349	0
pop1	NC_091025.1	12000001	13000000	0.003932549758375	976720	3841	976720	0
pop1	NC_091025.1	13000001	14000000	0.0031474505549105	986195	3104	986195	0
pop1	NC_091025.1	14000001	15000000	0.0039601442456856	983045	3893	983045	0
pop1	NC_091025.1	15000001	16000000	0.0035323189237962	975280	3445	975280	0
pop1	NC_091025.1	16000001	17000000	0.0042447868972554	955525	4056	955525	0
pop1	NC_091025.1	17000001	18000000	0.004450338746079	945546	4208	945546	0
pop1	NC_091025.1	18000001	19000000	0.0046578937421365	925955	4313	925955	0
pop1	NC_091025.1	19000001	20000000	0.0044312679035137	948487	4203	948487	0
pop1	NC_091025.1	20000001	21000000	0.0034794311720038	940671	3273	940671	0
pop1	NC_091025.1	21000001	22000000	0.0029716181007741	237581	706	237581	0
pop1	NC_091025.1	22000001	23000000	0	1360	0	1360	0
pop1	NC_091025.1	23000001	24000000	0	654	0	654	0
pop1	NC_091025.1	24000001	25000000	0.0011792452830189	848	1	848	0
pop1	NC_091025.1	25000001	26000000	0.0028860028860029	2079	6	2079	0
pop1	NC_091025.1	26000001	27000000	0.0033908754623921	3244	11	3244	0
pop1	NC_091025.1	27000001	28000000	0.0026954177897574	742	2	742	0
pop1	NC_091026.1	1	1000000	0.0023328168127451	826040	1927	826040	0
pop1	NC_091026.1	1000001	2000000	0.0040164329727408	947607	3806	947607	0
pop1	NC_091026.1	2000001	3000000	0.0047514496078437	974229	4629	974229	0
pop1	NC_091026.1	3000001	4000000	0.0038302770815157	631547	2419	631547	0
pop1	NC_091026.1	4000001	5000000	0.0030480276237313	955700	2913	955700	0
pop1	NC_091026.1	5000001	6000000	0.003104304847232	978641	3038	978641	0
pop1	NC_091026.1	6000001	7000000	0.0033306810668526	966469	3219	966469	0
pop1	NC_091026.1	7000001	8000000	0.0042506849565096	986194	4192	986194	0
pop1	NC_091026.1	8000001	9000000	0.0037578770885125	795662	2990	795662	0
pop1	NC_091026.1	9000001	10000000	0.0027725509420359	871039	2415	871039	0
pop1	NC_091026.1	10000001	11000000	0.0035104391530707	976516	3428	976516	0
pop1	NC_091026.1	11000001	12000000	0.0036195356265281	973053	3522	973053	0
pop1	NC_091026.1	12000001	13000000	0.0031092497356778	974190	3029	974190	0
pop1	NC_091026.1	13000001	14000000	0.0036994813792091	980678	3628	980678	0
pop1	NC_091026.1	14000001	15000000	0.0038924586560817	975476	3797	975476	0
pop1	NC_091026.1	15000001	16000000	0.0040229984639831	981109	3947	981109	0
pop1	NC_091026.1	16000001	17000000	0.0040057332375079	982342	3935	982342	0
pop1	NC_091026.1	17000001	18000000	0.0028934191229901	983957	2847	983957	0
pop1	NC_091026.1	18000001	19000000	0.0042720871202817	977040	4174	977040	0
pop1	NC_091026.1	19000001	20000000	0.0047998870614809	963356	4624	963356	0
pop1	NC_091026.1	20000001	21000000	0.0042244452304753	944266	3989	944266	0
pop1	NC_091026.1	21000001	22000000	0.0036302229721831	787004	2857	787004	0
pop1	NC_091026.1	22000001	23000000	0.0022935779816514	1308	3	1308	0
pop1	NC_091026.1	23000001	24000000	0.0009354536950421	1069	1	1069	0
pop1	NC_091027.1	1	1000000	0.0021144169144441	897647	1898	897647	0
pop1	NC_091027.1	1000001	2000000	0.0039066703521384	947866	3703	947866	0
pop1	NC_091027.1	2000001	3000000	0.0043070927856196	955633	4116	955633	0
pop1	NC_091027.1	3000001	4000000	0.0039146789525865	960232	3759	960232	0
pop1	NC_091027.1	4000001	5000000	0.0036959867336105	980523	3624	980523	0
pop1	NC_091027.1	5000001	6000000	0.004046593279413	974647	3944	974647	0
pop1	NC_091027.1	6000001	7000000	0.0040321997442038	967958	3903	967958	0
pop1	NC_091027.1	7000001	8000000	0.0034841451360676	973266	3391	973266	0
pop1	NC_091027.1	8000001	9000000	0.0031910117938141	966778	3085	966778	0
pop1	NC_091027.1	9000001	10000000	0.0028544233829118	976029	2786	976029	0
pop1	NC_091027.1	10000001	11000000	0.0015767828267828	969696	1529	969696	0
pop1	NC_091027.1	11000001	12000000	0.00055064616395248	828118	456	828118	0
pop1	NC_091027.1	12000001	13000000	0.00084057009426546	937459	788	937459	0
pop1	NC_091027.1	13000001	14000000	0.0021516417205543	948578	2041	948578	0
pop1	NC_091027.1	14000001	15000000	0.0032533571058955	975915	3175	975915	0
pop1	NC_091027.1	15000001	16000000	0.0042632407406457	973907	4152	973907	0
pop1	NC_091027.1	16000001	17000000	0.0044791129567952	861108	3857	861108	0
pop1	NC_091027.1	17000001	18000000	0.0053270844226553	833852	4442	833852	0
pop1	NC_091027.1	18000001	19000000	0.0026438057144251	820030	2168	820030	0
pop1	NC_091027.1	19000001	20000000	0.0017891324039955	487946	873	487946	0
pop1	NC_091028.1	1	1000000	0.0028639034286702	474178	1358	474178	0
pop1	NC_091028.1	1000001	2000000	0.0045729415543891	924569	4228	924569	0
pop1	NC_091028.1	2000001	3000000	0.0042632427385193	919957	3922	919957	0
pop1	NC_091028.1	3000001	4000000	0.0039162264486369	967513	3789	967513	0
pop1	NC_091028.1	4000001	5000000	0.004683354129001	981775	4598	981775	0
pop1	NC_091028.1	5000001	6000000	0.0044710402744052	970244	4338	970244	0
pop1	NC_091028.1	6000001	7000000	0.00404234958646	983339	3975	983339	0
pop1	NC_091028.1	7000001	8000000	0.0031891158887648	987421	3149	987421	0
pop1	NC_091028.1	8000001	9000000	0.0036052162711524	956392	3448	956392	0
pop1	NC_091028.1	9000001	10000000	0.0046436764790418	956785	4443	956785	0
pop1	NC_091028.1	10000001	11000000	0.0037552151444788	964259	3621	964259	0
pop1	NC_091028.1	11000001	12000000	0.003675230203336	972184	3573	972184	0
pop1	NC_091028.1	12000001	13000000	0.0038799200390232	981979	3810	981979	0
pop1	NC_091028.1	13000001	14000000	0.0040191570566075	972592	3909	972592	0
pop1	NC_091028.1	14000001	15000000	0.0043124272877978	979031	4222	979031	0
pop1	NC_091028.1	15000001	16000000	0.0038893272164324	970862	3776	970862	0
pop1	NC_091028.1	16000001	17000000	0.0026984977435242	970540	2619	970540	0
pop1	NC_091028.1	17000001	18000000	0.00033607387780549	205312	69	205312	0
pop1	NC_091029.1	1	1000000	0.002615284525478	926859	2424	926859	0
pop1	NC_091029.1	1000001	2000000	0.004114795184683	973560	4006	973560	0
pop1	NC_091029.1	2000001	3000000	0.0038517150956189	979304	3772	979304	0
pop1	NC_091029.1	3000001	4000000	0.0035745890401829	975217	3486	975217	0
pop1	NC_091029.1	4000001	5000000	0.0044095412751371	950439	4191	950439	0
pop1	NC_091029.1	5000001	6000000	0.0042063603177024	957122	4026	957122	0
pop1	NC_091029.1	6000001	7000000	0.0037606213182594	974573	3665	974573	0
pop1	NC_091029.1	7000001	8000000	0.0036474375067611	979866	3574	979866	0
pop1	NC_091029.1	8000001	9000000	0.0029676667420162	964394	2862	964394	0
pop1	NC_091029.1	9000001	10000000	0.0021401107939346	902757	1932	902757	0
pop1	NC_091029.1	10000001	11000000	0.00054905351378471	950727	522	950727	0
pop1	NC_091029.1	11000001	12000000	0.0006762175848024	190767	129	190767	0
pop1	NC_091029.1	12000001	13000000	0.0039351833581209	886871	3490	886871	0
pop1	NC_091029.1	13000001	14000000	0.0043113138927461	907380	3912	907380	0
pop1	NC_091029.1	14000001	15000000	0.003275776580268	917645	3006	917645	0
pop1	NC_091029.1	15000001	16000000	0.001430336293581	395012	565	395012	0
pop1	NC_091030.1	1	1000000	0.003905097473648	877827	3428	877827	0
pop1	NC_091030.1	1000001	2000000	0.0043576063660793	941113	4101	941113	0
pop1	NC_091030.1	2000001	3000000	0.0048934452039096	933698	4569	933698	0
pop1	NC_091030.1	3000001	4000000	0.0039078410467499	950141	3713	950141	0
pop1	NC_091030.1	4000001	5000000	0.00424889938461	963779	4095	963779	0
pop1	NC_091030.1	5000001	6000000	0.003347420307752	968507	3242	968507	0
pop1	NC_091030.1	6000001	7000000	0.0037556767941054	964673	3623	964673	0
pop1	NC_091030.1	7000001	8000000	0.0041293563711271	951480	3929	951480	0
pop1	NC_091030.1	8000001	9000000	0.0037270630286154	962420	3587	962420	0
pop1	NC_091030.1	9000001	10000000	0.0019723865877712	979524	1932	979524	0
pop1	NC_091030.1	10000001	11000000	0.0017208642378764	966956	1664	966956	0
pop1	NC_091030.1	11000001	12000000	0.00062258642593325	118859	74	118859	0
pop1	NC_091031.1	1	1000000	0.0023394167499225	928864	2173	928864	0
pop1	NC_091031.1	1000001	2000000	0.004699989446783	919151	4320	919151	0
pop1	NC_091031.1	2000001	3000000	0.0034673991264037	956048	3315	956048	0
pop1	NC_091031.1	3000001	4000000	0.00032475702972441	711301	231	711301	0
pop1	NC_091031.1	4000001	5000000	0.00070752987377047	968157	685	968157	0
pop1	NC_091031.1	5000001	6000000	0.0037710677937301	947477	3573	947477	0
pop1	NC_091031.1	6000001	7000000	0.004026242041938	958462	3859	958462	0
pop1	NC_091031.1	7000001	8000000	0.0041834966765597	963309	4030	963309	0
pop1	NC_091031.1	8000001	9000000	0.0045089830894915	960527	4331	960527	0
pop1	NC_091031.1	9000001	10000000	0.0047489993646933	917667	4358	917667	0
pop1	NC_091031.1	10000001	11000000	0.0048053756984973	911063	4378	911063	0
pop1	NC_091031.1	11000001	12000000	0.0044663478670192	909244	4061	909244	0
pop1	NC_091031.1	12000001	13000000	0.0020316399167411	521746	1060	521746	0
pop1	NC_091032.1	1	1000000	0.0033479067077216	881745	2952	881745	0
pop1	NC_091032.1	1000001	2000000	0.0041282987264029	945668	3904	945668	0
pop1	NC_091032.1	2000001	3000000	0.0044229227792264	936937	4144	936937	0
pop1	NC_091032.1	3000001	4000000	0.0044355777789357	940351	4171	940351	0
pop1	NC_091032.1	4000001	5000000	0.0036711929023604	977339	3588	977339	0
pop1	NC_091032.1	5000001	6000000	0.004459163560102	951748	4244	951748	0
pop1	NC_091032.1	6000001	7000000	0.0036223792279354	958210	3471	958210	0
pop1	NC_091032.1	7000001	8000000	0.0036526807127937	969425	3541	969425	0
pop1	NC_091032.1	8000001	9000000	0.0033678160563854	969471	3265	969471	0
pop1	NC_091032.1	9000001	10000000	0.0036486596644595	969123	3536	969123	0
pop1	NC_091032.1	10000001	11000000	0.0021729874927241	972394	2113	972394	0
pop1	NC_091032.1	11000001	12000000	0.00068594834808939	204097	140	204097	0
pop1	NC_091033.1	1	1000000	0.0010366652116979	311576	323	311576	0
pop1	NC_091033.1	1000001	2000000	0.0016443677214658	940179	1546	940179	0
pop1	NC_091033.1	2000001	3000000	0.0034478860501922	495376	1708	495376	0
pop1	NC_091033.1	3000001	4000000	0.0048526944773552	933502	4530	933502	0
pop1	NC_091033.1	4000001	5000000	0.0048824253336857	968576	4729	968576	0
pop1	NC_091033.1	5000001	6000000	0.0043867126606224	979549	4297	979549	0
pop1	NC_091033.1	6000001	7000000	0.0037343330152465	967241	3612	967241	0
pop1	NC_091033.1	7000001	8000000	0.003571206112576	963260	3440	963260	0
pop1	NC_091033.1	8000001	9000000	0.0034293791201789	949443	3256	949443	0
pop1	NC_091033.1	9000001	10000000	0.0039380186373768	930925	3666	930925	0
pop1	NC_091033.1	10000001	11000000	0.0039084896175227	962776	3763	962776	0
pop1	NC_091033.1	11000001	12000000	0.0039763414807953	982310	3906	982310	0
pop1	NC_091033.1	12000001	13000000	0.0035129684634237	985776	3463	985776	0
pop1	NC_091033.1	13000001	14000000	0.0044345601356817	971686	4309	971686	0
pop1	NC_091033.1	14000001	15000000	0.0031563192461714	976137	3081	976137	0
pop1	NC_091033.1	15000001	16000000	0.0015257244356108	970031	1480	970031	0
pop1	NC_091033.1	16000001	17000000	0.00049334492948219	196617	97	196617	0
pop1	NC_091034.1	1	1000000	0.0036537522296781	753472	2753	753472	0
pop1	NC_091034.1	1000001	2000000	0.0064753233396779	820654	5314	820654	0
pop1	NC_091034.1	2000001	3000000	0.0023002086528068	795580	1830	795580	0
pop1	NC_091034.1	3000001	4000000	0.0018438901449168	431696	796	431696	0
pop1	NC_091034.1	4000001	5000000	0.0024528895182389	973138	2387	973138	0
pop1	NC_091034.1	5000001	6000000	0.0040896283717173	943362	3858	943362	0
pop1	NC_091034.1	6000001	7000000	0.0036078395584726	964289	3479	964289	0
pop1	NC_091034.1	7000001	8000000	0.0046208279100163	927323	4285	927323	0
pop1	NC_091034.1	8000001	9000000	0.0020664462457338	975104	2015	975104	0
pop1	NC_091034.1	9000001	10000000	0.00049633321178234	98724	49	98724	0
pop1	NC_091035.1	1	1000000	0.0020325281691681	777357	1580	777357	0
pop1	NC_091035.1	1000001	2000000	0.0057661645541051	824118	4752	824118	0
pop1	NC_091035.1	2000001	3000000	0.0041250151186897	942542	3888	942542	0
pop1	NC_091035.1	3000001	4000000	0.0057715454279871	855750	4939	855750	0
pop1	NC_091035.1	4000001	5000000	0.0039150025067512	939463	3678	939463	0
pop1	NC_091035.1	5000001	6000000	0.0028890430833281	237795	687	237795	0
pop1	NC_091036.1	1	1000000	0.0042231384089659	847474	3579	847474	0
pop1	NC_091036.1	1000001	2000000	0.0059699505093322	630826	3766	630826	0
pop1	NC_091036.1	2000001	3000000	0.002213174810596	926723	2051	926723	0
pop1	NC_091036.1	3000001	4000000	0.00043163055776725	477260	206	477260	0
pop1	NC_091036.1	4000001	5000000	0.0034743414691441	953562	3313	953562	0
pop1	NC_091036.1	5000001	6000000	0.0049859855558487	868033	4328	868033	0
pop1	NC_091036.1	6000001	7000000	0.0041905486053163	931143	3902	931143	0
pop1	NC_091036.1	7000001	8000000	0.0030120928381008	944526	2845	944526	0
pop1	NC_091036.1	8000001	9000000	0.00053700720330352	54003	29	54003	0
pop1	NC_091037.1	1	1000000	0.0021088481260269	785737	1657	785737	0
pop1	NC_091037.1	1000001	2000000	0.0039149311943484	951230	3724	951230	0
pop1	NC_091037.1	2000001	3000000	0.0042564464296414	951263	4049	951263	0
pop1	NC_091037.1	3000001	4000000	0.0043573508477446	956774	4169	956774	0
pop1	NC_091037.1	4000001	5000000	0.0040907298578999	948486	3880	948486	0
pop1	NC_091037.1	5000001	6000000	0.0043641070883096	936274	4086	936274	0
pop1	NC_091037.1	6000001	7000000	0.0046274545410395	947173	4383	947173	0
pop1	NC_091037.1	7000001	8000000	0.004220346512661	81036	342	81036	0
pop1	NC_091038.1	1	1000000	0.003579098067287	317119	1135	317119	0
pop1	NC_091038.1	1000001	2000000	0.0062935508351795	782706	4926	782706	0
pop1	NC_091038.1	2000001	3000000	0.0062773480855614	688348	4321	688348	0
pop1	NC_091038.1	3000001	4000000	0.0033866352662397	685341	2321	685341	0
pop1	NC_091038.1	4000001	5000000	0.0040485829959514	247	1	247	0
pop1	NC_091039.1	1	1000000	0.0018290335001925	10388	19	10388	0
pop1	NC_091039.1	1000001	2000000	0.0038350253731477	671182	2574	671182	0
pop1	NC_091039.1	2000001	3000000	0.0045282157588999	902563	4087	902563	0
pop1	NC_091039.1	3000001	4000000	0.0045623679022432	900848	4110	900848	0
pop1	NC_091039.1	4000001	5000000	0.0041544435589168	943568	3920	943568	0
pop1	NC_091039.1	5000001	6000000	0.0056732490610932	879214	4988	879214	0
pop1	NC_091039.1	6000001	7000000	0.0040102920134232	935094	3750	935094	0
pop1	NC_091039.1	7000001	8000000	0.0016412678375354	955359	1568	955359	0
pop1	NC_091039.1	8000001	9000000	0.0014967570264427	36078	54	36078	0
pop1	NC_091040.1	1	1000000	0.0022981131589515	854179	1963	854179	0
pop1	NC_091040.1	1000001	2000000	0.0062590351505838	812106	5083	812106	0
pop1	NC_091040.1	2000001	3000000	0.0041431523614847	891833	3695	891833	0
pop1	NC_091040.1	3000001	4000000	0.0042365911888872	601899	2550	601899	0
pop1	NC_091040.1	4000001	5000000	0.0043226758764636	492519	2129	492519	0
pop1	NC_091040.1	5000001	6000000	0.004087706765445	740513	3027	740513	0
pop1	NC_091040.1	6000001	7000000	0.0044372443688832	674067	2991	674067	0
pop1	NC_091041.1	1	1000000	0.0069138906348209	1591	11	1591	0
pop1	NC_091041.1	1000001	2000000	0.0039031418086395	544177	2124	544177	0
pop1	NC_091041.1	2000001	3000000	0.00454264527798	836517	3800	836517	0
pop1	NC_091041.1	3000001	4000000	0.0040862978291076	937034	3829	937034	0
pop1	NC_091041.1	4000001	5000000	0.0037819603780474	942104	3563	942104	0
pop1	NC_091041.1	5000001	6000000	0.0049666701125167	860939	4276	860939	0
pop1	NC_091041.1	6000001	7000000	0.0030180307993912	736573	2223	736573	0
pop1	NC_091042.1	1	1000000	0.0042550918672554	112336	478	112336	0
pop1	NC_091042.1	1000001	2000000	0.0052204832780254	821763	4290	821763	0
pop1	NC_091042.1	2000001	3000000	0.0052390381470981	799956	4191	799956	0
pop1	NC_091042.1	3000001	4000000	0.0040241097312104	400834	1613	400834	0
pop1	NC_091043.1	1	1000000	0.0073728633396809	663243	4890	663243	0
pop1	NC_091043.1	1000001	2000000	0.01132323606555	407569	4615	407569	0
pop1	NC_091043.1	2000001	3000000	0.00099638809316229	8029	8	8029	0
pop1	NC_091044.1	1	1000000	0.0071459792723466	347748	2485	347748	0
pop1	NC_091044.1	1000001	2000000	0.0095916065682328	483235	4635	483235	0
pop1	NC_091044.1	2000001	3000000	0.0052625850913317	284841	1499	284841	0
pop1	NC_091045.1	1	1000000	0.0078458104139816	443039	3476	443039	0
pop1	NC_138417.1	1	1000000	0.0013227513227513	4536	6	4536	0
pop1	NC_138417.1	1000001	2000000	0.00082430522845031	8492	7	8492	0
pop1	NC_138417.1	2000001	3000000	0.0025591810620601	7815	20	7815	0
pop1	NC_138417.1	3000001	4000000	0.0026681645836259	7121	19	7121	0
pop1	NC_138417.1	4000001	5000000	0.0013723696248856	6558	9	6558	0
pop1	NC_138417.1	5000001	6000000	0.0021401055785419	7009	15	7009	0
pop1	NC_138417.1	6000001	7000000	0.0049963262307127	6805	34	6805	0
pop1	NC_138417.1	7000001	8000000	0.0026693784161688	7867	21	7867	0
pop1	NC_138417.1	8000001	9000000	0.0020210769452866	6927	14	6927	0
pop1	NC_138417.1	9000001	10000000	0.0019938854180513	7523	15	7523	0
pop1	NC_138417.1	10000001	11000000	0.0028171659310733	10649	30	10649	0
pop1	NC_138417.1	11000001	12000000	0.0032918800292612	8202	27	8202	0
pop1	NC_138417.1	12000001	13000000	0.002900051786639	9655	28	9655	0
pop1	NC_138417.1	13000001	14000000	0.0033651149747616	7132	24	7132	0
pop1	NC_138417.1	14000001	15000000	0.0011665208515602	3429	4	3429	0
pop1	NC_138417.1	15000001	16000000	0	34	0	34	0
pop1	NC_138417.1	16000001	17000000	0.017326339214751	6291	109	6291	0
pop1	NC_138417.1	17000001	18000000	0.0028994845360825	6208	18	6208	0
pop1	NC_138417.1	18000001	19000000	0.0056425447876993	7089	40	7089	0
pop1	NC_138417.1	19000001	20000000	0.011619047619048	10500	122	10500	0
pop1	NC_138417.1	20000001	21000000	0.012057191634656	9372	113	9372	0
pop1	NW_027184081.1	1	1000000	0	512	0	512	0
pop1	NW_027184081.1	1000001	2000000	0	187	0	187	0
pop1	NW_027184081.1	2000001	3000000	0	327	0	327	0
pop1	NW_027184081.1	3000001	4000000	0	89	0	89	0
pop1	NW_027184081.1	4000001	5000000	0.0037008481110254	6485	24	6485	0
pop1	NW_027184081.1	5000001	6000000	0.0013177159590044	6830	9	6830	0
pop1	NW_027184081.1	6000001	7000000	0.0013284623048821	6022	8	6022	0
pop1	NW_027184081.1	7000001	8000000	0.0030800821355236	3896	12	3896	0
pop1	NW_027184081.1	8000001	9000000	0.0044364508393285	8340	37	8340	0
pop1	NW_027184081.1	9000001	10000000	0.0017985611510791	3892	7	3892	0
pop1	NW_027184082.1	1	1000000	0.0034742327735958	5181	18	5181	0
pop1	NW_027184082.1	1000001	2000000	0.0039035591274397	8710	34	8710	0
pop1	NW_027184082.1	2000001	3000000	0.0030715675232927	9767	30	9767	0
pop1	NW_027184082.1	3000001	4000000	0.0021246458923513	8472	18	8472	0
pop1	NW_027184082.1	4000001	5000000	0.0021100470702808	6161	13	6161	0
pop1	NW_027184083.1	1	1000000	0.0012572865470339	8749	11	8749	0
pop1	NW_027184083.1	1000001	2000000	0.0030211480362538	5958	18	5958	0
pop1	NW_027184083.1	2000001	3000000	0.0029467983434215	12556	37	12556	0
pop1	NW_027184083.1	3000001	4000000	0.0026041666666667	1920	5	1920	0
pop1	NW_027184084.1	1	1000000	0.0042529061525376	7054	30	7054	0
pop1	NW_027184084.1	1000001	2000000	0.0018917896329928	2643	5	2643	0
pop1	NW_027184084.1	2000001	3000000	0.0016488046166529	7278	12	7278	0
pop1	NC_138418.1	1	1000000	0.0019086688977653	463150	884	463150	0
pop1	NC_138418.1	1000001	2000000	0.0035420296167247	918400	3253	918400	0
pop1	NC_138418.1	2000001	3000000	0.0035898219959327	954922	3428	954922	0
pop1	NC_138418.1	3000001	4000000	0.0033369642092004	968545	3232	968545	0
pop1	NC_138418.1	4000001	5000000	0.0039884494335536	947486	3779	947486	0
pop1	NC_138418.1	5000001	6000000	0.003217634430183	936713	3014	936713	0
pop1	NC_138418.1	6000001	7000000	0.0036709480239195	941991	3458	941991	0
pop1	NC_138418.1	7000001	8000000	0.0026544539935605	976472	2592	976472	0
pop1	NC_138418.1	8000001	9000000	0.0024109425571255	864807	2085	864807	0
pop1	NC_138418.1	9000001	10000000	0.0030144871595853	953396	2874	953396	0
pop1	NC_138418.1	10000001	11000000	0.0028889000780444	953304	2754	953304	0
pop1	NC_138418.1	11000001	12000000	0.0036155722729044	960014	3471	960014	0
pop1	NC_138418.1	12000001	13000000	0.0022323397356473	952364	2126	952364	0
pop1	NC_138418.1	13000001	14000000	0.002669226699294	967696	2583	967696	0
pop1	NC_138418.1	14000001	15000000	0.0033132181914869	865020	2866	865020	0
pop1	NC_138418.1	15000001	16000000	0.0028406727033156	949423	2697	949423	0
pop1	NC_138418.1	16000001	17000000	0.0021434431020339	966669	2072	966669	0
pop1	NC_138418.1	17000001	18000000	0.0027518835331872	968791	2666	968791	0
pop1	NC_138418.1	18000001	19000000	0.0021539112530768	968935	2087	968935	0
pop1	NC_138418.1	19000001	20000000	0.0020523734102911	936964	1923	936964	0
pop1	NC_138418.1	20000001	21000000	0.0020080897634196	940695	1889	940695	0
pop1	NC_138418.1	21000001	22000000	0.0022291540594321	940267	2096	940267	0
pop1	NC_138418.1	22000001	23000000	0.00206304636205	955868	1972	955868	0
pop1	NC_138418.1	23000001	24000000	0.00069591567968499	908156	632	908156	0
pop1	NC_138418.1	24000001	25000000	0.0018519342542151	943878	1748	943878	0
pop1	NC_138418.1	25000001	26000000	0.00076994067790396	954619	735	954619	0
pop1	NC_138418.1	26000001	27000000	0.0008381483750269	966416	810	966416	0
pop1	NC_138418.1	27000001	28000000	0.00028927389120378	957570	277	957570	0
pop1	NC_138418.1	28000001	29000000	0.0012194774000404	946307	1154	946307	0
pop1	NC_138418.1	29000001	30000000	0.0022554944235164	971849	2192	971849	0
pop1	NC_138418.1	30000001	31000000	0.0024776569364525	962603	2385	962603	0
pop1	NC_138418.1	31000001	32000000	0.0026607027385468	971172	2584	971172	0
pop1	NC_138418.1	32000001	33000000	0.00176625920291	914928	1616	914928	0
pop1	NC_138418.1	33000001	34000000	0.0016493343757698	933710	1540	933710	0
pop1	NC_138418.1	34000001	35000000	0.0023821845368533	964241	2297	964241	0
pop1	NC_138418.1	35000001	36000000	0.0018991035068519	963086	1829	963086	0
pop1	NC_138418.1	36000001	37000000	0.0029852389324371	926559	2766	926559	0
pop1	NC_138418.1	37000001	38000000	0.0021342266954387	971312	2073	971312	0
pop1	NC_138418.1	38000001	39000000	0.0022241937940773	971588	2161	971588	0
pop1	NC_138418.1	39000001	40000000	0.0027468521882759	939621	2581	939621	0
pop1	NC_138418.1	40000001	41000000	0.0021709836801916	66790	145	66790	0
pop1	NC_138418.1	41000001	42000000	0.0016061490791791	966909	1553	966909	0
pop1	NC_138418.1	42000001	43000000	0.0026715990627062	962345	2571	962345	0
pop1	NC_138418.1	43000001	44000000	0.0025956477722401	973938	2528	973938	0
pop1	NC_138418.1	44000001	45000000	0.0022085217900143	953579	2106	953579	0
pop1	NC_138418.1	45000001	46000000	0.0018676102624353	721778	1348	721778	0
pop1	NC_138418.1	46000001	47000000	0.0020590874107587	940708	1937	940708	0
pop1	NC_138418.1	47000001	48000000	0.0018427435957108	893776	1647	893776	0
pop1	NC_138418.1	48000001	49000000	0.0013945484872158	947260	1321	947260	0
pop1	NC_138418.1	49000001	50000000	0.0021553082342858	952068	2052	952068	0
pop1	NC_138418.1	50000001	51000000	0.0025654001321357	569112	1460	569112	0
pop1	NC_138418.1	51000001	52000000	NA	0	NA	NA	NA
pop1	NC_138418.1	52000001	53000000	NA	0	NA	NA	NA
pop1	NC_138418.1	53000001	54000000	0.0013114881287198	670231	879	670231	0
pop1	NC_138418.1	54000001	55000000	0.0016794154631552	957476	1608	957476	0
pop1	NC_138418.1	55000001	56000000	0.0024224878238391	941594	2281	941594	0
pop1	NC_138418.1	56000001	57000000	0.0011348825935713	973669	1105	973669	0
pop1	NC_138418.1	57000001	58000000	0.0007991054974122	968583	774	968583	0
pop1	NC_138418.1	58000001	59000000	0.0005265951185665	968486	510	968486	0
pop1	NC_138418.1	59000001	60000000	0.00047615247519485	751860	358	751860	0
pop1	NC_138418.1	60000001	61000000	0.00036441326686495	900077	328	900077	0
pop1	NC_138418.1	61000001	62000000	0.00051818905263937	972618	504	972618	0
pop1	NC_138418.1	62000001	63000000	0.00050333720889118	961582	484	961582	0
pop1	NC_138418.1	63000001	64000000	0.00046137359307269	953674	440	953674	0
pop1	NC_138418.1	64000001	65000000	0.00041869176402404	938638	393	938638	0
pop1	NC_138418.1	65000001	66000000	0.00044823643749116	968239	434	968239	0
pop1	NC_138418.1	66000001	67000000	0.00060802883417605	911141	554	911141	0
pop1	NC_138418.1	67000001	68000000	0.00068744841310222	884430	608	884430	0
pop1	NC_138418.1	68000001	69000000	0.00069504523043584	952456	662	952456	0
pop1	NC_138418.1	69000001	70000000	0.0033617693085349	288836	971	288836	0
pop1	NC_138418.1	70000001	71000000	0.004675311892517	772141	3610	772141	0
pop1	NC_138418.1	71000001	72000000	0.0035905557887774	943308	3387	943308	0
pop1	NC_138418.1	72000001	73000000	0.0016156090444931	274200	443	274200	0
pop1	NW_027184086.1	1	1000000	0.00045761886121898	710198	325	710198	0
pop1	NW_027184086.1	1000001	2000000	0.0003811547241611	973358	371	973358	0
pop1	NW_027184086.1	2000001	3000000	0.00040383024914711	928608	375	928608	0
pop1	NW_027184086.1	3000001	4000000	0.00041653873908052	511357	213	511357	0
pop1	NW_027184086.1	4000001	5000000	0.0044444444444444	225	1	225	0
pop1	NW_027184087.1	1	1000000	0.002357410176406	925592	2182	925592	0
pop1	NW_027184087.1	1000001	2000000	0.001098767959425	239359	263	239359	0
pop1	NW_027184088.1	1	1000000	0.001249176679007	44029	55	44029	0
pop1	NW_027184088.1	1000001	2000000	0	221	0	221	0
pop1	NW_027183733.1	1	1000000	0.0016088666428316	5594	9	5594	0
pop1	NW_027183733.1	1000001	2000000	0.00033366700033367	2997	1	2997	0
pop1	NW_027183733.1	2000001	3000000	0.0019925989183034	3513	7	3513	0
pop1	NW_027183733.1	3000001	4000000	0.0027855153203343	718	2	718	0
pop1	NW_027183733.1	4000001	5000000	0	390	0	390	0
pop1	NW_027183804.1	1	1000000	0.00037598696578519	7979	3	7979	0
pop1	NW_027183804.1	1000001	2000000	0.0046207999102485	142616	659	142616	0
pop1	NW_027183804.1	2000001	3000000	0.0029541050243418	84628	250	84628	0
pop1	NW_027183804.1	3000001	4000000	0.0025081421030959	26713	67	26713	0
pop1	NW_027183804.1	4000001	5000000	0.0011339705167666	6173	7	6173	0
pop1	NW_027183894.1	1	1000000	0.0016648168701443	1802	3	1802	0
pop1	NW_027183894.1	1000001	2000000	0.0010138560324434	2959	3	2959	0
pop1	NW_027183894.1	2000001	3000000	0	491	0	491	0
pop1	NW_027183894.1	3000001	4000000	0	85	0	85	0
pop1	NW_027183905.1	1	1000000	0.002615650943277	316556	828	316556	0
pop1	NW_027183905.1	1000001	2000000	0.0030732998722242	119741	368	119741	0
pop1	NW_027183905.1	2000001	3000000	0.0020151391162029	97760	197	97760	0
pop1	NW_027183916.1	1	1000000	0	609	0	609	0
pop1	NW_027183916.1	1000001	2000000	0.0023492560689115	1277	3	1277	0
pop1	NW_027183916.1	2000001	3000000	0.00095877277085331	1043	1	1043	0
pop1	NW_027183927.1	1	1000000	0.0044444444444444	900	4	900	0
pop1	NW_027183927.1	1000001	2000000	0	410	0	410	0
pop1	NW_027183927.1	2000001	3000000	0.0012876118189211	14756	19	14756	0
pop1	NW_027183938.1	1	1000000	0.0036411784177425	3021	11	3021	0
pop1	NW_027183938.1	1000001	2000000	0	444	0	444	0
pop1	NW_027183949.1	1	1000000	0.0077912099170167	195220	1521	195220	0
pop1	NW_027183949.1	1000001	2000000	0.00089686098654709	3345	3	3345	0
pop1	NW_027183949.1	2000001	3000000	0.0023201856148492	4310	10	4310	0
pop1	NW_027183960.1	1	1000000	0.00060532687651332	1652	1	1652	0
pop1	NW_027183960.1	1000001	2000000	0.0034722222222222	1440	5	1440	0
pop1	NW_027183960.1	2000001	3000000	0.0015723270440252	636	1	636	0
pop1	NW_027183981.1	1	1000000	0.0013937830130015	139907	195	139907	0
pop1	NW_027183981.1	1000001	2000000	0.0011937583492027	70366	84	70366	0
pop1	NW_027183981.1	2000001	3000000	0.001447800497288	95317	138	95317	0
pop1	NW_027183992.1	1	1000000	0.0065326877154573	226553	1480	226553	0
pop1	NW_027183992.1	1000001	2000000	0	207	0	207	0
pop1	NW_027183992.1	2000001	3000000	0	272	0	272	0
pop1	NW_027184003.1	1	1000000	0.0033250207813799	1203	4	1203	0
pop1	NW_027184003.1	1000001	2000000	0.0020325203252033	1476	3	1476	0
pop1	NW_027184003.1	2000001	3000000	0	118	0	118	0
pop1	NW_027184024.1	1	1000000	0.0010570824524313	3784	4	3784	0
pop1	NW_027184024.1	1000001	2000000	0	228	0	228	0
pop1	NW_027184024.1	2000001	3000000	0	328	0	328	0
pop1	NW_027184055.1	1	1000000	0.0011651308124139	9441	11	9441	0
pop1	NW_027184055.1	1000001	2000000	0.0019691349544351	21837	43	21837	0
pop1	NW_027184055.1	2000001	3000000	0.0026122061268107	4211	11	4211	0
pop1	NW_027184058.1	1	1000000	0.0057240984544934	3494	20	3494	0
pop1	NW_027184058.1	1000001	2000000	0.0022675736961451	441	1	441	0
pop1	NW_027184058.1	2000001	3000000	0.0033185840707965	904	3	904	0
pop1	NW_027184059.1	1	1000000	0.00087950747581354	1137	1	1137	0
pop1	NW_027184059.1	1000001	2000000	0.0069375619425173	1009	7	1009	0
pop1	NW_027184059.1	2000001	3000000	0	117	0	117	0
pop1	NW_027184060.1	1	1000000	0.0017780247256563	35995	64	35995	0
pop1	NW_027184060.1	1000001	2000000	0	340	0	340	0
pop1	NW_027184061.1	1	1000000	0.001989430071533	115611	230	115611	0
pop1	NW_027184061.1	1000001	2000000	0.0067729313477605	208034	1409	208034	0
pop1	NW_027184062.1	1	1000000	0.001696352841391	2358	4	2358	0
pop1	NW_027184062.1	1000001	2000000	0.0043091065785694	3481	15	3481	0
pop1	NW_027184063.1	1	1000000	0.0052426381545914	135428	710	135428	0
pop1	NW_027184063.1	1000001	2000000	0.0085756109117986	236368	2027	236368	0
pop1	NW_027184064.1	1	1000000	0.00046093781804381	761491	351	761491	0
pop1	NW_027184064.1	1000001	2000000	0.00058169839811277	744372	433	744372	0
pop1	NW_027184065.1	1	1000000	0.0027598896044158	1087	3	1087	0
pop1	NW_027184065.1	1000001	2000000	0.0068212824010914	733	5	733	0
pop1	NW_027184066.1	1	1000000	0.00163132137031	1226	2	1226	0
pop1	NW_027184066.1	1000001	2000000	0.0029106785519374	5497	16	5497	0
pop1	NW_027184067.1	1	1000000	0	202	0	202	0
pop1	NW_027184067.1	1000001	2000000	0.0039525691699605	1518	6	1518	0
pop1	NW_027184068.1	1	1000000	0	1494	0	1494	0
pop1	NW_027184068.1	1000001	2000000	0	676	0	676	0
pop1	NW_027184069.1	1	1000000	0.0048038430744596	3747	18	3747	0
pop1	NW_027184069.1	1000001	2000000	0	400	0	400	0
pop1	NW_027184070.1	1	1000000	0	770	0	770	0
pop1	NW_027184070.1	1000001	2000000	0	344	0	344	0
pop1	NW_027184071.1	1	1000000	0.0036089648221913	104185	376	104185	0
pop1	NW_027184071.1	1000001	2000000	0.0031981939610573	10631	34	10631	0
pop1	NW_027184072.1	1	1000000	0.00056593095642332	1767	1	1767	0
pop1	NW_027184072.1	1000001	2000000	0.0018755861206627	3199	6	3199	0
pop1	NW_027184073.1	1	1000000	0	98	0	98	0
pop1	NW_027184073.1	1000001	2000000	0.0083333333333333	120	1	120	0
pop1	NW_027184074.1	1	1000000	0.0014822905289437	12818	19	12818	0
pop1	NW_027184074.1	1000001	2000000	0	333	0	333	0
pop1	NW_027184075.1	1	1000000	0.0056474384832594	2479	14	2479	0
pop1	NW_027184075.1	1000001	2000000	0.0026737967914439	374	1	374	0
pop1	NW_027184076.1	1	1000000	0.0016220600162206	30825	50	30825	0
pop1	NW_027184076.1	1000001	2000000	0.0019926493379976	22583	45	22583	0
pop1	NW_027184077.1	1	1000000	0.0012536564981195	2393	3	2393	0
pop1	NW_027184077.1	1000001	2000000	0.0039093041438624	1279	5	1279	0
pop1	NW_027184078.1	1	1000000	0.008707945566667	461188	4016	461188	0
pop1	NW_027184078.1	1000001	2000000	0.011105475319683	37459	416	37459	0
pop1	NW_027184079.1	1	1000000	0.007097232079489	1409	10	1409	0
pop1	NW_027183463.1	1	1000000	0.0015969827963388	228556	365	228556	0
pop1	NW_027183463.1	1000001	2000000	0.0018001800180018	1111	2	1111	0
pop1	NW_027183464.1	1	1000000	0	806	0	806	0
pop1	NW_027183465.1	1	1000000	0.0045454545454545	2200	10	2200	0
pop1	NW_027183465.1	1000001	2000000	0	124	0	124	0
pop1	NW_027183466.1	1	1000000	0.0012094148292864	10749	13	10749	0
pop1	NW_027183467.1	1	1000000	0.00028394338138607	658582	187	658582	0
pop1	NW_027183468.1	1	1000000	0.0023310023310023	4290	10	4290	0
pop1	NW_027183469.1	1	1000000	0	1091	0	1091	0
pop1	NW_027183470.1	1	1000000	0.0020957038071952	2863	6	2863	0
pop1	NW_027183471.1	1	1000000	0.0021321961620469	938	2	938	0
pop1	NW_027183472.1	1	1000000	0.0021778584392015	5510	12	5510	0
pop1	NW_027183473.1	1	1000000	0.00078740157480315	2540	2	2540	0
pop1	NW_027183474.1	1	1000000	0.012985492312916	85403	1109	85403	0
pop1	NW_027183475.1	1	1000000	0.00041407867494824	2415	1	2415	0
pop1	NW_027183476.1	1	1000000	0.012413759595763	246984	3066	246984	0
pop1	NW_027183477.1	1	1000000	0	1344	0	1344	0
pop1	NW_027183478.1	1	1000000	0.00055648302726767	1797	1	1797	0
pop1	NW_027183479.1	1	1000000	0.0014843402107763	6737	10	6737	0
pop1	NW_027183480.1	1	1000000	0.00028645087367516	3491	1	3491	0
pop1	NW_027183481.1	1	1000000	0.0021305781747074	34263	73	34263	0
pop1	NW_027183482.1	1	1000000	0	993	0	993	0
pop1	NW_027183483.1	1	1000000	0	3457	0	3457	0
pop1	NW_027183484.1	1	1000000	0	1499	0	1499	0
pop1	NW_027183485.1	1	1000000	0.0033783783783784	296	1	296	0
pop1	NW_027183486.1	1	1000000	0	1690	0	1690	0
pop1	NW_027183487.1	1	1000000	0	893	0	893	0
pop1	NW_027183488.1	1	1000000	0	176	0	176	0
pop1	NW_027183489.1	1	1000000	0.0033898305084746	590	2	590	0
pop1	NW_027183490.1	1	1000000	0	457	0	457	0
pop1	NW_027183491.1	1	1000000	0.011885353397689	194441	2311	194441	0
pop1	NW_027183492.1	1	1000000	0.0064419237291753	257687	1660	257687	0
pop1	NW_027183493.1	1	1000000	0.002281802624073	1753	4	1753	0
pop1	NW_027183494.1	1	1000000	0.012284886910153	235167	2889	235167	0
pop1	NW_027183495.1	1	1000000	0	232	0	232	0
pop1	NW_027183496.1	1	1000000	0.009537995819619	83246	794	83246	0
pop1	NW_027183497.1	1	1000000	0	267	0	267	0
pop1	NW_027183498.1	1	1000000	0	161	0	161	0
pop1	NW_027183499.1	1	1000000	0.004507405022537	3106	14	3106	0
pop1	NW_027183500.1	1	1000000	0.013923432608633	174095	2424	174095	0
pop1	NW_027183501.1	1	1000000	0.00094393052671323	5297	5	5297	0
pop1	NW_027183502.1	1	1000000	0	556	0	556	0
pop1	NW_027183503.1	1	1000000	0	1083	0	1083	0
pop1	NW_027183504.1	1	1000000	0	789	0	789	0
pop1	NW_027183505.1	1	1000000	0	30	0	30	0
pop1	NW_027183506.1	1	1000000	0	993	0	993	0
pop1	NW_027183507.1	1	1000000	0	662	0	662	0
pop1	NW_027183508.1	1	1000000	0.001230012300123	813	1	813	0
pop1	NW_027183509.1	1	1000000	0.001841620626151	543	1	543	0
pop1	NW_027183510.1	1	1000000	0	6	0	6	0
pop1	NW_027183511.1	1	1000000	0	729	0	729	0
pop1	NW_027183512.1	1	1000000	0.00092442801016871	4327	4	4327	0
pop1	NW_027183513.1	1	1000000	0	647	0	647	0
pop1	NW_027183514.1	1	1000000	0	659	0	659	0
pop1	NW_027183515.1	1	1000000	0	341	0	341	0
pop1	NW_027183516.1	1	1000000	0.0078939882419875	42184	333	42184	0
pop1	NW_027183518.1	1	1000000	0.0047846889952153	627	3	627	0
pop1	NW_027183519.1	1	1000000	0	525	0	525	0
pop1	NW_027183520.1	1	1000000	0.0034965034965035	25454	89	25454	0
pop1	NW_027183521.1	1	1000000	0	364	0	364	0
pop1	NW_027183522.1	1	1000000	0	73	0	73	0
pop1	NW_027183523.1	1	1000000	0.011215629522431	96740	1085	96740	0
pop1	NW_027183524.1	1	1000000	0	327	0	327	0
pop1	NW_027183525.1	1	1000000	0	204	0	204	0
pop1	NW_027183526.1	1	1000000	0	867	0	867	0
pop1	NW_027183527.1	1	1000000	0	68	0	68	0
pop1	NW_027183528.1	1	1000000	0.012122129582188	85876	1041	85876	0
pop1	NW_027183529.1	1	1000000	0.016072075942909	148954	2394	148954	0
pop1	NW_027183530.1	1	1000000	0.013605686817468	83421	1135	83421	0
pop1	NW_027183531.1	1	1000000	0.00031565656565657	3168	1	3168	0
pop1	NW_027183532.1	1	1000000	0.0096153846153846	208	2	208	0
pop1	NW_027183533.1	1	1000000	0	444	0	444	0
pop1	NW_027183534.1	1	1000000	0.010635760957695	104835	1115	104835	0
pop1	NW_027183535.1	1	1000000	0.01264704843325	113228	1432	113228	0
pop1	NW_027183536.1	1	1000000	0.011191084281402	150745	1687	150745	0
pop1	NW_027183537.1	1	1000000	0	281	0	281	0
pop1	NW_027183538.1	1	1000000	0	743	0	743	0
pop1	NW_027183539.1	1	1000000	0.0008058017727639	1241	1	1241	0
pop1	NW_027183540.1	1	1000000	0	211	0	211	0
pop1	NW_027183541.1	1	1000000	0.0053374141534787	133960	715	133960	0
pop1	NW_027183543.1	1	1000000	0	964	0	964	0
pop1	NW_027183544.1	1	1000000	0	388	0	388	0
pop1	NW_027183545.1	1	1000000	0	46	0	46	0
pop1	NW_027183546.1	1	1000000	0	341	0	341	0
pop1	NW_027183547.1	1	1000000	0	99	0	99	0
pop1	NW_027183548.1	1	1000000	0	350	0	350	0
pop1	NW_027183549.1	1	1000000	0	1036	0	1036	0
pop1	NW_027183550.1	1	1000000	0.013320877447927	86706	1155	86706	0
pop1	NW_027183551.1	1	1000000	0.014013134473068	132019	1850	132019	0
pop1	NW_027183552.1	1	1000000	0	768	0	768	0
pop1	NW_027183553.1	1	1000000	0.0084743602813742	78472	665	78472	0
pop1	NW_027183554.1	1	1000000	0	184	0	184	0
pop1	NW_027183555.1	1	1000000	0	503	0	503	0
pop1	NW_027183556.1	1	1000000	0	454	0	454	0
pop1	NW_027183557.1	1	1000000	0.010914396033522	91164	995	91164	0
pop1	NW_027183558.1	1	1000000	0.0048076923076923	416	2	416	0
pop1	NW_027183559.1	1	1000000	0	1114	0	1114	0
pop1	NW_027183560.1	1	1000000	0	344	0	344	0
pop1	NW_027183561.1	1	1000000	0	103	0	103	0
pop1	NW_027183562.1	1	1000000	0	725	0	725	0
pop1	NW_027183563.1	1	1000000	0.0098760455507407	29769	294	29769	0
pop1	NW_027183565.1	1	1000000	0	73	0	73	0
pop1	NW_027183567.1	1	1000000	0.015001236365635	36397	546	36397	0
pop1	NW_027183568.1	1	1000000	0	208	0	208	0
pop1	NW_027183569.1	1	1000000	0.00062298123607603	147677	92	147677	0
pop1	NW_027183570.1	1	1000000	0	73	0	73	0
pop1	NW_027183571.1	1	1000000	0	922	0	922	0
pop1	NW_027183572.1	1	1000000	0.00075642965204236	2644	2	2644	0
pop1	NW_027183573.1	1	1000000	0	370	0	370	0
pop1	NW_027183574.1	1	1000000	0	788	0	788	0
pop1	NW_027183576.1	1	1000000	0	448	0	448	0
pop1	NW_027183577.1	1	1000000	0.010181368507832	24260	247	24260	0
pop1	NW_027183578.1	1	1000000	0	280	0	280	0
pop1	NW_027183579.1	1	1000000	0.012688072725505	82282	1044	82282	0
pop1	NW_027183580.1	1	1000000	0	348	0	348	0
pop1	NW_027183581.1	1	1000000	0	133	0	133	0
pop1	NW_027183583.1	1	1000000	0.013461175136973	42344	570	42344	0
pop1	NW_027183584.1	1	1000000	0	112	0	112	0
pop1	NW_027183585.1	1	1000000	0	91	0	91	0
pop1	NW_027183586.1	1	1000000	0	155	0	155	0
pop1	NW_027183587.1	1	1000000	0	363	0	363	0
pop1	NW_027183588.1	1	1000000	0.0057971014492754	345	2	345	0
pop1	NW_027183589.1	1	1000000	0.014144026719889	98204	1389	98204	0
pop1	NW_027183590.1	1	1000000	0	954	0	954	0
pop1	NW_027183591.1	1	1000000	0.014388489208633	139	2	139	0
pop1	NW_027183592.1	1	1000000	0	280	0	280	0
pop1	NW_027183593.1	1	1000000	0.0030959752321981	323	1	323	0
pop1	NW_027183595.1	1	1000000	0.014662121168347	69226	1015	69226	0
pop1	NW_027183596.1	1	1000000	0	597	0	597	0
pop1	NW_027183597.1	1	1000000	0	132	0	132	0
pop1	NW_027183599.1	1	1000000	0	856	0	856	0
pop1	NW_027183600.1	1	1000000	0	183	0	183	0
pop1	NW_027183601.1	1	1000000	0.00099403578528827	1006	1	1006	0
pop1	NW_027183602.1	1	1000000	0	125	0	125	0
pop1	NW_027183603.1	1	1000000	0	470	0	470	0
pop1	NW_027183604.1	1	1000000	0	130	0	130	0
pop1	NW_027183608.1	1	1000000	0	487	0	487	0
pop1	NW_027183609.1	1	1000000	0	1492	0	1492	0
pop1	NW_027183610.1	1	1000000	0	327	0	327	0
pop1	NW_027183611.1	1	1000000	0	126	0	126	0
pop1	NW_027183613.1	1	1000000	0.0016195789094835	5557	9	5557	0
pop1	NW_027183614.1	1	1000000	0	172	0	172	0
pop1	NW_027183615.1	1	1000000	0.014446909966479	84724	1224	84724	0
pop1	NW_027183616.1	1	1000000	0	72	0	72	0
pop1	NW_027183617.1	1	1000000	0	461	0	461	0
pop1	NW_027183618.1	1	1000000	0.010102229735169	24846	251	24846	0
pop1	NW_027183619.1	1	1000000	0	335	0	335	0
pop1	NW_027183620.1	1	1000000	0	185	0	185	0
pop1	NW_027183622.1	1	1000000	0	144	0	144	0
pop1	NW_027183623.1	1	1000000	0	501	0	501	0
pop1	NW_027183624.1	1	1000000	0.01277638024626	15106	193	15106	0
pop1	NW_027183626.1	1	1000000	0	208	0	208	0
pop1	NW_027183627.1	1	1000000	0.0016556291390728	1812	3	1812	0
pop1	NW_027183628.1	1	1000000	0.01024671707123	20104	206	20104	0
pop1	NW_027183631.1	1	1000000	0	427	0	427	0
pop1	NW_027183633.1	1	1000000	0.014362342089433	39896	573	39896	0
pop1	NW_027183634.1	1	1000000	0	204	0	204	0
pop1	NW_027183635.1	1	1000000	0.00037664783427495	2655	1	2655	0
pop1	NW_027183636.1	1	1000000	0	263	0	263	0
pop1	NW_027183637.1	1	1000000	0	509	0	509	0
pop1	NW_027183639.1	1	1000000	0	57	0	57	0
pop1	NW_027183642.1	1	1000000	0.0083044982698962	17340	144	17340	0
pop1	NW_027183644.1	1	1000000	0	439	0	439	0
pop1	NW_027183645.1	1	1000000	0	586	0	586	0
pop1	NW_027183646.1	1	1000000	0	392	0	392	0
pop1	NW_027183648.1	1	1000000	0	128	0	128	0
pop1	NW_027183649.1	1	1000000	0	697	0	697	0
pop1	NW_027183650.1	1	1000000	0.012400793650794	10080	125	10080	0
pop1	NW_027183651.1	1	1000000	0.0029299557454601	65530	192	65530	0
pop1	NW_027183654.1	1	1000000	0	522	0	522	0
pop1	NW_027183655.1	1	1000000	0	200	0	200	0
pop1	NW_027183656.1	1	1000000	0	321	0	321	0
pop1	NW_027183657.1	1	1000000	0	129	0	129	0
pop1	NW_027183658.1	1	1000000	0.008126777732629	56603	460	56603	0
pop1	NW_027183660.1	1	1000000	0	190	0	190	0
pop1	NW_027183661.1	1	1000000	0	204	0	204	0
pop1	NW_027183662.1	1	1000000	0	89	0	89	0
pop1	NW_027183663.1	1	1000000	0	33	0	33	0
pop1	NW_027183664.1	1	1000000	0.013106885730109	16251	213	16251	0
pop1	NW_027183666.1	1	1000000	0	520	0	520	0
pop1	NW_027183667.1	1	1000000	0	263	0	263	0
pop1	NW_027183668.1	1	1000000	0	106	0	106	0
pop1	NW_027183669.1	1	1000000	0.01205264373124	21655	261	21655	0
pop1	NW_027183670.1	1	1000000	0	111	0	111	0
pop1	NW_027183671.1	1	1000000	0	276	0	276	0
pop1	NW_027183672.1	1	1000000	0.010698047606312	7478	80	7478	0
pop1	NW_027183675.1	1	1000000	0	429	0	429	0
pop1	NW_027183676.1	1	1000000	0.0086743137590595	17523	152	17523	0
pop1	NW_027183677.1	1	1000000	0	170	0	170	0
pop1	NW_027183678.1	1	1000000	0	386	0	386	0
pop1	NW_027183679.1	1	1000000	0.012018817050083	34862	419	34862	0
pop1	NW_027183681.1	1	1000000	0	123	0	123	0
pop1	NW_027183682.1	1	1000000	0.010969212018441	18871	207	18871	0
pop1	NW_027183683.1	1	1000000	0.011907778059286	15788	188	15788	0
pop1	NW_027183684.1	1	1000000	0	440	0	440	0
pop1	NW_027183685.1	1	1000000	0	158	0	158	0
pop1	NW_027183686.1	1	1000000	0	492	0	492	0
pop1	NW_027183687.1	1	1000000	0	14	0	14	0
pop1	NW_027183688.1	1	1000000	0.016229493815247	34197	555	34197	0
pop1	NW_027183689.1	1	1000000	0	98	0	98	0
pop1	NW_027183690.1	1	1000000	0.013674311486422	20842	285	20842	0
pop1	NW_027183691.1	1	1000000	0.0024125452352232	59688	144	59688	0
pop1	NW_027183692.1	1	1000000	0.0016207455429498	1234	2	1234	0
pop1	NW_027183694.1	1	1000000	0.0035335689045936	283	1	283	0
pop1	NW_027183695.1	1	1000000	0.015020840433062	38147	573	38147	0
pop1	NW_027183696.1	1	1000000	0	48	0	48	0
pop1	NW_027183699.1	1	1000000	0.0063694267515924	157	1	157	0
pop1	NW_027183700.1	1	1000000	0	127	0	127	0
pop1	NW_027183702.1	1	1000000	0	236	0	236	0
pop1	NW_027183703.1	1	1000000	0	192	0	192	0
pop1	NW_027183704.1	1	1000000	0	170	0	170	0
pop1	NW_027183706.1	1	1000000	0.012794641707097	23291	298	23291	0
pop1	NW_027183707.1	1	1000000	0	160	0	160	0
pop1	NW_027183708.1	1	1000000	0.0016512549537649	3028	5	3028	0
pop1	NW_027183709.1	1	1000000	0	100	0	100	0
pop1	NW_027183710.1	1	1000000	0	589	0	589	0
pop1	NW_027183711.1	1	1000000	0	68	0	68	0
pop1	NW_027183712.1	1	1000000	0	249	0	249	0
pop1	NW_027183713.1	1	1000000	0	542	0	542	0
pop1	NW_027183714.1	1	1000000	0	175	0	175	0
pop1	NW_027183715.1	1	1000000	0	380	0	380	0
pop1	NW_027183716.1	1	1000000	0	240	0	240	0
pop1	NW_027183717.1	1	1000000	0.0023595211046054	22886	54	22886	0
pop1	NW_027183718.1	1	1000000	0.011207566727131	15436	173	15436	0
pop1	NW_027183719.1	1	1000000	0	597	0	597	0
pop1	NW_027183720.1	1	1000000	0.010341770905151	10153	105	10153	0
pop1	NW_027183721.1	1	1000000	0	164	0	164	0
pop1	NW_027183722.1	1	1000000	0.011084261399454	19036	211	19036	0
pop1	NW_027183723.1	1	1000000	0	102	0	102	0
pop1	NW_027183724.1	1	1000000	0	120	0	120	0
pop1	NW_027183725.1	1	1000000	0	157	0	157	0
pop1	NW_027183727.1	1	1000000	0.013184743368388	19113	252	19113	0
pop1	NW_027183728.1	1	1000000	0.012984951425487	31498	409	31498	0
pop1	NW_027183729.1	1	1000000	0.010039040713887	12551	126	12551	0
pop1	NW_027183730.1	1	1000000	0.0045977011494253	435	2	435	0
pop1	NW_027183731.1	1	1000000	0	71	0	71	0
pop1	NW_027183732.1	1	1000000	0	142	0	142	0
pop1	NW_027183734.1	1	1000000	0.012226436429598	42449	519	42449	0
pop1	NW_027183735.1	1	1000000	0	279	0	279	0
pop1	NW_027183736.1	1	1000000	0.015447355412753	40460	625	40460	0
pop1	NW_027183738.1	1	1000000	0	171	0	171	0
pop1	NW_027183739.1	1	1000000	0	52	0	52	0
pop1	NW_027183740.1	1	1000000	0	192	0	192	0
pop1	NW_027183741.1	1	1000000	0	186	0	186	0
pop1	NW_027183743.1	1	1000000	0	163	0	163	0
pop1	NW_027183744.1	1	1000000	0.010912397696272	9897	108	9897	0
pop1	NW_027183745.1	1	1000000	0	169	0	169	0
pop1	NW_027183746.1	1	1000000	0	195	0	195	0
pop1	NW_027183747.1	1	1000000	0	487	0	487	0
pop1	NW_027183748.1	1	1000000	0	108	0	108	0
pop1	NW_027183752.1	1	1000000	0	590	0	590	0
pop1	NW_027183753.1	1	1000000	0	73	0	73	0
pop1	NW_027183754.1	1	1000000	0	208	0	208	0
pop1	NW_027183755.1	1	1000000	0	40	0	40	0
pop1	NW_027183756.1	1	1000000	0.010611707958781	22805	242	22805	0
pop1	NW_027183757.1	1	1000000	0	46	0	46	0
pop1	NW_027183758.1	1	1000000	0	194	0	194	0
pop1	NW_027183759.1	1	1000000	0.012346767792574	11339	140	11339	0
pop1	NW_027183761.1	1	1000000	0.010778992431771	13081	141	13081	0
pop1	NW_027183764.1	1	1000000	0	42	0	42	0
pop1	NW_027183765.1	1	1000000	0	337	0	337	0
pop1	NW_027183767.1	1	1000000	0	385	0	385	0
pop1	NW_027183770.1	1	1000000	0	69	0	69	0
pop1	NW_027183771.1	1	1000000	0	251	0	251	0
pop1	NW_027183775.1	1	1000000	0.011677695601401	15414	180	15414	0
pop1	NW_027183776.1	1	1000000	0	159	0	159	0
pop1	NW_027183777.1	1	1000000	0.013257881972514	6185	82	6185	0
pop1	NW_027183779.1	1	1000000	0	45	0	45	0
pop1	NW_027183781.1	1	1000000	0.0090651111461454	12686	115	12686	0
pop1	NW_027183782.1	1	1000000	0.0012531328320802	798	1	798	0
pop1	NW_027183785.1	1	1000000	0.012174766813942	10185	124	10185	0
pop1	NW_027183786.1	1	1000000	0.013197586726998	15912	210	15912	0
pop1	NW_027183787.1	1	1000000	0	67	0	67	0
pop1	NW_027183788.1	1	1000000	0	115	0	115	0
pop1	NW_027183789.1	1	1000000	0	79	0	79	0
pop1	NW_027183790.1	1	1000000	0	173	0	173	0
pop1	NW_027183791.1	1	1000000	0	15	0	15	0
pop1	NW_027183792.1	1	1000000	0.0024509803921569	408	1	408	0
pop1	NW_027183794.1	1	1000000	0	106	0	106	0
pop1	NW_027183795.1	1	1000000	0	101	0	101	0
pop1	NW_027183796.1	1	1000000	0.0091205211726384	7675	70	7675	0
pop1	NW_027183797.1	1	1000000	0.015673981191223	5742	90	5742	0
pop1	NW_027183800.1	1	1000000	0	76	0	76	0
pop1	NW_027183803.1	1	1000000	0.014354629956465	25497	366	25497	0
pop1	NW_027183805.1	1	1000000	0	221	0	221	0
pop1	NW_027183806.1	1	1000000	0	72	0	72	0
pop1	NW_027183807.1	1	1000000	0.0038167938931298	262	1	262	0
pop1	NW_027183810.1	1	1000000	0	46	0	46	0
pop1	NW_027183811.1	1	1000000	0	371	0	371	0
pop1	NW_027183813.1	1	1000000	0.0076030412164866	4998	38	4998	0
pop1	NW_027183815.1	1	1000000	0.0093585494248392	5129	48	5129	0
pop1	NW_027183816.1	1	1000000	0.013654396162008	10839	148	10839	0
pop1	NW_027183820.1	1	1000000	0	40	0	40	0
pop1	NW_027183821.1	1	1000000	0.012336573918874	14915	184	14915	0
pop1	NW_027183822.1	1	1000000	0	429	0	429	0
pop1	NW_027183823.1	1	1000000	0	195	0	195	0
pop1	NW_027183825.1	1	1000000	0.0029325513196481	341	1	341	0
pop1	NW_027183826.1	1	1000000	0	144	0	144	0
pop1	NW_027183828.1	1	1000000	0	73	0	73	0
pop1	NW_027183830.1	1	1000000	0.010153188457428	5614	57	5614	0
pop1	NW_027183831.1	1	1000000	0.012951080237829	16987	220	16987	0
pop1	NW_027183833.1	1	1000000	0	131	0	131	0
pop1	NW_027183834.1	1	1000000	0	144	0	144	0
pop1	NW_027183835.1	1	1000000	0	48	0	48	0
pop1	NW_027183836.1	1	1000000	0.011851851851852	8775	104	8775	0
pop1	NW_027183838.1	1	1000000	0	179	0	179	0
pop1	NW_027183841.1	1	1000000	0	46	0	46	0
pop1	NW_027183845.1	1	1000000	0.0044731610337972	2012	9	2012	0
pop1	NW_027183846.1	1	1000000	0	312	0	312	0
pop1	NW_027183847.1	1	1000000	0	54	0	54	0
pop1	NW_027183849.1	1	1000000	0	216	0	216	0
pop1	NW_027183852.1	1	1000000	0.0014827367083245	4721	7	4721	0
pop1	NW_027183853.1	1	1000000	0	154	0	154	0
pop1	NW_027183858.1	1	1000000	0	80	0	80	0
pop1	NW_027183860.1	1	1000000	0	5	0	5	0
pop1	NW_027183861.1	1	1000000	0	61	0	61	0
pop1	NW_027183862.1	1	1000000	0	262	0	262	0
pop1	NW_027183865.1	1	1000000	0	57	0	57	0
pop1	NW_027183869.1	1	1000000	0	48	0	48	0
pop1	NW_027183870.1	1	1000000	0	75	0	75	0
pop1	NW_027183871.1	1	1000000	0	49	0	49	0
pop1	NW_027183872.1	1	1000000	0.013101805416249	15952	209	15952	0
pop1	NW_027183873.1	1	1000000	0.0057840616966581	4668	27	4668	0
pop1	NW_027183874.1	1	1000000	0	143	0	143	0
pop1	NW_027183875.1	1	1000000	0.0076206604572396	3543	27	3543	0
pop1	NW_027183876.1	1	1000000	0	51	0	51	0
pop1	NW_027183880.1	1	1000000	0.012902715111217	12633	163	12633	0
pop1	NW_027183882.1	1	1000000	0	52	0	52	0
pop1	NW_027183883.1	1	1000000	0	154	0	154	0
pop1	NW_027183891.1	1	1000000	0	150	0	150	0
pop1	NW_027183892.1	1	1000000	0.010213345438039	4406	45	4406	0
pop1	NW_027183893.1	1	1000000	0.012083993660856	5048	61	5048	0
pop1	NW_027183895.1	1	1000000	0	68	0	68	0
pop1	NW_027183896.1	1	1000000	0.014596510738861	14387	210	14387	0
pop1	NW_027183897.1	1	1000000	0.014344441528908	11433	164	11433	0
pop1	NW_027183899.1	1	1000000	0	70	0	70	0
pop1	NW_027183901.1	1	1000000	0	29	0	29	0
pop1	NW_027183903.1	1	1000000	0	84	0	84	0
pop1	NW_027183907.1	1	1000000	0	69	0	69	0
pop1	NW_027183908.1	1	1000000	0.013531209079005	6873	93	6873	0
pop1	NW_027183910.1	1	1000000	0.015873015873016	63	1	63	0
pop1	NW_027183912.1	1	1000000	0.0069675376088678	6315	44	6315	0
pop1	NW_027183918.1	1	1000000	0	164	0	164	0
pop1	NW_027183921.1	1	1000000	0	204	0	204	0
pop1	NW_027183922.1	1	1000000	0	121	0	121	0
pop1	NW_027183924.1	1	1000000	0.011723838471559	16121	189	16121	0
pop1	NW_027183925.1	1	1000000	0	8	0	8	0
pop1	NW_027183928.1	1	1000000	0	48	0	48	0
pop1	NW_027183929.1	1	1000000	0.012461948249619	10512	131	10512	0
pop1	NW_027183930.1	1	1000000	0	68	0	68	0
pop1	NW_027183932.1	1	1000000	0.0084702258726899	3896	33	3896	0
pop1	NW_027183933.1	1	1000000	0	69	0	69	0
pop1	NW_027183934.1	1	1000000	0	21	0	21	0
pop1	NW_027183936.1	1	1000000	0	113	0	113	0
pop1	NW_027183940.1	1	1000000	0	42	0	42	0
pop1	NW_027183943.1	1	1000000	0.002262443438914	442	1	442	0
pop1	NW_027183945.1	1	1000000	0	80	0	80	0
pop1	NW_027183946.1	1	1000000	0.0086960157197207	23919	208	23919	0
pop1	NW_027183950.1	1	1000000	0	261	0	261	0
pop1	NW_027183951.1	1	1000000	0	95	0	95	0
pop1	NW_027183953.1	1	1000000	0	113	0	113	0
pop1	NW_027183955.1	1	1000000	0.013851167843563	11046	153	11046	0
pop1	NW_027183956.1	1	1000000	0.0075791350869371	2243	17	2243	0
pop1	NW_027183957.1	1	1000000	0	32	0	32	0
pop1	NW_027183958.1	1	1000000	0.0039331366764995	2034	8	2034	0
pop1	NW_027183963.1	1	1000000	0.013587357849653	6771	92	6771	0
pop1	NW_027183967.1	1	1000000	0.012554361204562	12187	153	12187	0
pop1	NW_027183969.1	1	1000000	0.010471204188482	191	2	191	0
pop1	NW_027183971.1	1	1000000	0.0067095331283198	3577	24	3577	0
pop1	NW_027183974.1	1	1000000	0	94	0	94	0
pop1	NW_027183975.1	1	1000000	0.0032480714575721	2463	8	2463	0
pop1	NW_027183977.1	1	1000000	0.01654509873688	5621	93	5621	0
pop1	NW_027183979.1	1	1000000	0	79	0	79	0
pop1	NW_027183980.1	1	1000000	0.010344827586207	2900	30	2900	0
pop1	NW_027183983.1	1	1000000	0.014705882352941	10132	149	10132	0
pop1	NW_027183985.1	1	1000000	0	137	0	137	0
pop1	NW_027183987.1	1	1000000	0.011304108078302	3627	41	3627	0
pop1	NW_027183991.1	1	1000000	0.010488245931284	2765	29	2765	0
pop1	NW_027183995.1	1	1000000	0.019890368050117	12770	254	12770	0
pop1	NW_027183999.1	1	1000000	0.0097303308312483	3597	35	3597	0
pop1	NW_027184007.1	1	1000000	0.0038942406230785	4879	19	4879	0
pop1	NW_027184010.1	1	1000000	0.016906959858936	9641	163	9641	0
pop1	NW_027184011.1	1	1000000	0.0074812967581047	802	6	802	0
pop1	NW_027184012.1	1	1000000	0.0076954232482787	2469	19	2469	0
pop1	NW_027184014.1	1	1000000	0.012617621899059	4676	59	4676	0
pop1	NW_027184015.1	1	1000000	0	42	0	42	0
pop1	NW_027184016.1	1	1000000	0.015718157181572	3690	58	3690	0
pop1	NW_027184019.1	1	1000000	0.0044247787610619	2712	12	2712	0
pop1	NW_027184020.1	1	1000000	0.010314875135722	1842	19	1842	0
pop1	NW_027184021.1	1	1000000	0.01613245595415	4711	76	4711	0
pop1	NW_027184022.1	1	1000000	0.010477405247813	10976	115	10976	0
pop1	NW_027184025.1	1	1000000	0.017098793026375	8948	153	8948	0
pop1	NW_027184026.1	1	1000000	0.015124016938899	4959	75	4959	0
pop1	NW_027184027.1	1	1000000	0	38	0	38	0
pop1	NW_027184028.1	1	1000000	0.013778784446961	10596	146	10596	0
pop1	NW_027184029.1	1	1000000	0	41	0	41	0
pop1	NW_027184030.1	1	1000000	0.017565872020075	3188	56	3188	0
pop1	NW_027184033.1	1	1000000	0.016208428382759	8329	135	8329	0
pop1	NW_027184036.1	1	1000000	0.0083624752926866	13154	110	13154	0
pop1	NW_027184040.1	1	1000000	0.013513513513514	74	1	74	0
pop1	NW_027184042.1	1	1000000	0.0093945720250522	2874	27	2874	0
pop1	NW_027184043.1	1	1000000	0.011749487981028	9277	109	9277	0
pop1	NW_027184044.1	1	1000000	0.0051020408163265	2940	15	2940	0
pop1	NW_027184047.1	1	1000000	0	85	0	85	0
pop1	NW_027184048.1	1	1000000	0	1271	0	1271	0
pop1	NW_027184049.1	1	1000000	0	182	0	182	0
pop1	NW_027184050.1	1	1000000	0.010272213662044	1947	20	1947	0
pop1	NW_027184051.1	1	1000000	0	92	0	92	0
pop1	NC_051467.1	1	1000000	0.0028490028490028	351	1	351	0
