pop	chromosome	window_pos_1	window_pos_2	avg_pi	no_sites	count_diffs	count_comparisons	count_missing
pop1	NC_091013.1	1	1000000	0.0050191523951629	718448	3606	718448	0
pop1	NC_091013.1	1000001	2000000	0.0064801077138956	845202	5477	845202	0
pop1	NC_091013.1	2000001	3000000	0.0060582110975555	956553	5795	956553	0
pop1	NC_091013.1	3000001	4000000	0.0055138133713645	953605	5258	953605	0
pop1	NC_091013.1	4000001	5000000	0.0058268943042774	975820	5686	975820	0
pop1	NC_091013.1	5000001	6000000	0.0051538643895107	991295	5109	991295	0
pop1	NC_091013.1	6000001	7000000	0.0046222140863118	983295	4545	983295	0
pop1	NC_091013.1	7000001	8000000	0.0043211206787529	988401	4271	988401	0
pop1	NC_091013.1	8000001	9000000	0.005094285027285	981492	5000	981492	0
pop1	NC_091013.1	9000001	10000000	0.005077632809007	984120	4997	984120	0
pop1	NC_091013.1	10000001	11000000	0.0052540292724488	985910	5180	985910	0
pop1	NC_091013.1	11000001	12000000	0.0050438281362265	974260	4914	974260	0
pop1	NC_091013.1	12000001	13000000	0.0048887423733643	961597	4701	961597	0
pop1	NC_091013.1	13000001	14000000	0.003715525814246	987478	3669	987478	0
pop1	NC_091013.1	14000001	15000000	0.0036827023359896	987590	3637	987590	0
pop1	NC_091013.1	15000001	16000000	0.0040793034332289	991836	4046	991836	0
pop1	NC_091013.1	16000001	17000000	0.0041359857061629	988398	4088	988398	0
pop1	NC_091013.1	17000001	18000000	0.0047153532971525	973628	4591	973628	0
pop1	NC_091013.1	18000001	19000000	0.0042891097334756	977359	4192	977359	0
pop1	NC_091013.1	19000001	20000000	0.0046980151113919	987864	4641	987864	0
pop1	NC_091013.1	20000001	21000000	0.0036848949953058	978861	3607	978861	0
pop1	NC_091013.1	21000001	22000000	0.0039730809298207	984878	3913	984878	0
pop1	NC_091013.1	22000001	23000000	0.0037026759411053	976591	3616	976591	0
pop1	NC_091013.1	23000001	24000000	0.0039288719243161	974580	3829	974580	0
pop1	NC_091013.1	24000001	25000000	0.0038904972319569	984450	3830	984450	0
pop1	NC_091013.1	25000001	26000000	0.0025252678482938	988806	2497	988806	0
pop1	NC_091013.1	26000001	27000000	0.0039357283236935	981521	3863	981521	0
pop1	NC_091013.1	27000001	28000000	0.0034131120216823	980337	3346	980337	0
pop1	NC_091013.1	28000001	29000000	0.003977487400666	968702	3853	968702	0
pop1	NC_091013.1	29000001	30000000	0.0025709365511114	986022	2535	986022	0
pop1	NC_091013.1	30000001	31000000	0.0030522304216746	989768	3021	989768	0
pop1	NC_091013.1	31000001	32000000	0.0027877057970747	975354	2719	975354	0
pop1	NC_091013.1	32000001	33000000	0.0031172711763459	990610	3088	990610	0
pop1	NC_091013.1	33000001	34000000	0.0034711752570483	965091	3350	965091	0
pop1	NC_091013.1	34000001	35000000	0.0028143207068941	986739	2777	986739	0
pop1	NC_091013.1	35000001	36000000	0.0035984225590751	982097	3534	982097	0
pop1	NC_091013.1	36000001	37000000	0.0034132529070416	986742	3368	986742	0
pop1	NC_091013.1	37000001	38000000	0.0038451366351005	975518	3751	975518	0
pop1	NC_091013.1	38000001	39000000	0.0036079103895745	977297	3526	977297	0
pop1	NC_091013.1	39000001	40000000	0.0033257296352357	985047	3276	985047	0
pop1	NC_091013.1	40000001	41000000	0.0033924252351947	988968	3355	988968	0
pop1	NC_091013.1	41000001	42000000	0.0035023948041907	988181	3461	988181	0
pop1	NC_091013.1	42000001	43000000	0.003530605759275	975470	3444	975470	0
pop1	NC_091013.1	43000001	44000000	0.0032552441636958	981186	3194	981186	0
pop1	NC_091013.1	44000001	45000000	0.0050228761600158	971754	4881	971754	0
pop1	NC_091013.1	45000001	46000000	0.004757655614117	959296	4564	959296	0
pop1	NC_091013.1	46000001	47000000	0.0050052840488296	961384	4812	961384	0
pop1	NC_091013.1	47000001	48000000	0.0047869314809137	968679	4637	968679	0
pop1	NC_091013.1	48000001	49000000	0.0047816508741519	979578	4684	979578	0
pop1	NC_091013.1	49000001	50000000	0.0034074041803715	964077	3285	964077	0
pop1	NC_091013.1	50000001	51000000	0.0038902943079012	987843	3843	987843	0
pop1	NC_091013.1	51000001	52000000	0.0034239714426212	988326	3384	988326	0
pop1	NC_091013.1	52000001	53000000	0.0027812424712803	983733	2736	983733	0
pop1	NC_091013.1	53000001	54000000	0.0045076201220818	975903	4399	975903	0
pop1	NC_091013.1	54000001	55000000	0.0040049763439806	979032	3921	979032	0
pop1	NC_091013.1	55000001	56000000	0.0046374402233032	974460	4519	974460	0
pop1	NC_091013.1	56000001	57000000	0.0045556866791474	971094	4424	971094	0
pop1	NC_091013.1	57000001	58000000	0.0028939486070761	88806	257	88806	0
pop1	NC_091013.1	58000001	59000000	0.0030792950690479	465691	1434	465691	0
pop1	NC_091013.1	59000001	60000000	0.0034260333898759	985688	3377	985688	0
pop1	NC_091013.1	60000001	61000000	0.0042902925669389	967300	4150	967300	0
pop1	NC_091013.1	61000001	62000000	0.0036127071716015	979321	3538	979321	0
pop1	NC_091013.1	62000001	63000000	0.0034058536280162	990941	3375	990941	0
pop1	NC_091013.1	63000001	64000000	0.003532447559987	983171	3473	983171	0
pop1	NC_091013.1	64000001	65000000	0.0037544651135305	981498	3685	981498	0
pop1	NC_091013.1	65000001	66000000	0.003539944227734	978264	3463	978264	0
pop1	NC_091013.1	66000001	67000000	0.0034341524567044	976369	3353	976369	0
pop1	NC_091013.1	67000001	68000000	0.0039085820419535	979895	3830	979895	0
pop1	NC_091013.1	68000001	69000000	0.0043806335884546	982278	4303	982278	0
pop1	NC_091013.1	69000001	70000000	0.0036010984820827	986088	3551	986088	0
pop1	NC_091013.1	70000001	71000000	0.0034852882659605	990162	3451	990162	0
pop1	NC_091013.1	71000001	72000000	0.0038108575295777	981144	3739	981144	0
pop1	NC_091013.1	72000001	73000000	0.0043253686657575	990667	4285	990667	0
pop1	NC_091013.1	73000001	74000000	0.0032834500401215	583228	1915	583228	0
pop1	NC_091013.1	74000001	75000000	0.0037785716228591	441172	1667	441172	0
pop1	NC_091013.1	75000001	76000000	0.0038023086690997	974934	3707	974934	0
pop1	NC_091013.1	76000001	77000000	0.0037088605533571	982512	3644	982512	0
pop1	NC_091013.1	77000001	78000000	0.0039805651187029	987297	3930	987297	0
pop1	NC_091013.1	78000001	79000000	0.004125902794297	987905	4076	987905	0
pop1	NC_091013.1	79000001	80000000	0.0048406779799024	982507	4756	982507	0
pop1	NC_091013.1	80000001	81000000	0.0044912501203647	986585	4431	986585	0
pop1	NC_091013.1	81000001	82000000	0.0047838632201631	967628	4629	967628	0
pop1	NC_091013.1	82000001	83000000	0.0037653057897054	981328	3695	981328	0
pop1	NC_091013.1	83000001	84000000	0.0050092538609215	550581	2758	550581	0
pop1	NC_091013.1	84000001	85000000	0.0042770888591659	793998	3396	793998	0
pop1	NC_091013.1	85000001	86000000	0.0051074282452707	981120	5011	981120	0
pop1	NC_091013.1	86000001	87000000	0.005126620489349	980568	5027	980568	0
pop1	NC_091013.1	87000001	88000000	0.0040059398771525	977798	3917	977798	0
pop1	NC_091013.1	88000001	89000000	0.0042827903681999	982537	4208	982537	0
pop1	NC_091013.1	89000001	90000000	0.004962959104359	979053	4859	979053	0
pop1	NC_091013.1	90000001	91000000	0.0044464617171729	984828	4379	984828	0
pop1	NC_091013.1	91000001	92000000	0.0050915169344985	989489	5038	989489	0
pop1	NC_091013.1	92000001	93000000	0.0049655361613113	874830	4344	874830	0
pop1	NC_091013.1	93000001	94000000	0.0048716640685813	984058	4794	984058	0
pop1	NC_091013.1	94000001	95000000	0.0044697363703842	990215	4426	990215	0
pop1	NC_091013.1	95000001	96000000	0.0049011268211135	981611	4811	981611	0
pop1	NC_091013.1	96000001	97000000	0.0048638426169286	993042	4830	993042	0
pop1	NC_091013.1	97000001	98000000	0.0041133529682542	981924	4039	981924	0
pop1	NC_091013.1	98000001	99000000	0.0043788333775435	987706	4325	987706	0
pop1	NC_091013.1	99000001	100000000	0.0040429578162167	989622	4001	989622	0
pop1	NC_091013.1	100000001	101000000	0.0046970607572574	991684	4658	991684	0
pop1	NC_091013.1	101000001	102000000	0.0050129823127426	983646	4931	983646	0
pop1	NC_091013.1	102000001	103000000	0.004632118062297	978602	4533	978602	0
pop1	NC_091013.1	103000001	104000000	0.0029416393775544	984825	2897	984825	0
pop1	NC_091013.1	104000001	105000000	0.0026309682004054	973786	2562	973786	0
pop1	NC_091013.1	105000001	106000000	0.0002918311496452	825820	241	825820	0
pop1	NC_091013.1	106000001	107000000	0.0031322249467813	927775	2906	927775	0
pop1	NC_091013.1	107000001	108000000	0.0039367636929847	919029	3618	919029	0
pop1	NC_091013.1	108000001	109000000	0.0042027127770835	932255	3918	932255	0
pop1	NC_091013.1	109000001	110000000	0.0046893091861793	986286	4625	986286	0
pop1	NC_091013.1	110000001	111000000	0.004946055495352	984623	4870	984623	0
pop1	NC_091013.1	111000001	112000000	0.0061542113287396	985829	6067	985829	0
pop1	NC_091013.1	112000001	113000000	0.0058391347436164	980796	5727	980796	0
pop1	NC_091013.1	113000001	114000000	0.0056427329294504	974705	5500	974705	0
pop1	NC_091013.1	114000001	115000000	0.0047749322647111	986192	4709	986192	0
pop1	NC_091013.1	115000001	116000000	0.0042438416186154	987313	4190	987313	0
pop1	NC_091013.1	116000001	117000000	0.0047999595110965	987925	4742	987925	0
pop1	NC_091013.1	117000001	118000000	0.0048408605473959	977099	4730	977099	0
pop1	NC_091013.1	118000001	119000000	0.0045296503873912	900511	4079	900511	0
pop1	NC_091013.1	119000001	120000000	0.0054362890448803	977689	5315	977689	0
pop1	NC_091013.1	120000001	121000000	0.0040295074165146	252140	1016	252140	0
pop1	NC_091014.1	1	1000000	0.0016952846867356	165164	280	165164	0
pop1	NC_091014.1	1000001	2000000	0.0097286923375757	903513	8790	903513	0
pop1	NC_091014.1	2000001	3000000	0.007159405079518	950917	6808	950917	0
pop1	NC_091014.1	3000001	4000000	0.0058535476185843	976331	5715	976331	0
pop1	NC_091014.1	4000001	5000000	0.0054354745310954	973972	5294	973972	0
pop1	NC_091014.1	5000001	6000000	0.0051683542404693	979809	5064	979809	0
pop1	NC_091014.1	6000001	7000000	0.0039102843403047	991488	3877	991488	0
pop1	NC_091014.1	7000001	8000000	0.004741697590403	957463	4540	957463	0
pop1	NC_091014.1	8000001	9000000	0.0041662774162074	770712	3211	770712	0
pop1	NC_091014.1	9000001	10000000	0.0038374019558447	853442	3275	853442	0
pop1	NC_091014.1	10000001	11000000	0.0051987096536039	975242	5070	975242	0
pop1	NC_091014.1	11000001	12000000	0.0052784785956017	984564	5197	984564	0
pop1	NC_091014.1	12000001	13000000	0.004167798573083	979174	4081	979174	0
pop1	NC_091014.1	13000001	14000000	0.0041000211164222	989751	4058	989751	0
pop1	NC_091014.1	14000001	15000000	0.0036661849536469	993676	3643	993676	0
pop1	NC_091014.1	15000001	16000000	0.0037429640261844	976766	3656	976766	0
pop1	NC_091014.1	16000001	17000000	0.0041424132034185	978898	4055	978898	0
pop1	NC_091014.1	17000001	18000000	0.0039702399843754	983064	3903	983064	0
pop1	NC_091014.1	18000001	19000000	0.0038553832857795	978891	3774	978891	0
pop1	NC_091014.1	19000001	20000000	0.0034400597638358	989227	3403	989227	0
pop1	NC_091014.1	20000001	21000000	0.0034048236714355	973325	3314	973325	0
pop1	NC_091014.1	21000001	22000000	0.0030174024813805	987273	2979	987273	0
pop1	NC_091014.1	22000001	23000000	0.0036328940184808	979935	3560	979935	0
pop1	NC_091014.1	23000001	24000000	0.0031862959128088	961932	3065	961932	0
pop1	NC_091014.1	24000001	25000000	0.0036555288483416	988913	3615	988913	0
pop1	NC_091014.1	25000001	26000000	0.0031812670856526	951822	3028	951822	0
pop1	NC_091014.1	26000001	27000000	0.0024919551855915	980756	2444	980756	0
pop1	NC_091014.1	27000001	28000000	0.0027647665068286	972234	2688	972234	0
pop1	NC_091014.1	28000001	29000000	0.0034629709174003	975463	3378	975463	0
pop1	NC_091014.1	29000001	30000000	0.0034450537713873	987793	3403	987793	0
pop1	NC_091014.1	30000001	31000000	0.0028441000171784	983791	2798	983791	0
pop1	NC_091014.1	31000001	32000000	0.003033632423854	982980	2982	982980	0
pop1	NC_091014.1	32000001	33000000	0.0036798198841148	978037	3599	978037	0
pop1	NC_091014.1	33000001	34000000	0.0035634182811078	984448	3508	984448	0
pop1	NC_091014.1	34000001	35000000	0.0035514692994077	981284	3485	981284	0
pop1	NC_091014.1	35000001	36000000	0.0033688457313662	979564	3300	979564	0
pop1	NC_091014.1	36000001	37000000	0.0028173277767126	991010	2792	991010	0
pop1	NC_091014.1	37000001	38000000	0.0028737719138978	991380	2849	991380	0
pop1	NC_091014.1	38000001	39000000	0.0038489390825335	955588	3678	955588	0
pop1	NC_091014.1	39000001	40000000	0.0036917304025927	989238	3652	989238	0
pop1	NC_091014.1	40000001	41000000	0.0030530161746846	983945	3004	983945	0
pop1	NC_091014.1	41000001	42000000	0.0035573558520189	979098	3483	979098	0
pop1	NC_091014.1	42000001	43000000	0.0039315368901097	985874	3876	985874	0
pop1	NC_091014.1	43000001	44000000	0.0040015268984218	987623	3952	987623	0
pop1	NC_091014.1	44000001	45000000	0.0036247980613893	990400	3590	990400	0
pop1	NC_091014.1	45000001	46000000	0.0042465729635195	978907	4157	978907	0
pop1	NC_091014.1	46000001	47000000	0.0027731603241503	992009	2751	992009	0
pop1	NC_091014.1	47000001	48000000	0.0017952028385986	569295	1022	569295	0
pop1	NC_091014.1	48000001	49000000	0.0060133268324395	6153	37	6153	0
pop1	NC_091014.1	49000001	50000000	0.0025958474642302	731553	1899	731553	0
pop1	NC_091014.1	50000001	51000000	0.003937568342652	969380	3817	969380	0
pop1	NC_091014.1	51000001	52000000	0.0036224029182786	982497	3559	982497	0
pop1	NC_091014.1	52000001	53000000	0.0029407558548233	992942	2920	992942	0
pop1	NC_091014.1	53000001	54000000	0.003411190696531	984407	3358	984407	0
pop1	NC_091014.1	54000001	55000000	0.0037468050402033	992579	3719	992579	0
pop1	NC_091014.1	55000001	56000000	0.0028069207310198	753851	2116	753851	0
pop1	NC_091014.1	56000001	57000000	0.0036402765925077	992507	3613	992507	0
pop1	NC_091014.1	57000001	58000000	0.0041907001733454	986470	4134	986470	0
pop1	NC_091014.1	58000001	59000000	0.0047717455896831	450988	2152	450988	0
pop1	NC_091014.1	59000001	60000000	0.0041050040191439	675517	2773	675517	0
pop1	NC_091014.1	60000001	61000000	0.0046053471892259	978645	4507	978645	0
pop1	NC_091014.1	61000001	62000000	0.0054346995479235	981471	5334	981471	0
pop1	NC_091014.1	62000001	63000000	0.0053948244457649	977789	5275	977789	0
pop1	NC_091014.1	63000001	64000000	0.0049207183884799	988880	4866	988880	0
pop1	NC_091014.1	64000001	65000000	0.0054539569180156	982406	5358	982406	0
pop1	NC_091014.1	65000001	66000000	0.0051821901625296	989543	5128	989543	0
pop1	NC_091014.1	66000001	67000000	0.0054525350483881	985780	5375	985780	0
pop1	NC_091014.1	67000001	68000000	0.0057638538636952	977471	5634	977471	0
pop1	NC_091014.1	68000001	69000000	0.0048604328658612	741292	3603	741292	0
pop1	NC_091014.1	69000001	70000000	0.0045503214723526	979711	4458	979711	0
pop1	NC_091014.1	70000001	71000000	0.0030210460755548	977807	2954	977807	0
pop1	NC_091014.1	71000001	72000000	0.0013615880049856	920249	1253	920249	0
pop1	NC_091014.1	72000001	73000000	NA	0	NA	NA	NA
pop1	NC_091014.1	73000001	74000000	0.00060336112035683	802173	484	802173	0
pop1	NC_091014.1	74000001	75000000	0.0025658571696497	986415	2531	986415	0
pop1	NC_091014.1	75000001	76000000	0.0049983386146477	987128	4934	987128	0
pop1	NC_091014.1	76000001	77000000	0.0052498421290947	984982	5171	984982	0
pop1	NC_091014.1	77000001	78000000	0.0027725637613774	988255	2740	988255	0
pop1	NC_091014.1	78000001	79000000	0.0031788372998486	983693	3127	983693	0
pop1	NC_091014.1	79000001	80000000	0.0031434811597174	946403	2975	946403	0
pop1	NC_091014.1	80000001	81000000	0.001369059260708	15339	21	15339	0
pop1	NC_091015.1	1	1000000	0.0040219896172829	875686	3522	875686	0
pop1	NC_091015.1	1000001	2000000	0.0080885764020412	939844	7602	939844	0
pop1	NC_091015.1	2000001	3000000	0.0065399744572158	978750	6401	978750	0
pop1	NC_091015.1	3000001	4000000	0.0059383305763619	968454	5751	968454	0
pop1	NC_091015.1	4000001	5000000	0.005192079624705	988236	5131	988236	0
pop1	NC_091015.1	5000001	6000000	0.0050348445618118	989107	4980	989107	0
pop1	NC_091015.1	6000001	7000000	0.004900251791594	980970	4807	980970	0
pop1	NC_091015.1	7000001	8000000	0.0057085089423757	977313	5579	977313	0
pop1	NC_091015.1	8000001	9000000	0.0043812185567239	989679	4336	989679	0
pop1	NC_091015.1	9000001	10000000	0.0046326881825671	980856	4544	980856	0
pop1	NC_091015.1	10000001	11000000	0.0045051144873083	989542	4458	989542	0
pop1	NC_091015.1	11000001	12000000	0.0051222587358411	987455	5058	987455	0
pop1	NC_091015.1	12000001	13000000	0.0043637696343751	965908	4215	965908	0
pop1	NC_091015.1	13000001	14000000	0.0036853160785567	988789	3644	988789	0
pop1	NC_091015.1	14000001	15000000	0.0038851344511615	987868	3838	987868	0
pop1	NC_091015.1	15000001	16000000	0.0043349396541162	987557	4281	987557	0
pop1	NC_091015.1	16000001	17000000	0.0031806404119132	961756	3059	961756	0
pop1	NC_091015.1	17000001	18000000	0.0037535488950777	960158	3604	960158	0
pop1	NC_091015.1	18000001	19000000	0.0031245815292595	985732	3080	985732	0
pop1	NC_091015.1	19000001	20000000	0.0041231250444302	984690	4060	984690	0
pop1	NC_091015.1	20000001	21000000	0.0038201634989011	976398	3730	976398	0
pop1	NC_091015.1	21000001	22000000	0.0034152046783626	983250	3358	983250	0
pop1	NC_091015.1	22000001	23000000	0.0036345370865714	979492	3560	979492	0
pop1	NC_091015.1	23000001	24000000	0.0039617234674035	977100	3871	977100	0
pop1	NC_091015.1	24000001	25000000	0.0053119174760683	784839	4169	784839	0
pop1	NC_091015.1	25000001	26000000	0.0088075880758808	1476	13	1476	0
pop1	NC_091015.1	26000001	27000000	NA	0	NA	NA	NA
pop1	NC_091015.1	27000001	28000000	NA	0	NA	NA	NA
pop1	NC_091015.1	28000001	29000000	NA	0	NA	NA	NA
pop1	NC_091015.1	29000001	30000000	NA	0	NA	NA	NA
pop1	NC_091015.1	30000001	31000000	NA	0	NA	NA	NA
pop1	NC_091015.1	31000001	32000000	NA	0	NA	NA	NA
pop1	NC_091015.1	32000001	33000000	NA	0	NA	NA	NA
pop1	NC_091015.1	33000001	34000000	NA	0	NA	NA	NA
pop1	NC_091015.1	34000001	35000000	NA	0	NA	NA	NA
pop1	NC_091015.1	35000001	36000000	NA	0	NA	NA	NA
pop1	NC_091015.1	36000001	37000000	NA	0	NA	NA	NA
pop1	NC_091015.1	37000001	38000000	NA	0	NA	NA	NA
pop1	NC_091015.1	38000001	39000000	NA	0	NA	NA	NA
pop1	NC_091015.1	39000001	40000000	0.004307091606203	496855	2140	496855	0
pop1	NC_091015.1	40000001	41000000	0.0039266591274811	986844	3875	986844	0
pop1	NC_091015.1	41000001	42000000	0.003639468099526	988606	3598	988606	0
pop1	NC_091015.1	42000001	43000000	0.0030537769403547	978133	2987	978133	0
pop1	NC_091015.1	43000001	44000000	0.0034309124706827	986618	3385	986618	0
pop1	NC_091015.1	44000001	45000000	0.0034055498074351	984863	3354	984863	0
pop1	NC_091015.1	45000001	46000000	0.0033709127300206	979260	3301	979260	0
pop1	NC_091015.1	46000001	47000000	0.004061560617079	977703	3971	977703	0
pop1	NC_091015.1	47000001	48000000	0.0032193171382566	971324	3127	971324	0
pop1	NC_091015.1	48000001	49000000	0.0035272815553622	988580	3487	988580	0
pop1	NC_091015.1	49000001	50000000	0.0029794078363781	989794	2949	989794	0
pop1	NC_091015.1	50000001	51000000	0.0035975474848991	989841	3561	989841	0
pop1	NC_091015.1	51000001	52000000	0.0037264709406344	984846	3670	984846	0
pop1	NC_091015.1	52000001	53000000	0.0042803376075445	979362	4192	979362	0
pop1	NC_091015.1	53000001	54000000	0.0042231539621635	989308	4178	989308	0
pop1	NC_091015.1	54000001	55000000	0.003531541343337	991635	3502	991635	0
pop1	NC_091015.1	55000001	56000000	0.0035135860347612	987595	3470	987595	0
pop1	NC_091015.1	56000001	57000000	0.0032877954188357	983942	3235	983942	0
pop1	NC_091015.1	57000001	58000000	0.0033475128575615	989690	3313	989690	0
pop1	NC_091015.1	58000001	59000000	0.0035227977950571	986148	3474	986148	0
pop1	NC_091015.1	59000001	60000000	0.0039505772420475	974288	3849	974288	0
pop1	NC_091015.1	60000001	61000000	0.0033883031071349	952099	3226	952099	0
pop1	NC_091015.1	61000001	62000000	0.0026283359259783	989980	2602	989980	0
pop1	NC_091015.1	62000001	63000000	0.0010814546739643	894166	967	894166	0
pop1	NC_091015.1	63000001	64000000	0.00033843583552018	372301	126	372301	0
pop1	NC_091015.1	64000001	65000000	0.00011573481364647	976370	113	976370	0
pop1	NC_091015.1	65000001	66000000	0.00025630834265082	538414	138	538414	0
pop1	NC_091015.1	66000001	67000000	0.0015942606616182	5018	8	5018	0
pop1	NC_091015.1	67000001	68000000	0.00038004460330553	818325	311	818325	0
pop1	NC_091015.1	68000001	69000000	0.00023505193923027	965744	227	965744	0
pop1	NC_091015.1	69000001	70000000	0.00095729958624845	989241	947	989241	0
pop1	NC_091015.1	70000001	71000000	0.0020756981156553	986656	2048	986656	0
pop1	NC_091015.1	71000001	72000000	0.0027749740005654	979829	2719	979829	0
pop1	NC_091015.1	72000001	73000000	0.0027526061046011	986338	2715	986338	0
pop1	NC_091015.1	73000001	74000000	0.002772476572522	981433	2721	981433	0
pop1	NC_091015.1	74000001	75000000	0.0029665034852863	984998	2922	984998	0
pop1	NC_091015.1	75000001	76000000	0.0028972546708196	984035	2851	984035	0
pop1	NC_091015.1	76000001	77000000	0.0036672234702302	989577	3629	989577	0
pop1	NC_091015.1	77000001	78000000	0.0037293066173085	983829	3669	983829	0
pop1	NC_091015.1	78000001	79000000	0.0029300928676656	982904	2880	982904	0
pop1	NC_091015.1	79000001	80000000	0.0029459678780693	983378	2897	983378	0
pop1	NC_091015.1	80000001	81000000	0.0034499558879686	987259	3406	987259	0
pop1	NC_091015.1	81000001	82000000	0.0033162542488868	977609	3242	977609	0
pop1	NC_091015.1	82000001	83000000	0.0038213928798953	982626	3755	982626	0
pop1	NC_091015.1	83000001	84000000	0.003751417955842	973232	3651	973232	0
pop1	NC_091015.1	84000001	85000000	0.0047699427812467	972758	4640	972758	0
pop1	NC_091015.1	85000001	86000000	0.0042441350711514	966039	4100	966039	0
pop1	NC_091015.1	86000001	87000000	0.0048272122926024	973854	4701	973854	0
pop1	NC_091015.1	87000001	88000000	0.0050655341141963	962781	4877	962781	0
pop1	NC_091015.1	88000001	89000000	0.0052460434752011	966252	5069	966252	0
pop1	NC_091015.1	89000001	90000000	0.0044703795398001	983138	4395	983138	0
pop1	NC_091015.1	90000001	91000000	0.0037903153377301	823942	3123	823942	0
pop1	NC_091015.1	91000001	92000000	0.0035219458110159	975881	3437	975881	0
pop1	NC_091015.1	92000001	93000000	0.0040763815023046	987150	4024	987150	0
pop1	NC_091015.1	93000001	94000000	0.0045891989631202	974462	4472	974462	0
pop1	NC_091015.1	94000001	95000000	0.0043318829784173	938391	4065	938391	0
pop1	NC_091015.1	95000001	96000000	0.0036764555575089	978388	3597	978388	0
pop1	NC_091015.1	96000001	97000000	0.0024384562205056	266152	649	266152	0
pop1	NC_091015.1	97000001	98000000	0.004081180743716	650302	2654	650302	0
pop1	NC_091015.1	98000001	99000000	0.00439907904835	977250	4299	977250	0
pop1	NC_091015.1	99000001	100000000	0.0040264219349155	985242	3967	985242	0
pop1	NC_091015.1	100000001	101000000	0.0036706058534362	982944	3608	982944	0
pop1	NC_091015.1	101000001	102000000	0.0042835720627917	980957	4202	980957	0
pop1	NC_091015.1	102000001	103000000	0.0038132000717395	981328	3742	981328	0
pop1	NC_091015.1	103000001	104000000	0.0044091485228329	977513	4310	977513	0
pop1	NC_091015.1	104000001	105000000	0.0045240818401322	983625	4450	983625	0
pop1	NC_091015.1	105000001	106000000	0.0041099264792311	978363	4021	978363	0
pop1	NC_091015.1	106000001	107000000	0.0041870797810367	984457	4122	984457	0
pop1	NC_091015.1	107000001	108000000	0.0034530344508473	981166	3388	981166	0
pop1	NC_091015.1	108000001	109000000	0.0042749320320583	805159	3442	805159	0
pop1	NC_091015.1	109000001	110000000	0.0049600795245672	979823	4860	979823	0
pop1	NC_091015.1	110000001	111000000	0.004682309376358	971102	4547	971102	0
pop1	NC_091015.1	111000001	112000000	0.0041499393817554	974954	4046	974954	0
pop1	NC_091015.1	112000001	113000000	0.0044433615930029	968636	4304	968636	0
pop1	NC_091015.1	113000001	114000000	0.0036762838550291	984418	3619	984418	0
pop1	NC_091015.1	114000001	115000000	0.0039694034854584	987302	3919	987302	0
pop1	NC_091015.1	115000001	116000000	0.0043356147854528	973795	4222	973795	0
pop1	NC_091015.1	116000001	117000000	0.0043939161161469	976350	4290	976350	0
pop1	NC_091015.1	117000001	118000000	0.0037288318533068	982077	3662	982077	0
pop1	NC_091015.1	118000001	119000000	0.0041349283887157	986716	4080	986716	0
pop1	NC_091015.1	119000001	120000000	0.004842294396017	981766	4754	981766	0
pop1	NC_091015.1	120000001	121000000	0.0038429214677962	991173	3809	991173	0
pop1	NC_091015.1	121000001	122000000	0.0042190047962242	980563	4137	980563	0
pop1	NC_091015.1	122000001	123000000	0.0046941977903702	375357	1762	375357	0
pop1	NC_091015.1	123000001	124000000	0.0046844065360574	976858	4576	976858	0
pop1	NC_091015.1	124000001	125000000	0.0044511149404699	971442	4324	971442	0
pop1	NC_091015.1	125000001	126000000	0.0042189036381514	976320	4119	976320	0
pop1	NC_091015.1	126000001	127000000	0.0048242697880105	970095	4680	970095	0
pop1	NC_091015.1	127000001	128000000	0.0053001778215742	986382	5228	986382	0
pop1	NC_091015.1	128000001	129000000	0.004616376478984	986488	4554	986488	0
pop1	NC_091015.1	129000001	130000000	0.0032632471084992	985215	3215	985215	0
pop1	NC_091015.1	130000001	131000000	0.0035965730937505	988997	3557	988997	0
pop1	NC_091015.1	131000001	132000000	0.0043848228779736	983164	4311	983164	0
pop1	NC_091015.1	132000001	133000000	0.0038643038342987	989829	3825	989829	0
pop1	NC_091015.1	133000001	134000000	0.0040405618440301	985754	3983	985754	0
pop1	NC_091015.1	134000001	135000000	0.004088981298323	979217	4004	979217	0
pop1	NC_091015.1	135000001	136000000	0.0041360322172999	982826	4065	982826	0
pop1	NC_091015.1	136000001	137000000	0.0034333181401494	976315	3352	976315	0
pop1	NC_091015.1	137000001	138000000	0.0031352209169554	981749	3078	981749	0
pop1	NC_091015.1	138000001	139000000	0.0038975143403442	980625	3822	980625	0
pop1	NC_091015.1	139000001	140000000	0.0043023939092001	978525	4210	978525	0
pop1	NC_091015.1	140000001	141000000	0.0040574092525537	987576	4007	987576	0
pop1	NC_091015.1	141000001	142000000	0.0038405879511334	958447	3681	958447	0
pop1	NC_091015.1	142000001	143000000	0.0033800475325551	981643	3318	981643	0
pop1	NC_091015.1	143000001	144000000	0.0024428990153144	983258	2402	983258	0
pop1	NC_091015.1	144000001	145000000	0.0038178923519686	979860	3741	979860	0
pop1	NC_091015.1	145000001	146000000	0.0033272241400116	969577	3226	969577	0
pop1	NC_091015.1	146000001	147000000	0.0023692019885959	991051	2348	991051	0
pop1	NC_091015.1	147000001	148000000	0.0030853776621902	986265	3043	986265	0
pop1	NC_091015.1	148000001	149000000	0.0028302499056921	986132	2791	986132	0
pop1	NC_091015.1	149000001	150000000	0.003733208756444	976104	3644	976104	0
pop1	NC_091015.1	150000001	151000000	0.0038632502261729	969391	3745	969391	0
pop1	NC_091015.1	151000001	152000000	0.0039099211929077	969329	3790	969329	0
pop1	NC_091015.1	152000001	153000000	0.0030222394346549	960546	2903	960546	0
pop1	NC_091015.1	153000001	154000000	0.0021669888556318	979239	2122	979239	0
pop1	NC_091015.1	154000001	155000000	0.0030202672043331	974086	2942	974086	0
pop1	NC_091015.1	155000001	156000000	0.0035502420713498	968103	3437	968103	0
pop1	NC_091015.1	156000001	157000000	0.0025665100447893	983047	2523	983047	0
pop1	NC_091015.1	157000001	158000000	0.003371381242507	976751	3293	976751	0
pop1	NC_091015.1	158000001	159000000	0.0033416951821949	985428	3293	985428	0
pop1	NC_091015.1	159000001	160000000	0.0039792219973594	980845	3903	980845	0
pop1	NC_091015.1	160000001	161000000	0.0049056526960734	982540	4820	982540	0
pop1	NC_091015.1	161000001	162000000	0.0050253977311777	960322	4826	960322	0
pop1	NC_091015.1	162000001	163000000	0.0050127238879966	963149	4828	963149	0
pop1	NC_091015.1	163000001	164000000	0.0039404386747368	971973	3830	971973	0
pop1	NC_091015.1	164000001	165000000	0.0039155715048752	984786	3856	984786	0
pop1	NC_091015.1	165000001	166000000	0.0050918216132508	959578	4886	959578	0
pop1	NC_091015.1	166000001	167000000	0.0055823204964252	974326	5439	974326	0
pop1	NC_091015.1	167000001	168000000	0.0094532610106974	754766	7135	754766	0
pop1	NC_091015.1	168000001	169000000	0.010790786253406	613301	6618	613301	0
pop1	NC_091016.1	1	1000000	0.0013087997536377	25978	34	25978	0
pop1	NC_091016.1	1000001	2000000	0.0039192015609427	356195	1396	356195	0
pop1	NC_091016.1	2000001	3000000	0.0053117618615086	969923	5152	969923	0
pop1	NC_091016.1	3000001	4000000	0.0039774239601229	991848	3945	991848	0
pop1	NC_091016.1	4000001	5000000	0.0032915060940895	988909	3255	988909	0
pop1	NC_091016.1	5000001	6000000	0.0041243196438657	989739	4082	989739	0
pop1	NC_091016.1	6000001	7000000	0.0045393189487678	977900	4439	977900	0
pop1	NC_091016.1	7000001	8000000	0.0044026196702395	986231	4342	986231	0
pop1	NC_091016.1	8000001	9000000	0.0013450276869405	979162	1317	979162	0
pop1	NC_091016.1	9000001	10000000	0.00041071260157531	328697	135	328697	0
pop1	NC_091016.1	10000001	11000000	0	419	0	419	0
pop1	NC_091016.1	11000001	12000000	0.00055600348308446	775175	431	775175	0
pop1	NC_091016.1	12000001	13000000	0.0018045901161496	988036	1783	988036	0
pop1	NC_091016.1	13000001	14000000	0.0036224410476933	984143	3565	984143	0
pop1	NC_091016.1	14000001	15000000	0.0049353737194891	988375	4878	988375	0
pop1	NC_091016.1	15000001	16000000	0.0030182221013459	150751	455	150751	0
pop1	NC_091016.1	16000001	17000000	0.0027190146962421	619342	1684	619342	0
pop1	NC_091016.1	17000001	18000000	0.0047831916540994	741346	3546	741346	0
pop1	NC_091016.1	18000001	19000000	0.0050495731356256	991767	5008	991767	0
pop1	NC_091016.1	19000001	20000000	0.0048386128224258	982513	4754	982513	0
pop1	NC_091016.1	20000001	21000000	0.0050909643743982	986650	5023	986650	0
pop1	NC_091016.1	21000001	22000000	0.0053877478698823	970721	5230	970721	0
pop1	NC_091016.1	22000001	23000000	0.0052281005044408	979897	5123	979897	0
pop1	NC_091016.1	23000001	24000000	0.0053642620443538	980750	5261	980750	0
pop1	NC_091016.1	24000001	25000000	0.0049970851196649	969165	4843	969165	0
pop1	NC_091016.1	25000001	26000000	0.0045886821325264	982853	4510	982853	0
pop1	NC_091016.1	26000001	27000000	0.0053677245630973	338691	1818	338691	0
pop1	NC_091016.1	27000001	28000000	0.0043288707919469	194508	842	194508	0
pop1	NC_091016.1	28000001	29000000	0.0039369999007649	987554	3888	987554	0
pop1	NC_091016.1	29000001	30000000	0.003894041931584	976877	3804	976877	0
pop1	NC_091016.1	30000001	31000000	0.005025207301229	984437	4947	984437	0
pop1	NC_091016.1	31000001	32000000	0.004212280370834	991387	4176	991387	0
pop1	NC_091016.1	32000001	33000000	0.0036324239703291	981163	3564	981163	0
pop1	NC_091016.1	33000001	34000000	0.0037425905797833	989956	3705	989956	0
pop1	NC_091016.1	34000001	35000000	0.0028823973789777	990148	2854	990148	0
pop1	NC_091016.1	35000001	36000000	0.0023244637550388	203918	474	203918	0
pop1	NC_091016.1	36000001	37000000	0.0063396730063397	2997	19	2997	0
pop1	NC_091016.1	37000001	38000000	0.0034597148768978	807581	2794	807581	0
pop1	NC_091016.1	38000001	39000000	0.0042932795998339	987590	4240	987590	0
pop1	NC_091016.1	39000001	40000000	0.0032901793132619	992955	3267	992955	0
pop1	NC_091016.1	40000001	41000000	0.0033197537560948	982603	3262	982603	0
pop1	NC_091016.1	41000001	42000000	0.0034644152024543	986025	3416	986025	0
pop1	NC_091016.1	42000001	43000000	0.0043528225477229	979824	4265	979824	0
pop1	NC_091016.1	43000001	44000000	0.0041384427170807	986603	4083	986603	0
pop1	NC_091016.1	44000001	45000000	0.0030242384712302	987356	2986	987356	0
pop1	NC_091016.1	45000001	46000000	0.0031253728268972	980683	3065	980683	0
pop1	NC_091016.1	46000001	47000000	0.0027803207540772	973269	2706	973269	0
pop1	NC_091016.1	47000001	48000000	0.0033441760169584	984996	3294	984996	0
pop1	NC_091016.1	48000001	49000000	0.0041822895810834	988932	4136	988932	0
pop1	NC_091016.1	49000001	50000000	0.0044134571910066	973160	4295	973160	0
pop1	NC_091016.1	50000001	51000000	0.0036736230134907	964443	3543	964443	0
pop1	NC_091016.1	51000001	52000000	0.0041557089661861	983707	4088	983707	0
pop1	NC_091016.1	52000001	53000000	0.0036380084781592	981581	3571	981581	0
pop1	NC_091016.1	53000001	54000000	0.003514142156616	993130	3490	993130	0
pop1	NC_091016.1	54000001	55000000	0.0034201448009357	337705	1155	337705	0
pop1	NC_091016.1	55000001	56000000	0.0038149345644171	486509	1856	486509	0
pop1	NC_091016.1	56000001	57000000	0.0037285901704296	989382	3689	989382	0
pop1	NC_091016.1	57000001	58000000	0.0035001310777833	987963	3458	987963	0
pop1	NC_091016.1	58000001	59000000	0.0036762216767734	989603	3638	989603	0
pop1	NC_091016.1	59000001	60000000	0.0040891280333679	989453	4046	989453	0
pop1	NC_091016.1	60000001	61000000	0.004007686028562	989848	3967	989848	0
pop1	NC_091016.1	61000001	62000000	0.0035905026197821	988441	3549	988441	0
pop1	NC_091016.1	62000001	63000000	0.0034636252679515	974990	3377	974990	0
pop1	NC_091016.1	63000001	64000000	0.002707881472044	988965	2678	988965	0
pop1	NC_091016.1	64000001	65000000	0.0031565528413035	985252	3110	985252	0
pop1	NC_091016.1	65000001	66000000	0.0047960415427199	986647	4732	986647	0
pop1	NC_091016.1	66000001	67000000	0.0042111850771428	990695	4172	990695	0
pop1	NC_091016.1	67000001	68000000	0.003481737197171	980545	3414	980545	0
pop1	NC_091016.1	68000001	69000000	0.0034945309968833	966081	3376	966081	0
pop1	NC_091016.1	69000001	70000000	0.0039171892449102	989485	3876	989485	0
pop1	NC_091016.1	70000001	71000000	0.0038171689532873	987119	3768	987119	0
pop1	NC_091016.1	71000001	72000000	0.0037314075152674	987563	3685	987563	0
pop1	NC_091016.1	72000001	73000000	0.0038983183545314	983501	3834	983501	0
pop1	NC_091016.1	73000001	74000000	0.0047817939125878	986659	4718	986659	0
pop1	NC_091016.1	74000001	75000000	0.004886097282905	988519	4830	988519	0
pop1	NC_091016.1	75000001	76000000	0.0039868098234022	988008	3939	988008	0
pop1	NC_091016.1	76000001	77000000	0.0038461104425643	974751	3749	974751	0
pop1	NC_091016.1	77000001	78000000	0.0041669841173094	984405	4102	984405	0
pop1	NC_091016.1	78000001	79000000	0.0035195922962389	991308	3489	991308	0
pop1	NC_091016.1	79000001	80000000	0.0034696896646928	970692	3368	970692	0
pop1	NC_091016.1	80000001	81000000	0.003082566576142	986840	3042	986840	0
pop1	NC_091016.1	81000001	82000000	0.0040864282675939	968572	3958	968572	0
pop1	NC_091016.1	82000001	83000000	0.0045507558380601	979178	4456	979178	0
pop1	NC_091016.1	83000001	84000000	0.0037914356255312	988280	3747	988280	0
pop1	NC_091016.1	84000001	85000000	0.0028522051187113	983099	2804	983099	0
pop1	NC_091016.1	85000001	86000000	0.0040428230632254	972093	3930	972093	0
pop1	NC_091016.1	86000001	87000000	0.0038413754694618	980378	3766	980378	0
pop1	NC_091016.1	87000001	88000000	0.0034149557183241	984493	3362	984493	0
pop1	NC_091016.1	88000001	89000000	0.0033403828973203	990605	3309	990605	0
pop1	NC_091016.1	89000001	90000000	0.004121559560706	983123	4052	983123	0
pop1	NC_091016.1	90000001	91000000	0.0039437438347025	977244	3854	977244	0
pop1	NC_091016.1	91000001	92000000	0.0038963067231067	986062	3842	986062	0
pop1	NC_091016.1	92000001	93000000	0.0031959033586615	978753	3128	978753	0
pop1	NC_091016.1	93000001	94000000	0.0036955754509941	986044	3644	986044	0
pop1	NC_091016.1	94000001	95000000	0.0032892534824705	985938	3243	985938	0
pop1	NC_091016.1	95000001	96000000	0.0036423824091582	975735	3554	975735	0
pop1	NC_091016.1	96000001	97000000	0.0030644216841478	973430	2983	973430	0
pop1	NC_091016.1	97000001	98000000	0.0045991645611354	964523	4436	964523	0
pop1	NC_091016.1	98000001	99000000	0.0035204278941478	977438	3441	977438	0
pop1	NC_091016.1	99000001	100000000	0.0038466331235356	979038	3766	979038	0
pop1	NC_091016.1	100000001	101000000	0.0033204962415304	987503	3279	987503	0
pop1	NC_091016.1	101000001	102000000	0.0029996471611997	966447	2899	966447	0
pop1	NC_091016.1	102000001	103000000	0.0028020542944039	977854	2740	977854	0
pop1	NC_091016.1	103000001	104000000	0.0040786582055357	963307	3929	963307	0
pop1	NC_091016.1	104000001	105000000	0.0029039895431714	973144	2826	973144	0
pop1	NC_091016.1	105000001	106000000	0.0018682406532143	806106	1506	806106	0
pop1	NC_091016.1	106000001	107000000	0.0033167325034635	970835	3220	970835	0
pop1	NC_091016.1	107000001	108000000	0.0037097518183241	971224	3603	971224	0
pop1	NC_091016.1	108000001	109000000	0.0033411999905968	978391	3269	978391	0
pop1	NC_091016.1	109000001	110000000	0.002898428361971	971216	2815	971216	0
pop1	NC_091016.1	110000001	111000000	0.0031136218933372	987917	3076	987917	0
pop1	NC_091016.1	111000001	112000000	0.0030758057530941	972103	2990	972103	0
pop1	NC_091016.1	112000001	113000000	0.0041858954196466	969685	4059	969685	0
pop1	NC_091016.1	113000001	114000000	0.0039037679582461	985202	3846	985202	0
pop1	NC_091016.1	114000001	115000000	0.0045377239693154	951358	4317	951358	0
pop1	NC_091016.1	115000001	116000000	0.0034548886066598	988165	3414	988165	0
pop1	NC_091016.1	116000001	117000000	0.0037375111688734	984880	3681	984880	0
pop1	NC_091016.1	117000001	118000000	0.0035801666202112	968670	3468	968670	0
pop1	NC_091016.1	118000001	119000000	0.0037652870046061	989566	3726	989566	0
pop1	NC_091016.1	119000001	120000000	0.0044412134029476	983515	4368	983515	0
pop1	NC_091016.1	120000001	121000000	0.0036027205704409	987587	3558	987587	0
pop1	NC_091016.1	121000001	122000000	0.0050538959039113	974100	4923	974100	0
pop1	NC_091016.1	122000001	123000000	0.006596727940418	969420	6395	969420	0
pop1	NC_091016.1	123000001	124000000	0.0056847325195489	986502	5608	986502	0
pop1	NC_091016.1	124000001	125000000	0.017843275324414	497050	8869	497050	0
pop1	NC_091016.1	125000001	126000000	0.0070627411634823	834237	5892	834237	0
pop1	NC_091016.1	126000001	127000000	0.0017048043149185	136086	232	136086	0
pop1	NC_091017.1	1	1000000	0.0031575006649962	609026	1923	609026	0
pop1	NC_091017.1	1000001	2000000	0.0038504065576336	971326	3740	971326	0
pop1	NC_091017.1	2000001	3000000	0.0047936705719076	987135	4732	987135	0
pop1	NC_091017.1	3000001	4000000	0.0049155117714108	979959	4817	979959	0
pop1	NC_091017.1	4000001	5000000	0.0039846360746597	981520	3911	981520	0
pop1	NC_091017.1	5000001	6000000	0.0040593725402002	978230	3971	978230	0
pop1	NC_091017.1	6000001	7000000	0.0051253620680325	979443	5020	979443	0
pop1	NC_091017.1	7000001	8000000	0.0040041377844332	950267	3805	950267	0
pop1	NC_091017.1	8000001	9000000	0.0045921101250979	841661	3865	841661	0
pop1	NC_091017.1	9000001	10000000	0.0030109560480764	970788	2923	970788	0
pop1	NC_091017.1	10000001	11000000	0.00068773605694578	975665	671	975665	0
pop1	NC_091017.1	11000001	12000000	0.00089412185469108	212499	190	212499	0
pop1	NC_091017.1	12000001	13000000	0.00037077642501207	312857	116	312857	0
pop1	NC_091017.1	13000001	14000000	0.00085626773660918	977498	837	977498	0
pop1	NC_091017.1	14000001	15000000	0.0023780343208197	451213	1073	451213	0
pop1	NC_091017.1	15000001	16000000	0.0045013857571856	967702	4356	967702	0
pop1	NC_091017.1	16000001	17000000	0.0039285323343753	986628	3876	986628	0
pop1	NC_091017.1	17000001	18000000	0.0045330126414162	987864	4478	987864	0
pop1	NC_091017.1	18000001	19000000	0.0048844636483186	990078	4836	990078	0
pop1	NC_091017.1	19000001	20000000	0.0051620280562759	979460	5056	979460	0
pop1	NC_091017.1	20000001	21000000	0.0044701174238272	976037	4363	976037	0
pop1	NC_091017.1	21000001	22000000	0.0048379866446878	988221	4781	988221	0
pop1	NC_091017.1	22000001	23000000	0.0051189801901365	983399	5034	983399	0
pop1	NC_091017.1	23000001	24000000	0.0047526737626016	977555	4646	977555	0
pop1	NC_091017.1	24000001	25000000	0.0038164748575448	981010	3744	981010	0
pop1	NC_091017.1	25000001	26000000	0.0037334378814745	673374	2514	673374	0
pop1	NC_091017.1	26000001	27000000	0.0010802501194507	48137	52	48137	0
pop1	NC_091017.1	27000001	28000000	0.0039029214850883	920080	3591	920080	0
pop1	NC_091017.1	28000001	29000000	0.0035033176226448	783543	2745	783543	0
pop1	NC_091017.1	29000001	30000000	0.0043237806918049	980392	4239	980392	0
pop1	NC_091017.1	30000001	31000000	0.0041575353926142	980148	4075	980148	0
pop1	NC_091017.1	31000001	32000000	0.0037247386829905	990942	3691	990942	0
pop1	NC_091017.1	32000001	33000000	0.0034533687081332	970936	3353	970936	0
pop1	NC_091017.1	33000001	34000000	0.0025854451328441	992479	2566	992479	0
pop1	NC_091017.1	34000001	35000000	0.0040221564993791	981563	3948	981563	0
pop1	NC_091017.1	35000001	36000000	0.0048369497855324	984298	4761	984298	0
pop1	NC_091017.1	36000001	37000000	0.0045787573778208	981489	4494	981489	0
pop1	NC_091017.1	37000001	38000000	0.0043727990889541	361782	1582	361782	0
pop1	NC_091017.1	38000001	39000000	0.0042494859492803	240735	1023	240735	0
pop1	NC_091017.1	39000001	40000000	0.0037556120967464	984926	3699	984926	0
pop1	NC_091017.1	40000001	41000000	0.0036141797330569	987776	3570	987776	0
pop1	NC_091017.1	41000001	42000000	0.0036460347964545	977226	3563	977226	0
pop1	NC_091017.1	42000001	43000000	0.004155706988128	984670	4092	984670	0
pop1	NC_091017.1	43000001	44000000	0.0040922743836431	983805	4026	983805	0
pop1	NC_091017.1	44000001	45000000	0.0033528594476027	982445	3294	982445	0
pop1	NC_091017.1	45000001	46000000	0.0025278084410455	981087	2480	981087	0
pop1	NC_091017.1	46000001	47000000	0.0028304187366782	980067	2774	980067	0
pop1	NC_091017.1	47000001	48000000	0.0031448680206813	970152	3051	970152	0
pop1	NC_091017.1	48000001	49000000	0.0033014893249815	985010	3252	985010	0
pop1	NC_091017.1	49000001	50000000	0.003566453278645	979124	3492	979124	0
pop1	NC_091017.1	50000001	51000000	0.0037322770464962	979027	3654	979027	0
pop1	NC_091017.1	51000001	52000000	0.0029837319444529	982662	2932	982662	0
pop1	NC_091017.1	52000001	53000000	0.0028260820717929	979094	2767	979094	0
pop1	NC_091017.1	53000001	54000000	0.0033012527883233	983566	3247	983566	0
pop1	NC_091017.1	54000001	55000000	0.0033002461717348	983866	3247	983866	0
pop1	NC_091017.1	55000001	56000000	0.0023556602066308	989107	2330	989107	0
pop1	NC_091017.1	56000001	57000000	0.0026616766133758	988099	2630	988099	0
pop1	NC_091017.1	57000001	58000000	0.0035518051768328	976968	3470	976968	0
pop1	NC_091017.1	58000001	59000000	0.0036482618754595	980741	3578	980741	0
pop1	NC_091017.1	59000001	60000000	0.0032041340495034	976863	3130	976863	0
pop1	NC_091017.1	60000001	61000000	0.0022138050613054	968920	2145	968920	0
pop1	NC_091017.1	61000001	62000000	0.0022659029547576	990775	2245	990775	0
pop1	NC_091017.1	62000001	63000000	0.0032382090377225	984186	3187	984186	0
pop1	NC_091017.1	63000001	64000000	0.0028692065170385	987381	2833	987381	0
pop1	NC_091017.1	64000001	65000000	0.0028823949800267	968292	2791	968292	0
pop1	NC_091017.1	65000001	66000000	0.0036646552238837	971442	3560	971442	0
pop1	NC_091017.1	66000001	67000000	0.0039207978570358	987044	3870	987044	0
pop1	NC_091017.1	67000001	68000000	0.0033917272670139	986518	3346	986518	0
pop1	NC_091017.1	68000001	69000000	0.0046525994710323	984181	4579	984181	0
pop1	NC_091017.1	69000001	70000000	0.004454476287091	985750	4391	985750	0
pop1	NC_091017.1	70000001	71000000	0.0031933503414687	982667	3138	982667	0
pop1	NC_091017.1	71000001	72000000	0.0040458087018745	989419	4003	989419	0
pop1	NC_091017.1	72000001	73000000	0.0040650032178291	977367	3973	977367	0
pop1	NC_091017.1	73000001	74000000	0.0034974805337062	984137	3442	984137	0
pop1	NC_091017.1	74000001	75000000	0.0057721661782764	971559	5608	971559	0
pop1	NC_091017.1	75000001	76000000	0.0054572152255269	965694	5270	965694	0
pop1	NC_091017.1	76000001	77000000	0.0060769949759295	981077	5962	981077	0
pop1	NC_091017.1	77000001	78000000	0.010157922054039	826547	8396	826547	0
pop1	NC_091017.1	78000001	79000000	0.0086471683387523	934063	8077	934063	0
pop1	NC_091017.1	79000001	80000000	0.0028008296930171	568403	1592	568403	0
pop1	NC_091018.1	1	1000000	0.0019715556020049	918564	1811	918564	0
pop1	NC_091018.1	1000001	2000000	0.004372833719857	987003	4316	987003	0
pop1	NC_091018.1	2000001	3000000	0.0049613272464634	984414	4884	984414	0
pop1	NC_091018.1	3000001	4000000	0.0055428831413985	973681	5397	973681	0
pop1	NC_091018.1	4000001	5000000	0.0048676022323097	987139	4805	987139	0
pop1	NC_091018.1	5000001	6000000	0.0051152891096133	986650	5047	986650	0
pop1	NC_091018.1	6000001	7000000	0.0045424395087451	982952	4465	982952	0
pop1	NC_091018.1	7000001	8000000	0.002212930347429	977437	2163	977437	0
pop1	NC_091018.1	8000001	9000000	0.0009218798014573	191999	177	191999	0
pop1	NC_091018.1	9000001	10000000	0.0018111221558466	932571	1689	932571	0
pop1	NC_091018.1	10000001	11000000	0.002749142988974	983943	2705	983943	0
pop1	NC_091018.1	11000001	12000000	0.0035166198423835	989871	3481	989871	0
pop1	NC_091018.1	12000001	13000000	0.0041772826624563	988681	4130	988681	0
pop1	NC_091018.1	13000001	14000000	0.0034582125583384	825571	2855	825571	0
pop1	NC_091018.1	14000001	15000000	0.0033597384257261	799467	2686	799467	0
pop1	NC_091018.1	15000001	16000000	0.0042523570178222	976870	4154	976870	0
pop1	NC_091018.1	16000001	17000000	0.0052858837004227	986590	5215	986590	0
pop1	NC_091018.1	17000001	18000000	0.0050224909644951	984173	4943	984173	0
pop1	NC_091018.1	18000001	19000000	0.0051303151347375	974599	5000	974599	0
pop1	NC_091018.1	19000001	20000000	0.0049553292534254	989238	4902	989238	0
pop1	NC_091018.1	20000001	21000000	0.0055108778033806	982965	5417	982965	0
pop1	NC_091018.1	21000001	22000000	0.0040952179527927	846353	3466	846353	0
pop1	NC_091019.1	1	1000000	0.0017301554156848	33523	58	33523	0
pop1	NC_091019.1	1000001	2000000	0.0061689350370092	684559	4223	684559	0
pop1	NC_091019.1	2000001	3000000	0.0068231081970042	927290	6327	927290	0
pop1	NC_091019.1	3000001	4000000	0.0045986388759514	985509	4532	985509	0
pop1	NC_091019.1	4000001	5000000	0.0048012461114332	225983	1085	225983	0
pop1	NC_091019.1	5000001	6000000	0.0025929905824718	299654	777	299654	0
pop1	NC_091019.1	6000001	7000000	0.0019872967283696	985258	1958	985258	0
pop1	NC_091019.1	7000001	8000000	0.00061208938430685	727018	445	727018	0
pop1	NC_091019.1	8000001	9000000	0.00041930833919705	555677	233	555677	0
pop1	NC_091019.1	9000001	10000000	0.0012149412984995	967948	1176	967948	0
pop1	NC_091019.1	10000001	11000000	0.0041802418351808	988938	4134	988938	0
pop1	NC_091019.1	11000001	12000000	0.005108173688075	983326	5023	983326	0
pop1	NC_091019.1	12000001	13000000	0.0049327892218759	983622	4852	983622	0
pop1	NC_091019.1	13000001	14000000	0.0046114612650467	983853	4537	983853	0
pop1	NC_091019.1	14000001	15000000	0.0046748456585236	964096	4507	964096	0
pop1	NC_091019.1	15000001	16000000	0.0051606733440355	989212	5105	989212	0
pop1	NC_091019.1	16000001	17000000	0.0046699723622175	984160	4596	984160	0
pop1	NC_091019.1	17000001	18000000	0.0050146335942048	989504	4962	989504	0
pop1	NC_091019.1	18000001	19000000	0.0045247356942822	987682	4469	987682	0
pop1	NC_091019.1	19000001	20000000	0.0042004670103259	990128	4159	990128	0
pop1	NC_091019.1	20000001	21000000	0.0028881657175042	958740	2769	958740	0
pop1	NC_091019.1	21000001	22000000	0.0043596314601257	983340	4287	983340	0
pop1	NC_091019.1	22000001	23000000	0.0039723425271636	987075	3921	987075	0
pop1	NC_091019.1	23000001	24000000	0.0043580532813041	987138	4302	987138	0
pop1	NC_091019.1	24000001	25000000	0.0042868743327521	970404	4160	970404	0
pop1	NC_091019.1	25000001	26000000	0.0045376011824156	985102	4470	985102	0
pop1	NC_091019.1	26000001	27000000	0.004297707448987	984013	4229	984013	0
pop1	NC_091019.1	27000001	28000000	0.0034033520074602	985499	3354	985499	0
pop1	NC_091019.1	28000001	29000000	0.0025732031943212	991760	2552	991760	0
pop1	NC_091019.1	29000001	30000000	0.0029267826536027	983674	2879	983674	0
pop1	NC_091019.1	30000001	31000000	0.003874214546602	991943	3843	991943	0
pop1	NC_091019.1	31000001	32000000	0.0029735162992558	989401	2942	989401	0
pop1	NC_091019.1	32000001	33000000	0.0029794838657566	990440	2951	990440	0
pop1	NC_091019.1	33000001	34000000	0.0027370218537873	990858	2712	990858	0
pop1	NC_091019.1	34000001	35000000	0.0025432653544335	988493	2514	988493	0
pop1	NC_091019.1	35000001	36000000	0.003324923952838	978669	3254	978669	0
pop1	NC_091019.1	36000001	37000000	0.0024516480523018	972815	2385	972815	0
pop1	NC_091019.1	37000001	38000000	0.0029920927630285	981253	2936	981253	0
pop1	NC_091019.1	38000001	39000000	0.0033939470695417	979096	3323	979096	0
pop1	NC_091019.1	39000001	40000000	0.0027276315896568	982904	2681	982904	0
pop1	NC_091019.1	40000001	41000000	0.0022679109951911	981520	2226	981520	0
pop1	NC_091019.1	41000001	42000000	0.0023031616127593	988641	2277	988641	0
pop1	NC_091019.1	42000001	43000000	0.0028986590042183	990458	2871	990458	0
pop1	NC_091019.1	43000001	44000000	0.0032335146780164	990563	3203	990563	0
pop1	NC_091019.1	44000001	45000000	0.0020383492196755	990998	2020	990998	0
pop1	NC_091019.1	45000001	46000000	0.0028614363786161	992858	2841	992858	0
pop1	NC_091019.1	46000001	47000000	0.0031994854936096	988909	3164	988909	0
pop1	NC_091019.1	47000001	48000000	0.0037424920088593	977958	3660	977958	0
pop1	NC_091019.1	48000001	49000000	0.0042322437398273	983639	4163	983639	0
pop1	NC_091019.1	49000001	50000000	0.0051783255322592	982557	5088	982557	0
pop1	NC_091019.1	50000001	51000000	0.0034396377104569	984406	3386	984406	0
pop1	NC_091019.1	51000001	52000000	0.0026429930912827	990922	2619	990922	0
pop1	NC_091019.1	52000001	53000000	0.0034324654612571	992581	3407	992581	0
pop1	NC_091019.1	53000001	54000000	0.0040508896804343	989906	4010	989906	0
pop1	NC_091019.1	54000001	55000000	0.0030645993883043	980226	3004	980226	0
pop1	NC_091019.1	55000001	56000000	0.0034708513608668	982756	3411	982756	0
pop1	NC_091019.1	56000001	57000000	0.0034786233965641	983435	3421	983435	0
pop1	NC_091019.1	57000001	58000000	0.0034008935481673	983271	3344	983271	0
pop1	NC_091019.1	58000001	59000000	0.0045542825615541	989618	4507	989618	0
pop1	NC_091019.1	59000001	60000000	0.0047253781700577	965637	4563	965637	0
pop1	NC_091019.1	60000001	61000000	0.0043696258406725	988643	4320	988643	0
pop1	NC_091019.1	61000001	62000000	0.0048522825533236	979539	4753	979539	0
pop1	NC_091019.1	62000001	63000000	0.0046779894130848	927749	4340	927749	0
pop1	NC_091019.1	63000001	64000000	0.004931645658463	911866	4497	911866	0
pop1	NC_091019.1	64000001	65000000	0.0044791540051051	987240	4422	987240	0
pop1	NC_091019.1	65000001	66000000	0.0059007083505697	979035	5777	979035	0
pop1	NC_091019.1	66000001	67000000	0.0077957701741322	950772	7412	950772	0
pop1	NC_091019.1	67000001	68000000	0.0058527916317532	947582	5546	947582	0
pop1	NC_091019.1	68000001	69000000	0.0031496062992126	1270	4	1270	0
pop1	NC_091020.1	1	1000000	0.00083973632279464	881229	740	881229	0
pop1	NC_091020.1	1000001	2000000	0.00073893642281082	977080	722	977080	0
pop1	NC_091020.1	2000001	3000000	0.0012039592029201	916144	1103	916144	0
pop1	NC_091020.1	3000001	4000000	0.0015794786084479	794566	1255	794566	0
pop1	NC_091020.1	4000001	5000000	0.0016464453033911	990619	1631	990619	0
pop1	NC_091020.1	5000001	6000000	0.0029246745827723	980280	2867	980280	0
pop1	NC_091020.1	6000001	7000000	0.0018997190229901	992252	1885	992252	0
pop1	NC_091020.1	7000001	8000000	0.001730259792227	987135	1708	987135	0
pop1	NC_091020.1	8000001	9000000	0.0051735894027408	988482	5114	988482	0
pop1	NC_091020.1	9000001	10000000	0.0047978151236454	978362	4694	978362	0
pop1	NC_091020.1	10000001	11000000	0.0049064544249556	978507	4801	978507	0
pop1	NC_091020.1	11000001	12000000	0.0051353788952493	977922	5022	977922	0
pop1	NC_091020.1	12000001	13000000	0.0038945497475045	991899	3863	991899	0
pop1	NC_091020.1	13000001	14000000	0.0043403016795213	980577	4256	980577	0
pop1	NC_091020.1	14000001	15000000	0.0034362386271211	989745	3401	989745	0
pop1	NC_091020.1	15000001	16000000	0.0030182252022821	984022	2970	984022	0
pop1	NC_091020.1	16000001	17000000	0.0035713416563238	986184	3522	986184	0
pop1	NC_091020.1	17000001	18000000	0.0028273690942231	991381	2803	991381	0
pop1	NC_091020.1	18000001	19000000	0.0042655780683287	981813	4188	981813	0
pop1	NC_091020.1	19000001	20000000	0.0046646218543148	979715	4570	979715	0
pop1	NC_091020.1	20000001	21000000	0.0039262729815824	989488	3885	989488	0
pop1	NC_091020.1	21000001	22000000	0.0035757756352305	989995	3540	989995	0
pop1	NC_091020.1	22000001	23000000	0.0041731271246183	988707	4126	988707	0
pop1	NC_091020.1	23000001	24000000	0.0035080933920332	992847	3483	992847	0
pop1	NC_091020.1	24000001	25000000	0.0032593801636239	992520	3235	992520	0
pop1	NC_091020.1	25000001	26000000	0.0047511611126355	983970	4675	983970	0
pop1	NC_091020.1	26000001	27000000	0.0045119219131599	990487	4469	990487	0
pop1	NC_091020.1	27000001	28000000	0.0039636328347708	989244	3921	989244	0
pop1	NC_091020.1	28000001	29000000	0.0036439741264121	874869	3188	874869	0
pop1	NC_091020.1	29000001	30000000	0.0044212145621483	990678	4380	990678	0
pop1	NC_091020.1	30000001	31000000	0.0043665296412481	973542	4251	973542	0
pop1	NC_091020.1	31000001	32000000	0.0050350952296335	990448	4987	990448	0
pop1	NC_091020.1	32000001	33000000	0.0049565407022026	962970	4773	962970	0
pop1	NC_091020.1	33000001	34000000	0.0050858103245207	982341	4996	982341	0
pop1	NC_091020.1	34000001	35000000	0.0055540854035876	971177	5394	971177	0
pop1	NC_091020.1	35000001	36000000	0.0047035398818641	977349	4597	977349	0
pop1	NC_091020.1	36000001	37000000	0.004034110853109	977167	3942	977167	0
pop1	NC_091020.1	37000001	38000000	0.0013934176928681	141379	197	141379	0
pop1	NC_091021.1	1	1000000	0.0016654356410329	844824	1407	844824	0
pop1	NC_091021.1	1000001	2000000	0.0039398658520728	976683	3848	976683	0
pop1	NC_091021.1	2000001	3000000	0.0050106195527246	972734	4874	972734	0
pop1	NC_091021.1	3000001	4000000	0.0028389753797016	988737	2807	988737	0
pop1	NC_091021.1	4000001	5000000	0.0013600909300523	984493	1339	984493	0
pop1	NC_091021.1	5000001	6000000	0.0019810644905939	957566	1897	957566	0
pop1	NC_091021.1	6000001	7000000	0.003108076854264	916644	2849	916644	0
pop1	NC_091021.1	7000001	8000000	0.0051726759439445	979957	5069	979957	0
pop1	NC_091021.1	8000001	9000000	0.0041742586037176	988439	4126	988439	0
pop1	NC_091021.1	9000001	10000000	0.0041137536141505	846672	3483	846672	0
pop1	NC_091021.1	10000001	11000000	0.0042330932304646	966669	4092	966669	0
pop1	NC_091021.1	11000001	12000000	0.0033174104869264	920899	3055	920899	0
pop1	NC_091021.1	12000001	13000000	0.0035442006693145	991761	3515	991761	0
pop1	NC_091021.1	13000001	14000000	0.0028599242397494	991285	2835	991285	0
pop1	NC_091021.1	14000001	15000000	0.003152459535179	989069	3118	989069	0
pop1	NC_091021.1	15000001	16000000	0.0037448743055016	978404	3664	978404	0
pop1	NC_091021.1	16000001	17000000	0.002627264107266	989242	2599	989242	0
pop1	NC_091021.1	17000001	18000000	0.0033761040567832	989306	3340	989306	0
pop1	NC_091021.1	18000001	19000000	0.0026044219588042	989471	2577	989471	0
pop1	NC_091021.1	19000001	20000000	0.0028009567584668	992518	2780	992518	0
pop1	NC_091021.1	20000001	21000000	0.0028427901451298	983189	2795	983189	0
pop1	NC_091021.1	21000001	22000000	0.0024158518681678	989713	2391	989713	0
pop1	NC_091021.1	22000001	23000000	0.0025128744152383	983734	2472	983734	0
pop1	NC_091021.1	23000001	24000000	0.0034939599793773	991139	3463	991139	0
pop1	NC_091021.1	24000001	25000000	0.0036373768177986	983401	3577	983401	0
pop1	NC_091021.1	25000001	26000000	0.0043303069703387	714499	3094	714499	0
pop1	NC_091021.1	26000001	27000000	0.0050143789398141	972603	4877	972603	0
pop1	NC_091021.1	27000001	28000000	0.0035956992893372	990906	3563	990906	0
pop1	NC_091021.1	28000001	29000000	0.0036659791697493	993459	3642	993459	0
pop1	NC_091021.1	29000001	30000000	0.0041065129962205	990865	4069	990865	0
pop1	NC_091021.1	30000001	31000000	0.004024354369624	989227	3981	989227	0
pop1	NC_091021.1	31000001	32000000	0.0048598653735613	979451	4760	979451	0
pop1	NC_091021.1	32000001	33000000	0.0052969815388625	989809	5243	989809	0
pop1	NC_091021.1	33000001	34000000	0.0043383969840215	990458	4297	990458	0
pop1	NC_091021.1	34000001	35000000	0.0047783408785246	991139	4736	991139	0
pop1	NC_091021.1	35000001	36000000	0.0052958166747327	973221	5154	973221	0
pop1	NC_091021.1	36000001	37000000	0.0039969537386991	988753	3952	988753	0
pop1	NC_091021.1	37000001	38000000	0.0054178104040652	984346	5333	984346	0
pop1	NC_091021.1	38000001	39000000	0.0068121111606529	959908	6539	959908	0
pop1	NC_091021.1	39000001	40000000	0.0037788372839824	977814	3695	977814	0
pop1	NC_091021.1	40000001	41000000	0.0012839848367505	49066	63	49066	0
pop1	NC_091022.1	1	1000000	0.0028785877518502	476970	1373	476970	0
pop1	NC_091022.1	1000001	2000000	0.0030667156643124	993245	3046	993245	0
pop1	NC_091022.1	2000001	3000000	0.006255748824542	973025	6087	973025	0
pop1	NC_091022.1	3000001	4000000	0.0056555483067175	916622	5184	916622	0
pop1	NC_091022.1	4000001	5000000	0.0041267122574085	959844	3961	959844	0
pop1	NC_091022.1	5000001	6000000	0.00094436882566928	866187	818	866187	0
pop1	NC_091022.1	6000001	7000000	0.00041435078885001	378906	157	378906	0
pop1	NC_091022.1	7000001	8000000	0.001877452460006	993900	1866	993900	0
pop1	NC_091022.1	8000001	9000000	0.0033162872478439	993581	3295	993581	0
pop1	NC_091022.1	9000001	10000000	0.0040595146818078	965140	3918	965140	0
pop1	NC_091022.1	10000001	11000000	0.0038593351781489	987994	3813	987994	0
pop1	NC_091022.1	11000001	12000000	0.0035827973130032	988613	3542	988613	0
pop1	NC_091022.1	12000001	13000000	0.0038789212223203	978107	3794	978107	0
pop1	NC_091022.1	13000001	14000000	0.0044230517739347	986423	4363	986423	0
pop1	NC_091022.1	14000001	15000000	0.0033905638404555	989216	3354	989216	0
pop1	NC_091022.1	15000001	16000000	0.0031803014425701	983869	3129	983869	0
pop1	NC_091022.1	16000001	17000000	0.002873040288646	983627	2826	983627	0
pop1	NC_091022.1	17000001	18000000	0.0026767282277109	989641	2649	989641	0
pop1	NC_091022.1	18000001	19000000	0.003449756279326	987606	3407	987606	0
pop1	NC_091022.1	19000001	20000000	0.0039521022174787	990359	3914	990359	0
pop1	NC_091022.1	20000001	21000000	0.003951015888923	989872	3911	989872	0
pop1	NC_091022.1	21000001	22000000	0.0042829095767036	985078	4219	985078	0
pop1	NC_091022.1	22000001	23000000	0.0033258764671577	992821	3302	992821	0
pop1	NC_091022.1	23000001	24000000	0.0035417351778736	991322	3511	991322	0
pop1	NC_091022.1	24000001	25000000	0.0042724208667863	990071	4230	990071	0
pop1	NC_091022.1	25000001	26000000	0.0045961769466733	977334	4492	977334	0
pop1	NC_091022.1	26000001	27000000	0.0036643914441858	981882	3598	981882	0
pop1	NC_091022.1	27000001	28000000	0.0041602891027852	991758	4126	991758	0
pop1	NC_091022.1	28000001	29000000	0.0045585262148143	988258	4505	988258	0
pop1	NC_091022.1	29000001	30000000	0.0045514126116679	991780	4514	991780	0
pop1	NC_091022.1	30000001	31000000	0.0037879324834702	987610	3741	987610	0
pop1	NC_091022.1	31000001	32000000	0.0057644784314123	985345	5680	985345	0
pop1	NC_091022.1	32000001	33000000	0.0054248399487836	976250	5296	976250	0
pop1	NC_091022.1	33000001	34000000	0.0022906806945935	284195	651	284195	0
pop1	NC_091023.1	1	1000000	0.004112154872716	560047	2303	560047	0
pop1	NC_091023.1	1000001	2000000	0.0051282122706615	717989	3682	717989	0
pop1	NC_091023.1	2000001	3000000	0.0066035238553705	978417	6461	978417	0
pop1	NC_091023.1	3000001	4000000	0.0051068059971959	931502	4757	931502	0
pop1	NC_091023.1	4000001	5000000	0.004995433394565	970086	4846	970086	0
pop1	NC_091023.1	5000001	6000000	0.0039825671805767	990316	3944	990316	0
pop1	NC_091023.1	6000001	7000000	0.0030583056074008	985840	3015	985840	0
pop1	NC_091023.1	7000001	8000000	0.002953603930883	992347	2931	992347	0
pop1	NC_091023.1	8000001	9000000	0.0024466990741675	991540	2426	991540	0
pop1	NC_091023.1	9000001	10000000	0.0016247458159126	885677	1439	885677	0
pop1	NC_091023.1	10000001	11000000	0.0016914647480624	993222	1680	993222	0
pop1	NC_091023.1	11000001	12000000	0.0015365830788326	991811	1524	991811	0
pop1	NC_091023.1	12000001	13000000	0.0022493946853628	989155	2225	989155	0
pop1	NC_091023.1	13000001	14000000	0.0027104865394828	979160	2654	979160	0
pop1	NC_091023.1	14000001	15000000	0.0035907687100732	945480	3395	945480	0
pop1	NC_091023.1	15000001	16000000	0.0040428706819754	984449	3980	984449	0
pop1	NC_091023.1	16000001	17000000	0.0034612071047843	993584	3439	993584	0
pop1	NC_091023.1	17000001	18000000	0.0039867378295326	989280	3944	989280	0
pop1	NC_091023.1	18000001	19000000	0.0038787174428504	984346	3818	984346	0
pop1	NC_091023.1	19000001	20000000	0.0043249660786974	990528	4284	990528	0
pop1	NC_091023.1	20000001	21000000	0.004217667667212	988461	4169	988461	0
pop1	NC_091023.1	21000001	22000000	0.0047514227967136	988546	4697	988546	0
pop1	NC_091023.1	22000001	23000000	0.0046703826462877	990497	4626	990497	0
pop1	NC_091023.1	23000001	24000000	0.0050005662751036	980089	4901	980089	0
pop1	NC_091023.1	24000001	25000000	0.0062738915850103	970530	6089	970530	0
pop1	NC_091023.1	25000001	26000000	0.0059094310342886	976913	5773	976913	0
pop1	NC_091023.1	26000001	27000000	0.0026195193637096	988731	2590	988731	0
pop1	NC_091023.1	27000001	28000000	0.0061572724593063	30533	188	30533	0
pop1	NC_091024.1	1	1000000	0.0022548728702898	899829	2029	899829	0
pop1	NC_091024.1	1000001	2000000	0.0042040216785696	987150	4150	987150	0
pop1	NC_091024.1	2000001	3000000	0.0037957991140111	991886	3765	991886	0
pop1	NC_091024.1	3000001	4000000	0.0045419554281425	988561	4490	988561	0
pop1	NC_091024.1	4000001	5000000	0.0049657893164648	987557	4904	987557	0
pop1	NC_091024.1	5000001	6000000	0.0045788702825254	989327	4530	989327	0
pop1	NC_091024.1	6000001	7000000	0.0051709770012607	982793	5082	982793	0
pop1	NC_091024.1	7000001	8000000	0.0041782729805014	989404	4134	989404	0
pop1	NC_091024.1	8000001	9000000	0.0034360438778152	988928	3398	988928	0
pop1	NC_091024.1	9000001	10000000	0.0031804114877874	992010	3155	992010	0
pop1	NC_091024.1	10000001	11000000	0.003014492520152	993202	2994	993202	0
pop1	NC_091024.1	11000001	12000000	0.0037086189030487	990126	3672	990126	0
pop1	NC_091024.1	12000001	13000000	0.0060743482097715	971133	5899	971133	0
pop1	NC_091024.1	13000001	14000000	0.0039073289636304	991982	3876	991982	0
pop1	NC_091024.1	14000001	15000000	0.0031897213768219	984412	3140	984412	0
pop1	NC_091024.1	15000001	16000000	0.002663660467738	982858	2618	982858	0
pop1	NC_091024.1	16000001	17000000	0.0013684700402443	975542	1335	975542	0
pop1	NC_091024.1	17000001	18000000	0.00078752109431503	559985	441	559985	0
pop1	NC_091024.1	18000001	19000000	0.00085585707083177	963946	825	963946	0
pop1	NC_091024.1	19000001	20000000	0.0072382931630588	902699	6534	902699	0
pop1	NC_091024.1	20000001	21000000	0.0046367538878215	988407	4583	988407	0
pop1	NC_091024.1	21000001	22000000	0.0034841747610732	358478	1249	358478	0
pop1	NC_091025.1	1	1000000	0.0011353906242211	902773	1025	902773	0
pop1	NC_091025.1	1000001	2000000	0.0048831334788	976627	4769	976627	0
pop1	NC_091025.1	2000001	3000000	0.0055961860323579	985850	5517	985850	0
pop1	NC_091025.1	3000001	4000000	0.0054430842927994	986573	5370	986573	0
pop1	NC_091025.1	4000001	5000000	0.0045072584487175	992843	4475	992843	0
pop1	NC_091025.1	5000001	6000000	0.0040122990070064	991950	3980	991950	0
pop1	NC_091025.1	6000001	7000000	0.0045986284792255	991600	4560	991600	0
pop1	NC_091025.1	7000001	8000000	0.0042484425405464	990716	4209	990716	0
pop1	NC_091025.1	8000001	9000000	0.0035871421652349	980725	3518	980725	0
pop1	NC_091025.1	9000001	10000000	0.0039554019359697	992061	3924	992061	0
pop1	NC_091025.1	10000001	11000000	0.0036752000291025	989606	3637	989606	0
pop1	NC_091025.1	11000001	12000000	0.0040188597470482	989833	3978	989833	0
pop1	NC_091025.1	12000001	13000000	0.0041473836283944	980136	4065	980136	0
pop1	NC_091025.1	13000001	14000000	0.0034548603580748	991357	3425	991357	0
pop1	NC_091025.1	14000001	15000000	0.0044203532439689	988835	4371	988835	0
pop1	NC_091025.1	15000001	16000000	0.0037315114054813	976548	3644	976548	0
pop1	NC_091025.1	16000001	17000000	0.0050614931968571	975799	4939	975799	0
pop1	NC_091025.1	17000001	18000000	0.0050126857929391	973530	4880	973530	0
pop1	NC_091025.1	18000001	19000000	0.005656150029772	955597	5405	955597	0
pop1	NC_091025.1	19000001	20000000	0.0053878831988685	968655	5219	968655	0
pop1	NC_091025.1	20000001	21000000	0.0042586263691015	971440	4137	971440	0
pop1	NC_091025.1	21000001	22000000	0.0043571526469623	313737	1367	313737	0
pop1	NC_091025.1	22000001	23000000	0.0033014196104325	6058	20	6058	0
pop1	NC_091025.1	23000001	24000000	0.00028579594169763	3499	1	3499	0
pop1	NC_091025.1	24000001	25000000	0.0010231225700839	4887	5	4887	0
pop1	NC_091025.1	25000001	26000000	0.0066127847171198	4083	27	4083	0
pop1	NC_091025.1	26000001	27000000	0.0074868979286249	8014	60	8014	0
pop1	NC_091025.1	27000001	28000000	0.00025555839509328	3913	1	3913	0
pop1	NC_091026.1	1	1000000	0.0027433942861481	869361	2385	869361	0
pop1	NC_091026.1	1000001	2000000	0.004349112124272	980430	4264	980430	0
pop1	NC_091026.1	2000001	3000000	0.005691430991272	982354	5591	982354	0
pop1	NC_091026.1	3000001	4000000	0.0044740927103893	645494	2888	645494	0
pop1	NC_091026.1	4000001	5000000	0.0034486769948538	971387	3350	971387	0
pop1	NC_091026.1	5000001	6000000	0.0038076615806947	990109	3770	990109	0
pop1	NC_091026.1	6000001	7000000	0.0036252052098081	991668	3595	991668	0
pop1	NC_091026.1	7000001	8000000	0.0046840582519175	990594	4640	990594	0
pop1	NC_091026.1	8000001	9000000	0.0037021852221925	814654	3016	814654	0
pop1	NC_091026.1	9000001	10000000	0.0029800219063431	895631	2669	895631	0
pop1	NC_091026.1	10000001	11000000	0.0040509259259259	993600	4025	993600	0
pop1	NC_091026.1	11000001	12000000	0.0042208816138845	982970	4149	982970	0
pop1	NC_091026.1	12000001	13000000	0.0035239421367693	991787	3495	991787	0
pop1	NC_091026.1	13000001	14000000	0.0043184241993343	990176	4276	990176	0
pop1	NC_091026.1	14000001	15000000	0.0044701243830008	991695	4433	991695	0
pop1	NC_091026.1	15000001	16000000	0.0045171701796297	993321	4487	993321	0
pop1	NC_091026.1	16000001	17000000	0.0045004609391863	991454	4462	991454	0
pop1	NC_091026.1	17000001	18000000	0.0031270238512608	989759	3095	989759	0
pop1	NC_091026.1	18000001	19000000	0.0049669493229689	989541	4915	989541	0
pop1	NC_091026.1	19000001	20000000	0.0057044507555493	981339	5598	981339	0
pop1	NC_091026.1	20000001	21000000	0.0054333519792044	972512	5284	972512	0
pop1	NC_091026.1	21000001	22000000	0.004419078192961	804919	3557	804919	0
pop1	NC_091026.1	22000001	23000000	0.0054061181434599	7584	41	7584	0
pop1	NC_091026.1	23000001	24000000	0.0094524701266274	5607	53	5607	0
pop1	NC_091027.1	1	1000000	0.0025511725807001	938784	2395	938784	0
pop1	NC_091027.1	1000001	2000000	0.0049419721072946	986853	4877	986853	0
pop1	NC_091027.1	2000001	3000000	0.0052171563907881	984636	5137	984636	0
pop1	NC_091027.1	3000001	4000000	0.0043544113996829	987045	4298	987045	0
pop1	NC_091027.1	4000001	5000000	0.0043663615104474	988237	4315	988237	0
pop1	NC_091027.1	5000001	6000000	0.0045892476727691	989051	4539	989051	0
pop1	NC_091027.1	6000001	7000000	0.004400528870901	990790	4360	990790	0
pop1	NC_091027.1	7000001	8000000	0.003824353695387	985526	3769	985526	0
pop1	NC_091027.1	8000001	9000000	0.004220011707524	980566	4138	980566	0
pop1	NC_091027.1	9000001	10000000	0.0033806475629395	988568	3342	988568	0
pop1	NC_091027.1	10000001	11000000	0.001349578371001	984752	1329	984752	0
pop1	NC_091027.1	11000001	12000000	0.00074811669262251	883552	661	883552	0
pop1	NC_091027.1	12000001	13000000	0.0012798248616905	961069	1230	961069	0
pop1	NC_091027.1	13000001	14000000	0.0024865666149325	961969	2392	961969	0
pop1	NC_091027.1	14000001	15000000	0.0037350567265549	984724	3678	984724	0
pop1	NC_091027.1	15000001	16000000	0.0049883388821369	984897	4913	984897	0
pop1	NC_091027.1	16000001	17000000	0.0054730066046601	896034	4904	896034	0
pop1	NC_091027.1	17000001	18000000	0.0076983068756447	914227	7038	914227	0
pop1	NC_091027.1	18000001	19000000	0.0035551935929508	857056	3047	857056	0
pop1	NC_091027.1	19000001	20000000	0.0024025887495997	502791	1208	502791	0
pop1	NC_091028.1	1	1000000	0.0038837675427724	520371	2021	520371	0
pop1	NC_091028.1	1000001	2000000	0.0053977637835754	980406	5292	980406	0
pop1	NC_091028.1	2000001	3000000	0.0053984080204919	980289	5292	980289	0
pop1	NC_091028.1	3000001	4000000	0.0045949871580924	989339	4546	989339	0
pop1	NC_091028.1	4000001	5000000	0.005406736331424	986917	5336	986917	0
pop1	NC_091028.1	5000001	6000000	0.0053000512908189	976783	5177	976783	0
pop1	NC_091028.1	6000001	7000000	0.0044888162649783	992021	4453	992021	0
pop1	NC_091028.1	7000001	8000000	0.0035784040741548	991224	3547	991224	0
pop1	NC_091028.1	8000001	9000000	0.0044514225747683	989122	4403	989122	0
pop1	NC_091028.1	9000001	10000000	0.0054712994792036	987334	5402	987334	0
pop1	NC_091028.1	10000001	11000000	0.0041861712207532	992076	4153	992076	0
pop1	NC_091028.1	11000001	12000000	0.003904349530696	984543	3844	984543	0
pop1	NC_091028.1	12000001	13000000	0.0043140256183034	993040	4284	993040	0
pop1	NC_091028.1	13000001	14000000	0.0044464021710513	987540	4391	987540	0
pop1	NC_091028.1	14000001	15000000	0.0048588840944844	989116	4806	989116	0
pop1	NC_091028.1	15000001	16000000	0.004898703654297	985771	4829	985771	0
pop1	NC_091028.1	16000001	17000000	0.0031750569162132	979510	3110	979510	0
pop1	NC_091028.1	17000001	18000000	0.00055723349956686	213555	119	213555	0
pop1	NC_091029.1	1	1000000	0.0033665561129879	941021	3168	941021	0
pop1	NC_091029.1	1000001	2000000	0.0048959583467866	984894	4822	984894	0
pop1	NC_091029.1	2000001	3000000	0.004217986512135	990520	4178	990520	0
pop1	NC_091029.1	3000001	4000000	0.0040393765912313	989014	3995	989014	0
pop1	NC_091029.1	4000001	5000000	0.0054292191624503	987619	5362	987619	0
pop1	NC_091029.1	5000001	6000000	0.0049387101779487	979608	4838	979608	0
pop1	NC_091029.1	6000001	7000000	0.0042611947804936	984231	4194	984231	0
pop1	NC_091029.1	7000001	8000000	0.0039182722871287	990998	3883	990998	0
pop1	NC_091029.1	8000001	9000000	0.0037340880408179	980159	3660	980159	0
pop1	NC_091029.1	9000001	10000000	0.0022827547761755	925636	2113	925636	0
pop1	NC_091029.1	10000001	11000000	0.00059372840122643	985299	585	985299	0
pop1	NC_091029.1	11000001	12000000	0.0014122438255386	213136	301	213136	0
pop1	NC_091029.1	12000001	13000000	0.0053576359548136	963298	5161	963298	0
pop1	NC_091029.1	13000001	14000000	0.0057554609367672	970209	5584	970209	0
pop1	NC_091029.1	14000001	15000000	0.0041420025271458	953645	3950	953645	0
pop1	NC_091029.1	15000001	16000000	0.0019454390535808	406078	790	406078	0
pop1	NC_091030.1	1	1000000	0.0050436106021073	950113	4792	950113	0
pop1	NC_091030.1	1000001	2000000	0.0053584944871686	981619	5260	981619	0
pop1	NC_091030.1	2000001	3000000	0.0063393545291677	979595	6210	979595	0
pop1	NC_091030.1	3000001	4000000	0.0045770022073559	973563	4456	973563	0
pop1	NC_091030.1	4000001	5000000	0.0048779098044563	982798	4794	982798	0
pop1	NC_091030.1	5000001	6000000	0.0040055208235665	991881	3973	991881	0
pop1	NC_091030.1	6000001	7000000	0.0043698344613354	994088	4344	994088	0
pop1	NC_091030.1	7000001	8000000	0.0049032791126445	977917	4795	977917	0
pop1	NC_091030.1	8000001	9000000	0.0044886821014687	987595	4433	987595	0
pop1	NC_091030.1	9000001	10000000	0.0021848539634742	992286	2168	992286	0
pop1	NC_091030.1	10000001	11000000	0.0020434761946651	989001	2021	989001	0
pop1	NC_091030.1	11000001	12000000	0.0025154892667066	123634	311	123634	0
pop1	NC_091031.1	1	1000000	0.0028822994000111	969018	2793	969018	0
pop1	NC_091031.1	1000001	2000000	0.0058121679470011	957302	5564	957302	0
pop1	NC_091031.1	2000001	3000000	0.0046212621016616	977655	4518	977655	0
pop1	NC_091031.1	3000001	4000000	0.00045245049679618	722731	327	722731	0
pop1	NC_091031.1	4000001	5000000	0.0014155898461005	980510	1388	980510	0
pop1	NC_091031.1	5000001	6000000	0.0047857287036617	971012	4647	971012	0
pop1	NC_091031.1	6000001	7000000	0.0046101852645499	980004	4518	980004	0
pop1	NC_091031.1	7000001	8000000	0.0050042575489618	992355	4966	992355	0
pop1	NC_091031.1	8000001	9000000	0.0055457200892573	989051	5485	989051	0
pop1	NC_091031.1	9000001	10000000	0.0055158877513129	942550	5199	942550	0
pop1	NC_091031.1	10000001	11000000	0.0058782588875978	982774	5777	982774	0
pop1	NC_091031.1	11000001	12000000	0.0063643800517588	971815	6185	971815	0
pop1	NC_091031.1	12000001	13000000	0.0028558145712957	542052	1548	542052	0
pop1	NC_091032.1	1	1000000	0.004283019008153	941859	4034	941859	0
pop1	NC_091032.1	1000001	2000000	0.0051788655915072	983420	5093	983420	0
pop1	NC_091032.1	2000001	3000000	0.0054671330694853	974551	5328	974551	0
pop1	NC_091032.1	3000001	4000000	0.0057035923876081	982188	5602	982188	0
pop1	NC_091032.1	4000001	5000000	0.0043266122514951	989920	4283	989920	0
pop1	NC_091032.1	5000001	6000000	0.0053434127600575	982331	5249	982331	0
pop1	NC_091032.1	6000001	7000000	0.0043994823184593	986707	4341	986707	0
pop1	NC_091032.1	7000001	8000000	0.0042229712672347	990298	4182	990298	0
pop1	NC_091032.1	8000001	9000000	0.0039873082055892	982367	3917	982367	0
pop1	NC_091032.1	9000001	10000000	0.0044106901039822	988054	4358	988054	0
pop1	NC_091032.1	10000001	11000000	0.0027012971275366	990265	2675	990265	0
pop1	NC_091032.1	11000001	12000000	0.0015617788427918	214499	335	214499	0
pop1	NC_091033.1	1	1000000	0.001717504230617	356331	612	356331	0
pop1	NC_091033.1	1000001	2000000	0.0024572407772641	989728	2432	989728	0
pop1	NC_091033.1	2000001	3000000	0.0044375682562796	549400	2438	549400	0
pop1	NC_091033.1	3000001	4000000	0.0063011444935917	979822	6174	979822	0
pop1	NC_091033.1	4000001	5000000	0.0061937376797376	985673	6105	985673	0
pop1	NC_091033.1	5000001	6000000	0.0050361913146903	990431	4988	990431	0
pop1	NC_091033.1	6000001	7000000	0.004535802825983	989461	4488	989461	0
pop1	NC_091033.1	7000001	8000000	0.0040263970591196	993444	4000	993444	0
pop1	NC_091033.1	8000001	9000000	0.0041075188000307	989892	4066	989892	0
pop1	NC_091033.1	9000001	10000000	0.0048061399753452	969385	4659	969385	0
pop1	NC_091033.1	10000001	11000000	0.0045537266128208	978100	4454	978100	0
pop1	NC_091033.1	11000001	12000000	0.0044349614717771	990313	4392	990313	0
pop1	NC_091033.1	12000001	13000000	0.0037221406848134	991365	3690	991365	0
pop1	NC_091033.1	13000001	14000000	0.0051545554741399	985342	5079	985342	0
pop1	NC_091033.1	14000001	15000000	0.0035371588698884	989212	3499	989212	0
pop1	NC_091033.1	15000001	16000000	0.0021729440040453	984839	2140	984839	0
pop1	NC_091033.1	16000001	17000000	0.0015186352153056	211374	321	211374	0
pop1	NC_091034.1	1	1000000	0.0055873405851226	791253	4421	791253	0
pop1	NC_091034.1	1000001	2000000	0.010388980247433	836752	8693	836752	0
pop1	NC_091034.1	2000001	3000000	0.0034308972542167	844677	2898	844677	0
pop1	NC_091034.1	3000001	4000000	0.0027052791590446	465756	1260	465756	0
pop1	NC_091034.1	4000001	5000000	0.0029551461875779	987430	2918	987430	0
pop1	NC_091034.1	5000001	6000000	0.0055320110926643	977583	5408	977583	0
pop1	NC_091034.1	6000001	7000000	0.0046382530268124	979248	4542	979248	0
pop1	NC_091034.1	7000001	8000000	0.0065963612776331	955830	6305	955830	0
pop1	NC_091034.1	8000001	9000000	0.0024461750441586	988482	2418	988482	0
pop1	NC_091034.1	9000001	10000000	0.00116668398047	125141	146	125141	0
pop1	NC_091035.1	1	1000000	0.0027196380628559	861144	2342	861144	0
pop1	NC_091035.1	1000001	2000000	0.010406502562942	865997	9012	865997	0
pop1	NC_091035.1	2000001	3000000	0.0052581167702482	963653	5067	963653	0
pop1	NC_091035.1	3000001	4000000	0.009214422726509	916498	8445	916498	0
pop1	NC_091035.1	4000001	5000000	0.0053470787703255	976421	5221	976421	0
pop1	NC_091035.1	5000001	6000000	0.0039523122854764	246185	973	246185	0
pop1	NC_091036.1	1	1000000	0.0057898495766787	904514	5237	904514	0
pop1	NC_091036.1	1000001	2000000	0.0086160442511644	686626	5916	686626	0
pop1	NC_091036.1	2000001	3000000	0.0028853040552622	978753	2824	978753	0
pop1	NC_091036.1	3000001	4000000	0.00072435306586876	506659	367	506659	0
pop1	NC_091036.1	4000001	5000000	0.0043094994944645	984105	4241	984105	0
pop1	NC_091036.1	5000001	6000000	0.0075331040366005	920205	6932	920205	0
pop1	NC_091036.1	6000001	7000000	0.0056126131699973	969780	5443	969780	0
pop1	NC_091036.1	7000001	8000000	0.0035115769286247	984458	3457	984458	0
pop1	NC_091036.1	8000001	9000000	0.0016468650746971	59507	98	59507	0
pop1	NC_091037.1	1	1000000	0.0027627251142967	826358	2283	826358	0
pop1	NC_091037.1	1000001	2000000	0.0048883855767302	987238	4826	987238	0
pop1	NC_091037.1	2000001	3000000	0.0053158055054956	981601	5218	981601	0
pop1	NC_091037.1	3000001	4000000	0.005208875499303	979866	5104	979866	0
pop1	NC_091037.1	4000001	5000000	0.0048931795069322	981366	4802	981366	0
pop1	NC_091037.1	5000001	6000000	0.005907237825989	976260	5767	976260	0
pop1	NC_091037.1	6000001	7000000	0.0059963381763466	980932	5882	980932	0
pop1	NC_091037.1	7000001	8000000	0.005651900341101	90589	512	90589	0
pop1	NC_091038.1	1	1000000	0.0053028869042498	348678	1849	348678	0
pop1	NC_091038.1	1000001	2000000	0.010137179686778	854281	8660	854281	0
pop1	NC_091038.1	2000001	3000000	0.012618308530387	788616	9951	788616	0
pop1	NC_091038.1	3000001	4000000	0.0042069935049466	763966	3214	763966	0
pop1	NC_091038.1	4000001	5000000	0	2172	0	2172	0
pop1	NC_091039.1	1	1000000	0.0068511552928533	29776	204	29776	0
pop1	NC_091039.1	1000001	2000000	0.0056145601264848	779224	4375	779224	0
pop1	NC_091039.1	2000001	3000000	0.0057063589317512	958054	5467	958054	0
pop1	NC_091039.1	3000001	4000000	0.0057025340067277	956943	5457	956943	0
pop1	NC_091039.1	4000001	5000000	0.0051753301108169	980807	5076	980807	0
pop1	NC_091039.1	5000001	6000000	0.0086279092622107	936148	8077	936148	0
pop1	NC_091039.1	6000001	7000000	0.0054757183811026	977406	5352	977406	0
pop1	NC_091039.1	7000001	8000000	0.0020053394075217	979884	1965	979884	0
pop1	NC_091039.1	8000001	9000000	0.0060363049968402	45889	277	45889	0
pop1	NC_091040.1	1	1000000	0.0031785879933704	924939	2940	924939	0
pop1	NC_091040.1	1000001	2000000	0.011023935200111	849878	9369	849878	0
pop1	NC_091040.1	2000001	3000000	0.0063324875355659	954917	6047	954917	0
pop1	NC_091040.1	3000001	4000000	0.0051204725633453	643300	3294	643300	0
pop1	NC_091040.1	4000001	5000000	0.0061095992306067	610351	3729	610351	0
pop1	NC_091040.1	5000001	6000000	0.005501127199028	808198	4446	808198	0
pop1	NC_091040.1	6000001	7000000	0.0065576464787575	730140	4788	730140	0
pop1	NC_091041.1	1	1000000	0.0029788887449812	7721	23	7721	0
pop1	NC_091041.1	1000001	2000000	0.0051149438556795	649665	3323	649665	0
pop1	NC_091041.1	2000001	3000000	0.0063380532828739	925363	5865	925363	0
pop1	NC_091041.1	3000001	4000000	0.0049601362966288	980215	4862	980215	0
pop1	NC_091041.1	4000001	5000000	0.0049573285518542	983796	4877	983796	0
pop1	NC_091041.1	5000001	6000000	0.007891215279739	920644	7265	920644	0
pop1	NC_091041.1	6000001	7000000	0.0058311970907357	805152	4695	805152	0
pop1	NC_091042.1	1	1000000	0.00705977957235	137823	973	137823	0
pop1	NC_091042.1	1000001	2000000	0.0079570550356668	925091	7361	925091	0
pop1	NC_091042.1	2000001	3000000	0.0087770460426848	882985	7750	882985	0
pop1	NC_091042.1	3000001	4000000	0.0065440815216985	400973	2624	400973	0
pop1	NC_091043.1	1	1000000	0.014028637086795	707125	9920	707125	0
pop1	NC_091043.1	1000001	2000000	0.018999242641874	459492	8730	459492	0
pop1	NC_091043.1	2000001	3000000	0.0051810703984617	18722	97	18722	0
pop1	NC_091044.1	1	1000000	0.012408786865309	420992	5224	420992	0
pop1	NC_091044.1	1000001	2000000	0.017490910973048	560291	9800	560291	0
pop1	NC_091044.1	2000001	3000000	0.0080499530241468	327828	2639	327828	0
pop1	NC_091045.1	1	1000000	0.013268572236836	438329	5816	438329	0
pop1	NC_138417.1	1	1000000	0.001371196801309	347142	476	347142	0
pop1	NC_138417.1	1000001	2000000	0.0015574747542901	533556	831	533556	0
pop1	NC_138417.1	2000001	3000000	0.0019450839959131	498179	969	498179	0
pop1	NC_138417.1	3000001	4000000	0.0015114911880546	622564	941	622564	0
pop1	NC_138417.1	4000001	5000000	0.0014385695780726	628402	904	628402	0
pop1	NC_138417.1	5000001	6000000	0.0018740038102521	449839	843	449839	0
pop1	NC_138417.1	6000001	7000000	0.0015544290224102	499862	777	499862	0
pop1	NC_138417.1	7000001	8000000	0.0013817280285504	633265	875	633265	0
pop1	NC_138417.1	8000001	9000000	0.0016457443968836	520737	857	520737	0
pop1	NC_138417.1	9000001	10000000	0.0016506142122738	576755	952	576755	0
pop1	NC_138417.1	10000001	11000000	0.0017919021207075	632289	1133	632289	0
pop1	NC_138417.1	11000001	12000000	0.0020471015693893	603292	1235	603292	0
pop1	NC_138417.1	12000001	13000000	0.0015674247653113	588226	922	588226	0
pop1	NC_138417.1	13000001	14000000	0.0018347437600877	448564	823	448564	0
pop1	NC_138417.1	14000001	15000000	0.00098197914828652	521396	512	521396	0
pop1	NC_138417.1	15000001	16000000	0	1851	0	1851	0
pop1	NC_138417.1	16000001	17000000	0.0024778600024263	329720	817	329720	0
pop1	NC_138417.1	17000001	18000000	0.0012184066666559	618841	754	618841	0
pop1	NC_138417.1	18000001	19000000	0.0019094076078412	483396	923	483396	0
pop1	NC_138417.1	19000001	20000000	0.0018141222439297	580446	1053	580446	0
pop1	NC_138417.1	20000001	21000000	0.0025596760231241	402004	1029	402004	0
pop1	NW_027184081.1	1	1000000	0.0031193326079071	13785	43	13785	0
pop1	NW_027184081.1	1000001	2000000	0.0058835065699157	10198	60	10198	0
pop1	NW_027184081.1	2000001	3000000	0.0031228652288475	10247	32	10247	0
pop1	NW_027184081.1	3000001	4000000	0.00037064492216457	2698	1	2698	0
pop1	NW_027184081.1	4000001	5000000	0.0022862604436214	368287	842	368287	0
pop1	NW_027184081.1	5000001	6000000	0.0016634976315805	508567	846	508567	0
pop1	NW_027184081.1	6000001	7000000	0.0014602820099605	535513	782	535513	0
pop1	NW_027184081.1	7000001	8000000	0.0012603784286232	253892	320	253892	0
pop1	NW_027184081.1	8000001	9000000	0.0016150977710972	589438	952	589438	0
pop1	NW_027184081.1	9000001	10000000	0.0019969709553704	163748	327	163748	0
pop1	NW_027184082.1	1	1000000	0.0017565977475206	475920	836	475920	0
pop1	NW_027184082.1	1000001	2000000	0.0018314272923365	515991	945	515991	0
pop1	NW_027184082.1	2000001	3000000	0.001529486704262	555742	850	555742	0
pop1	NW_027184082.1	3000001	4000000	0.0019566653083592	284668	557	284668	0
pop1	NW_027184082.1	4000001	5000000	0.0024167696963933	357502	864	357502	0
pop1	NW_027184083.1	1	1000000	0.0017440210063161	563640	983	563640	0
pop1	NW_027184083.1	1000001	2000000	0.00081907521714577	660501	541	660501	0
pop1	NW_027184083.1	2000001	3000000	0.0017734607960651	612362	1086	612362	0
pop1	NW_027184083.1	3000001	4000000	0.00078871138899246	139468	110	139468	0
pop1	NW_027184084.1	1	1000000	0.0014614224897325	519357	759	519357	0
pop1	NW_027184084.1	1000001	2000000	0.001500553482842	243910	366	243910	0
pop1	NW_027184084.1	2000001	3000000	0.0015880647147248	459679	730	459679	0
pop1	NW_027184084.1	3000001	4000000	0	452	0	452	0
pop1	NC_138418.1	1	1000000	0.0022664713886552	481365	1091	481365	0
pop1	NC_138418.1	1000001	2000000	0.001811796416121	851089	1542	851089	0
pop1	NC_138418.1	2000001	3000000	0.00043050602041447	824611	355	824611	0
pop1	NC_138418.1	3000001	4000000	0.0018662628117316	830001	1549	830001	0
pop1	NC_138418.1	4000001	5000000	0.00071384030809014	720049	514	720049	0
pop1	NC_138418.1	5000001	6000000	0.00051704893241638	694325	359	694325	0
pop1	NC_138418.1	6000001	7000000	0.00058989386495098	654355	386	654355	0
pop1	NC_138418.1	7000001	8000000	0.00041717651216521	752679	314	752679	0
pop1	NC_138418.1	8000001	9000000	0.00039894305340408	792093	316	792093	0
pop1	NC_138418.1	9000001	10000000	0.00040679986019836	872665	355	872665	0
pop1	NC_138418.1	10000001	11000000	0.00036969380654141	873696	323	873696	0
pop1	NC_138418.1	11000001	12000000	0.00090741312257086	813301	738	813301	0
pop1	NC_138418.1	12000001	13000000	0.00035007488397606	811255	284	811255	0
pop1	NC_138418.1	13000001	14000000	0.00050643119616168	833282	422	833282	0
pop1	NC_138418.1	14000001	15000000	0.00075643169556866	740318	560	740318	0
pop1	NC_138418.1	15000001	16000000	0.00072676585467665	804936	585	804936	0
pop1	NC_138418.1	16000001	17000000	0.00037904130226558	831044	315	831044	0
pop1	NC_138418.1	17000001	18000000	0.00046802909858071	841828	394	841828	0
pop1	NC_138418.1	18000001	19000000	0.00045310665237147	783480	355	783480	0
pop1	NC_138418.1	19000001	20000000	0.00068846597608754	788710	543	788710	0
pop1	NC_138418.1	20000001	21000000	0.00038229232193361	782124	299	782124	0
pop1	NC_138418.1	21000001	22000000	0.00038219202195253	829426	317	829426	0
pop1	NC_138418.1	22000001	23000000	0.00029778429502238	842892	251	842892	0
pop1	NC_138418.1	23000001	24000000	0.00029782098627952	772276	230	772276	0
pop1	NC_138418.1	24000001	25000000	0.00040097683453148	800545	321	800545	0
pop1	NC_138418.1	25000001	26000000	0.00024395566136502	815722	199	815722	0
pop1	NC_138418.1	26000001	27000000	0.00027400230400198	839409	230	839409	0
pop1	NC_138418.1	27000001	28000000	0.00028052710323397	834144	234	834144	0
pop1	NC_138418.1	28000001	29000000	0.00066586898453704	783938	522	783938	0
pop1	NC_138418.1	29000001	30000000	0.0003520091495405	741458	261	741458	0
pop1	NC_138418.1	30000001	31000000	0.00035948593511279	723255	260	723255	0
pop1	NC_138418.1	31000001	32000000	0.00042977002474799	828350	356	828350	0
pop1	NC_138418.1	32000001	33000000	0.00034661012588988	738582	256	738582	0
pop1	NC_138418.1	33000001	34000000	0.00042936712081516	754599	324	754599	0
pop1	NC_138418.1	34000001	35000000	0.00031587055138849	823122	260	823122	0
pop1	NC_138418.1	35000001	36000000	0.00038119920489143	794860	303	794860	0
pop1	NC_138418.1	36000001	37000000	0.00061170028663739	707863	433	707863	0
pop1	NC_138418.1	37000001	38000000	0.0003899112378535	784794	306	784794	0
pop1	NC_138418.1	38000001	39000000	0.00031191406592251	856005	267	856005	0
pop1	NC_138418.1	39000001	40000000	0.00045975489078593	785201	361	785201	0
pop1	NC_138418.1	40000001	41000000	0.0014440985406057	222284	321	222284	0
pop1	NC_138418.1	41000001	42000000	0.00035794443154555	826944	296	826944	0
pop1	NC_138418.1	42000001	43000000	0.00043684672955619	812642	355	812642	0
pop1	NC_138418.1	43000001	44000000	0.00043749140199263	806873	353	806873	0
pop1	NC_138418.1	44000001	45000000	0.00033067479278773	786271	260	786271	0
pop1	NC_138418.1	45000001	46000000	0.00046572186889679	599070	279	599070	0
pop1	NC_138418.1	46000001	47000000	0.00037501599897607	781300	293	781300	0
pop1	NC_138418.1	47000001	48000000	0.00046021597278151	790933	364	790933	0
pop1	NC_138418.1	48000001	49000000	0.00043966415331772	775592	341	775592	0
pop1	NC_138418.1	49000001	50000000	0.00049535197112969	700512	347	700512	0
pop1	NC_138418.1	50000001	51000000	0.000631043914626	464310	293	464310	0
pop1	NC_138418.1	51000001	52000000	NA	0	NA	NA	NA
pop1	NC_138418.1	52000001	53000000	NA	0	NA	NA	NA
pop1	NC_138418.1	53000001	54000000	0.00044588918934469	556192	248	556192	0
pop1	NC_138418.1	54000001	55000000	0.00040115399816818	845062	339	845062	0
pop1	NC_138418.1	55000001	56000000	0.00050273125637793	799632	402	799632	0
pop1	NC_138418.1	56000001	57000000	0.0003267969856344	817021	267	817021	0
pop1	NC_138418.1	57000001	58000000	0.00023400095070543	816236	191	816236	0
pop1	NC_138418.1	58000001	59000000	0.00032078617089529	776218	249	776218	0
pop1	NC_138418.1	59000001	60000000	0.00034108399579044	583434	199	583434	0
pop1	NC_138418.1	60000001	61000000	0.00029220694513293	766580	224	766580	0
pop1	NC_138418.1	61000001	62000000	0.00033725310527387	785760	265	785760	0
pop1	NC_138418.1	62000001	63000000	0.00029639704372819	779360	231	779360	0
pop1	NC_138418.1	63000001	64000000	0.00022902251880275	764117	175	764117	0
pop1	NC_138418.1	64000001	65000000	0.00046219144773576	696681	322	696681	0
pop1	NC_138418.1	65000001	66000000	0.00023925628294399	810846	194	810846	0
pop1	NC_138418.1	66000001	67000000	0.00083357097418124	729392	608	729392	0
pop1	NC_138418.1	67000001	68000000	0.00061982381178457	758280	470	758280	0
pop1	NC_138418.1	68000001	69000000	0.00017707325345916	801928	142	801928	0
pop1	NC_138418.1	69000001	70000000	0.005775968184831	433001	2501	433001	0
pop1	NC_138418.1	70000001	71000000	0.0021237746208933	772210	1640	772210	0
pop1	NC_138418.1	71000001	72000000	0.00060900015225004	827586	504	827586	0
pop1	NC_138418.1	72000001	73000000	0.00029693026505393	229010	68	229010	0
pop1	NW_027184086.1	1	1000000	0.0004960886560522	618841	307	618841	0
pop1	NW_027184086.1	1000001	2000000	0.00023691747914814	801967	190	801967	0
pop1	NW_027184086.1	2000001	3000000	0.00024624897336953	702541	173	702541	0
pop1	NW_027184086.1	3000001	4000000	0.0012598137666606	492930	621	492930	0
pop1	NW_027184086.1	4000001	5000000	0.0015197568389058	658	1	658	0
pop1	NW_027184087.1	1	1000000	0.00050805717180532	682994	347	682994	0
pop1	NW_027184087.1	1000001	2000000	0.00055761563554242	179335	100	179335	0
pop1	NW_027184088.1	1	1000000	0.0029932230187634	148001	443	148001	0
pop1	NW_027184088.1	1000001	2000000	0.0086455331412104	347	3	347	0
pop1	NW_027183733.1	1	1000000	0.0018227487940961	44987	82	44987	0
pop1	NW_027183733.1	1000001	2000000	0.0017490781885223	21154	37	21154	0
pop1	NW_027183733.1	2000001	3000000	0.0023687480584032	25752	61	25752	0
pop1	NW_027183733.1	3000001	4000000	0	1125	0	1125	0
pop1	NW_027183733.1	4000001	5000000	0.00037664783427495	5310	2	5310	0
pop1	NW_027183804.1	1	1000000	0.00099078569305459	20186	20	20186	0
pop1	NW_027183804.1	1000001	2000000	0.010322541956622	366867	3787	366867	0
pop1	NW_027183804.1	2000001	3000000	0.0087801244176371	332911	2923	332911	0
pop1	NW_027183804.1	3000001	4000000	0.0088760391940691	88891	789	88891	0
pop1	NW_027183804.1	4000001	5000000	0.0057972783303838	32774	190	32774	0
pop1	NW_027183894.1	1	1000000	0.0025613240074869	10151	26	10151	0
pop1	NW_027183894.1	1000001	2000000	0.0072862073373386	15646	114	15646	0
pop1	NW_027183894.1	2000001	3000000	0.00063959066197634	3127	2	3127	0
pop1	NW_027183894.1	3000001	4000000	0.0012738853503185	785	1	785	0
pop1	NW_027183905.1	1	1000000	0.0062424156053912	463122	2891	463122	0
pop1	NW_027183905.1	1000001	2000000	0.0063317596503793	342085	2166	342085	0
pop1	NW_027183905.1	2000001	3000000	0.0058309458689047	415713	2424	415713	0
pop1	NW_027183916.1	1	1000000	NA	0	NA	NA	NA
pop1	NW_027183916.1	1000001	2000000	0.0068902158934313	4354	30	4354	0
pop1	NW_027183916.1	2000001	3000000	0.0026666666666667	2625	7	2625	0
pop1	NW_027183927.1	1	1000000	0.0013054830287206	3064	4	3064	0
pop1	NW_027183927.1	1000001	2000000	0	450	0	450	0
pop1	NW_027183927.1	2000001	3000000	0.0060952380952381	36750	224	36750	0
pop1	NW_027183938.1	1	1000000	0.0057103171541014	12959	74	12959	0
pop1	NW_027183938.1	1000001	2000000	0.00355871886121	562	2	562	0
pop1	NW_027183938.1	2000001	3000000	0.010830324909747	554	6	554	0
pop1	NW_027183949.1	1	1000000	0.013207056341531	349813	4620	349813	0
pop1	NW_027183949.1	1000001	2000000	0.003464703334777	20781	72	20781	0
pop1	NW_027183949.1	2000001	3000000	0.0035408991737902	27959	99	27959	0
pop1	NW_027183960.1	1	1000000	0.0048749470114455	4718	23	4718	0
pop1	NW_027183960.1	1000001	2000000	0.0066290550070522	7090	47	7090	0
pop1	NW_027183960.1	2000001	3000000	0.005524861878453	543	3	543	0
pop1	NW_027183981.1	1	1000000	0.0018714602314701	162440	304	162440	0
pop1	NW_027183981.1	1000001	2000000	0.0018481932317889	109837	203	109837	0
pop1	NW_027183981.1	2000001	3000000	0.0024629208617517	147792	364	147792	0
pop1	NW_027183992.1	1	1000000	0.0099846966915335	386191	3856	386191	0
pop1	NW_027183992.1	1000001	2000000	0.00093720712277413	1067	1	1067	0
pop1	NW_027184003.1	1	1000000	0.0043365134431917	2306	10	2306	0
pop1	NW_027184003.1	1000001	2000000	0.0043173750359781	10423	45	10423	0
pop1	NW_027184003.1	2000001	3000000	0.00070224719101124	1424	1	1424	0
pop1	NW_027184024.1	1	1000000	0.004841997961264	11772	57	11772	0
pop1	NW_027184024.1	1000001	2000000	0.0052539404553415	571	3	571	0
pop1	NW_027184024.1	2000001	3000000	0.00096680631646793	3103	3	3103	0
pop1	NW_027184055.1	1	1000000	0.0068134809587541	49314	336	49314	0
pop1	NW_027184055.1	1000001	2000000	0.0069191768565464	134120	928	134120	0
pop1	NW_027184055.1	2000001	3000000	0.0064819595020937	17433	113	17433	0
pop1	NW_027184058.1	1	1000000	0.007230255839822	10788	78	10788	0
pop1	NW_027184058.1	1000001	2000000	0.0013863216266174	2164	3	2164	0
pop1	NW_027184058.1	2000001	3000000	0.0032493907392364	7386	24	7386	0
pop1	NW_027184059.1	1	1000000	0.0051282051282051	4095	21	4095	0
pop1	NW_027184059.1	1000001	2000000	0.0090072824837102	5218	47	5218	0
pop1	NW_027184060.1	1	1000000	0.0040335409974033	97433	393	97433	0
pop1	NW_027184061.1	1	1000000	0.0059574878930241	455729	2715	455729	0
pop1	NW_027184061.1	1000001	2000000	0.010115964070149	420820	4257	420820	0
pop1	NW_027184062.1	1	1000000	0.0017540676223311	16533	29	16533	0
pop1	NW_027184062.1	1000001	2000000	0.0075009494872769	10532	79	10532	0
pop1	NW_027184063.1	1	1000000	0.0088579474468624	248929	2205	248929	0
pop1	NW_027184063.1	1000001	2000000	0.013746470995579	300368	4129	300368	0
pop1	NW_027184064.1	1	1000000	0.00072732280113167	798820	581	798820	0
pop1	NW_027184064.1	1000001	2000000	0.00068065548796179	777192	529	777192	0
pop1	NW_027184065.1	1	1000000	0.0066015315553208	7574	50	7574	0
pop1	NW_027184065.1	1000001	2000000	0.010449795547478	2201	23	2201	0
pop1	NW_027184066.1	1	1000000	0.0036151837718417	4979	18	4979	0
pop1	NW_027184066.1	1000001	2000000	0.0079468050600065	18498	147	18498	0
pop1	NW_027184067.1	1	1000000	0	545	0	545	0
pop1	NW_027184067.1	1000001	2000000	0.0021598272138229	4167	9	4167	0
pop1	NW_027184068.1	1	1000000	0.00088157508081105	3403	3	3403	0
pop1	NW_027184068.1	1000001	2000000	0.0014336917562724	1395	2	1395	0
pop1	NW_027184069.1	1	1000000	0.0087091757387247	16075	140	16075	0
pop1	NW_027184069.1	1000001	2000000	0.0017014519056261	8816	15	8816	0
pop1	NW_027184070.1	1	1000000	0.011904761904762	1008	12	1008	0
pop1	NW_027184070.1	1000001	2000000	0	1193	0	1193	0
pop1	NW_027184071.1	1	1000000	0.0036924982728637	209885	775	209885	0
pop1	NW_027184071.1	1000001	2000000	0.0027367114321183	35444	97	35444	0
pop1	NW_027184072.1	1	1000000	0.0065115471436013	11518	75	11518	0
pop1	NW_027184072.1	1000001	2000000	0.0053553038105046	4855	26	4855	0
pop1	NW_027184073.1	1	1000000	0	209	0	209	0
pop1	NW_027184074.1	1	1000000	0.0046789954483242	31417	147	31417	0
pop1	NW_027184074.1	1000001	2000000	0.0036363636363636	1100	4	1100	0
pop1	NW_027184075.1	1	1000000	0.0071942446043165	15151	109	15151	0
pop1	NW_027184075.1	1000001	2000000	0.0018467220683287	1083	2	1083	0
pop1	NW_027184076.1	1	1000000	0.0031261643599088	110039	344	110039	0
pop1	NW_027184076.1	1000001	2000000	0.0039619112395851	58810	233	58810	0
pop1	NW_027184077.1	1	1000000	0.0044146313496159	17442	77	17442	0
pop1	NW_027184077.1	1000001	2000000	0.0058112505811251	4302	25	4302	0
pop1	NW_027184078.1	1	1000000	0.013964743437185	651283	9095	651283	0
pop1	NW_027184078.1	1000001	2000000	0.022440706100169	31327	703	31327	0
pop1	NW_027184079.1	1	1000000	0.005011634150707	5587	28	5587	0
pop1	NW_027183463.1	1	1000000	0.0031710414572766	256698	814	256698	0
pop1	NW_027183463.1	1000001	2000000	0.0073409461663948	1226	9	1226	0
pop1	NW_027183464.1	1	1000000	0.0071548821548822	7128	51	7128	0
pop1	NW_027183465.1	1	1000000	0.0067359507313318	5196	35	5196	0
pop1	NW_027183465.1	1000001	2000000	0.0055172413793103	1450	8	1450	0
pop1	NW_027183466.1	1	1000000	0.0040955140947956	41753	171	41753	0
pop1	NW_027183467.1	1	1000000	0.00034093052271178	689290	235	689290	0
pop1	NW_027183468.1	1	1000000	0.0056443530094424	18957	107	18957	0
pop1	NW_027183469.1	1	1000000	0.0028344671201814	1764	5	1764	0
pop1	NW_027183470.1	1	1000000	0.0057624853850008	11974	69	11974	0
pop1	NW_027183471.1	1	1000000	0.0059235325794292	9285	55	9285	0
pop1	NW_027183472.1	1	1000000	0.0072196773551085	20084	145	20084	0
pop1	NW_027183473.1	1	1000000	0.0027209403569874	9188	25	9188	0
pop1	NW_027183474.1	1	1000000	0.016021498758898	48747	781	48747	0
pop1	NW_027183475.1	1	1000000	0.0017497812773403	5715	10	5715	0
pop1	NW_027183476.1	1	1000000	0.025678432417054	165197	4242	165197	0
pop1	NW_027183477.1	1	1000000	0	3300	0	3300	0
pop1	NW_027183478.1	1	1000000	0.0021818181818182	12375	27	12375	0
pop1	NW_027183479.1	1	1000000	0.0035274270231583	19561	69	19561	0
pop1	NW_027183480.1	1	1000000	0.0010812271928639	29596	32	29596	0
pop1	NW_027183481.1	1	1000000	0.0037856936832997	83208	315	83208	0
pop1	NW_027183482.1	1	1000000	0.00039231071008239	2549	1	2549	0
pop1	NW_027183483.1	1	1000000	0.00055698670194249	14363	8	14363	0
pop1	NW_027183484.1	1	1000000	0.0029828486204325	4023	12	4023	0
pop1	NW_027183486.1	1	1000000	0.00061633281972265	3245	2	3245	0
pop1	NW_027183489.1	1	1000000	0.00084530853761623	2366	2	2366	0
pop1	NW_027183490.1	1	1000000	0.0062893081761006	3498	22	3498	0
pop1	NW_027183491.1	1	1000000	0.017521332681124	147192	2579	147192	0
pop1	NW_027183492.1	1	1000000	0.010121694152658	282265	2857	282265	0
pop1	NW_027183493.1	1	1000000	0.0063541130001717	11646	74	11646	0
pop1	NW_027183494.1	1	1000000	0.027895123617814	232693	6491	232693	0
pop1	NW_027183495.1	1	1000000	0	562	0	562	0
pop1	NW_027183496.1	1	1000000	0.012492739547329	105021	1312	105021	0
pop1	NW_027183497.1	1	1000000	0	780	0	780	0
pop1	NW_027183499.1	1	1000000	0.0035879036391594	5853	21	5853	0
pop1	NW_027183500.1	1	1000000	0.026682578010647	107261	2862	107261	0
pop1	NW_027183501.1	1	1000000	0.0026678141135972	34860	93	34860	0
pop1	NW_027183502.1	1	1000000	0.0017678255745433	1697	3	1697	0
pop1	NW_027183503.1	1	1000000	0.0046704722366373	5781	27	5781	0
pop1	NW_027183504.1	1	1000000	0.00085984522785899	3489	3	3489	0
pop1	NW_027183505.1	1	1000000	0	89	0	89	0
pop1	NW_027183506.1	1	1000000	0.00071047957371226	2815	2	2815	0
pop1	NW_027183507.1	1	1000000	0.0028169014084507	1420	4	1420	0
pop1	NW_027183508.1	1	1000000	0.00055126791620728	1814	1	1814	0
pop1	NW_027183509.1	1	1000000	0.0017133066818961	3502	6	3502	0
pop1	NW_027183510.1	1	1000000	0	148	0	148	0
pop1	NW_027183511.1	1	1000000	0.0045154007418158	6201	28	6201	0
pop1	NW_027183512.1	1	1000000	0.0037351100343226	9906	37	9906	0
pop1	NW_027183513.1	1	1000000	0.0008110300081103	1233	1	1233	0
pop1	NW_027183514.1	1	1000000	0.00069396252602359	1441	1	1441	0
pop1	NW_027183515.1	1	1000000	0.0049833887043189	1204	6	1204	0
pop1	NW_027183516.1	1	1000000	0.018427430852581	56112	1034	56112	0
pop1	NW_027183519.1	1	1000000	0.00052631578947368	3800	2	3800	0
pop1	NW_027183520.1	1	1000000	0.0077887197851388	67020	522	67020	0
pop1	NW_027183521.1	1	1000000	0	1053	0	1053	0
pop1	NW_027183523.1	1	1000000	0.02116406883503	110990	2349	110990	0
pop1	NW_027183524.1	1	1000000	0.0016570008285004	1207	2	1207	0
pop1	NW_027183525.1	1	1000000	0	244	0	244	0
pop1	NW_027183526.1	1	1000000	0	1157	0	1157	0
pop1	NW_027183528.1	1	1000000	0.025250560957367	66850	1688	66850	0
pop1	NW_027183529.1	1	1000000	0.029098464014219	83269	2423	83269	0
pop1	NW_027183530.1	1	1000000	0.016916483611147	92868	1571	92868	0
pop1	NW_027183531.1	1	1000000	0.00031323414252153	6385	2	6385	0
pop1	NW_027183532.1	1	1000000	0.0018288222384784	2734	5	2734	0
pop1	NW_027183533.1	1	1000000	0.0019208605455244	7809	15	7809	0
pop1	NW_027183534.1	1	1000000	0.025629100994385	118264	3031	118264	0
pop1	NW_027183535.1	1	1000000	0.02271553382054	90995	2067	90995	0
pop1	NW_027183536.1	1	1000000	0.021698869643579	140929	3058	140929	0
pop1	NW_027183537.1	1	1000000	0.0011223344556678	1782	2	1782	0
pop1	NW_027183538.1	1	1000000	0.00088028169014085	1136	1	1136	0
pop1	NW_027183539.1	1	1000000	0.0011405759908754	3507	4	3507	0
pop1	NW_027183540.1	1	1000000	0	298	0	298	0
pop1	NW_027183541.1	1	1000000	0.0072675790467202	148330	1078	148330	0
pop1	NW_027183544.1	1	1000000	0	441	0	441	0
pop1	NW_027183547.1	1	1000000	0.0026455026455026	378	1	378	0
pop1	NW_027183549.1	1	1000000	0	1131	0	1131	0
pop1	NW_027183550.1	1	1000000	0.022907163938825	59632	1366	59632	0
pop1	NW_027183551.1	1	1000000	0.023622660111303	77087	1821	77087	0
pop1	NW_027183553.1	1	1000000	0.015594343228437	78490	1224	78490	0
pop1	NW_027183555.1	1	1000000	0	755	0	755	0
pop1	NW_027183556.1	1	1000000	0	1555	0	1555	0
pop1	NW_027183557.1	1	1000000	0.019842194925132	111530	2213	111530	0
pop1	NW_027183558.1	1	1000000	0	825	0	825	0
pop1	NW_027183559.1	1	1000000	0.0024711696869852	8498	21	8498	0
pop1	NW_027183560.1	1	1000000	0.0018382352941176	1632	3	1632	0
pop1	NW_027183562.1	1	1000000	0.0043866520444932	6383	28	6383	0
pop1	NW_027183563.1	1	1000000	0.021952175617405	7653	168	7653	0
pop1	NW_027183565.1	1	1000000	0	632	0	632	0
pop1	NW_027183566.1	1	1000000	0	628	0	628	0
pop1	NW_027183567.1	1	1000000	0.026139095355199	36191	946	36191	0
pop1	NW_027183568.1	1	1000000	0.00070224719101124	1424	1	1424	0
pop1	NW_027183569.1	1	1000000	0.00047775674831407	108842	52	108842	0
pop1	NW_027183570.1	1	1000000	0	647	0	647	0
pop1	NW_027183571.1	1	1000000	0.0040148239654107	3238	13	3238	0
pop1	NW_027183572.1	1	1000000	0.0047619047619048	5250	25	5250	0
pop1	NW_027183573.1	1	1000000	0	614	0	614	0
pop1	NW_027183574.1	1	1000000	0.0003363605785402	2973	1	2973	0
pop1	NW_027183576.1	1	1000000	0	275	0	275	0
pop1	NW_027183577.1	1	1000000	0.020648218668021	11817	244	11817	0
pop1	NW_027183578.1	1	1000000	0	341	0	341	0
pop1	NW_027183579.1	1	1000000	0.020421420837845	60035	1226	60035	0
pop1	NW_027183580.1	1	1000000	0.0021299254526092	939	2	939	0
pop1	NW_027183581.1	1	1000000	0	245	0	245	0
pop1	NW_027183583.1	1	1000000	0.017639647207056	7143	126	7143	0
pop1	NW_027183584.1	1	1000000	0	295	0	295	0
pop1	NW_027183585.1	1	1000000	0	426	0	426	0
pop1	NW_027183586.1	1	1000000	0	59	0	59	0
pop1	NW_027183587.1	1	1000000	0.00077881619937695	1284	1	1284	0
pop1	NW_027183589.1	1	1000000	0.021566653585627	58609	1264	58609	0
pop1	NW_027183590.1	1	1000000	0.00080710250201776	1239	1	1239	0
pop1	NW_027183592.1	1	1000000	0	1186	0	1186	0
pop1	NW_027183593.1	1	1000000	0.0023148148148148	432	1	432	0
pop1	NW_027183595.1	1	1000000	0.025392237819983	29064	738	29064	0
pop1	NW_027183596.1	1	1000000	0.0014079549454417	2841	4	2841	0
pop1	NW_027183597.1	1	1000000	0	931	0	931	0
pop1	NW_027183598.1	1	1000000	0	194	0	194	0
pop1	NW_027183599.1	1	1000000	0.0019935210565662	8026	16	8026	0
pop1	NW_027183600.1	1	1000000	0	661	0	661	0
pop1	NW_027183601.1	1	1000000	0.0012581781580272	7948	10	7948	0
pop1	NW_027183608.1	1	1000000	0	1154	0	1154	0
pop1	NW_027183609.1	1	1000000	0.0009478672985782	8440	8	8440	0
pop1	NW_027183612.1	1	1000000	0	694	0	694	0
pop1	NW_027183613.1	1	1000000	0.0037344983089064	14192	53	14192	0
pop1	NW_027183615.1	1	1000000	0.021843486026867	26873	587	26873	0
pop1	NW_027183616.1	1	1000000	0	148	0	148	0
pop1	NW_027183617.1	1	1000000	0	726	0	726	0
pop1	NW_027183618.1	1	1000000	0.027958772657268	8441	236	8441	0
pop1	NW_027183619.1	1	1000000	0.00087108013937282	1148	1	1148	0
pop1	NW_027183620.1	1	1000000	0	237	0	237	0
pop1	NW_027183623.1	1	1000000	0	664	0	664	0
pop1	NW_027183624.1	1	1000000	0.019728575018849	15916	314	15916	0
pop1	NW_027183627.1	1	1000000	0.0042846105218796	14237	61	14237	0
pop1	NW_027183628.1	1	1000000	0.018170985999404	6714	122	6714	0
pop1	NW_027183631.1	1	1000000	0	883	0	883	0
pop1	NW_027183633.1	1	1000000	0.022258050069416	22329	497	22329	0
pop1	NW_027183634.1	1	1000000	0	124	0	124	0
pop1	NW_027183635.1	1	1000000	0.0025647948164147	7408	19	7408	0
pop1	NW_027183636.1	1	1000000	0	549	0	549	0
pop1	NW_027183637.1	1	1000000	0.00034806822137139	2873	1	2873	0
pop1	NW_027183639.1	1	1000000	0	172	0	172	0
pop1	NW_027183641.1	1	1000000	0	322	0	322	0
pop1	NW_027183642.1	1	1000000	0.023158347214013	18611	431	18611	0
pop1	NW_027183645.1	1	1000000	0.00086580086580087	3465	3	3465	0
pop1	NW_027183646.1	1	1000000	0	421	0	421	0
pop1	NW_027183648.1	1	1000000	0	100	0	100	0
pop1	NW_027183649.1	1	1000000	0.00068259385665529	1465	1	1465	0
pop1	NW_027183650.1	1	1000000	0.019705235729989	12281	242	12281	0
pop1	NW_027183651.1	1	1000000	0.0054476457443573	75629	412	75629	0
pop1	NW_027183653.1	1	1000000	0	975	0	975	0
pop1	NW_027183654.1	1	1000000	0	2048	0	2048	0
pop1	NW_027183656.1	1	1000000	0	220	0	220	0
pop1	NW_027183657.1	1	1000000	0	364	0	364	0
pop1	NW_027183658.1	1	1000000	0.018164451423853	61769	1122	61769	0
pop1	NW_027183660.1	1	1000000	0	287	0	287	0
pop1	NW_027183661.1	1	1000000	0.0010570824524313	946	1	946	0
pop1	NW_027183664.1	1	1000000	0.017485887374363	7263	127	7263	0
pop1	NW_027183665.1	1	1000000	0	113	0	113	0
pop1	NW_027183666.1	1	1000000	0.000659195781147	1517	1	1517	0
pop1	NW_027183667.1	1	1000000	0.0060606060606061	330	2	330	0
pop1	NW_027183669.1	1	1000000	0.017410986332376	11487	200	11487	0
pop1	NW_027183672.1	1	1000000	0.020700230002556	3913	81	3913	0
pop1	NW_027183674.1	1	1000000	0.0014306151645207	1398	2	1398	0
pop1	NW_027183675.1	1	1000000	0	830	0	830	0
pop1	NW_027183676.1	1	1000000	0.0277794057317	17063	474	17063	0
pop1	NW_027183678.1	1	1000000	0.0013740982480247	5822	8	5822	0
pop1	NW_027183679.1	1	1000000	0.026346234749684	19016	501	19016	0
pop1	NW_027183681.1	1	1000000	0.016	125	2	125	0
pop1	NW_027183682.1	1	1000000	0.017154105736783	10668	183	10668	0
pop1	NW_027183683.1	1	1000000	0.021970705725699	10514	231	10514	0
pop1	NW_027183684.1	1	1000000	0	12	0	12	0
pop1	NW_027183685.1	1	1000000	0.0023529411764706	425	1	425	0
pop1	NW_027183686.1	1	1000000	0	146	0	146	0
pop1	NW_027183687.1	1	1000000	0.0085470085470085	702	6	702	0
pop1	NW_027183688.1	1	1000000	0.026567589576547	9824	261	9824	0
pop1	NW_027183690.1	1	1000000	0.028090925891702	5411	152	5411	0
pop1	NW_027183691.1	1	1000000	0.0035282796963541	65471	231	65471	0
pop1	NW_027183692.1	1	1000000	0.0068313189700473	1903	13	1903	0
pop1	NW_027183695.1	1	1000000	0.035743631881676	2434	87	2434	0
pop1	NW_027183703.1	1	1000000	0	582	0	582	0
pop1	NW_027183704.1	1	1000000	0	144	0	144	0
pop1	NW_027183706.1	1	1000000	0.026205095972538	20683	542	20683	0
pop1	NW_027183708.1	1	1000000	0.0016530226700252	12704	21	12704	0
pop1	NW_027183710.1	1	1000000	0.0010500525026251	2857	3	2857	0
pop1	NW_027183712.1	1	1000000	0.0077041602465331	649	5	649	0
pop1	NW_027183713.1	1	1000000	0.0027472527472527	364	1	364	0
pop1	NW_027183715.1	1	1000000	0.0023296447291788	1717	4	1717	0
pop1	NW_027183717.1	1	1000000	0.0040092000590829	47391	190	47391	0
pop1	NW_027183718.1	1	1000000	0.019593718484368	20823	408	20823	0
pop1	NW_027183719.1	1	1000000	0.003030303030303	660	2	660	0
pop1	NW_027183720.1	1	1000000	0.0285833507198	4793	137	4793	0
pop1	NW_027183721.1	1	1000000	0	361	0	361	0
pop1	NW_027183722.1	1	1000000	0.019726769520669	16982	335	16982	0
pop1	NW_027183724.1	1	1000000	0	308	0	308	0
pop1	NW_027183725.1	1	1000000	0	543	0	543	0
pop1	NW_027183727.1	1	1000000	0.023415977961433	9438	221	9438	0
pop1	NW_027183728.1	1	1000000	0.02878842676311	27650	796	27650	0
pop1	NW_027183729.1	1	1000000	0.023097826086957	5888	136	5888	0
pop1	NW_027183730.1	1	1000000	0.015060240963855	664	10	664	0
pop1	NW_027183732.1	1	1000000	0	552	0	552	0
pop1	NW_027183734.1	1	1000000	0.023277837177333	32735	762	32735	0
pop1	NW_027183735.1	1	1000000	0.0018148820326679	1653	3	1653	0
pop1	NW_027183736.1	1	1000000	0.024867800485923	13994	348	13994	0
pop1	NW_027183740.1	1	1000000	0.00063492063492063	1575	1	1575	0
pop1	NW_027183742.1	1	1000000	0	321	0	321	0
pop1	NW_027183743.1	1	1000000	0	287	0	287	0
pop1	NW_027183744.1	1	1000000	0.025026251312566	5714	143	5714	0
pop1	NW_027183747.1	1	1000000	0	340	0	340	0
pop1	NW_027183748.1	1	1000000	0	516	0	516	0
pop1	NW_027183753.1	1	1000000	0	106	0	106	0
pop1	NW_027183756.1	1	1000000	0.025093586737422	24309	610	24309	0
pop1	NW_027183759.1	1	1000000	0.037751561415684	7205	272	7205	0
pop1	NW_027183761.1	1	1000000	0.016443361753959	11494	189	11494	0
pop1	NW_027183765.1	1	1000000	0	426	0	426	0
pop1	NW_027183767.1	1	1000000	0	166	0	166	0
pop1	NW_027183768.1	1	1000000	0	311	0	311	0
pop1	NW_027183769.1	1	1000000	0	391	0	391	0
pop1	NW_027183770.1	1	1000000	0.0042105263157895	475	2	475	0
pop1	NW_027183775.1	1	1000000	0.021459814106069	7316	157	7316	0
pop1	NW_027183777.1	1	1000000	0.022777167947311	3644	83	3644	0
pop1	NW_027183780.1	1	1000000	0	293	0	293	0
pop1	NW_027183781.1	1	1000000	0.018921187151904	13107	248	13107	0
pop1	NW_027183785.1	1	1000000	0.021916716477386	5019	110	5019	0
pop1	NW_027183786.1	1	1000000	0.022695938063421	9429	214	9429	0
pop1	NW_027183790.1	1	1000000	0	143	0	143	0
pop1	NW_027183796.1	1	1000000	0.019218973625026	9782	188	9782	0
pop1	NW_027183797.1	1	1000000	0.026238591916558	6136	161	6136	0
pop1	NW_027183803.1	1	1000000	0.026283413488424	8941	235	8941	0
pop1	NW_027183807.1	1	1000000	0.0038610038610039	259	1	259	0
pop1	NW_027183811.1	1	1000000	0.0046756282875511	1711	8	1711	0
pop1	NW_027183813.1	1	1000000	0.016777461221906	3159	53	3159	0
pop1	NW_027183815.1	1	1000000	0.02129471890971	8218	175	8218	0
pop1	NW_027183816.1	1	1000000	0.019814241486068	4845	96	4845	0
pop1	NW_027183818.1	1	1000000	0.0024449877750611	409	1	409	0
pop1	NW_027183819.1	1	1000000	0.0058309037900875	686	4	686	0
pop1	NW_027183821.1	1	1000000	0.028762457423994	15854	456	15854	0
pop1	NW_027183823.1	1	1000000	0	635	0	635	0
pop1	NW_027183824.1	1	1000000	0	103	0	103	0
pop1	NW_027183830.1	1	1000000	0.020554344440984	3211	66	3211	0
pop1	NW_027183831.1	1	1000000	0.027925869510028	11817	330	11817	0
pop1	NW_027183832.1	1	1000000	0	434	0	434	0
pop1	NW_027183836.1	1	1000000	0.025087201502549	7454	187	7454	0
pop1	NW_027183837.1	1	1000000	0	231	0	231	0
pop1	NW_027183843.1	1	1000000	0	401	0	401	0
pop1	NW_027183845.1	1	1000000	0.0065189048239896	2301	15	2301	0
pop1	NW_027183846.1	1	1000000	0	400	0	400	0
pop1	NW_027183847.1	1	1000000	0.0052083333333333	192	1	192	0
pop1	NW_027183852.1	1	1000000	0.0079439252336449	8560	68	8560	0
pop1	NW_027183856.1	1	1000000	0	32	0	32	0
pop1	NW_027183861.1	1	1000000	0	186	0	186	0
pop1	NW_027183872.1	1	1000000	0.016894609814964	2486	42	2486	0
pop1	NW_027183873.1	1	1000000	0.018612521150592	1773	33	1773	0
pop1	NW_027183875.1	1	1000000	0.017898832684825	2570	46	2570	0
pop1	NW_027183880.1	1	1000000	0.025936599423631	13186	342	13186	0
pop1	NW_027183892.1	1	1000000	0.017906113889337	6199	111	6199	0
pop1	NW_027183893.1	1	1000000	0.021376872580374	5941	127	5941	0
pop1	NW_027183896.1	1	1000000	0.025870557694029	11171	289	11171	0
pop1	NW_027183897.1	1	1000000	0.023910482921084	8490	203	8490	0
pop1	NW_027183908.1	1	1000000	0.026828298887122	5032	135	5032	0
pop1	NW_027183912.1	1	1000000	0.014933429291112	5558	83	5558	0
pop1	NW_027183918.1	1	1000000	0	370	0	370	0
pop1	NW_027183921.1	1	1000000	0	736	0	736	0
pop1	NW_027183924.1	1	1000000	0.022624136797106	15205	344	15205	0
pop1	NW_027183929.1	1	1000000	0.024472101803944	7151	175	7151	0
pop1	NW_027183930.1	1	1000000	0	99	0	99	0
pop1	NW_027183932.1	1	1000000	0.011703511053316	2307	27	2307	0
pop1	NW_027183942.1	1	1000000	0	12	0	12	0
pop1	NW_027183946.1	1	1000000	0.018366727383121	26352	484	26352	0
pop1	NW_027183955.1	1	1000000	0.02657128257537	9785	260	9785	0
pop1	NW_027183956.1	1	1000000	0.016150740242261	2229	36	2229	0
pop1	NW_027183957.1	1	1000000	0	204	0	204	0
pop1	NW_027183958.1	1	1000000	0.023881601076354	5946	142	5946	0
pop1	NW_027183961.1	1	1000000	0	278	0	278	0
pop1	NW_027183963.1	1	1000000	0.034627983153954	4274	148	4274	0
pop1	NW_027183967.1	1	1000000	0.030015552099533	6430	193	6430	0
pop1	NW_027183971.1	1	1000000	0.026775320139697	859	23	859	0
pop1	NW_027183974.1	1	1000000	0	102	0	102	0
pop1	NW_027183975.1	1	1000000	0.0040482415450789	11857	48	11857	0
pop1	NW_027183976.1	1	1000000	0	137	0	137	0
pop1	NW_027183977.1	1	1000000	0.025466893039049	2945	75	2945	0
pop1	NW_027183980.1	1	1000000	0.022310361923649	2017	45	2017	0
pop1	NW_027183983.1	1	1000000	0.011764705882353	85	1	85	0
pop1	NW_027183985.1	1	1000000	0.018791946308725	745	14	745	0
pop1	NW_027183987.1	1	1000000	0.013968775677896	3651	51	3651	0
pop1	NW_027183991.1	1	1000000	0.034324942791762	437	15	437	0
pop1	NW_027183995.1	1	1000000	0.022761760242792	7908	180	7908	0
pop1	NW_027183999.1	1	1000000	0	35	0	35	0
pop1	NW_027184007.1	1	1000000	0.0076026355803345	11838	90	11838	0
pop1	NW_027184010.1	1	1000000	0.028776978417266	5838	168	5838	0
pop1	NW_027184011.1	1	1000000	0	271	0	271	0
pop1	NW_027184012.1	1	1000000	0.013182674199623	6903	91	6903	0
pop1	NW_027184014.1	1	1000000	0.023039432875498	2257	52	2257	0
pop1	NW_027184016.1	1	1000000	0.073637702503682	679	50	679	0
pop1	NW_027184019.1	1	1000000	0.017958412098299	6348	114	6348	0
pop1	NW_027184020.1	1	1000000	0.022727272727273	924	21	924	0
pop1	NW_027184021.1	1	1000000	0.03343701399689	2572	86	2572	0
pop1	NW_027184022.1	1	1000000	0.023394880402854	9532	223	9532	0
pop1	NW_027184025.1	1	1000000	0.026266416510319	4797	126	4797	0
pop1	NW_027184026.1	1	1000000	0.030434782608696	4370	133	4370	0
pop1	NW_027184028.1	1	1000000	0.017339397384878	7036	122	7036	0
pop1	NW_027184030.1	1	1000000	0.049356223175966	932	46	932	0
pop1	NW_027184033.1	1	1000000	0.037557152188112	3062	115	3062	0
pop1	NW_027184036.1	1	1000000	0.0183343691734	16090	295	16090	0
pop1	NW_027184042.1	1	1000000	0.027452974072191	1967	54	1967	0
pop1	NW_027184043.1	1	1000000	0.024317912218268	5058	123	5058	0
pop1	NW_027184044.1	1	1000000	0.0090121929669553	5659	51	5659	0
pop1	NW_027184045.1	1	1000000	0	577	0	577	0
pop1	NW_027184048.1	1	1000000	0.0016756032171582	2984	5	2984	0
pop1	NW_027184050.1	1	1000000	0.015276145710928	851	13	851	0
pop1	NW_027184051.1	1	1000000	0	298	0	298	0
pop1	NW_027184054.1	1	1000000	0	313	0	313	0
pop1	NW_027184057.1	1	1000000	0	39	0	39	0
pop1	NC_051467.1	1	1000000	0	74	0	74	0
