pop	chromosome	window_pos_1	window_pos_2	avg_pi	no_sites	count_diffs	count_comparisons	count_missing
pop1	NC_091013.1	1	1000000	0.0039068135801488	616871	2410	616871	0
pop1	NC_091013.1	1000001	2000000	0.0049988381006819	748774	3743	748774	0
pop1	NC_091013.1	2000001	3000000	0.005242060165366	895831	4696	895831	0
pop1	NC_091013.1	3000001	4000000	0.0048072377895281	909670	4373	909670	0
pop1	NC_091013.1	4000001	5000000	0.0049925463245145	953221	4759	953221	0
pop1	NC_091013.1	5000001	6000000	0.0045270470483653	971936	4400	971936	0
pop1	NC_091013.1	6000001	7000000	0.0043471619596494	968908	4212	968908	0
pop1	NC_091013.1	7000001	8000000	0.003989726890389	972247	3879	972247	0
pop1	NC_091013.1	8000001	9000000	0.0046782594260339	963820	4509	963820	0
pop1	NC_091013.1	9000001	10000000	0.0044940098726269	972183	4369	972183	0
pop1	NC_091013.1	10000001	11000000	0.0044832728812623	977634	4383	977634	0
pop1	NC_091013.1	11000001	12000000	0.0046046848928517	962498	4432	962498	0
pop1	NC_091013.1	12000001	13000000	0.0045734947772079	950258	4346	950258	0
pop1	NC_091013.1	13000001	14000000	0.0033702465352798	973816	3282	973816	0
pop1	NC_091013.1	14000001	15000000	0.0035640448051347	972210	3465	972210	0
pop1	NC_091013.1	15000001	16000000	0.0037217542704352	980989	3651	980989	0
pop1	NC_091013.1	16000001	17000000	0.0035991539449235	964949	3473	964949	0
pop1	NC_091013.1	17000001	18000000	0.0041470045971729	952977	3952	952977	0
pop1	NC_091013.1	18000001	19000000	0.0031360917721684	958199	3005	958199	0
pop1	NC_091013.1	19000001	20000000	0.0010204738966254	977977	998	977977	0
pop1	NC_091013.1	20000001	21000000	0.0037743308438811	971298	3666	971298	0
pop1	NC_091013.1	21000001	22000000	0.0036857803188952	976998	3601	976998	0
pop1	NC_091013.1	22000001	23000000	0.003641014223359	965665	3516	965665	0
pop1	NC_091013.1	23000001	24000000	0.0041653425694077	966067	4024	966067	0
pop1	NC_091013.1	24000001	25000000	0.0034107112771265	973404	3320	973404	0
pop1	NC_091013.1	25000001	26000000	0.0029659230885705	977436	2899	977436	0
pop1	NC_091013.1	26000001	27000000	0.0035588855556504	960694	3419	960694	0
pop1	NC_091013.1	27000001	28000000	0.0030310851408691	968630	2936	968630	0
pop1	NC_091013.1	28000001	29000000	0.0037583363653708	959201	3605	959201	0
pop1	NC_091013.1	29000001	30000000	0.002316345099658	978697	2267	978697	0
pop1	NC_091013.1	30000001	31000000	0.0027123499268534	978856	2655	978856	0
pop1	NC_091013.1	31000001	32000000	0.0029660894033011	965244	2863	965244	0
pop1	NC_091013.1	32000001	33000000	0.003259458395502	980531	3196	980531	0
pop1	NC_091013.1	33000001	34000000	0.0032233241955281	956466	3083	956466	0
pop1	NC_091013.1	34000001	35000000	0.0023932705778258	976488	2337	976488	0
pop1	NC_091013.1	35000001	36000000	0.0037283160217073	974971	3635	974971	0
pop1	NC_091013.1	36000001	37000000	0.0031021730492986	981570	3045	981570	0
pop1	NC_091013.1	37000001	38000000	0.0033925884831417	969761	3290	969761	0
pop1	NC_091013.1	38000001	39000000	0.0029632768653554	967510	2867	967510	0
pop1	NC_091013.1	39000001	40000000	0.0027540495298114	974928	2685	974928	0
pop1	NC_091013.1	40000001	41000000	0.0035470548726837	979686	3475	979686	0
pop1	NC_091013.1	41000001	42000000	0.0036772530081035	977360	3594	977360	0
pop1	NC_091013.1	42000001	43000000	0.0035038513364453	965509	3383	965509	0
pop1	NC_091013.1	43000001	44000000	0.0040671728948026	976108	3970	976108	0
pop1	NC_091013.1	44000001	45000000	0.004328097803607	964627	4175	964627	0
pop1	NC_091013.1	45000001	46000000	0.0051577005705523	954689	4924	954689	0
pop1	NC_091013.1	46000001	47000000	0.0045458170508015	952964	4332	952964	0
pop1	NC_091013.1	47000001	48000000	0.0048675626825725	964343	4694	964343	0
pop1	NC_091013.1	48000001	49000000	0.0044434442241905	973119	4324	973119	0
pop1	NC_091013.1	49000001	50000000	0.0032349305453707	954580	3088	954580	0
pop1	NC_091013.1	50000001	51000000	0.0041223931020469	974434	4017	974434	0
pop1	NC_091013.1	51000001	52000000	0.0035050350350043	977451	3426	977451	0
pop1	NC_091013.1	52000001	53000000	0.0033107441359683	978934	3241	978934	0
pop1	NC_091013.1	53000001	54000000	0.0047486951876053	973320	4622	973320	0
pop1	NC_091013.1	54000001	55000000	0.0042070732957458	975500	4104	975500	0
pop1	NC_091013.1	55000001	56000000	0.0049504285931138	968401	4794	968401	0
pop1	NC_091013.1	56000001	57000000	0.0049141268225115	967415	4754	967415	0
pop1	NC_091013.1	57000001	58000000	0.0041523967232446	79713	331	79713	0
pop1	NC_091013.1	58000001	59000000	0.0040044126716642	460492	1844	460492	0
pop1	NC_091013.1	59000001	60000000	0.0037659914112912	978494	3685	978494	0
pop1	NC_091013.1	60000001	61000000	0.0044788129690122	961862	4308	961862	0
pop1	NC_091013.1	61000001	62000000	0.004195692176256	973856	4086	973856	0
pop1	NC_091013.1	62000001	63000000	0.0035880189068041	982715	3526	982715	0
pop1	NC_091013.1	63000001	64000000	0.0037925585404396	974540	3696	974540	0
pop1	NC_091013.1	64000001	65000000	0.0040133924150906	969504	3891	969504	0
pop1	NC_091013.1	65000001	66000000	0.0038061927785207	962379	3663	962379	0
pop1	NC_091013.1	66000001	67000000	0.0035466296113974	962886	3415	962886	0
pop1	NC_091013.1	67000001	68000000	0.0040630282040235	965536	3923	965536	0
pop1	NC_091013.1	68000001	69000000	0.0045422296967774	973971	4424	973971	0
pop1	NC_091013.1	69000001	70000000	0.0039506715327873	983124	3884	983124	0
pop1	NC_091013.1	70000001	71000000	0.0037680913815757	979541	3691	979541	0
pop1	NC_091013.1	71000001	72000000	0.0039959143246255	969240	3873	969240	0
pop1	NC_091013.1	72000001	73000000	0.0044052863436123	976554	4302	976554	0
pop1	NC_091013.1	73000001	74000000	0.0034007112506275	565764	1924	565764	0
pop1	NC_091013.1	74000001	75000000	0.003189822900843	421967	1346	421967	0
pop1	NC_091013.1	75000001	76000000	0.0026111471757265	965859	2522	965859	0
pop1	NC_091013.1	76000001	77000000	8.5784478383862e-05	967541	83	967541	0
pop1	NC_091013.1	77000001	78000000	9.5832423097057e-05	970444	93	970444	0
pop1	NC_091013.1	78000001	79000000	7.6225871678895e-05	970799	74	970799	0
pop1	NC_091013.1	79000001	80000000	8.455726537679e-05	969757	82	969757	0
pop1	NC_091013.1	80000001	81000000	9.7041064714132e-05	978967	95	978967	0
pop1	NC_091013.1	81000001	82000000	8.5326274144994e-05	961017	82	961017	0
pop1	NC_091013.1	82000001	83000000	6.8035836330518e-05	970077	66	970077	0
pop1	NC_091013.1	83000001	84000000	0.00011271067351899	550081	62	550081	0
pop1	NC_091013.1	84000001	85000000	9.0081631720914e-05	788174	71	788174	0
pop1	NC_091013.1	85000001	86000000	8.4690183684746e-05	968235	82	968235	0
pop1	NC_091013.1	86000001	87000000	9.8070286458145e-05	968693	95	968693	0
pop1	NC_091013.1	87000001	88000000	0.0015017522160379	970200	1457	970200	0
pop1	NC_091013.1	88000001	89000000	0.0042998167341721	973995	4188	973995	0
pop1	NC_091013.1	89000001	90000000	0.0047856428669283	978134	4681	978134	0
pop1	NC_091013.1	90000001	91000000	0.0041551576217389	966269	4015	966269	0
pop1	NC_091013.1	91000001	92000000	0.00495468601933	969789	4805	969789	0
pop1	NC_091013.1	92000001	93000000	0.0043532866955369	835231	3636	835231	0
pop1	NC_091013.1	93000001	94000000	0.0039974571204837	950104	3798	950104	0
pop1	NC_091013.1	94000001	95000000	0.0041416947339407	975929	4042	975929	0
pop1	NC_091013.1	95000001	96000000	0.0045212509174869	963229	4355	963229	0
pop1	NC_091013.1	96000001	97000000	0.0043112892822645	972099	4191	972099	0
pop1	NC_091013.1	97000001	98000000	0.0039064873644239	970949	3793	970949	0
pop1	NC_091013.1	98000001	99000000	0.0037778190691577	974107	3680	974107	0
pop1	NC_091013.1	99000001	100000000	0.0036451069672648	974457	3552	974457	0
pop1	NC_091013.1	100000001	101000000	0.0040530146145199	980258	3973	980258	0
pop1	NC_091013.1	101000001	102000000	0.0050280899743963	971343	4884	971343	0
pop1	NC_091013.1	102000001	103000000	0.0046944567746795	966459	4537	966459	0
pop1	NC_091013.1	103000001	104000000	0.0037456816702548	958704	3591	958704	0
pop1	NC_091013.1	104000001	105000000	0.0030736099826006	957506	2943	957506	0
pop1	NC_091013.1	105000001	106000000	0.0004817747519682	790826	381	790826	0
pop1	NC_091013.1	106000001	107000000	0.0031107394681526	910073	2831	910073	0
pop1	NC_091013.1	107000001	108000000	0.0042886630994609	898182	3852	898182	0
pop1	NC_091013.1	108000001	109000000	0.0044136198599719	910817	4020	910817	0
pop1	NC_091013.1	109000001	110000000	0.0047858083952766	974548	4664	974548	0
pop1	NC_091013.1	110000001	111000000	0.0049963868683245	983911	4916	983911	0
pop1	NC_091013.1	111000001	112000000	0.0056788438623471	981890	5576	981890	0
pop1	NC_091013.1	112000001	113000000	0.0055410741238106	973277	5393	973277	0
pop1	NC_091013.1	113000001	114000000	0.0055885298656947	974496	5446	974496	0
pop1	NC_091013.1	114000001	115000000	0.0050805175424931	975688	4957	975688	0
pop1	NC_091013.1	115000001	116000000	0.0039776518365363	971176	3863	971176	0
pop1	NC_091013.1	116000001	117000000	0.0050381755515688	982697	4951	982697	0
pop1	NC_091013.1	117000001	118000000	0.0046824250987047	971078	4547	971078	0
pop1	NC_091013.1	118000001	119000000	0.0044335435752369	877402	3890	877402	0
pop1	NC_091013.1	119000001	120000000	0.0048989267277877	930612	4559	930612	0
pop1	NC_091013.1	120000001	121000000	0.0036936473011563	213610	789	213610	0
pop1	NC_091014.1	1	1000000	0.00077246215803361	115216	89	115216	0
pop1	NC_091014.1	1000001	2000000	0.0064794171768791	770594	4993	770594	0
pop1	NC_091014.1	2000001	3000000	0.0059349142147144	907848	5388	907848	0
pop1	NC_091014.1	3000001	4000000	0.0050151401450128	950123	4765	950123	0
pop1	NC_091014.1	4000001	5000000	0.0051567363908567	943814	4867	943814	0
pop1	NC_091014.1	5000001	6000000	0.0048715654899694	975867	4754	975867	0
pop1	NC_091014.1	6000001	7000000	0.0041737727797692	984481	4109	984481	0
pop1	NC_091014.1	7000001	8000000	0.0044775062140597	945839	4235	945839	0
pop1	NC_091014.1	8000001	9000000	0.0041884223521305	758997	3179	758997	0
pop1	NC_091014.1	9000001	10000000	0.0039317538494683	835505	3285	835505	0
pop1	NC_091014.1	10000001	11000000	0.0049979020769953	970007	4848	970007	0
pop1	NC_091014.1	11000001	12000000	0.0051592770877384	978044	5046	978044	0
pop1	NC_091014.1	12000001	13000000	0.00409364652913	973704	3986	973704	0
pop1	NC_091014.1	13000001	14000000	0.004215510297539	978292	4124	978292	0
pop1	NC_091014.1	14000001	15000000	0.0036406839554151	981409	3573	981409	0
pop1	NC_091014.1	15000001	16000000	0.0032336280704669	963005	3114	963005	0
pop1	NC_091014.1	16000001	17000000	0.0041259002034904	962699	3972	962699	0
pop1	NC_091014.1	17000001	18000000	0.0036705115737036	974796	3578	974796	0
pop1	NC_091014.1	18000001	19000000	0.0043368662392118	973514	4222	973514	0
pop1	NC_091014.1	19000001	20000000	0.0036230110658362	980676	3553	980676	0
pop1	NC_091014.1	20000001	21000000	0.0033468931266269	963879	3226	963879	0
pop1	NC_091014.1	21000001	22000000	0.0035906091131421	976436	3506	976436	0
pop1	NC_091014.1	22000001	23000000	0.0038046650381547	971439	3696	971439	0
pop1	NC_091014.1	23000001	24000000	0.0040051921874132	954511	3823	954511	0
pop1	NC_091014.1	24000001	25000000	0.0037475129723566	979583	3671	979583	0
pop1	NC_091014.1	25000001	26000000	0.0032393719780982	936910	3035	936910	0
pop1	NC_091014.1	26000001	27000000	0.0027583184700855	976682	2694	976682	0
pop1	NC_091014.1	27000001	28000000	0.0029381522079289	961829	2826	961829	0
pop1	NC_091014.1	28000001	29000000	0.0035530807797605	970144	3447	970144	0
pop1	NC_091014.1	29000001	30000000	0.0036017504711355	980079	3530	980079	0
pop1	NC_091014.1	30000001	31000000	0.0032026886972206	973557	3118	973557	0
pop1	NC_091014.1	31000001	32000000	0.0031200382297174	973065	3036	973065	0
pop1	NC_091014.1	32000001	33000000	0.0035228474752411	969954	3417	969954	0
pop1	NC_091014.1	33000001	34000000	0.0036901500592877	978280	3610	978280	0
pop1	NC_091014.1	34000001	35000000	0.0033267170002659	970326	3228	970326	0
pop1	NC_091014.1	35000001	36000000	0.0033270667392272	970224	3228	970224	0
pop1	NC_091014.1	36000001	37000000	0.0030495568262608	981782	2994	981782	0
pop1	NC_091014.1	37000001	38000000	0.0032259865499302	985125	3178	985125	0
pop1	NC_091014.1	38000001	39000000	0.0037308346989815	946437	3531	946437	0
pop1	NC_091014.1	39000001	40000000	0.0036952892184443	982873	3632	982873	0
pop1	NC_091014.1	40000001	41000000	0.0035717720532113	977386	3491	977386	0
pop1	NC_091014.1	41000001	42000000	0.0036148629136723	969608	3505	969608	0
pop1	NC_091014.1	42000001	43000000	0.0042351319131925	980607	4153	980607	0
pop1	NC_091014.1	43000001	44000000	0.0043645798964558	981996	4286	981996	0
pop1	NC_091014.1	44000001	45000000	0.0040096844592589	980127	3930	980127	0
pop1	NC_091014.1	45000001	46000000	0.0043380982870627	973007	4221	973007	0
pop1	NC_091014.1	46000001	47000000	0.0034907745996251	982017	3428	982017	0
pop1	NC_091014.1	47000001	48000000	0.0024220255165005	563165	1364	563165	0
pop1	NC_091014.1	48000001	49000000	0.0063451776649746	2364	15	2364	0
pop1	NC_091014.1	49000001	50000000	0.002963415439477	726864	2154	726864	0
pop1	NC_091014.1	50000001	51000000	0.004135784121018	938637	3882	938637	0
pop1	NC_091014.1	51000001	52000000	0.0035936895767409	961964	3457	961964	0
pop1	NC_091014.1	52000001	53000000	0.0032788638207349	972593	3189	972593	0
pop1	NC_091014.1	53000001	54000000	0.0035639897212921	965491	3441	965491	0
pop1	NC_091014.1	54000001	55000000	0.0035775718766713	968534	3465	968534	0
pop1	NC_091014.1	55000001	56000000	0.0031826381970435	742780	2364	742780	0
pop1	NC_091014.1	56000001	57000000	0.0037496508823156	984625	3692	984625	0
pop1	NC_091014.1	57000001	58000000	0.0041522305036728	965746	4010	965746	0
pop1	NC_091014.1	58000001	59000000	0.0046851474625808	451640	2116	451640	0
pop1	NC_091014.1	59000001	60000000	0.0041467867593514	674257	2796	674257	0
pop1	NC_091014.1	60000001	61000000	0.0044484170487011	963264	4285	963264	0
pop1	NC_091014.1	61000001	62000000	0.0056202522777219	970597	5455	970597	0
pop1	NC_091014.1	62000001	63000000	0.0050932539969691	967358	4927	967358	0
pop1	NC_091014.1	63000001	64000000	0.0047332322783453	974387	4612	974387	0
pop1	NC_091014.1	64000001	65000000	0.0047972318718266	949089	4553	949089	0
pop1	NC_091014.1	65000001	66000000	0.0048394521093293	964572	4668	964572	0
pop1	NC_091014.1	66000001	67000000	0.0049436928081582	966484	4778	966484	0
pop1	NC_091014.1	67000001	68000000	0.0050876804020313	947190	4819	947190	0
pop1	NC_091014.1	68000001	69000000	0.0046475515455094	730277	3394	730277	0
pop1	NC_091014.1	69000001	70000000	0.0040928407156672	957037	3917	957037	0
pop1	NC_091014.1	70000001	71000000	0.0031306015518257	957324	2997	957324	0
pop1	NC_091014.1	71000001	72000000	0.00092204239799407	877400	809	877400	0
pop1	NC_091014.1	72000001	73000000	0	224	0	224	0
pop1	NC_091014.1	73000001	74000000	0.00088199364138113	774382	683	774382	0
pop1	NC_091014.1	74000001	75000000	0.0026526132692786	965840	2562	965840	0
pop1	NC_091014.1	75000001	76000000	0.0043997427937189	976648	4297	976648	0
pop1	NC_091014.1	76000001	77000000	0.0039121223672633	978497	3828	978497	0
pop1	NC_091014.1	77000001	78000000	0.0048419341464116	974404	4718	974404	0
pop1	NC_091014.1	78000001	79000000	0.0039027086101762	966252	3771	966252	0
pop1	NC_091014.1	79000001	80000000	0.0028149808576966	922564	2597	922564	0
pop1	NC_091014.1	80000001	81000000	0.00063051702395965	1586	1	1586	0
pop1	NC_091015.1	1	1000000	0.0034741710114968	787526	2736	787526	0
pop1	NC_091015.1	1000001	2000000	0.0072246317782524	908420	6563	908420	0
pop1	NC_091015.1	2000001	3000000	0.0050114910157806	951613	4769	951613	0
pop1	NC_091015.1	3000001	4000000	0.0048772799865512	951760	4642	951760	0
pop1	NC_091015.1	4000001	5000000	0.0048298663585675	969385	4682	969385	0
pop1	NC_091015.1	5000001	6000000	0.0044262863734419	974406	4313	974406	0
pop1	NC_091015.1	6000001	7000000	0.0043799718844757	965303	4228	965303	0
pop1	NC_091015.1	7000001	8000000	0.005158772558608	963989	4973	963989	0
pop1	NC_091015.1	8000001	9000000	0.0042098892527191	978173	4118	978173	0
pop1	NC_091015.1	9000001	10000000	0.0043792283497632	966837	4234	966837	0
pop1	NC_091015.1	10000001	11000000	0.0039418943139552	979732	3862	979732	0
pop1	NC_091015.1	11000001	12000000	0.0043962272451503	977429	4297	977429	0
pop1	NC_091015.1	12000001	13000000	0.0039358675273153	956333	3764	956333	0
pop1	NC_091015.1	13000001	14000000	0.0035986082933233	980379	3528	980379	0
pop1	NC_091015.1	14000001	15000000	0.0034226461505719	977314	3345	977314	0
pop1	NC_091015.1	15000001	16000000	0.0037478089889947	974436	3652	974436	0
pop1	NC_091015.1	16000001	17000000	0.0030898873396016	933691	2885	933691	0
pop1	NC_091015.1	17000001	18000000	0.0034955375219328	948352	3315	948352	0
pop1	NC_091015.1	18000001	19000000	0.0030044536364498	970892	2917	970892	0
pop1	NC_091015.1	19000001	20000000	0.0037864732497043	975578	3694	975578	0
pop1	NC_091015.1	20000001	21000000	0.0035154204791942	962616	3384	962616	0
pop1	NC_091015.1	21000001	22000000	0.003163364135051	973647	3080	973647	0
pop1	NC_091015.1	22000001	23000000	0.0035772867193231	963859	3448	963859	0
pop1	NC_091015.1	23000001	24000000	0.0033863373238934	966531	3273	966531	0
pop1	NC_091015.1	24000001	25000000	0.0040886216148959	775567	3171	775567	0
pop1	NC_091015.1	25000001	26000000	0.0046008119079838	3695	17	3695	0
pop1	NC_091015.1	26000001	27000000	NA	0	NA	NA	NA
pop1	NC_091015.1	27000001	28000000	NA	0	NA	NA	NA
pop1	NC_091015.1	28000001	29000000	NA	0	NA	NA	NA
pop1	NC_091015.1	29000001	30000000	NA	0	NA	NA	NA
pop1	NC_091015.1	30000001	31000000	NA	0	NA	NA	NA
pop1	NC_091015.1	31000001	32000000	NA	0	NA	NA	NA
pop1	NC_091015.1	32000001	33000000	0.0011494252873563	870	1	870	0
pop1	NC_091015.1	33000001	34000000	NA	0	NA	NA	NA
pop1	NC_091015.1	34000001	35000000	NA	0	NA	NA	NA
pop1	NC_091015.1	35000001	36000000	NA	0	NA	NA	NA
pop1	NC_091015.1	36000001	37000000	NA	0	NA	NA	NA
pop1	NC_091015.1	37000001	38000000	NA	0	NA	NA	NA
pop1	NC_091015.1	38000001	39000000	NA	0	NA	NA	NA
pop1	NC_091015.1	39000001	40000000	0.0039367612257312	494823	1948	494823	0
pop1	NC_091015.1	40000001	41000000	0.0036679997366775	972192	3566	972192	0
pop1	NC_091015.1	41000001	42000000	0.0030576486090657	980492	2998	980492	0
pop1	NC_091015.1	42000001	43000000	0.0026495369259164	966584	2561	966584	0
pop1	NC_091015.1	43000001	44000000	0.0033249291052816	979269	3256	979269	0
pop1	NC_091015.1	44000001	45000000	0.0030767403548541	976683	3005	976683	0
pop1	NC_091015.1	45000001	46000000	0.0034008178843495	971531	3304	971531	0
pop1	NC_091015.1	46000001	47000000	0.0037284098044435	973069	3628	973069	0
pop1	NC_091015.1	47000001	48000000	0.0029793290915532	965318	2876	965318	0
pop1	NC_091015.1	48000001	49000000	0.0030799601898763	976636	3008	976636	0
pop1	NC_091015.1	49000001	50000000	0.0027513425777901	982066	2702	982066	0
pop1	NC_091015.1	50000001	51000000	0.0033819421631779	980206	3315	980206	0
pop1	NC_091015.1	51000001	52000000	0.0033730430132932	965004	3255	965004	0
pop1	NC_091015.1	52000001	53000000	0.0040245815737416	967554	3894	967554	0
pop1	NC_091015.1	53000001	54000000	0.0036637805174168	976041	3576	976041	0
pop1	NC_091015.1	54000001	55000000	0.0032230871711549	981047	3162	981047	0
pop1	NC_091015.1	55000001	56000000	0.0030644963646761	979280	3001	979280	0
pop1	NC_091015.1	56000001	57000000	0.0033337168734359	973388	3245	973388	0
pop1	NC_091015.1	57000001	58000000	0.0030779475264579	970127	2986	970127	0
pop1	NC_091015.1	58000001	59000000	0.0032335360065676	974475	3151	974475	0
pop1	NC_091015.1	59000001	60000000	0.003466753963738	968341	3357	968341	0
pop1	NC_091015.1	60000001	61000000	0.0029605510601029	930570	2755	930570	0
pop1	NC_091015.1	61000001	62000000	0.0021072268935218	972368	2049	972368	0
pop1	NC_091015.1	62000001	63000000	0.0017200379296253	878469	1511	878469	0
pop1	NC_091015.1	63000001	64000000	0.00074488711673915	365156	272	365156	0
pop1	NC_091015.1	64000001	65000000	0.00034106340200217	949970	324	949970	0
pop1	NC_091015.1	65000001	66000000	0.00020081755917842	517883	104	517883	0
pop1	NC_091015.1	66000001	67000000	0	748	0	748	0
pop1	NC_091015.1	67000001	68000000	0.00016939038709553	779265	132	779265	0
pop1	NC_091015.1	68000001	69000000	0.0001327798361603	941408	125	941408	0
pop1	NC_091015.1	69000001	70000000	0.00088931742067176	974905	867	974905	0
pop1	NC_091015.1	70000001	71000000	0.0019383496278942	976604	1893	976604	0
pop1	NC_091015.1	71000001	72000000	0.0026072455291028	964236	2514	964236	0
pop1	NC_091015.1	72000001	73000000	0.0031086674921032	978876	3043	978876	0
pop1	NC_091015.1	73000001	74000000	0.0028603195206265	972269	2781	972269	0
pop1	NC_091015.1	74000001	75000000	0.0027276660777621	972993	2654	972993	0
pop1	NC_091015.1	75000001	76000000	0.0022688167287694	972313	2206	972313	0
pop1	NC_091015.1	76000001	77000000	0.003382838536953	977877	3308	977877	0
pop1	NC_091015.1	77000001	78000000	0.0033297061801998	980567	3265	980567	0
pop1	NC_091015.1	78000001	79000000	0.003013326586566	968365	2918	968365	0
pop1	NC_091015.1	79000001	80000000	0.0034349752410738	959250	3295	959250	0
pop1	NC_091015.1	80000001	81000000	0.0031793212623098	981027	3119	981027	0
pop1	NC_091015.1	81000001	82000000	0.0029489282680745	960688	2833	960688	0
pop1	NC_091015.1	82000001	83000000	0.0035843771024345	970601	3479	970601	0
pop1	NC_091015.1	83000001	84000000	0.0036183094575554	960946	3477	960946	0
pop1	NC_091015.1	84000001	85000000	0.0034366831644081	962556	3308	962556	0
pop1	NC_091015.1	85000001	86000000	0.0041135696562022	956347	3934	956347	0
pop1	NC_091015.1	86000001	87000000	0.0038390748551584	955699	3669	955699	0
pop1	NC_091015.1	87000001	88000000	0.004445355019017	951780	4231	951780	0
pop1	NC_091015.1	88000001	89000000	0.0041398310285896	953179	3946	953179	0
pop1	NC_091015.1	89000001	90000000	0.0043207726848271	973437	4206	973437	0
pop1	NC_091015.1	90000001	91000000	0.0031729580667252	816273	2590	816273	0
pop1	NC_091015.1	91000001	92000000	0.0032789300726657	963729	3160	963729	0
pop1	NC_091015.1	92000001	93000000	0.0035146873634705	972775	3419	972775	0
pop1	NC_091015.1	93000001	94000000	0.0042201611163733	959679	4050	959679	0
pop1	NC_091015.1	94000001	95000000	0.003924014251395	922015	3618	922015	0
pop1	NC_091015.1	95000001	96000000	0.0031307787617599	963658	3017	963658	0
pop1	NC_091015.1	96000001	97000000	0.0042043921231202	255685	1075	255685	0
pop1	NC_091015.1	97000001	98000000	0.0035873226164597	643098	2307	643098	0
pop1	NC_091015.1	98000001	99000000	0.0038775622196015	965813	3745	965813	0
pop1	NC_091015.1	99000001	100000000	0.0036686390532544	971750	3565	971750	0
pop1	NC_091015.1	100000001	101000000	0.003699980839202	975951	3611	975951	0
pop1	NC_091015.1	101000001	102000000	0.004155437729847	968851	4026	968851	0
pop1	NC_091015.1	102000001	103000000	0.0035178173970199	976742	3436	976742	0
pop1	NC_091015.1	103000001	104000000	0.004165730528147	970298	4042	970298	0
pop1	NC_091015.1	104000001	105000000	0.0041767843483529	973955	4068	973955	0
pop1	NC_091015.1	105000001	106000000	0.0039008862167306	965678	3767	965678	0
pop1	NC_091015.1	106000001	107000000	0.0037081003275868	967072	3586	967072	0
pop1	NC_091015.1	107000001	108000000	0.0029151857379513	974895	2842	974895	0
pop1	NC_091015.1	108000001	109000000	0.0041994232508859	800348	3361	800348	0
pop1	NC_091015.1	109000001	110000000	0.0044319948012277	966382	4283	966382	0
pop1	NC_091015.1	110000001	111000000	0.0045083990153204	954219	4302	954219	0
pop1	NC_091015.1	111000001	112000000	0.0046269651193254	969534	4486	969534	0
pop1	NC_091015.1	112000001	113000000	0.0038482786329508	955752	3678	955752	0
pop1	NC_091015.1	113000001	114000000	0.0036265280991846	975313	3537	975313	0
pop1	NC_091015.1	114000001	115000000	0.0038241678837257	979821	3747	979821	0
pop1	NC_091015.1	115000001	116000000	0.0035389371350601	963001	3408	963001	0
pop1	NC_091015.1	116000001	117000000	0.0041501352430351	969366	4023	969366	0
pop1	NC_091015.1	117000001	118000000	0.0038121040234978	969281	3695	969281	0
pop1	NC_091015.1	118000001	119000000	0.0038653182346157	974564	3767	974564	0
pop1	NC_091015.1	119000001	120000000	0.0038615022989313	968276	3739	968276	0
pop1	NC_091015.1	120000001	121000000	0.002659609699729	981347	2610	981347	0
pop1	NC_091015.1	121000001	122000000	0.003333610706181	973419	3245	973419	0
pop1	NC_091015.1	122000001	123000000	0.0037801502134089	362684	1371	362684	0
pop1	NC_091015.1	123000001	124000000	0.0043564290927587	967306	4214	967306	0
pop1	NC_091015.1	124000001	125000000	0.0038111303750215	960345	3660	960345	0
pop1	NC_091015.1	125000001	126000000	0.0017104116783971	966434	1653	966434	0
pop1	NC_091015.1	126000001	127000000	0.00014412041313116	950594	137	950594	0
pop1	NC_091015.1	127000001	128000000	9.9670880587092e-05	973203	97	973203	0
pop1	NC_091015.1	128000001	129000000	0.0040243139907951	975570	3926	975570	0
pop1	NC_091015.1	129000001	130000000	0.0037053074861372	974548	3611	974548	0
pop1	NC_091015.1	130000001	131000000	0.0033257193386955	979337	3257	979337	0
pop1	NC_091015.1	131000001	132000000	0.0037516160093692	969982	3639	969982	0
pop1	NC_091015.1	132000001	133000000	0.0036142839449433	976957	3531	976957	0
pop1	NC_091015.1	133000001	134000000	0.0037223475072157	975997	3633	975997	0
pop1	NC_091015.1	134000001	135000000	0.0039229914510533	970178	3806	970178	0
pop1	NC_091015.1	135000001	136000000	0.003294357641388	972572	3204	972572	0
pop1	NC_091015.1	136000001	137000000	0.0032365393133427	970790	3142	970790	0
pop1	NC_091015.1	137000001	138000000	0.0027161779643102	969745	2634	969745	0
pop1	NC_091015.1	138000001	139000000	0.00324761262733	967172	3141	967172	0
pop1	NC_091015.1	139000001	140000000	0.0039443265799018	967212	3815	967212	0
pop1	NC_091015.1	140000001	141000000	0.0039489724789987	976963	3858	976963	0
pop1	NC_091015.1	141000001	142000000	0.0040872697017275	947087	3871	947087	0
pop1	NC_091015.1	142000001	143000000	0.0031298985338733	968402	3031	968402	0
pop1	NC_091015.1	143000001	144000000	0.0026164247397951	973848	2548	973848	0
pop1	NC_091015.1	144000001	145000000	0.0028613303151845	958645	2743	958645	0
pop1	NC_091015.1	145000001	146000000	0.0027809257764637	956516	2660	956516	0
pop1	NC_091015.1	146000001	147000000	0.002162913595895	978310	2116	978310	0
pop1	NC_091015.1	147000001	148000000	0.002907562244039	968165	2815	968165	0
pop1	NC_091015.1	148000001	149000000	0.0024392161427304	979413	2389	979413	0
pop1	NC_091015.1	149000001	150000000	0.0031626106367369	960915	3039	960915	0
pop1	NC_091015.1	150000001	151000000	0.0034016802462812	946885	3221	946885	0
pop1	NC_091015.1	151000001	152000000	0.0031929318112234	960246	3066	960246	0
pop1	NC_091015.1	152000001	153000000	0.0030266542203485	945929	2863	945929	0
pop1	NC_091015.1	153000001	154000000	0.0021696285304591	960994	2085	960994	0
pop1	NC_091015.1	154000001	155000000	0.0027454795517559	959031	2633	959031	0
pop1	NC_091015.1	155000001	156000000	0.0032881233733895	959818	3156	959818	0
pop1	NC_091015.1	156000001	157000000	0.0028237646546052	968211	2734	968211	0
pop1	NC_091015.1	157000001	158000000	0.0030205557151514	953798	2881	953798	0
pop1	NC_091015.1	158000001	159000000	0.003269532888622	972616	3180	972616	0
pop1	NC_091015.1	159000001	160000000	0.003820877273422	968364	3700	968364	0
pop1	NC_091015.1	160000001	161000000	0.0040205476263146	966535	3886	966535	0
pop1	NC_091015.1	161000001	162000000	0.0038877241332668	946312	3679	946312	0
pop1	NC_091015.1	162000001	163000000	0.0045270074148349	947425	4289	947425	0
pop1	NC_091015.1	163000001	164000000	0.0039487894643026	953710	3766	953710	0
pop1	NC_091015.1	164000001	165000000	0.0037398883828553	966339	3614	966339	0
pop1	NC_091015.1	165000001	166000000	0.0051749925846143	950726	4920	950726	0
pop1	NC_091015.1	166000001	167000000	0.0052842538872371	954534	5044	954534	0
pop1	NC_091015.1	167000001	168000000	0.0069227128459268	718360	4973	718360	0
pop1	NC_091015.1	168000001	169000000	0.0063141789072793	541163	3417	541163	0
pop1	NC_091016.1	1	1000000	0.0011563367252544	4324	5	4324	0
pop1	NC_091016.1	1000001	2000000	0.0038874839141171	334921	1302	334921	0
pop1	NC_091016.1	2000001	3000000	0.0046237996110783	933864	4318	933864	0
pop1	NC_091016.1	3000001	4000000	0.0041190234651795	980815	4040	980815	0
pop1	NC_091016.1	4000001	5000000	0.0036327892145254	979688	3559	979688	0
pop1	NC_091016.1	5000001	6000000	0.0040832692339165	977648	3992	977648	0
pop1	NC_091016.1	6000001	7000000	0.0044586765141181	966206	4308	966206	0
pop1	NC_091016.1	7000001	8000000	0.0043770583330163	972571	4257	972571	0
pop1	NC_091016.1	8000001	9000000	0.0024605457956783	965233	2375	965233	0
pop1	NC_091016.1	9000001	10000000	0.0018456225043974	311548	575	311548	0
pop1	NC_091016.1	10000001	11000000	0	1855	0	1855	0
pop1	NC_091016.1	11000001	12000000	0.0020261745397002	748208	1516	748208	0
pop1	NC_091016.1	12000001	13000000	0.0024457483449382	980477	2398	980477	0
pop1	NC_091016.1	13000001	14000000	0.0036430492311753	969792	3533	969792	0
pop1	NC_091016.1	14000001	15000000	0.0045823769420105	963692	4416	963692	0
pop1	NC_091016.1	15000001	16000000	0.0036148461963529	130296	471	130296	0
pop1	NC_091016.1	16000001	17000000	0.0025608239354938	572472	1466	572472	0
pop1	NC_091016.1	17000001	18000000	0.0048084979676063	722055	3472	722055	0
pop1	NC_091016.1	18000001	19000000	0.0049496163123922	974621	4824	974621	0
pop1	NC_091016.1	19000001	20000000	0.0044239758214391	958866	4242	958866	0
pop1	NC_091016.1	20000001	21000000	0.0046739585078274	973051	4548	973051	0
pop1	NC_091016.1	21000001	22000000	0.0048839693879776	963151	4704	963151	0
pop1	NC_091016.1	22000001	23000000	0.0048720640185459	959347	4674	959347	0
pop1	NC_091016.1	23000001	24000000	0.0048349303957644	948721	4587	948721	0
pop1	NC_091016.1	24000001	25000000	0.0049736207771021	956245	4756	956245	0
pop1	NC_091016.1	25000001	26000000	0.0042915295960156	978206	4198	978206	0
pop1	NC_091016.1	26000001	27000000	0.0050643249752596	335484	1699	335484	0
pop1	NC_091016.1	27000001	28000000	0.0041227621483376	195500	806	195500	0
pop1	NC_091016.1	28000001	29000000	0.0039296299641212	974392	3829	974392	0
pop1	NC_091016.1	29000001	30000000	0.0038964345295508	966268	3765	966268	0
pop1	NC_091016.1	30000001	31000000	0.004387583548612	975480	4280	975480	0
pop1	NC_091016.1	31000001	32000000	0.003877556620966	983867	3815	983867	0
pop1	NC_091016.1	32000001	33000000	0.0038666017266642	973206	3763	973206	0
pop1	NC_091016.1	33000001	34000000	0.0042474349872526	981769	4170	981769	0
pop1	NC_091016.1	34000001	35000000	0.003242002464943	979333	3175	979333	0
pop1	NC_091016.1	35000001	36000000	0.003261676078981	194072	633	194072	0
pop1	NC_091016.1	36000001	37000000	0.0038071065989848	1576	6	1576	0
pop1	NC_091016.1	37000001	38000000	0.0035037951488043	794567	2784	794567	0
pop1	NC_091016.1	38000001	39000000	0.0042282414308524	980786	4147	980786	0
pop1	NC_091016.1	39000001	40000000	0.0033386710852536	970446	3240	970446	0
pop1	NC_091016.1	40000001	41000000	0.0036963663729559	970683	3588	970683	0
pop1	NC_091016.1	41000001	42000000	0.0036325273897681	977281	3550	977281	0
pop1	NC_091016.1	42000001	43000000	0.0042581539785234	957692	4078	957692	0
pop1	NC_091016.1	43000001	44000000	0.0039908517398579	977235	3900	977235	0
pop1	NC_091016.1	44000001	45000000	0.0030565513070537	978881	2992	978881	0
pop1	NC_091016.1	45000001	46000000	0.0026907051463993	968891	2607	968891	0
pop1	NC_091016.1	46000001	47000000	0.003067424305972	965631	2962	965631	0
pop1	NC_091016.1	47000001	48000000	0.0027689072277991	977642	2707	977642	0
pop1	NC_091016.1	48000001	49000000	0.0023939818946832	980375	2347	980375	0
pop1	NC_091016.1	49000001	50000000	0.0033941017312631	958722	3254	958722	0
pop1	NC_091016.1	50000001	51000000	0.0033732465706205	948641	3200	948641	0
pop1	NC_091016.1	51000001	52000000	0.003122650545331	970970	3032	970970	0
pop1	NC_091016.1	52000001	53000000	0.0026206368198958	971138	2545	971138	0
pop1	NC_091016.1	53000001	54000000	0.0025349430272316	985032	2497	985032	0
pop1	NC_091016.1	54000001	55000000	0.0025969382189307	330004	857	330004	0
pop1	NC_091016.1	55000001	56000000	0.0033299467125588	482290	1606	482290	0
pop1	NC_091016.1	56000001	57000000	0.0041031521659429	981928	4029	981928	0
pop1	NC_091016.1	57000001	58000000	0.003894988183572	981261	3822	981261	0
pop1	NC_091016.1	58000001	59000000	0.0040678706611081	979628	3985	979628	0
pop1	NC_091016.1	59000001	60000000	0.0039810418809684	980899	3905	980899	0
pop1	NC_091016.1	60000001	61000000	0.0036953439481104	981776	3628	981776	0
pop1	NC_091016.1	61000001	62000000	0.003802525308586	981979	3734	981979	0
pop1	NC_091016.1	62000001	63000000	0.0037961457244919	959921	3644	959921	0
pop1	NC_091016.1	63000001	64000000	0.0030790189903384	982131	3024	982131	0
pop1	NC_091016.1	64000001	65000000	0.0034633179385315	975654	3379	975654	0
pop1	NC_091016.1	65000001	66000000	0.0045466505180888	976763	4441	976763	0
pop1	NC_091016.1	66000001	67000000	0.0038773097513679	982898	3811	982898	0
pop1	NC_091016.1	67000001	68000000	0.0043686412856669	971698	4245	971698	0
pop1	NC_091016.1	68000001	69000000	0.0032229855023601	949120	3059	949120	0
pop1	NC_091016.1	69000001	70000000	0.0040203818802845	982245	3949	982245	0
pop1	NC_091016.1	70000001	71000000	0.0043115852499042	983397	4240	983397	0
pop1	NC_091016.1	71000001	72000000	0.0037932185500228	979643	3716	979643	0
pop1	NC_091016.1	72000001	73000000	0.0042223002806017	979324	4135	979324	0
pop1	NC_091016.1	73000001	74000000	0.0045759211031195	979912	4484	979912	0
pop1	NC_091016.1	74000001	75000000	0.004372902695263	980127	4286	980127	0
pop1	NC_091016.1	75000001	76000000	0.0039578864476226	975268	3860	975268	0
pop1	NC_091016.1	76000001	77000000	0.0040823121521168	967099	3948	967099	0
pop1	NC_091016.1	77000001	78000000	0.0040890119784598	980677	4010	980677	0
pop1	NC_091016.1	78000001	79000000	0.0036876048598965	981667	3620	981667	0
pop1	NC_091016.1	79000001	80000000	0.0034837487770819	956728	3333	956728	0
pop1	NC_091016.1	80000001	81000000	0.0032926628683047	978843	3223	978843	0
pop1	NC_091016.1	81000001	82000000	0.0043155525310161	955150	4122	955150	0
pop1	NC_091016.1	82000001	83000000	0.0043068290343604	975892	4203	975892	0
pop1	NC_091016.1	83000001	84000000	0.0036596523330284	978235	3580	978235	0
pop1	NC_091016.1	84000001	85000000	0.0029584074298669	977891	2893	977891	0
pop1	NC_091016.1	85000001	86000000	0.0041808351098946	964879	4034	964879	0
pop1	NC_091016.1	86000001	87000000	0.004023141511366	976600	3929	976600	0
pop1	NC_091016.1	87000001	88000000	0.003296157215531	975985	3217	975985	0
pop1	NC_091016.1	88000001	89000000	0.0036375553341283	979504	3563	979504	0
pop1	NC_091016.1	89000001	90000000	0.0040574667258938	972528	3946	972528	0
pop1	NC_091016.1	90000001	91000000	0.0041125879108322	967031	3977	967031	0
pop1	NC_091016.1	91000001	92000000	0.0040251009340809	978609	3939	978609	0
pop1	NC_091016.1	92000001	93000000	0.0036375125320205	968519	3523	968519	0
pop1	NC_091016.1	93000001	94000000	0.0036996245050177	976045	3611	976045	0
pop1	NC_091016.1	94000001	95000000	0.0026545945575181	976797	2593	976797	0
pop1	NC_091016.1	95000001	96000000	0.0038059001301118	964555	3671	964555	0
pop1	NC_091016.1	96000001	97000000	0.0033747315554445	968077	3267	968077	0
pop1	NC_091016.1	97000001	98000000	0.003647605424248	958437	3496	958437	0
pop1	NC_091016.1	98000001	99000000	0.0025181649144651	966974	2435	966974	0
pop1	NC_091016.1	99000001	100000000	0.0025953389283275	967889	2512	967889	0
pop1	NC_091016.1	100000001	101000000	0.0016614603491007	979259	1627	979259	0
pop1	NC_091016.1	101000001	102000000	0.002683518278512	951363	2553	951363	0
pop1	NC_091016.1	102000001	103000000	0.0022233849129392	957549	2129	957549	0
pop1	NC_091016.1	103000001	104000000	0.0029227921112949	952856	2785	952856	0
pop1	NC_091016.1	104000001	105000000	0.0016624939902036	963011	1601	963011	0
pop1	NC_091016.1	105000001	106000000	0.0020262796189936	790118	1601	790118	0
pop1	NC_091016.1	106000001	107000000	0.0022633991666102	958735	2170	958735	0
pop1	NC_091016.1	107000001	108000000	0.0026656278635705	947244	2525	947244	0
pop1	NC_091016.1	108000001	109000000	0.0029511456964436	969454	2861	969454	0
pop1	NC_091016.1	109000001	110000000	0.002854814107077	954528	2725	954528	0
pop1	NC_091016.1	110000001	111000000	0.0031600628927584	972449	3073	972449	0
pop1	NC_091016.1	111000001	112000000	0.0032156123523868	955961	3074	955961	0
pop1	NC_091016.1	112000001	113000000	0.0038639140161361	955249	3691	955249	0
pop1	NC_091016.1	113000001	114000000	0.002495540376919	973737	2430	973737	0
pop1	NC_091016.1	114000001	115000000	0.0031695097207874	939893	2979	939893	0
pop1	NC_091016.1	115000001	116000000	0.0034685970281731	977917	3392	977917	0
pop1	NC_091016.1	116000001	117000000	0.0030593558116988	974715	2982	974715	0
pop1	NC_091016.1	117000001	118000000	0.0029862749804396	962403	2874	962403	0
pop1	NC_091016.1	118000001	119000000	0.0032466802285761	978230	3176	978230	0
pop1	NC_091016.1	119000001	120000000	0.003625999869464	965251	3500	965251	0
pop1	NC_091016.1	120000001	121000000	0.0032288842071822	982073	3171	982073	0
pop1	NC_091016.1	121000001	122000000	0.0041436648436321	974017	4036	974017	0
pop1	NC_091016.1	122000001	123000000	0.0057004834053195	924483	5270	924483	0
pop1	NC_091016.1	123000001	124000000	0.0048022919414564	960583	4613	960583	0
pop1	NC_091016.1	124000001	125000000	0.01214277792155	540980	6569	540980	0
pop1	NC_091016.1	125000001	126000000	0.0052077394378144	719122	3745	719122	0
pop1	NC_091016.1	126000001	127000000	0.00086051114361931	116210	100	116210	0
pop1	NC_091017.1	1	1000000	0.0032157090809572	584630	1880	584630	0
pop1	NC_091017.1	1000001	2000000	0.0038845955801888	945787	3674	945787	0
pop1	NC_091017.1	2000001	3000000	0.004576300857799	971090	4444	971090	0
pop1	NC_091017.1	3000001	4000000	0.0045352155289427	965114	4377	965114	0
pop1	NC_091017.1	4000001	5000000	0.0045539752408874	959162	4368	959162	0
pop1	NC_091017.1	5000001	6000000	0.0043757199950262	973097	4258	973097	0
pop1	NC_091017.1	6000001	7000000	0.0047310470204995	972512	4601	972512	0
pop1	NC_091017.1	7000001	8000000	0.0047551244053432	938987	4465	938987	0
pop1	NC_091017.1	8000001	9000000	0.0045103617389139	835188	3767	835188	0
pop1	NC_091017.1	9000001	10000000	0.0035317659039932	950516	3357	950516	0
pop1	NC_091017.1	10000001	11000000	0.0010132895609079	950370	963	950370	0
pop1	NC_091017.1	11000001	12000000	0.00058847214048998	193722	114	193722	0
pop1	NC_091017.1	12000001	13000000	0.0004404549319002	292879	129	292879	0
pop1	NC_091017.1	13000001	14000000	0.0014259043891351	943261	1345	943261	0
pop1	NC_091017.1	14000001	15000000	0.0036959754677611	433715	1603	433715	0
pop1	NC_091017.1	15000001	16000000	0.0041624840637535	944388	3931	944388	0
pop1	NC_091017.1	16000001	17000000	0.0041475696060371	977681	4055	977681	0
pop1	NC_091017.1	17000001	18000000	0.0044255278978589	974573	4313	974573	0
pop1	NC_091017.1	18000001	19000000	0.0047794484734497	981494	4691	981494	0
pop1	NC_091017.1	19000001	20000000	0.0049517171575868	972188	4814	972188	0
pop1	NC_091017.1	20000001	21000000	0.0045181314986291	966550	4367	966550	0
pop1	NC_091017.1	21000001	22000000	0.0047727319281427	976380	4660	976380	0
pop1	NC_091017.1	22000001	23000000	0.0051645252656677	977631	5049	977631	0
pop1	NC_091017.1	23000001	24000000	0.0047799306740186	971353	4643	971353	0
pop1	NC_091017.1	24000001	25000000	0.0044148910532053	975109	4305	975109	0
pop1	NC_091017.1	25000001	26000000	0.0042411630549687	630959	2676	630959	0
pop1	NC_091017.1	26000001	27000000	0.00018450184501845	5420	1	5420	0
pop1	NC_091017.1	27000001	28000000	0.0042814342973589	889188	3807	889188	0
pop1	NC_091017.1	28000001	29000000	0.0037937739285432	747277	2835	747277	0
pop1	NC_091017.1	29000001	30000000	0.0039064790761079	971975	3797	971975	0
pop1	NC_091017.1	30000001	31000000	0.0042038182451067	971022	4082	971022	0
pop1	NC_091017.1	31000001	32000000	0.0039065449165944	980150	3829	980150	0
pop1	NC_091017.1	32000001	33000000	0.0036793582563314	956145	3518	956145	0
pop1	NC_091017.1	33000001	34000000	0.0036062694546739	982733	3544	982733	0
pop1	NC_091017.1	34000001	35000000	0.004258748411493	967890	4122	967890	0
pop1	NC_091017.1	35000001	36000000	0.0046184544252959	979765	4525	979765	0
pop1	NC_091017.1	36000001	37000000	0.0048126235978567	974936	4692	974936	0
pop1	NC_091017.1	37000001	38000000	0.0044486391618106	377194	1678	377194	0
pop1	NC_091017.1	38000001	39000000	0.0043129363038178	239512	1033	239512	0
pop1	NC_091017.1	39000001	40000000	0.0038312762137928	975393	3737	975393	0
pop1	NC_091017.1	40000001	41000000	0.0030634993810648	978293	2997	978293	0
pop1	NC_091017.1	41000001	42000000	0.0029186255477572	971005	2834	971005	0
pop1	NC_091017.1	42000001	43000000	0.0040294298678805	978054	3941	978054	0
pop1	NC_091017.1	43000001	44000000	0.0036912265523454	980162	3618	980162	0
pop1	NC_091017.1	44000001	45000000	0.0027212486813671	976390	2657	976390	0
pop1	NC_091017.1	45000001	46000000	0.0026967522124438	975618	2631	975618	0
pop1	NC_091017.1	46000001	47000000	0.0032816099896251	969646	3182	969646	0
pop1	NC_091017.1	47000001	48000000	0.0034447573737717	964364	3322	964364	0
pop1	NC_091017.1	48000001	49000000	0.0033745344411247	977320	3298	977320	0
pop1	NC_091017.1	49000001	50000000	0.0038047205306633	971162	3695	971162	0
pop1	NC_091017.1	50000001	51000000	0.0037798783927531	976751	3692	976751	0
pop1	NC_091017.1	51000001	52000000	0.0033819758400873	971030	3284	971030	0
pop1	NC_091017.1	52000001	53000000	0.0031347509683276	969455	3039	969455	0
pop1	NC_091017.1	53000001	54000000	0.0033482372183433	973348	3259	973348	0
pop1	NC_091017.1	54000001	55000000	0.0037078501658775	973610	3610	973610	0
pop1	NC_091017.1	55000001	56000000	0.0026741762791681	979367	2619	979367	0
pop1	NC_091017.1	56000001	57000000	0.0030364289714774	978452	2971	978452	0
pop1	NC_091017.1	57000001	58000000	0.0037738314500473	964272	3639	964272	0
pop1	NC_091017.1	58000001	59000000	0.0040353516938925	973645	3929	973645	0
pop1	NC_091017.1	59000001	60000000	0.0037946870259218	970304	3682	970304	0
pop1	NC_091017.1	60000001	61000000	0.002828127810582	961767	2720	961767	0
pop1	NC_091017.1	61000001	62000000	0.0026115024070974	983342	2568	983342	0
pop1	NC_091017.1	62000001	63000000	0.0034965391606266	980398	3428	980398	0
pop1	NC_091017.1	63000001	64000000	0.002936340505271	979791	2877	979791	0
pop1	NC_091017.1	64000001	65000000	0.0033374678187636	959410	3202	959410	0
pop1	NC_091017.1	65000001	66000000	0.0040310737248512	963515	3884	963515	0
pop1	NC_091017.1	66000001	67000000	0.0043115237225997	976221	4209	976221	0
pop1	NC_091017.1	67000001	68000000	0.0037622543098885	972821	3660	972821	0
pop1	NC_091017.1	68000001	69000000	0.0044647754335856	975413	4355	975413	0
pop1	NC_091017.1	69000001	70000000	0.0045744551546827	970826	4441	970826	0
pop1	NC_091017.1	70000001	71000000	0.0034559589281686	970787	3355	970787	0
pop1	NC_091017.1	71000001	72000000	0.0040620225436115	977838	3972	977838	0
pop1	NC_091017.1	72000001	73000000	0.004142317071784	967333	4007	967333	0
pop1	NC_091017.1	73000001	74000000	0.0048011284659658	971230	4663	971230	0
pop1	NC_091017.1	74000001	75000000	0.0052569383624501	954548	5018	954548	0
pop1	NC_091017.1	75000001	76000000	0.0050087679581062	956323	4790	956323	0
pop1	NC_091017.1	76000001	77000000	0.0051607032458717	949483	4900	949483	0
pop1	NC_091017.1	77000001	78000000	0.0067805483102558	760263	5155	760263	0
pop1	NC_091017.1	78000001	79000000	0.0064550439413123	859328	5547	859328	0
pop1	NC_091017.1	79000001	80000000	0.0020446026986507	533600	1091	533600	0
pop1	NC_091018.1	1	1000000	0.0025533024159454	897661	2292	897661	0
pop1	NC_091018.1	1000001	2000000	0.003854406043445	970837	3742	970837	0
pop1	NC_091018.1	2000001	3000000	0.0043272322659017	979610	4239	979610	0
pop1	NC_091018.1	3000001	4000000	0.004544272338458	968912	4403	968912	0
pop1	NC_091018.1	4000001	5000000	0.0041344103141148	976681	4038	976681	0
pop1	NC_091018.1	5000001	6000000	0.004380896603913	952773	4174	952773	0
pop1	NC_091018.1	6000001	7000000	0.0036745541125264	938073	3447	938073	0
pop1	NC_091018.1	7000001	8000000	0.0018381573029894	942792	1733	942792	0
pop1	NC_091018.1	8000001	9000000	0.0011841290640572	166367	197	166367	0
pop1	NC_091018.1	9000001	10000000	0.0013309530261249	878318	1169	878318	0
pop1	NC_091018.1	10000001	11000000	0.0022774918702123	955437	2176	955437	0
pop1	NC_091018.1	11000001	12000000	0.0032816253576787	975736	3202	975736	0
pop1	NC_091018.1	12000001	13000000	0.0036736456701557	974781	3581	974781	0
pop1	NC_091018.1	13000001	14000000	0.0031380727322087	810370	2543	810370	0
pop1	NC_091018.1	14000001	15000000	0.0034901508950381	773319	2699	773319	0
pop1	NC_091018.1	15000001	16000000	0.0041424926260107	964878	3997	964878	0
pop1	NC_091018.1	16000001	17000000	0.0050036275273399	974493	4876	974493	0
pop1	NC_091018.1	17000001	18000000	0.0045504585615472	952871	4336	952871	0
pop1	NC_091018.1	18000001	19000000	0.0046185210485868	936880	4327	936880	0
pop1	NC_091018.1	19000001	20000000	0.0042524575248719	960621	4085	960621	0
pop1	NC_091018.1	20000001	21000000	0.0047598961087903	934054	4446	934054	0
pop1	NC_091018.1	21000001	22000000	0.0035310092748185	781363	2759	781363	0
pop1	NC_091019.1	1	1000000	0.00058858151854032	3398	2	3398	0
pop1	NC_091019.1	1000001	2000000	0.0045333928784708	577713	2619	577713	0
pop1	NC_091019.1	2000001	3000000	0.0052660891089109	808000	4255	808000	0
pop1	NC_091019.1	3000001	4000000	0.004343556118704	975468	4237	975468	0
pop1	NC_091019.1	4000001	5000000	0.0043136130786159	216292	933	216292	0
pop1	NC_091019.1	5000001	6000000	0.0024901157649737	295167	735	295167	0
pop1	NC_091019.1	6000001	7000000	0.0017921072652381	964786	1729	964786	0
pop1	NC_091019.1	7000001	8000000	0.00032435331157523	693688	225	693688	0
pop1	NC_091019.1	8000001	9000000	0.00024503704998186	526451	129	526451	0
pop1	NC_091019.1	9000001	10000000	0.0011919319639265	937973	1118	937973	0
pop1	NC_091019.1	10000001	11000000	0.0039093161774891	974595	3810	974595	0
pop1	NC_091019.1	11000001	12000000	0.0040561539203672	974322	3952	974322	0
pop1	NC_091019.1	12000001	13000000	0.003801401696184	972536	3697	972536	0
pop1	NC_091019.1	13000001	14000000	0.004104158372229	944408	3876	944408	0
pop1	NC_091019.1	14000001	15000000	0.0043300218050197	936023	4053	936023	0
pop1	NC_091019.1	15000001	16000000	0.0049855866925004	973406	4853	973406	0
pop1	NC_091019.1	16000001	17000000	0.0043266419801208	974890	4218	974890	0
pop1	NC_091019.1	17000001	18000000	0.0044696614078413	979940	4380	979940	0
pop1	NC_091019.1	18000001	19000000	0.0039259988599264	964850	3788	964850	0
pop1	NC_091019.1	19000001	20000000	0.0038698993273478	977028	3781	977028	0
pop1	NC_091019.1	20000001	21000000	0.0021841885227719	937648	2048	937648	0
pop1	NC_091019.1	21000001	22000000	0.003308708857454	965029	3193	965029	0
pop1	NC_091019.1	22000001	23000000	0.00344027728038	971724	3343	971724	0
pop1	NC_091019.1	23000001	24000000	0.0038782638370656	972858	3773	972858	0
pop1	NC_091019.1	24000001	25000000	0.0044694431608133	969472	4333	969472	0
pop1	NC_091019.1	25000001	26000000	0.0036687922204321	971982	3566	971982	0
pop1	NC_091019.1	26000001	27000000	0.0038045120068955	969901	3690	969901	0
pop1	NC_091019.1	27000001	28000000	0.0031390254327848	973232	3055	973232	0
pop1	NC_091019.1	28000001	29000000	0.0023642655505222	972395	2299	972395	0
pop1	NC_091019.1	29000001	30000000	0.0025774126987895	968801	2497	968801	0
pop1	NC_091019.1	30000001	31000000	0.0036614130689614	981042	3592	981042	0
pop1	NC_091019.1	31000001	32000000	0.0028111587982833	978600	2751	978600	0
pop1	NC_091019.1	32000001	33000000	0.0030352754868001	977506	2967	977506	0
pop1	NC_091019.1	33000001	34000000	0.0024985410723832	980172	2449	980172	0
pop1	NC_091019.1	34000001	35000000	0.0017072151550848	978787	1671	978787	0
pop1	NC_091019.1	35000001	36000000	0.0028786637070105	971284	2796	971284	0
pop1	NC_091019.1	36000001	37000000	0.0026590402190188	965762	2568	965762	0
pop1	NC_091019.1	37000001	38000000	0.003380383321939	975629	3298	975629	0
pop1	NC_091019.1	38000001	39000000	0.0041636699308036	976062	4064	976062	0
pop1	NC_091019.1	39000001	40000000	0.0028461967350219	975688	2777	975688	0
pop1	NC_091019.1	40000001	41000000	0.0027217144541525	973651	2650	973651	0
pop1	NC_091019.1	41000001	42000000	0.0024174963244085	982835	2376	982835	0
pop1	NC_091019.1	42000001	43000000	0.0028033893671155	980242	2748	980242	0
pop1	NC_091019.1	43000001	44000000	0.0030080997494439	981018	2951	981018	0
pop1	NC_091019.1	44000001	45000000	0.0019293623025643	972342	1876	972342	0
pop1	NC_091019.1	45000001	46000000	0.0019747560353481	972272	1920	972272	0
pop1	NC_091019.1	46000001	47000000	0.0028214273714092	982127	2771	982127	0
pop1	NC_091019.1	47000001	48000000	0.002816218029783	968675	2728	968675	0
pop1	NC_091019.1	48000001	49000000	0.0029479894814098	976937	2880	976937	0
pop1	NC_091019.1	49000001	50000000	0.0030419726181189	969108	2948	969108	0
pop1	NC_091019.1	50000001	51000000	0.0026546164666601	970385	2576	970385	0
pop1	NC_091019.1	51000001	52000000	0.0025317824932496	979942	2481	979942	0
pop1	NC_091019.1	52000001	53000000	0.0031335719363766	983223	3081	983223	0
pop1	NC_091019.1	53000001	54000000	0.0035549177554752	978363	3478	978363	0
pop1	NC_091019.1	54000001	55000000	0.0027466924391141	975719	2680	975719	0
pop1	NC_091019.1	55000001	56000000	0.0036404242064091	974337	3547	974337	0
pop1	NC_091019.1	56000001	57000000	0.0037176319779829	976697	3631	976697	0
pop1	NC_091019.1	57000001	58000000	0.0026554783065305	967434	2569	967434	0
pop1	NC_091019.1	58000001	59000000	0.0043464037967086	981271	4265	981271	0
pop1	NC_091019.1	59000001	60000000	0.0043606526086833	953527	4158	953527	0
pop1	NC_091019.1	60000001	61000000	0.0041790505591225	974384	4072	974384	0
pop1	NC_091019.1	61000001	62000000	0.0043589544714186	966975	4215	966975	0
pop1	NC_091019.1	62000001	63000000	0.0043161808899192	908442	3921	908442	0
pop1	NC_091019.1	63000001	64000000	0.004503171057707	891816	4016	891816	0
pop1	NC_091019.1	64000001	65000000	0.0030898599712788	964445	2980	964445	0
pop1	NC_091019.1	65000001	66000000	0.00019598897321056	933726	183	933726	0
pop1	NC_091019.1	66000001	67000000	0.00037143260666733	899221	334	899221	0
pop1	NC_091019.1	67000001	68000000	0.0002590404548157	876311	227	876311	0
pop1	NC_091019.1	68000001	69000000	0	383	0	383	0
pop1	NC_091020.1	1	1000000	0.00052138161161539	805552	420	805552	0
pop1	NC_091020.1	1000001	2000000	0.00049124469937231	924183	454	924183	0
pop1	NC_091020.1	2000001	3000000	0.00055373304483376	859620	476	859620	0
pop1	NC_091020.1	3000001	4000000	0.00046845576571646	646806	303	646806	0
pop1	NC_091020.1	4000001	5000000	0.0016829635881984	966747	1627	966747	0
pop1	NC_091020.1	5000001	6000000	0.0029306704542281	966673	2833	966673	0
pop1	NC_091020.1	6000001	7000000	0.0019323573026493	981185	1896	981185	0
pop1	NC_091020.1	7000001	8000000	0.0016658638613328	973669	1622	973669	0
pop1	NC_091020.1	8000001	9000000	0.0045355374202314	976731	4430	976731	0
pop1	NC_091020.1	9000001	10000000	0.0046196308008391	969558	4479	969558	0
pop1	NC_091020.1	10000001	11000000	0.0042876003052994	969540	4157	969540	0
pop1	NC_091020.1	11000001	12000000	0.0045721656430296	972187	4445	972187	0
pop1	NC_091020.1	12000001	13000000	0.0033999953257685	984119	3346	984119	0
pop1	NC_091020.1	13000001	14000000	0.0035085233398431	973914	3417	973914	0
pop1	NC_091020.1	14000001	15000000	0.0029591203010266	985428	2916	985428	0
pop1	NC_091020.1	15000001	16000000	0.0029171648234013	975262	2845	975262	0
pop1	NC_091020.1	16000001	17000000	0.002793230089632	973425	2719	973425	0
pop1	NC_091020.1	17000001	18000000	0.0027023777841941	973217	2630	973217	0
pop1	NC_091020.1	18000001	19000000	0.0041284986160909	968633	3999	968633	0
pop1	NC_091020.1	19000001	20000000	0.0040588465603109	968009	3929	968009	0
pop1	NC_091020.1	20000001	21000000	0.0032274309201338	980966	3166	980966	0
pop1	NC_091020.1	21000001	22000000	0.0033419623369372	985050	3292	985050	0
pop1	NC_091020.1	22000001	23000000	0.0038361792856684	964762	3701	964762	0
pop1	NC_091020.1	23000001	24000000	0.0033305134637445	956309	3185	956309	0
pop1	NC_091020.1	24000001	25000000	0.0030418243180418	978689	2977	978689	0
pop1	NC_091020.1	25000001	26000000	0.0042140451027283	972225	4097	972225	0
pop1	NC_091020.1	26000001	27000000	0.0042525488294284	981529	4174	981529	0
pop1	NC_091020.1	27000001	28000000	0.0039399836622418	982999	3873	982999	0
pop1	NC_091020.1	28000001	29000000	0.003784993004862	866316	3279	866316	0
pop1	NC_091020.1	29000001	30000000	0.0045313954444452	985127	4464	985127	0
pop1	NC_091020.1	30000001	31000000	0.004270032680619	965098	4121	965098	0
pop1	NC_091020.1	31000001	32000000	0.0047999329909333	978972	4699	978972	0
pop1	NC_091020.1	32000001	33000000	0.005017082802467	946566	4749	946566	0
pop1	NC_091020.1	33000001	34000000	0.0045377803097001	965450	4381	965450	0
pop1	NC_091020.1	34000001	35000000	0.004972972516784	947924	4714	947924	0
pop1	NC_091020.1	35000001	36000000	0.0045290167579893	956499	4332	956499	0
pop1	NC_091020.1	36000001	37000000	0.0037988692486955	931593	3539	931593	0
pop1	NC_091020.1	37000001	38000000	0.00094180907839554	124229	117	124229	0
pop1	NC_091021.1	1	1000000	0.0010582547204433	749347	793	749347	0
pop1	NC_091021.1	1000001	2000000	0.003431631587766	931044	3195	931044	0
pop1	NC_091021.1	2000001	3000000	0.0044798182455743	952494	4267	952494	0
pop1	NC_091021.1	3000001	4000000	0.002830304518664	977280	2766	977280	0
pop1	NC_091021.1	4000001	5000000	0.0016068234736505	940987	1512	940987	0
pop1	NC_091021.1	5000001	6000000	0.001742000347294	904133	1575	904133	0
pop1	NC_091021.1	6000001	7000000	0.0028162039695927	884524	2491	884524	0
pop1	NC_091021.1	7000001	8000000	0.004677125009135	971537	4544	971537	0
pop1	NC_091021.1	8000001	9000000	0.0036131070265316	977552	3532	977552	0
pop1	NC_091021.1	9000001	10000000	0.0036346840267366	827032	3006	827032	0
pop1	NC_091021.1	10000001	11000000	0.0039386147504183	980040	3860	980040	0
pop1	NC_091021.1	11000001	12000000	0.0037450699266803	979955	3670	979955	0
pop1	NC_091021.1	12000001	13000000	0.0035340226104076	981318	3468	981318	0
pop1	NC_091021.1	13000001	14000000	0.0028433291946757	980189	2787	980189	0
pop1	NC_091021.1	14000001	15000000	0.0028551552663058	978931	2795	978931	0
pop1	NC_091021.1	15000001	16000000	0.0026815317618726	969968	2601	969968	0
pop1	NC_091021.1	16000001	17000000	0.0024544798594874	979841	2405	979841	0
pop1	NC_091021.1	17000001	18000000	0.0031188427102794	979530	3055	979530	0
pop1	NC_091021.1	18000001	19000000	0.0026200873362445	978975	2565	978975	0
pop1	NC_091021.1	19000001	20000000	0.0029636785636802	977164	2896	977164	0
pop1	NC_091021.1	20000001	21000000	0.0030320572826855	974256	2954	974256	0
pop1	NC_091021.1	21000001	22000000	0.0026918668330829	981475	2642	981475	0
pop1	NC_091021.1	22000001	23000000	0.002732139711876	976524	2668	976524	0
pop1	NC_091021.1	23000001	24000000	0.0034106383336415	951728	3246	951728	0
pop1	NC_091021.1	24000001	25000000	0.002591552353428	958113	2483	958113	0
pop1	NC_091021.1	25000001	26000000	0.0026553658685431	704611	1871	704611	0
pop1	NC_091021.1	26000001	27000000	0.0043366976850221	965020	4185	965020	0
pop1	NC_091021.1	27000001	28000000	0.0031580660914862	982880	3104	982880	0
pop1	NC_091021.1	28000001	29000000	0.0035946907303605	982282	3531	982282	0
pop1	NC_091021.1	29000001	30000000	0.0040808392892216	982641	4010	982641	0
pop1	NC_091021.1	30000001	31000000	0.00402624408064	972867	3917	972867	0
pop1	NC_091021.1	31000001	32000000	0.0047755344271213	970572	4635	970572	0
pop1	NC_091021.1	32000001	33000000	0.0050010278872947	982598	4914	982598	0
pop1	NC_091021.1	33000001	34000000	0.0044561460177575	984483	4387	984483	0
pop1	NC_091021.1	34000001	35000000	0.0045296227554238	982201	4449	982201	0
pop1	NC_091021.1	35000001	36000000	0.0052555947152936	968682	5091	968682	0
pop1	NC_091021.1	36000001	37000000	0.0040045411903651	983883	3940	983883	0
pop1	NC_091021.1	37000001	38000000	0.0047352171217542	971022	4598	971022	0
pop1	NC_091021.1	38000001	39000000	0.0057220236603527	929741	5320	929741	0
pop1	NC_091021.1	39000001	40000000	0.0030419666589454	945441	2876	945441	0
pop1	NC_091021.1	40000001	41000000	0.0018661014606276	43406	81	43406	0
pop1	NC_091022.1	1	1000000	0.0031607019392223	425222	1344	425222	0
pop1	NC_091022.1	1000001	2000000	0.0030972013799718	969585	3003	969585	0
pop1	NC_091022.1	2000001	3000000	0.0052908376296963	946731	5009	946731	0
pop1	NC_091022.1	3000001	4000000	0.0050670627129477	869932	4408	869932	0
pop1	NC_091022.1	4000001	5000000	0.0036370156260187	920260	3347	920260	0
pop1	NC_091022.1	5000001	6000000	0.00079751829653947	830075	662	830075	0
pop1	NC_091022.1	6000001	7000000	0.00046731556243778	361640	169	361640	0
pop1	NC_091022.1	7000001	8000000	0.0017389012491468	971303	1689	971303	0
pop1	NC_091022.1	8000001	9000000	0.0026933708123493	961249	2589	961249	0
pop1	NC_091022.1	9000001	10000000	0.0037977828021911	950028	3608	950028	0
pop1	NC_091022.1	10000001	11000000	0.0038437673425171	976646	3754	976646	0
pop1	NC_091022.1	11000001	12000000	0.0035936032223598	976179	3508	976179	0
pop1	NC_091022.1	12000001	13000000	0.0041849373187326	969907	4059	969907	0
pop1	NC_091022.1	13000001	14000000	0.0040690997796631	974417	3965	974417	0
pop1	NC_091022.1	14000001	15000000	0.0025431573077589	975559	2481	975559	0
pop1	NC_091022.1	15000001	16000000	0.0031455046227666	968684	3047	968684	0
pop1	NC_091022.1	16000001	17000000	0.0023901093824113	974014	2328	974014	0
pop1	NC_091022.1	17000001	18000000	0.0026556458047753	977540	2596	977540	0
pop1	NC_091022.1	18000001	19000000	0.0032424334703337	978586	3173	978586	0
pop1	NC_091022.1	19000001	20000000	0.0029305010568272	985497	2888	985497	0
pop1	NC_091022.1	20000001	21000000	0.0030340188345057	983514	2984	983514	0
pop1	NC_091022.1	21000001	22000000	0.0034690016711681	978956	3396	978956	0
pop1	NC_091022.1	22000001	23000000	0.0025670435869935	966871	2482	966871	0
pop1	NC_091022.1	23000001	24000000	0.0035030746336001	966294	3385	966294	0
pop1	NC_091022.1	24000001	25000000	0.0043795439575302	968594	4242	968594	0
pop1	NC_091022.1	25000001	26000000	0.0044467876344225	969239	4310	969239	0
pop1	NC_091022.1	26000001	27000000	0.0035398574431723	976593	3457	976593	0
pop1	NC_091022.1	27000001	28000000	0.0039049888224548	978748	3822	978748	0
pop1	NC_091022.1	28000001	29000000	0.0041489216398099	973747	4040	973747	0
pop1	NC_091022.1	29000001	30000000	0.0045792565598412	979635	4486	979635	0
pop1	NC_091022.1	30000001	31000000	0.0036048982399253	977004	3522	977004	0
pop1	NC_091022.1	31000001	32000000	0.0050332610996321	952464	4794	952464	0
pop1	NC_091022.1	32000001	33000000	0.0042622018953727	921824	3929	921824	0
pop1	NC_091022.1	33000001	34000000	0.0016870876879515	270881	457	270881	0
pop1	NC_091023.1	1	1000000	0.0031428571428571	521500	1639	521500	0
pop1	NC_091023.1	1000001	2000000	0.0045571303115782	698027	3181	698027	0
pop1	NC_091023.1	2000001	3000000	0.0051424651308555	928543	4775	928543	0
pop1	NC_091023.1	3000001	4000000	0.0045268725315842	865940	3920	865940	0
pop1	NC_091023.1	4000001	5000000	0.0047990477085487	957690	4596	957690	0
pop1	NC_091023.1	5000001	6000000	0.0034880217350227	979065	3415	979065	0
pop1	NC_091023.1	6000001	7000000	0.0031645211268331	971395	3074	971395	0
pop1	NC_091023.1	7000001	8000000	0.0024688876503844	985059	2432	985059	0
pop1	NC_091023.1	8000001	9000000	0.0022737677244762	985149	2240	985149	0
pop1	NC_091023.1	9000001	10000000	0.0015913678889686	872834	1389	872834	0
pop1	NC_091023.1	10000001	11000000	0.0015699017820671	984138	1545	984138	0
pop1	NC_091023.1	11000001	12000000	0.0018190568638807	980728	1784	980728	0
pop1	NC_091023.1	12000001	13000000	0.0026183117223553	984222	2577	984222	0
pop1	NC_091023.1	13000001	14000000	0.0025486189005496	976215	2488	976215	0
pop1	NC_091023.1	14000001	15000000	0.0030726479445008	929166	2855	929166	0
pop1	NC_091023.1	15000001	16000000	0.0039535422729263	970775	3838	970775	0
pop1	NC_091023.1	16000001	17000000	0.0031232234042008	976235	3049	976235	0
pop1	NC_091023.1	17000001	18000000	0.0034925836045674	958889	3349	958889	0
pop1	NC_091023.1	18000001	19000000	0.0034415922486812	956534	3292	956534	0
pop1	NC_091023.1	19000001	20000000	0.0039597359091944	983904	3896	983904	0
pop1	NC_091023.1	20000001	21000000	0.0040697366437254	981636	3995	981636	0
pop1	NC_091023.1	21000001	22000000	0.0044732701525852	983844	4401	983844	0
pop1	NC_091023.1	22000001	23000000	0.0043395667582446	979130	4249	979130	0
pop1	NC_091023.1	23000001	24000000	0.004440538510596	970603	4310	970603	0
pop1	NC_091023.1	24000001	25000000	0.005489176675697	957885	5258	957885	0
pop1	NC_091023.1	25000001	26000000	0.0049387501277814	939104	4638	939104	0
pop1	NC_091023.1	26000001	27000000	0.003245637639461	966220	3136	966220	0
pop1	NC_091023.1	27000001	28000000	0.0036321303841676	21475	78	21475	0
pop1	NC_091024.1	1	1000000	0.0018940036026751	884898	1676	884898	0
pop1	NC_091024.1	1000001	2000000	0.0038981498592562	979439	3818	979439	0
pop1	NC_091024.1	2000001	3000000	0.0032261736807653	983828	3174	983828	0
pop1	NC_091024.1	3000001	4000000	0.0047074331328202	980152	4614	980152	0
pop1	NC_091024.1	4000001	5000000	0.0046001082859157	978890	4503	978890	0
pop1	NC_091024.1	5000001	6000000	0.0042162806137961	966966	4077	966966	0
pop1	NC_091024.1	6000001	7000000	0.0044322568544888	970386	4301	970386	0
pop1	NC_091024.1	7000001	8000000	0.0039304832740293	980541	3854	980541	0
pop1	NC_091024.1	8000001	9000000	0.0033608356980084	984279	3308	984279	0
pop1	NC_091024.1	9000001	10000000	0.0032178819100355	983877	3166	983877	0
pop1	NC_091024.1	10000001	11000000	0.0030852922124769	977217	3015	977217	0
pop1	NC_091024.1	11000001	12000000	0.0035761177171384	970326	3470	970326	0
pop1	NC_091024.1	12000001	13000000	0.0049537677626233	910620	4511	910620	0
pop1	NC_091024.1	13000001	14000000	0.0036994385329177	976905	3614	976905	0
pop1	NC_091024.1	14000001	15000000	0.0032092327315038	973753	3125	973753	0
pop1	NC_091024.1	15000001	16000000	0.0030056211291048	971513	2920	971513	0
pop1	NC_091024.1	16000001	17000000	0.0020690777573104	964681	1996	964681	0
pop1	NC_091024.1	17000001	18000000	0.0015934148509886	552273	880	552273	0
pop1	NC_091024.1	18000001	19000000	0.0014593632122694	933969	1363	933969	0
pop1	NC_091024.1	19000001	20000000	0.0052101271475296	842014	4387	842014	0
pop1	NC_091024.1	20000001	21000000	0.003951030432957	947854	3745	947854	0
pop1	NC_091024.1	21000001	22000000	0.0039831054753269	311817	1242	311817	0
pop1	NC_091025.1	1	1000000	0.0013043836444021	873976	1140	873976	0
pop1	NC_091025.1	1000001	2000000	0.0041988906903692	917147	3851	917147	0
pop1	NC_091025.1	2000001	3000000	0.0046268356467512	944490	4370	944490	0
pop1	NC_091025.1	3000001	4000000	0.0050802871368888	978488	4971	978488	0
pop1	NC_091025.1	4000001	5000000	0.0045053832928926	984156	4434	984156	0
pop1	NC_091025.1	5000001	6000000	0.0039565992744881	984684	3896	984684	0
pop1	NC_091025.1	6000001	7000000	0.0045550802657543	969467	4416	969467	0
pop1	NC_091025.1	7000001	8000000	0.0038522652568865	944639	3639	944639	0
pop1	NC_091025.1	8000001	9000000	0.0033668452367907	958167	3226	958167	0
pop1	NC_091025.1	9000001	10000000	0.0035094916720656	984758	3456	984758	0
pop1	NC_091025.1	10000001	11000000	0.0032642274644714	983081	3209	983081	0
pop1	NC_091025.1	11000001	12000000	0.0040401803401594	984362	3977	984362	0
pop1	NC_091025.1	12000001	13000000	0.004029375780057	975089	3929	975089	0
pop1	NC_091025.1	13000001	14000000	0.003818437802839	984434	3759	984434	0
pop1	NC_091025.1	14000001	15000000	0.0043260966318102	979636	4238	979636	0
pop1	NC_091025.1	15000001	16000000	0.0036096482031928	972948	3512	972948	0
pop1	NC_091025.1	16000001	17000000	0.0048107073135669	959942	4618	959942	0
pop1	NC_091025.1	17000001	18000000	0.0048594705115845	943930	4587	943930	0
pop1	NC_091025.1	18000001	19000000	0.0050766541151157	922064	4681	922064	0
pop1	NC_091025.1	19000001	20000000	0.0043511586150823	944576	4110	944576	0
pop1	NC_091025.1	20000001	21000000	0.0039025525062455	937079	3657	937079	0
pop1	NC_091025.1	21000001	22000000	0.003844931680966	251760	968	251760	0
pop1	NC_091025.1	22000001	23000000	0.00084961767204758	1177	1	1177	0
pop1	NC_091025.1	23000001	24000000	0	414	0	414	0
pop1	NC_091025.1	24000001	25000000	0	460	0	460	0
pop1	NC_091025.1	25000001	26000000	0.0038419319429199	1822	7	1822	0
pop1	NC_091025.1	26000001	27000000	0.0055921052631579	3040	17	3040	0
pop1	NC_091025.1	27000001	28000000	0.0025	800	2	800	0
pop1	NC_091026.1	1	1000000	0.0021128292107447	823067	1739	823067	0
pop1	NC_091026.1	1000001	2000000	0.0040662998480992	939429	3820	939429	0
pop1	NC_091026.1	2000001	3000000	0.0048690665974617	971028	4728	971028	0
pop1	NC_091026.1	3000001	4000000	0.0037844227763541	630215	2385	630215	0
pop1	NC_091026.1	4000001	5000000	0.0024581871317325	949887	2335	949887	0
pop1	NC_091026.1	5000001	6000000	0.0031795964445119	975281	3101	975281	0
pop1	NC_091026.1	6000001	7000000	0.0030796492239971	960499	2958	960499	0
pop1	NC_091026.1	7000001	8000000	0.004276902992712	982019	4200	982019	0
pop1	NC_091026.1	8000001	9000000	0.0034038218616132	793226	2700	793226	0
pop1	NC_091026.1	9000001	10000000	0.0027811096962483	866201	2409	866201	0
pop1	NC_091026.1	10000001	11000000	0.0036079263175778	971195	3504	971195	0
pop1	NC_091026.1	11000001	12000000	0.0039350311785878	967972	3809	967972	0
pop1	NC_091026.1	12000001	13000000	0.003444910917646	966353	3329	966353	0
pop1	NC_091026.1	13000001	14000000	0.0039362030512473	978354	3851	978354	0
pop1	NC_091026.1	14000001	15000000	0.0039693119481848	971453	3856	971453	0
pop1	NC_091026.1	15000001	16000000	0.0041725285379905	978783	4084	978783	0
pop1	NC_091026.1	16000001	17000000	0.0042494767207015	980356	4166	980356	0
pop1	NC_091026.1	17000001	18000000	0.0029127600314231	980170	2855	980170	0
pop1	NC_091026.1	18000001	19000000	0.0049699465374433	975262	4847	975262	0
pop1	NC_091026.1	19000001	20000000	0.0050504628721037	957932	4838	957932	0
pop1	NC_091026.1	20000001	21000000	0.0046220325420112	937250	4332	937250	0
pop1	NC_091026.1	21000001	22000000	0.0041465389132343	789333	3273	789333	0
pop1	NC_091026.1	22000001	23000000	0.0065659881812213	1523	10	1523	0
pop1	NC_091026.1	23000001	24000000	0.0022321428571429	896	2	896	0
pop1	NC_091027.1	1	1000000	0.0018922492797696	893117	1690	893117	0
pop1	NC_091027.1	1000001	2000000	0.0042585250649198	935770	3985	935770	0
pop1	NC_091027.1	2000001	3000000	0.0044862316917517	949572	4260	949572	0
pop1	NC_091027.1	3000001	4000000	0.0040413064502875	949198	3836	949198	0
pop1	NC_091027.1	4000001	5000000	0.0039046192382309	977304	3816	977304	0
pop1	NC_091027.1	5000001	6000000	0.0039790815176501	971581	3866	971581	0
pop1	NC_091027.1	6000001	7000000	0.0042277359870422	961271	4064	961271	0
pop1	NC_091027.1	7000001	8000000	0.0035634881741508	969275	3454	969275	0
pop1	NC_091027.1	8000001	9000000	0.0038751060165629	965651	3742	965651	0
pop1	NC_091027.1	9000001	10000000	0.0032586352806653	972493	3169	972493	0
pop1	NC_091027.1	10000001	11000000	0.0020482153410191	966207	1979	966207	0
pop1	NC_091027.1	11000001	12000000	0.00089333181207989	823882	736	823882	0
pop1	NC_091027.1	12000001	13000000	0.0019245643520188	934757	1799	934757	0
pop1	NC_091027.1	13000001	14000000	0.0028398515642383	948289	2693	948289	0
pop1	NC_091027.1	14000001	15000000	0.0038540490608642	974300	3755	974300	0
pop1	NC_091027.1	15000001	16000000	0.0047255989176256	970459	4586	970459	0
pop1	NC_091027.1	16000001	17000000	0.0050618988556317	854620	4326	854620	0
pop1	NC_091027.1	17000001	18000000	0.0057106591255431	820921	4688	820921	0
pop1	NC_091027.1	18000001	19000000	0.0033024595765182	813636	2687	813636	0
pop1	NC_091027.1	19000001	20000000	0.0026360469150655	487093	1284	487093	0
pop1	NC_091028.1	1	1000000	0.0033464302254359	468559	1568	468559	0
pop1	NC_091028.1	1000001	2000000	0.0048304510580544	910681	4399	910681	0
pop1	NC_091028.1	2000001	3000000	0.0040949441739609	902088	3694	902088	0
pop1	NC_091028.1	3000001	4000000	0.0036980132670777	961327	3555	961327	0
pop1	NC_091028.1	4000001	5000000	0.0052671495821551	980986	5167	980986	0
pop1	NC_091028.1	5000001	6000000	0.005022215834301	967103	4857	967103	0
pop1	NC_091028.1	6000001	7000000	0.0040913559398085	980604	4012	980604	0
pop1	NC_091028.1	7000001	8000000	0.0034422201659863	984539	3389	984539	0
pop1	NC_091028.1	8000001	9000000	0.0041062750897951	946600	3887	946600	0
pop1	NC_091028.1	9000001	10000000	0.0049131335544473	944611	4641	944611	0
pop1	NC_091028.1	10000001	11000000	0.0039251904871854	952820	3740	952820	0
pop1	NC_091028.1	11000001	12000000	0.0038905185700791	965424	3756	965424	0
pop1	NC_091028.1	12000001	13000000	0.0041139722687795	977887	4023	977887	0
pop1	NC_091028.1	13000001	14000000	0.0041635093645409	968654	4033	968654	0
pop1	NC_091028.1	14000001	15000000	0.0043572404826135	976765	4256	976765	0
pop1	NC_091028.1	15000001	16000000	0.0044755285307177	965696	4322	965696	0
pop1	NC_091028.1	16000001	17000000	0.003176777148721	966703	3071	966703	0
pop1	NC_091028.1	17000001	18000000	0.00042264388321268	203481	86	203481	0
pop1	NC_091029.1	1	1000000	0.0023740795159522	922884	2191	922884	0
pop1	NC_091029.1	1000001	2000000	0.004240064638026	969089	4109	969089	0
pop1	NC_091029.1	2000001	3000000	0.003787672380733	972629	3684	972629	0
pop1	NC_091029.1	3000001	4000000	0.0034380635798332	965369	3319	965369	0
pop1	NC_091029.1	4000001	5000000	0.0045971395102217	937322	4309	937322	0
pop1	NC_091029.1	5000001	6000000	0.0042511610845362	948682	4033	948682	0
pop1	NC_091029.1	6000001	7000000	0.0038476526953619	972541	3742	972541	0
pop1	NC_091029.1	7000001	8000000	0.0033495201237124	977752	3275	977752	0
pop1	NC_091029.1	8000001	9000000	0.0033917773893321	959379	3254	959379	0
pop1	NC_091029.1	9000001	10000000	0.0027678387597589	898535	2487	898535	0
pop1	NC_091029.1	10000001	11000000	0.001718770988838	945443	1625	945443	0
pop1	NC_091029.1	11000001	12000000	0.002460998750897	188135	463	188135	0
pop1	NC_091029.1	12000001	13000000	0.0047942505765856	870209	4172	870209	0
pop1	NC_091029.1	13000001	14000000	0.0046224926803031	888698	4108	888698	0
pop1	NC_091029.1	14000001	15000000	0.00362200300732	907785	3288	907785	0
pop1	NC_091029.1	15000001	16000000	0.001921123639311	389876	749	389876	0
pop1	NC_091030.1	1	1000000	0.0038131853545738	858862	3275	858862	0
pop1	NC_091030.1	1000001	2000000	0.0044498425357653	930370	4140	930370	0
pop1	NC_091030.1	2000001	3000000	0.0048482974746694	925067	4485	925067	0
pop1	NC_091030.1	3000001	4000000	0.0039463491501679	943657	3724	943657	0
pop1	NC_091030.1	4000001	5000000	0.0041036899787034	957431	3929	957431	0
pop1	NC_091030.1	5000001	6000000	0.0035218354842915	958875	3377	958875	0
pop1	NC_091030.1	6000001	7000000	0.0040094406094433	957989	3841	957989	0
pop1	NC_091030.1	7000001	8000000	0.0042857553457506	939391	4026	939391	0
pop1	NC_091030.1	8000001	9000000	0.0039664633472912	950721	3771	950721	0
pop1	NC_091030.1	9000001	10000000	0.0021168009909217	973639	2061	973639	0
pop1	NC_091030.1	10000001	11000000	0.0016766326772885	956083	1603	956083	0
pop1	NC_091030.1	11000001	12000000	0.000704578059609	117801	83	117801	0
pop1	NC_091031.1	1	1000000	0.0028536938199625	910399	2598	910399	0
pop1	NC_091031.1	1000001	2000000	0.0050359823707413	903498	4550	903498	0
pop1	NC_091031.1	2000001	3000000	0.003815371006129	949580	3623	949580	0
pop1	NC_091031.1	3000001	4000000	0.0010470273313644	708673	742	708673	0
pop1	NC_091031.1	4000001	5000000	0.0012940318751415	962882	1246	962882	0
pop1	NC_091031.1	5000001	6000000	0.0042167197324302	945996	3989	945996	0
pop1	NC_091031.1	6000001	7000000	0.0043265595438288	950871	4114	950871	0
pop1	NC_091031.1	7000001	8000000	0.0043499711331549	952650	4144	952650	0
pop1	NC_091031.1	8000001	9000000	0.0045144660704892	950500	4291	950500	0
pop1	NC_091031.1	9000001	10000000	0.0047228745141692	910039	4298	910039	0
pop1	NC_091031.1	10000001	11000000	0.0049593398496107	901128	4469	901128	0
pop1	NC_091031.1	11000001	12000000	0.0047677773251564	896015	4272	896015	0
pop1	NC_091031.1	12000001	13000000	0.0023734911792015	516960	1227	516960	0
pop1	NC_091032.1	1	1000000	0.0034506165855866	866222	2989	866222	0
pop1	NC_091032.1	1000001	2000000	0.0042170739339701	939514	3962	939514	0
pop1	NC_091032.1	2000001	3000000	0.0047504413416787	934650	4440	934650	0
pop1	NC_091032.1	3000001	4000000	0.0047064858452759	935730	4404	935730	0
pop1	NC_091032.1	4000001	5000000	0.0040702764632422	969713	3947	969713	0
pop1	NC_091032.1	5000001	6000000	0.0045899567703724	940096	4315	940096	0
pop1	NC_091032.1	6000001	7000000	0.0038587516911813	944606	3645	944606	0
pop1	NC_091032.1	7000001	8000000	0.0038493172192998	961729	3702	961729	0
pop1	NC_091032.1	8000001	9000000	0.0036197129379536	962231	3483	962231	0
pop1	NC_091032.1	9000001	10000000	0.0037382769175706	961138	3593	961138	0
pop1	NC_091032.1	10000001	11000000	0.0025251347308648	964701	2436	964701	0
pop1	NC_091032.1	11000001	12000000	0.0010259531792276	203713	209	203713	0
pop1	NC_091033.1	1	1000000	0.0011602293005288	305974	355	305974	0
pop1	NC_091033.1	1000001	2000000	0.0016258585858586	928125	1509	928125	0
pop1	NC_091033.1	2000001	3000000	0.00360899805497	490995	1772	490995	0
pop1	NC_091033.1	3000001	4000000	0.0049492812092578	925791	4582	925791	0
pop1	NC_091033.1	4000001	5000000	0.0050713988660394	964231	4890	964231	0
pop1	NC_091033.1	5000001	6000000	0.0047949755791494	975396	4677	975396	0
pop1	NC_091033.1	6000001	7000000	0.0041844358560029	960464	4019	960464	0
pop1	NC_091033.1	7000001	8000000	0.0036301046052956	953967	3463	953967	0
pop1	NC_091033.1	8000001	9000000	0.0033964713543898	933616	3171	933616	0
pop1	NC_091033.1	9000001	10000000	0.0043075628046128	921867	3971	921867	0
pop1	NC_091033.1	10000001	11000000	0.0040668256959967	958733	3899	958733	0
pop1	NC_091033.1	11000001	12000000	0.0040482311989818	978205	3960	978205	0
pop1	NC_091033.1	12000001	13000000	0.0035144911674484	982219	3452	982219	0
pop1	NC_091033.1	13000001	14000000	0.0044356534947479	965134	4281	965134	0
pop1	NC_091033.1	14000001	15000000	0.0033647604152617	971243	3268	971243	0
pop1	NC_091033.1	15000001	16000000	0.0016093914676344	964961	1553	964961	0
pop1	NC_091033.1	16000001	17000000	0.00029698052729405	195299	58	195299	0
pop1	NC_091034.1	1	1000000	0.0041138505069944	735807	3027	735807	0
pop1	NC_091034.1	1000001	2000000	0.0068615028407219	804197	5518	804197	0
pop1	NC_091034.1	2000001	3000000	0.0026633850034262	786593	2095	786593	0
pop1	NC_091034.1	3000001	4000000	0.0017430777906722	429126	748	429126	0
pop1	NC_091034.1	4000001	5000000	0.002859995757604	966435	2764	966435	0
pop1	NC_091034.1	5000001	6000000	0.0041686527618532	931476	3883	931476	0
pop1	NC_091034.1	6000001	7000000	0.0037806552649222	959093	3626	959093	0
pop1	NC_091034.1	7000001	8000000	0.0049775600905447	917116	4565	917116	0
pop1	NC_091034.1	8000001	9000000	0.0024002155548421	968663	2325	968663	0
pop1	NC_091034.1	9000001	10000000	0.00072904259251653	97388	71	97388	0
pop1	NC_091035.1	1	1000000	0.0024828374683224	759212	1885	759212	0
pop1	NC_091035.1	1000001	2000000	0.0061954273394179	799622	4954	799622	0
pop1	NC_091035.1	2000001	3000000	0.0041762256186675	936731	3912	936731	0
pop1	NC_091035.1	3000001	4000000	0.0059740200705064	835953	4994	835953	0
pop1	NC_091035.1	4000001	5000000	0.0041989084136087	924526	3882	924526	0
pop1	NC_091035.1	5000001	6000000	0.0032143468584147	233640	751	233640	0
pop1	NC_091036.1	1	1000000	0.0043927131364189	829328	3643	829328	0
pop1	NC_091036.1	1000001	2000000	0.0064743149993947	619525	4011	619525	0
pop1	NC_091036.1	2000001	3000000	0.0021351299537151	912825	1949	912825	0
pop1	NC_091036.1	3000001	4000000	0.0004174713884508	474284	198	474284	0
pop1	NC_091036.1	4000001	5000000	0.0035233718775314	939441	3310	939441	0
pop1	NC_091036.1	5000001	6000000	0.0051394489721102	851064	4374	851064	0
pop1	NC_091036.1	6000001	7000000	0.00094981430965918	912810	867	912810	0
pop1	NC_091036.1	7000001	8000000	0.0024094352967131	924698	2228	924698	0
pop1	NC_091036.1	8000001	9000000	0.00070247384708853	52671	37	52671	0
pop1	NC_091037.1	1	1000000	0.002344299646935	774645	1816	774645	0
pop1	NC_091037.1	1000001	2000000	0.0040971556407798	938700	3846	938700	0
pop1	NC_091037.1	2000001	3000000	0.0044285717324394	940258	4164	940258	0
pop1	NC_091037.1	3000001	4000000	0.0045275658743514	952609	4313	952609	0
pop1	NC_091037.1	4000001	5000000	0.0044398732559922	939216	4170	939216	0
pop1	NC_091037.1	5000001	6000000	0.0046141519376631	926064	4273	926064	0
pop1	NC_091037.1	6000001	7000000	0.0048237760544443	941586	4542	941586	0
pop1	NC_091037.1	7000001	8000000	0.0040145404697502	81703	328	81703	0
pop1	NC_091038.1	1	1000000	0.0041080502109539	306228	1258	306228	0
pop1	NC_091038.1	1000001	2000000	0.0071220194388303	756527	5388	756527	0
pop1	NC_091038.1	2000001	3000000	0.0068575764354508	661604	4537	661604	0
pop1	NC_091038.1	3000001	4000000	0.0033727569148244	668889	2256	668889	0
pop1	NC_091038.1	4000001	5000000	0.014218009478673	211	3	211	0
pop1	NC_091039.1	1	1000000	0.0014270763961564	10511	15	10511	0
pop1	NC_091039.1	1000001	2000000	0.004032455228898	654440	2639	654440	0
pop1	NC_091039.1	2000001	3000000	0.0046895603466736	887290	4161	887290	0
pop1	NC_091039.1	3000001	4000000	0.004607145477221	886015	4082	886015	0
pop1	NC_091039.1	4000001	5000000	0.0040257822520668	927770	3735	927770	0
pop1	NC_091039.1	5000001	6000000	0.0058337702433345	856393	4996	856393	0
pop1	NC_091039.1	6000001	7000000	0.0040624799405533	919143	3734	919143	0
pop1	NC_091039.1	7000001	8000000	0.0017390343631915	941327	1637	941327	0
pop1	NC_091039.1	8000001	9000000	0.0017403795684964	36199	63	36199	0
pop1	NC_091040.1	1	1000000	0.00247795646252	836980	2074	836980	0
pop1	NC_091040.1	1000001	2000000	0.0066716236483554	788114	5258	788114	0
pop1	NC_091040.1	2000001	3000000	0.0044464313902616	867887	3859	867887	0
pop1	NC_091040.1	3000001	4000000	0.0040842488364542	591296	2415	591296	0
pop1	NC_091040.1	4000001	5000000	0.0045209278195582	485741	2196	485741	0
pop1	NC_091040.1	5000001	6000000	0.0039152578927286	723324	2832	723324	0
pop1	NC_091040.1	6000001	7000000	0.0044628674073661	664147	2964	664147	0
pop1	NC_091041.1	1	1000000	0.0081466395112016	982	8	982	0
pop1	NC_091041.1	1000001	2000000	0.0042909177785826	527393	2263	527393	0
pop1	NC_091041.1	2000001	3000000	0.0044602748334454	814748	3634	814748	0
pop1	NC_091041.1	3000001	4000000	0.004327303466497	923901	3998	923901	0
pop1	NC_091041.1	4000001	5000000	0.0038779357117718	926266	3592	926266	0
pop1	NC_091041.1	5000001	6000000	0.0050148165033052	833530	4180	833530	0
pop1	NC_091041.1	6000001	7000000	0.0033123662611033	711274	2356	711274	0
pop1	NC_091042.1	1	1000000	0.0048387096774194	107880	522	107880	0
pop1	NC_091042.1	1000001	2000000	0.0052736949423313	783701	4133	783701	0
pop1	NC_091042.1	2000001	3000000	0.0053910662330994	771276	4158	771276	0
pop1	NC_091042.1	3000001	4000000	0.0042385819640316	386450	1638	386450	0
pop1	NC_091043.1	1	1000000	0.0080944480142708	625614	5064	625614	0
pop1	NC_091043.1	1000001	2000000	0.011872160012983	394368	4682	394368	0
pop1	NC_091043.1	2000001	3000000	0.0017568076295646	7969	14	7969	0
pop1	NC_091044.1	1	1000000	0.007244397103469	325769	2360	325769	0
pop1	NC_091044.1	1000001	2000000	0.0097530502774237	433813	4231	433813	0
pop1	NC_091044.1	2000001	3000000	0.0050219782292905	265035	1331	265035	0
pop1	NC_091045.1	1	1000000	0.008033645430047	413013	3318	413013	0
pop1	NC_138417.1	1	1000000	0.00055288727349651	207999	115	207999	0
pop1	NC_138417.1	1000001	2000000	0.00090020916624745	339921	306	339921	0
pop1	NC_138417.1	2000001	3000000	0.00081520369717109	337339	275	337339	0
pop1	NC_138417.1	3000001	4000000	0.0007142966084892	393394	281	393394	0
pop1	NC_138417.1	4000001	5000000	0.00087922061346909	352585	310	352585	0
pop1	NC_138417.1	5000001	6000000	0.0012217820155116	279919	342	279919	0
pop1	NC_138417.1	6000001	7000000	0.00096729679398722	373205	361	373205	0
pop1	NC_138417.1	7000001	8000000	0.00080606888788726	419319	338	419319	0
pop1	NC_138417.1	8000001	9000000	0.0011109268259099	319553	355	319553	0
pop1	NC_138417.1	9000001	10000000	0.00079872670137533	343046	274	343046	0
pop1	NC_138417.1	10000001	11000000	0.00082075098715325	399634	328	399634	0
pop1	NC_138417.1	11000001	12000000	0.00086772615942279	376847	327	376847	0
pop1	NC_138417.1	12000001	13000000	0.00082715138894914	345765	286	345765	0
pop1	NC_138417.1	13000001	14000000	0.00092909036587943	274462	255	274462	0
pop1	NC_138417.1	14000001	15000000	0.00075805511875153	319238	242	319238	0
pop1	NC_138417.1	15000001	16000000	0	171	0	171	0
pop1	NC_138417.1	16000001	17000000	0.0013382451704658	202504	271	202504	0
pop1	NC_138417.1	17000001	18000000	0.00066471987787491	436274	290	436274	0
pop1	NC_138417.1	18000001	19000000	0.0010380515081158	289003	300	289003	0
pop1	NC_138417.1	19000001	20000000	0.0010104071940992	346395	350	346395	0
pop1	NC_138417.1	20000001	21000000	0.0012684688108699	210490	267	210490	0
pop1	NW_027184081.1	1	1000000	0.0012170385395538	2465	3	2465	0
pop1	NW_027184081.1	1000001	2000000	0.0036697247706422	4905	18	4905	0
pop1	NW_027184081.1	2000001	3000000	0.0010152284263959	985	1	985	0
pop1	NW_027184081.1	3000001	4000000	0	688	0	688	0
pop1	NW_027184081.1	4000001	5000000	0.0015971116258868	221024	353	221024	0
pop1	NW_027184081.1	5000001	6000000	0.00081273479411206	342055	278	342055	0
pop1	NW_027184081.1	6000001	7000000	0.00081178987459983	327671	266	327671	0
pop1	NW_027184081.1	7000001	8000000	0.00077654157246232	145517	113	145517	0
pop1	NW_027184081.1	8000001	9000000	0.00098156747163924	382042	375	382042	0
pop1	NW_027184081.1	9000001	10000000	0.00086037364798427	81360	70	81360	0
pop1	NW_027184082.1	1	1000000	0.0012055646886214	282855	341	282855	0
pop1	NW_027184082.1	1000001	2000000	0.00092720365919839	322475	299	322475	0
pop1	NW_027184082.1	2000001	3000000	0.00083553036418962	354266	296	354266	0
pop1	NW_027184082.1	3000001	4000000	0.00095159689854537	319463	304	319463	0
pop1	NW_027184082.1	4000001	5000000	0.00089144387817224	229964	205	229964	0
pop1	NW_027184083.1	1	1000000	0.00096143766379633	333875	321	333875	0
pop1	NW_027184083.1	1000001	2000000	0.00047470701676309	438165	208	438165	0
pop1	NW_027184083.1	2000001	3000000	0.00085150893164538	380501	324	380501	0
pop1	NW_027184083.1	3000001	4000000	0.00038431975403536	91070	35	91070	0
pop1	NW_027184084.1	1	1000000	0.00083997659391064	317866	267	317866	0
pop1	NW_027184084.1	1000001	2000000	0.00075680640633389	154597	117	154597	0
pop1	NW_027184084.1	2000001	3000000	0.0009075740327787	320635	291	320635	0
pop1	NC_138418.1	1	1000000	0.0026353277907096	458387	1208	458387	0
pop1	NC_138418.1	1000001	2000000	0.0013391302528356	669091	896	669091	0
pop1	NC_138418.1	2000001	3000000	0.00011320269019215	644861	73	644861	0
pop1	NC_138418.1	3000001	4000000	0.00042547913277257	693336	295	693336	0
pop1	NC_138418.1	4000001	5000000	0.000196013700326	678524	133	678524	0
pop1	NC_138418.1	5000001	6000000	0.00012177337241818	681594	83	681594	0
pop1	NC_138418.1	6000001	7000000	0.00014713959176776	686423	101	686423	0
pop1	NC_138418.1	7000001	8000000	8.4864304902816e-05	683444	58	683444	0
pop1	NC_138418.1	8000001	9000000	0.00011110558347014	603030	67	603030	0
pop1	NC_138418.1	9000001	10000000	0.00010729038141731	577871	62	577871	0
pop1	NC_138418.1	10000001	11000000	0.00012610257871585	610614	77	610614	0
pop1	NC_138418.1	11000001	12000000	0.00032869697598782	693648	228	693648	0
pop1	NC_138418.1	12000001	13000000	8.8329657679836e-05	701916	62	701916	0
pop1	NC_138418.1	13000001	14000000	0.00022623957506306	711635	161	711635	0
pop1	NC_138418.1	14000001	15000000	0.00030350225629967	626025	190	626025	0
pop1	NC_138418.1	15000001	16000000	0.00026515645648882	705244	187	705244	0
pop1	NC_138418.1	16000001	17000000	0.00015981693182606	707059	113	707059	0
pop1	NC_138418.1	17000001	18000000	0.00015316089273307	718199	110	718199	0
pop1	NC_138418.1	18000001	19000000	0.00013334437518335	712441	95	712441	0
pop1	NC_138418.1	19000001	20000000	0.00026477772059108	672262	178	672262	0
pop1	NC_138418.1	20000001	21000000	0.00014792813593145	689524	102	689524	0
pop1	NC_138418.1	21000001	22000000	0.00011640122337686	687278	80	687278	0
pop1	NC_138418.1	22000001	23000000	8.6019874965009e-05	685888	59	685888	0
pop1	NC_138418.1	23000001	24000000	9.7165092746394e-05	648381	63	648381	0
pop1	NC_138418.1	24000001	25000000	0.00013054481692573	674098	88	674098	0
pop1	NC_138418.1	25000001	26000000	0.00010410526655347	682002	71	682002	0
pop1	NC_138418.1	26000001	27000000	9.8521025545922e-05	690208	68	690208	0
pop1	NC_138418.1	27000001	28000000	8.2608608956482e-05	702106	58	702106	0
pop1	NC_138418.1	28000001	29000000	0.00028905702372436	691905	200	691905	0
pop1	NC_138418.1	29000001	30000000	9.9935534542506e-05	710458	71	710458	0
pop1	NC_138418.1	30000001	31000000	8.5873396851023e-05	698703	60	698703	0
pop1	NC_138418.1	31000001	32000000	0.00010001534482003	729888	73	729888	0
pop1	NC_138418.1	32000001	33000000	0.00012386156648452	686250	85	686250	0
pop1	NC_138418.1	33000001	34000000	0.00012199925918522	680332	83	680332	0
pop1	NC_138418.1	34000001	35000000	9.8754406378676e-05	698703	69	698703	0
pop1	NC_138418.1	35000001	36000000	0.00010291933554133	699577	72	699577	0
pop1	NC_138418.1	36000001	37000000	0.0001933502502312	667183	129	667183	0
pop1	NC_138418.1	37000001	38000000	0.00012111471130527	701814	85	701814	0
pop1	NC_138418.1	38000001	39000000	0.00012078837321664	720268	87	720268	0
pop1	NC_138418.1	39000001	40000000	0.00010108334981431	682605	69	682605	0
pop1	NC_138418.1	40000001	41000000	0.0021689971849185	195021	423	195021	0
pop1	NC_138418.1	41000001	42000000	9.3628642874428e-05	694232	65	694232	0
pop1	NC_138418.1	42000001	43000000	9.0076903156069e-05	710504	64	710504	0
pop1	NC_138418.1	43000001	44000000	8.613982046202e-05	708151	61	708151	0
pop1	NC_138418.1	44000001	45000000	0.00010365471725214	675319	70	675319	0
pop1	NC_138418.1	45000001	46000000	7.1072772427013e-05	492453	35	492453	0
pop1	NC_138418.1	46000001	47000000	0.00015272818354262	654758	100	654758	0
pop1	NC_138418.1	47000001	48000000	0.00015964387136388	651450	104	651450	0
pop1	NC_138418.1	48000001	49000000	9.8663938482275e-05	658802	65	658802	0
pop1	NC_138418.1	49000001	50000000	0.00012709933031801	684504	87	684504	0
pop1	NC_138418.1	50000001	51000000	0.00016100068115673	403725	65	403725	0
pop1	NC_138418.1	51000001	52000000	NA	0	NA	NA	NA
pop1	NC_138418.1	52000001	53000000	NA	0	NA	NA	NA
pop1	NC_138418.1	53000001	54000000	8.7881736292018e-05	477915	42	477915	0
pop1	NC_138418.1	54000001	55000000	0.00012297709990718	683054	84	683054	0
pop1	NC_138418.1	55000001	56000000	0.0001426756136166	672855	96	672855	0
pop1	NC_138418.1	56000001	57000000	8.0089147506259e-05	724193	58	724193	0
pop1	NC_138418.1	57000001	58000000	9.3821898031e-05	714119	67	714119	0
pop1	NC_138418.1	58000001	59000000	0.00010183739776153	716829	73	716829	0
pop1	NC_138418.1	59000001	60000000	9.5662092056367e-05	543580	52	543580	0
pop1	NC_138418.1	60000001	61000000	9.4179113234173e-05	647702	61	647702	0
pop1	NC_138418.1	61000001	62000000	9.1711664171639e-05	708743	65	708743	0
pop1	NC_138418.1	62000001	63000000	0.00010272213662044	691185	71	691185	0
pop1	NC_138418.1	63000001	64000000	8.4089900802914e-05	689738	58	689738	0
pop1	NC_138418.1	64000001	65000000	0.00012627857052658	681034	86	681034	0
pop1	NC_138418.1	65000001	66000000	0.00011034061298454	706902	78	706902	0
pop1	NC_138418.1	66000001	67000000	0.00030941165604507	649620	201	649620	0
pop1	NC_138418.1	67000001	68000000	0.0002552609441123	622892	159	622892	0
pop1	NC_138418.1	68000001	69000000	6.3767561441495e-05	690006	44	690006	0
pop1	NC_138418.1	69000001	70000000	0.0047784578045404	304073	1453	304073	0
pop1	NC_138418.1	70000001	71000000	0.0014993603646151	654279	981	654279	0
pop1	NC_138418.1	71000001	72000000	0.0001268518808532	638540	81	638540	0
pop1	NC_138418.1	72000001	73000000	0.00011915755607852	167845	20	167845	0
pop1	NW_027184086.1	1	1000000	0.00013680398529553	511681	70	511681	0
pop1	NW_027184086.1	1000001	2000000	9.0109448322231e-05	721345	65	721345	0
pop1	NW_027184086.1	2000001	3000000	0.00014889032913521	685068	102	685068	0
pop1	NW_027184086.1	3000001	4000000	0.00078451349974529	392600	308	392600	0
pop1	NW_027184086.1	4000001	5000000	0	177	0	177	0
pop1	NW_027184087.1	1	1000000	0.00016207970989247	660169	107	660169	0
pop1	NW_027184087.1	1000001	2000000	0.00013718518857247	174946	24	174946	0
pop1	NW_027184088.1	1	1000000	0.0016472498090145	41888	69	41888	0
pop1	NW_027184088.1	1000001	2000000	0	219	0	219	0
pop1	NW_027183733.1	1	1000000	0.0011700468018721	5128	6	5128	0
pop1	NW_027183733.1	1000001	2000000	0.00069108500345542	2894	2	2894	0
pop1	NW_027183733.1	2000001	3000000	0.0011976047904192	3340	4	3340	0
pop1	NW_027183733.1	3000001	4000000	0.0037453183520599	534	2	534	0
pop1	NW_027183733.1	4000001	5000000	0	526	0	526	0
pop1	NW_027183804.1	1	1000000	0.00040360554284946	7433	3	7433	0
pop1	NW_027183804.1	1000001	2000000	0.0056174132636956	139388	783	139388	0
pop1	NW_027183804.1	2000001	3000000	0.0032499826513382	86462	281	86462	0
pop1	NW_027183804.1	3000001	4000000	0.0025259845128163	24149	61	24149	0
pop1	NW_027183804.1	4000001	5000000	0.0020850040096231	6235	13	6235	0
pop1	NW_027183894.1	1	1000000	0.0011111111111111	1800	2	1800	0
pop1	NW_027183894.1	1000001	2000000	0.0024398745207389	2869	7	2869	0
pop1	NW_027183894.1	2000001	3000000	0	419	0	419	0
pop1	NW_027183894.1	3000001	4000000	0	186	0	186	0
pop1	NW_027183905.1	1	1000000	0.0035983176203632	315981	1137	315981	0
pop1	NW_027183905.1	1000001	2000000	0.0030981006530655	113618	352	113618	0
pop1	NW_027183905.1	2000001	3000000	0.0022591951353406	94724	214	94724	0
pop1	NW_027183916.1	1	1000000	0	456	0	456	0
pop1	NW_027183916.1	1000001	2000000	0.0054764512595838	913	5	913	0
pop1	NW_027183916.1	2000001	3000000	0.0019493177387914	1026	2	1026	0
pop1	NW_027183927.1	1	1000000	0	714	0	714	0
pop1	NW_027183927.1	1000001	2000000	0	353	0	353	0
pop1	NW_027183927.1	2000001	3000000	0.0013138138138138	10656	14	10656	0
pop1	NW_027183938.1	1	1000000	0.0003822629969419	2616	1	2616	0
pop1	NW_027183938.1	1000001	2000000	0	241	0	241	0
pop1	NW_027183938.1	2000001	3000000	0	40	0	40	0
pop1	NW_027183949.1	1	1000000	0.0080497886671806	193297	1556	193297	0
pop1	NW_027183949.1	1000001	2000000	0.0015411712901805	4542	7	4542	0
pop1	NW_027183949.1	2000001	3000000	0.0023535564853556	3824	9	3824	0
pop1	NW_027183960.1	1	1000000	0.00071581961345741	1397	1	1397	0
pop1	NW_027183960.1	1000001	2000000	0.0035161744022504	1422	5	1422	0
pop1	NW_027183960.1	2000001	3000000	0	428	0	428	0
pop1	NW_027183981.1	1	1000000	0.0031885378276533	144894	462	144894	0
pop1	NW_027183981.1	1000001	2000000	0.0030154650277854	69641	210	69641	0
pop1	NW_027183981.1	2000001	3000000	0.0025270758122744	94180	238	94180	0
pop1	NW_027183992.1	1	1000000	0.006504026527712	211100	1373	211100	0
pop1	NW_027183992.1	1000001	2000000	0	91	0	91	0
pop1	NW_027183992.1	2000001	3000000	0.0040485829959514	247	1	247	0
pop1	NW_027184003.1	1	1000000	0	729	0	729	0
pop1	NW_027184003.1	1000001	2000000	0.0013802622498275	1449	2	1449	0
pop1	NW_027184003.1	2000001	3000000	0	77	0	77	0
pop1	NW_027184024.1	1	1000000	0.00091911764705882	3264	3	3264	0
pop1	NW_027184024.1	1000001	2000000	0	179	0	179	0
pop1	NW_027184024.1	2000001	3000000	0	208	0	208	0
pop1	NW_027184055.1	1	1000000	0.0018688413183826	11772	22	11772	0
pop1	NW_027184055.1	1000001	2000000	0.0022503112132529	20886	47	20886	0
pop1	NW_027184055.1	2000001	3000000	0.0014160294534126	3531	5	3531	0
pop1	NW_027184058.1	1	1000000	0.0039963110974485	3253	13	3253	0
pop1	NW_027184058.1	1000001	2000000	0.0018761726078799	533	1	533	0
pop1	NW_027184058.1	2000001	3000000	0.0011547344110855	866	1	866	0
pop1	NW_027184059.1	1	1000000	0.00070224719101124	1424	1	1424	0
pop1	NW_027184059.1	1000001	2000000	0.0060096153846154	832	5	832	0
pop1	NW_027184059.1	2000001	3000000	0	143	0	143	0
pop1	NW_027184060.1	1	1000000	0.0024199012680283	30993	75	30993	0
pop1	NW_027184060.1	1000001	2000000	0	326	0	326	0
pop1	NW_027184061.1	1	1000000	0.001825453951811	134761	246	134761	0
pop1	NW_027184061.1	1000001	2000000	0.0071259601063053	205446	1464	205446	0
pop1	NW_027184062.1	1	1000000	0.002442996742671	2456	6	2456	0
pop1	NW_027184062.1	1000001	2000000	0.0061782877316858	3399	21	3399	0
pop1	NW_027184063.1	1	1000000	0.0048738770783983	132133	644	132133	0
pop1	NW_027184063.1	1000001	2000000	0.0091734038772141	222273	2039	222273	0
pop1	NW_027184064.1	1	1000000	0.00067968810598402	760643	517	760643	0
pop1	NW_027184064.1	1000001	2000000	0.00068326590341741	743488	508	743488	0
pop1	NW_027184065.1	1	1000000	0.0077669902912621	1030	8	1030	0
pop1	NW_027184065.1	1000001	2000000	0.010810810810811	555	6	555	0
pop1	NW_027184066.1	1	1000000	0.0011834319526627	845	1	845	0
pop1	NW_027184066.1	1000001	2000000	0.0029101491451437	5498	16	5498	0
pop1	NW_027184067.1	1	1000000	0.0034246575342466	292	1	292	0
pop1	NW_027184067.1	1000001	2000000	0.0023622047244094	1270	3	1270	0
pop1	NW_027184068.1	1	1000000	0	1334	0	1334	0
pop1	NW_027184068.1	1000001	2000000	0	811	0	811	0
pop1	NW_027184069.1	1	1000000	0.0049008168028005	4285	21	4285	0
pop1	NW_027184069.1	1000001	2000000	0.0030211480362538	331	1	331	0
pop1	NW_027184070.1	1	1000000	0	259	0	259	0
pop1	NW_027184070.1	1000001	2000000	0	263	0	263	0
pop1	NW_027184071.1	1	1000000	0.0024335183497639	96568	235	96568	0
pop1	NW_027184071.1	1000001	2000000	0.0021694588405448	8297	18	8297	0
pop1	NW_027184072.1	1	1000000	0.0015345268542199	1955	3	1955	0
pop1	NW_027184072.1	1000001	2000000	0.005	2600	13	2600	0
pop1	NW_027184073.1	1	1000000	0	77	0	77	0
pop1	NW_027184073.1	1000001	2000000	0	45	0	45	0
pop1	NW_027184074.1	1	1000000	0.0016545334215751	9066	15	9066	0
pop1	NW_027184074.1	1000001	2000000	0	307	0	307	0
pop1	NW_027184075.1	1	1000000	0.0091423595994776	2297	21	2297	0
pop1	NW_027184075.1	1000001	2000000	0	262	0	262	0
pop1	NW_027184076.1	1	1000000	0.0016384163960797	33569	55	33569	0
pop1	NW_027184076.1	1000001	2000000	0.0032024325548295	30914	99	30914	0
pop1	NW_027184077.1	1	1000000	0.002661934338953	2254	6	2254	0
pop1	NW_027184077.1	1000001	2000000	0.0043365134431917	1153	5	1153	0
pop1	NW_027184078.1	1	1000000	0.010158328734867	447613	4547	447613	0
pop1	NW_027184078.1	1000001	2000000	0.012745363272913	33267	424	33267	0
pop1	NW_027184079.1	1	1000000	0.007313829787234	1504	11	1504	0
pop1	NW_027184079.1	1000001	2000000	0	62	0	62	0
pop1	NW_027183463.1	1	1000000	0.0015028875705006	177658	267	177658	0
pop1	NW_027183463.1	1000001	2000000	0.0024038461538462	832	2	832	0
pop1	NW_027183464.1	1	1000000	0.0063694267515924	628	4	628	0
pop1	NW_027183465.1	1	1000000	0.0020088388911209	2489	5	2489	0
pop1	NW_027183465.1	1000001	2000000	0	194	0	194	0
pop1	NW_027183466.1	1	1000000	0.0011344299489507	8815	10	8815	0
pop1	NW_027183467.1	1	1000000	0.00046091150955365	657393	303	657393	0
pop1	NW_027183468.1	1	1000000	0.0029721696838692	3701	11	3701	0
pop1	NW_027183469.1	1	1000000	0.00082304526748971	1215	1	1215	0
pop1	NW_027183470.1	1	1000000	0.00075843761850588	2637	2	2637	0
pop1	NW_027183471.1	1	1000000	0.0007843137254902	1275	1	1275	0
pop1	NW_027183472.1	1	1000000	0.0028068862275449	5344	15	5344	0
pop1	NW_027183473.1	1	1000000	0.0014566642388929	2746	4	2746	0
pop1	NW_027183474.1	1	1000000	0.015645067133684	77085	1206	77085	0
pop1	NW_027183475.1	1	1000000	0.00091033227127902	2197	2	2197	0
pop1	NW_027183476.1	1	1000000	0.013577380257451	231267	3140	231267	0
pop1	NW_027183477.1	1	1000000	0	1777	0	1777	0
pop1	NW_027183478.1	1	1000000	0	1358	0	1358	0
pop1	NW_027183479.1	1	1000000	0.0015865460891639	6303	10	6303	0
pop1	NW_027183480.1	1	1000000	0.001491646778043	3352	5	3352	0
pop1	NW_027183481.1	1	1000000	0.0017285205897306	29505	51	29505	0
pop1	NW_027183482.1	1	1000000	0.00091240875912409	1096	1	1096	0
pop1	NW_027183483.1	1	1000000	0	2890	0	2890	0
pop1	NW_027183484.1	1	1000000	0	1558	0	1558	0
pop1	NW_027183485.1	1	1000000	0	123	0	123	0
pop1	NW_027183486.1	1	1000000	0	1378	0	1378	0
pop1	NW_027183487.1	1	1000000	0.0019083969465649	524	1	524	0
pop1	NW_027183488.1	1	1000000	0	172	0	172	0
pop1	NW_027183489.1	1	1000000	0	512	0	512	0
pop1	NW_027183490.1	1	1000000	0	318	0	318	0
pop1	NW_027183491.1	1	1000000	0.012714130548648	181373	2306	181373	0
pop1	NW_027183492.1	1	1000000	0.0070263798868844	242230	1702	242230	0
pop1	NW_027183493.1	1	1000000	0.0026867275658248	1861	5	1861	0
pop1	NW_027183494.1	1	1000000	0.012477825412078	216464	2701	216464	0
pop1	NW_027183495.1	1	1000000	0	151	0	151	0
pop1	NW_027183496.1	1	1000000	0.010192730565257	77310	788	77310	0
pop1	NW_027183497.1	1	1000000	0	269	0	269	0
pop1	NW_027183498.1	1	1000000	0	146	0	146	0
pop1	NW_027183499.1	1	1000000	0.0032	2500	8	2500	0
pop1	NW_027183500.1	1	1000000	0.014969421823841	154849	2318	154849	0
pop1	NW_027183501.1	1	1000000	0.0017814726840855	5052	9	5052	0
pop1	NW_027183502.1	1	1000000	0	827	0	827	0
pop1	NW_027183503.1	1	1000000	0	664	0	664	0
pop1	NW_027183504.1	1	1000000	0	600	0	600	0
pop1	NW_027183505.1	1	1000000	0	22	0	22	0
pop1	NW_027183506.1	1	1000000	0	1076	0	1076	0
pop1	NW_027183507.1	1	1000000	0.0016835016835017	594	1	594	0
pop1	NW_027183508.1	1	1000000	0.0029910269192423	1003	3	1003	0
pop1	NW_027183509.1	1	1000000	0	601	0	601	0
pop1	NW_027183510.1	1	1000000	0	56	0	56	0
pop1	NW_027183511.1	1	1000000	0	649	0	649	0
pop1	NW_027183512.1	1	1000000	0	3512	0	3512	0
pop1	NW_027183513.1	1	1000000	0	573	0	573	0
pop1	NW_027183514.1	1	1000000	0	814	0	814	0
pop1	NW_027183515.1	1	1000000	0	340	0	340	0
pop1	NW_027183516.1	1	1000000	0.0090383224873463	38724	350	38724	0
pop1	NW_027183518.1	1	1000000	0.0032520325203252	615	2	615	0
pop1	NW_027183519.1	1	1000000	0	499	0	499	0
pop1	NW_027183520.1	1	1000000	0.0025410111729756	26761	68	26761	0
pop1	NW_027183521.1	1	1000000	0	446	0	446	0
pop1	NW_027183522.1	1	1000000	0	52	0	52	0
pop1	NW_027183523.1	1	1000000	0.012411405428357	91851	1140	91851	0
pop1	NW_027183524.1	1	1000000	0	229	0	229	0
pop1	NW_027183525.1	1	1000000	0	240	0	240	0
pop1	NW_027183526.1	1	1000000	0	823	0	823	0
pop1	NW_027183527.1	1	1000000	0	86	0	86	0
pop1	NW_027183528.1	1	1000000	0.012318679417797	80934	997	80934	0
pop1	NW_027183529.1	1	1000000	0.016813474809825	133167	2239	133167	0
pop1	NW_027183530.1	1	1000000	0.01265323237057	81086	1026	81086	0
pop1	NW_027183531.1	1	1000000	0.0034794711203897	2874	10	2874	0
pop1	NW_027183532.1	1	1000000	0.004739336492891	211	1	211	0
pop1	NW_027183533.1	1	1000000	0	604	0	604	0
pop1	NW_027183534.1	1	1000000	0.011135790005048	99050	1103	99050	0
pop1	NW_027183535.1	1	1000000	0.013762862380588	108553	1494	108553	0
pop1	NW_027183536.1	1	1000000	0.01402413058907	140900	1976	140900	0
pop1	NW_027183537.1	1	1000000	0	408	0	408	0
pop1	NW_027183538.1	1	1000000	0	643	0	643	0
pop1	NW_027183539.1	1	1000000	0.00086730268863833	1153	1	1153	0
pop1	NW_027183540.1	1	1000000	0	182	0	182	0
pop1	NW_027183541.1	1	1000000	0.0054452823133491	128368	699	128368	0
pop1	NW_027183543.1	1	1000000	0	1397	0	1397	0
pop1	NW_027183544.1	1	1000000	0	499	0	499	0
pop1	NW_027183545.1	1	1000000	0	40	0	40	0
pop1	NW_027183546.1	1	1000000	0	316	0	316	0
pop1	NW_027183547.1	1	1000000	0	85	0	85	0
pop1	NW_027183548.1	1	1000000	0	268	0	268	0
pop1	NW_027183549.1	1	1000000	0	1137	0	1137	0
pop1	NW_027183550.1	1	1000000	0.015260821309656	86496	1320	86496	0
pop1	NW_027183551.1	1	1000000	0.014304301541616	126815	1814	126815	0
pop1	NW_027183552.1	1	1000000	0.00098522167487685	1015	1	1015	0
pop1	NW_027183553.1	1	1000000	0.0082576928666746	75687	625	75687	0
pop1	NW_027183554.1	1	1000000	0	190	0	190	0
pop1	NW_027183555.1	1	1000000	0	429	0	429	0
pop1	NW_027183556.1	1	1000000	0	676	0	676	0
pop1	NW_027183557.1	1	1000000	0.010549786583424	78485	828	78485	0
pop1	NW_027183558.1	1	1000000	0	319	0	319	0
pop1	NW_027183559.1	1	1000000	0	1201	0	1201	0
pop1	NW_027183560.1	1	1000000	0.0026881720430108	372	1	372	0
pop1	NW_027183561.1	1	1000000	0	78	0	78	0
pop1	NW_027183562.1	1	1000000	0.0043668122270742	916	4	916	0
pop1	NW_027183563.1	1	1000000	0.0102575663642	17743	182	17743	0
pop1	NW_027183565.1	1	1000000	0	149	0	149	0
pop1	NW_027183566.1	1	1000000	0	68	0	68	0
pop1	NW_027183567.1	1	1000000	0.014471057884232	32064	464	32064	0
pop1	NW_027183568.1	1	1000000	0.003921568627451	255	1	255	0
pop1	NW_027183569.1	1	1000000	0.00026830698293766	100631	27	100631	0
pop1	NW_027183570.1	1	1000000	0	156	0	156	0
pop1	NW_027183571.1	1	1000000	0	1080	0	1080	0
pop1	NW_027183572.1	1	1000000	0.0012864493996569	2332	3	2332	0
pop1	NW_027183573.1	1	1000000	0	280	0	280	0
pop1	NW_027183574.1	1	1000000	0	898	0	898	0
pop1	NW_027183576.1	1	1000000	0	410	0	410	0
pop1	NW_027183577.1	1	1000000	0.012929112795363	17944	232	17944	0
pop1	NW_027183578.1	1	1000000	0	172	0	172	0
pop1	NW_027183579.1	1	1000000	0.01457841339367	75797	1105	75797	0
pop1	NW_027183580.1	1	1000000	0	273	0	273	0
pop1	NW_027183581.1	1	1000000	0	65	0	65	0
pop1	NW_027183583.1	1	1000000	0.014084507042254	35500	500	35500	0
pop1	NW_027183584.1	1	1000000	0	154	0	154	0
pop1	NW_027183585.1	1	1000000	0	248	0	248	0
pop1	NW_027183586.1	1	1000000	0	161	0	161	0
pop1	NW_027183587.1	1	1000000	0	296	0	296	0
pop1	NW_027183588.1	1	1000000	0.0087719298245614	228	2	228	0
pop1	NW_027183589.1	1	1000000	0.013926349383738	93061	1296	93061	0
pop1	NW_027183590.1	1	1000000	0	781	0	781	0
pop1	NW_027183591.1	1	1000000	0.0066666666666667	150	1	150	0
pop1	NW_027183592.1	1	1000000	0.0038610038610039	259	1	259	0
pop1	NW_027183593.1	1	1000000	0.0023474178403756	426	1	426	0
pop1	NW_027183595.1	1	1000000	0.016352915886128	65126	1065	65126	0
pop1	NW_027183596.1	1	1000000	0	533	0	533	0
pop1	NW_027183597.1	1	1000000	0	159	0	159	0
pop1	NW_027183598.1	1	1000000	0	28	0	28	0
pop1	NW_027183599.1	1	1000000	0	909	0	909	0
pop1	NW_027183600.1	1	1000000	0	166	0	166	0
pop1	NW_027183601.1	1	1000000	0	978	0	978	0
pop1	NW_027183602.1	1	1000000	0	81	0	81	0
pop1	NW_027183603.1	1	1000000	0	827	0	827	0
pop1	NW_027183604.1	1	1000000	0	171	0	171	0
pop1	NW_027183608.1	1	1000000	0	567	0	567	0
pop1	NW_027183609.1	1	1000000	0.00051255766273706	1951	1	1951	0
pop1	NW_027183610.1	1	1000000	0	344	0	344	0
pop1	NW_027183613.1	1	1000000	0.001354096140826	5908	8	5908	0
pop1	NW_027183614.1	1	1000000	0	165	0	165	0
pop1	NW_027183615.1	1	1000000	0.015158347037292	75404	1143	75404	0
pop1	NW_027183616.1	1	1000000	0	82	0	82	0
pop1	NW_027183617.1	1	1000000	0	551	0	551	0
pop1	NW_027183618.1	1	1000000	0.011621554507077	20135	234	20135	0
pop1	NW_027183619.1	1	1000000	0	386	0	386	0
pop1	NW_027183620.1	1	1000000	0	94	0	94	0
pop1	NW_027183622.1	1	1000000	0	114	0	114	0
pop1	NW_027183623.1	1	1000000	0	807	0	807	0
pop1	NW_027183624.1	1	1000000	0.018744142455483	10670	200	10670	0
pop1	NW_027183626.1	1	1000000	0	149	0	149	0
pop1	NW_027183627.1	1	1000000	0.001850138760407	2162	4	2162	0
pop1	NW_027183628.1	1	1000000	0.011777595179403	18255	215	18255	0
pop1	NW_027183631.1	1	1000000	0	542	0	542	0
pop1	NW_027183633.1	1	1000000	0.013217795359643	31851	421	31851	0
pop1	NW_027183634.1	1	1000000	0	135	0	135	0
pop1	NW_027183635.1	1	1000000	0.00048732943469786	2052	1	2052	0
pop1	NW_027183636.1	1	1000000	0.0036363636363636	275	1	275	0
pop1	NW_027183637.1	1	1000000	0	525	0	525	0
pop1	NW_027183641.1	1	1000000	0	15	0	15	0
pop1	NW_027183642.1	1	1000000	0.01052351138937	15014	158	15014	0
pop1	NW_027183644.1	1	1000000	0.0015037593984962	665	1	665	0
pop1	NW_027183645.1	1	1000000	0	815	0	815	0
pop1	NW_027183646.1	1	1000000	0	316	0	316	0
pop1	NW_027183648.1	1	1000000	0	289	0	289	0
pop1	NW_027183649.1	1	1000000	0	809	0	809	0
pop1	NW_027183650.1	1	1000000	0.016227958088423	7826	127	7826	0
pop1	NW_027183651.1	1	1000000	0.0033753485414255	61327	207	61327	0
pop1	NW_027183653.1	1	1000000	0	44	0	44	0
pop1	NW_027183654.1	1	1000000	0	503	0	503	0
pop1	NW_027183655.1	1	1000000	0	214	0	214	0
pop1	NW_027183656.1	1	1000000	0	245	0	245	0
pop1	NW_027183657.1	1	1000000	0	108	0	108	0
pop1	NW_027183658.1	1	1000000	0.0088528771850852	53316	472	53316	0
pop1	NW_027183660.1	1	1000000	0	131	0	131	0
pop1	NW_027183661.1	1	1000000	0	159	0	159	0
pop1	NW_027183662.1	1	1000000	0	74	0	74	0
pop1	NW_027183664.1	1	1000000	0.014458987185637	14593	211	14593	0
pop1	NW_027183665.1	1	1000000	0	57	0	57	0
pop1	NW_027183666.1	1	1000000	0	534	0	534	0
pop1	NW_027183667.1	1	1000000	0	262	0	262	0
pop1	NW_027183668.1	1	1000000	0	97	0	97	0
pop1	NW_027183669.1	1	1000000	0.013631937682571	17459	238	17459	0
pop1	NW_027183670.1	1	1000000	0	92	0	92	0
pop1	NW_027183671.1	1	1000000	0	52	0	52	0
pop1	NW_027183672.1	1	1000000	0.013544763792534	6054	82	6054	0
pop1	NW_027183674.1	1	1000000	0	12	0	12	0
pop1	NW_027183675.1	1	1000000	0	516	0	516	0
pop1	NW_027183676.1	1	1000000	0.012591205527216	15487	195	15487	0
pop1	NW_027183677.1	1	1000000	0	169	0	169	0
pop1	NW_027183678.1	1	1000000	0	305	0	305	0
pop1	NW_027183679.1	1	1000000	0.012501436946775	34796	435	34796	0
pop1	NW_027183681.1	1	1000000	0	121	0	121	0
pop1	NW_027183682.1	1	1000000	0.011725955204216	15180	178	15180	0
pop1	NW_027183683.1	1	1000000	0.01284315299406	12458	160	12458	0
pop1	NW_027183684.1	1	1000000	0	489	0	489	0
pop1	NW_027183685.1	1	1000000	0	276	0	276	0
pop1	NW_027183686.1	1	1000000	0	431	0	431	0
pop1	NW_027183687.1	1	1000000	0	172	0	172	0
pop1	NW_027183688.1	1	1000000	0.016806447385664	30524	513	30524	0
pop1	NW_027183690.1	1	1000000	0.016451068616423	21336	351	21336	0
pop1	NW_027183691.1	1	1000000	0.0029502822800947	54910	162	54910	0
pop1	NW_027183692.1	1	1000000	0.00095693779904306	1045	1	1045	0
pop1	NW_027183694.1	1	1000000	0.0075471698113208	265	2	265	0
pop1	NW_027183695.1	1	1000000	0.017347261791706	31590	548	31590	0
pop1	NW_027183696.1	1	1000000	0	40	0	40	0
pop1	NW_027183699.1	1	1000000	0.014388489208633	139	2	139	0
pop1	NW_027183700.1	1	1000000	0	127	0	127	0
pop1	NW_027183701.1	1	1000000	0	29	0	29	0
pop1	NW_027183702.1	1	1000000	0	246	0	246	0
pop1	NW_027183703.1	1	1000000	0	114	0	114	0
pop1	NW_027183704.1	1	1000000	0	205	0	205	0
pop1	NW_027183706.1	1	1000000	0.013082961366785	19491	255	19491	0
pop1	NW_027183707.1	1	1000000	0	227	0	227	0
pop1	NW_027183708.1	1	1000000	0.00085106382978723	2350	2	2350	0
pop1	NW_027183709.1	1	1000000	0	139	0	139	0
pop1	NW_027183710.1	1	1000000	0	556	0	556	0
pop1	NW_027183712.1	1	1000000	0	271	0	271	0
pop1	NW_027183713.1	1	1000000	0.0013020833333333	768	1	768	0
pop1	NW_027183714.1	1	1000000	0.0053763440860215	186	1	186	0
pop1	NW_027183715.1	1	1000000	0	436	0	436	0
pop1	NW_027183716.1	1	1000000	0	230	0	230	0
pop1	NW_027183717.1	1	1000000	0.0029500785410521	26101	77	26101	0
pop1	NW_027183718.1	1	1000000	0.011389029049232	13873	158	13873	0
pop1	NW_027183719.1	1	1000000	0	632	0	632	0
pop1	NW_027183720.1	1	1000000	0.012550800860626	8366	105	8366	0
pop1	NW_027183721.1	1	1000000	0	52	0	52	0
pop1	NW_027183722.1	1	1000000	0.011632270168856	15990	186	15990	0
pop1	NW_027183723.1	1	1000000	0	49	0	49	0
pop1	NW_027183724.1	1	1000000	0	73	0	73	0
pop1	NW_027183725.1	1	1000000	0	144	0	144	0
pop1	NW_027183727.1	1	1000000	0.016155758077879	16898	273	16898	0
pop1	NW_027183728.1	1	1000000	0.015991986736668	28952	463	28952	0
pop1	NW_027183729.1	1	1000000	0.014115898959881	10768	152	10768	0
pop1	NW_027183730.1	1	1000000	0	429	0	429	0
pop1	NW_027183731.1	1	1000000	0	63	0	63	0
pop1	NW_027183732.1	1	1000000	0	127	0	127	0
pop1	NW_027183734.1	1	1000000	0.012812916604947	40506	519	40506	0
pop1	NW_027183735.1	1	1000000	0.0032258064516129	310	1	310	0
pop1	NW_027183736.1	1	1000000	0.018028385116993	39105	705	39105	0
pop1	NW_027183738.1	1	1000000	0	152	0	152	0
pop1	NW_027183739.1	1	1000000	0	106	0	106	0
pop1	NW_027183740.1	1	1000000	0	217	0	217	0
pop1	NW_027183743.1	1	1000000	0	239	0	239	0
pop1	NW_027183744.1	1	1000000	0.015939098370406	8407	134	8407	0
pop1	NW_027183745.1	1	1000000	0.0034843205574913	287	1	287	0
pop1	NW_027183746.1	1	1000000	0	169	0	169	0
pop1	NW_027183747.1	1	1000000	0	394	0	394	0
pop1	NW_027183748.1	1	1000000	0	3	0	3	0
pop1	NW_027183751.1	1	1000000	0	50	0	50	0
pop1	NW_027183752.1	1	1000000	0	718	0	718	0
pop1	NW_027183753.1	1	1000000	0	162	0	162	0
pop1	NW_027183754.1	1	1000000	0	236	0	236	0
pop1	NW_027183755.1	1	1000000	0	73	0	73	0
pop1	NW_027183756.1	1	1000000	0.012122881939661	21777	264	21777	0
pop1	NW_027183757.1	1	1000000	0.0062893081761006	159	1	159	0
pop1	NW_027183758.1	1	1000000	0	156	0	156	0
pop1	NW_027183759.1	1	1000000	0.015900117383417	9371	149	9371	0
pop1	NW_027183761.1	1	1000000	0.009064226519337	11584	105	11584	0
pop1	NW_027183764.1	1	1000000	0	64	0	64	0
pop1	NW_027183765.1	1	1000000	0	296	0	296	0
pop1	NW_027183767.1	1	1000000	0.0047732696897375	419	2	419	0
pop1	NW_027183770.1	1	1000000	0	85	0	85	0
pop1	NW_027183771.1	1	1000000	0.0018484288354898	541	1	541	0
pop1	NW_027183775.1	1	1000000	0.012434009447069	14396	179	14396	0
pop1	NW_027183776.1	1	1000000	0	167	0	167	0
pop1	NW_027183777.1	1	1000000	0.015270018621974	5370	82	5370	0
pop1	NW_027183781.1	1	1000000	0.010140273787392	11834	120	11834	0
pop1	NW_027183782.1	1	1000000	0	874	0	874	0
pop1	NW_027183783.1	1	1000000	0	26	0	26	0
pop1	NW_027183785.1	1	1000000	0.013420724094881	9612	129	9612	0
pop1	NW_027183786.1	1	1000000	0.014004767580453	13424	188	13424	0
pop1	NW_027183787.1	1	1000000	0	69	0	69	0
pop1	NW_027183789.1	1	1000000	0	72	0	72	0
pop1	NW_027183790.1	1	1000000	0	192	0	192	0
pop1	NW_027183791.1	1	1000000	0	47	0	47	0
pop1	NW_027183792.1	1	1000000	0	526	0	526	0
pop1	NW_027183794.1	1	1000000	0	131	0	131	0
pop1	NW_027183795.1	1	1000000	0	174	0	174	0
pop1	NW_027183796.1	1	1000000	0.013181332383327	5614	74	5614	0
pop1	NW_027183797.1	1	1000000	0.020990099009901	5050	106	5050	0
pop1	NW_027183800.1	1	1000000	0	111	0	111	0
pop1	NW_027183803.1	1	1000000	0.017302200571141	23812	412	23812	0
pop1	NW_027183805.1	1	1000000	0	216	0	216	0
pop1	NW_027183807.1	1	1000000	0.002724795640327	367	1	367	0
pop1	NW_027183810.1	1	1000000	0	65	0	65	0
pop1	NW_027183811.1	1	1000000	0	334	0	334	0
pop1	NW_027183812.1	1	1000000	0	9	0	9	0
pop1	NW_027183813.1	1	1000000	0.010378827192527	3854	40	3854	0
pop1	NW_027183815.1	1	1000000	0.0097757331799885	5217	51	5217	0
pop1	NW_027183816.1	1	1000000	0.012824956672444	8655	111	8655	0
pop1	NW_027183818.1	1	1000000	0	40	0	40	0
pop1	NW_027183819.1	1	1000000	0	61	0	61	0
pop1	NW_027183821.1	1	1000000	0.013361367335865	14744	197	14744	0
pop1	NW_027183822.1	1	1000000	0.0023866348448687	419	1	419	0
pop1	NW_027183823.1	1	1000000	0.0049751243781095	201	1	201	0
pop1	NW_027183825.1	1	1000000	0.008955223880597	335	3	335	0
pop1	NW_027183826.1	1	1000000	0	154	0	154	0
pop1	NW_027183828.1	1	1000000	0	60	0	60	0
pop1	NW_027183830.1	1	1000000	0.01573732271226	5147	81	5147	0
pop1	NW_027183831.1	1	1000000	0.011342281879195	14900	169	14900	0
pop1	NW_027183832.1	1	1000000	0	110	0	110	0
pop1	NW_027183833.1	1	1000000	0	111	0	111	0
pop1	NW_027183834.1	1	1000000	0	49	0	49	0
pop1	NW_027183835.1	1	1000000	0	159	0	159	0
pop1	NW_027183836.1	1	1000000	0.0093561687281954	6306	59	6306	0
pop1	NW_027183838.1	1	1000000	0	249	0	249	0
pop1	NW_027183841.1	1	1000000	0	91	0	91	0
pop1	NW_027183845.1	1	1000000	0.0040712468193384	1965	8	1965	0
pop1	NW_027183846.1	1	1000000	0	297	0	297	0
pop1	NW_027183847.1	1	1000000	0	57	0	57	0
pop1	NW_027183849.1	1	1000000	0	148	0	148	0
pop1	NW_027183852.1	1	1000000	0.0024347056219566	4518	11	4518	0
pop1	NW_027183853.1	1	1000000	0	432	0	432	0
pop1	NW_027183858.1	1	1000000	0.014925373134328	67	1	67	0
pop1	NW_027183860.1	1	1000000	0	40	0	40	0
pop1	NW_027183861.1	1	1000000	0	80	0	80	0
pop1	NW_027183862.1	1	1000000	0	259	0	259	0
pop1	NW_027183865.1	1	1000000	0	50	0	50	0
pop1	NW_027183869.1	1	1000000	0	97	0	97	0
pop1	NW_027183870.1	1	1000000	0	153	0	153	0
pop1	NW_027183872.1	1	1000000	0.018005912389143	14884	268	14884	0
pop1	NW_027183873.1	1	1000000	0.0078724660499902	5081	40	5081	0
pop1	NW_027183874.1	1	1000000	0	213	0	213	0
pop1	NW_027183875.1	1	1000000	0.011414392059553	2015	23	2015	0
pop1	NW_027183879.1	1	1000000	0	47	0	47	0
pop1	NW_027183880.1	1	1000000	0.014651707970529	11944	175	11944	0
pop1	NW_027183882.1	1	1000000	0	48	0	48	0
pop1	NW_027183883.1	1	1000000	0	121	0	121	0
pop1	NW_027183892.1	1	1000000	0.010583312823037	4063	43	4063	0
pop1	NW_027183893.1	1	1000000	0.010595358224016	3964	42	3964	0
pop1	NW_027183895.1	1	1000000	0.010869565217391	92	1	92	0
pop1	NW_027183896.1	1	1000000	0.016220880069025	11590	188	11590	0
pop1	NW_027183897.1	1	1000000	0.01029601029601	8547	88	8547	0
pop1	NW_027183899.1	1	1000000	0	34	0	34	0
pop1	NW_027183907.1	1	1000000	0.014705882352941	68	1	68	0
pop1	NW_027183908.1	1	1000000	0.014067644417839	6682	94	6682	0
pop1	NW_027183909.1	1	1000000	0	8	0	8	0
pop1	NW_027183910.1	1	1000000	0.035714285714286	56	2	56	0
pop1	NW_027183912.1	1	1000000	0.010395610742131	6926	72	6926	0
pop1	NW_027183918.1	1	1000000	0	182	0	182	0
pop1	NW_027183921.1	1	1000000	0	163	0	163	0
pop1	NW_027183922.1	1	1000000	0	100	0	100	0
pop1	NW_027183924.1	1	1000000	0.011683483802443	13181	154	13181	0
pop1	NW_027183928.1	1	1000000	0	48	0	48	0
pop1	NW_027183929.1	1	1000000	0.013986636971047	11225	157	11225	0
pop1	NW_027183930.1	1	1000000	0	65	0	65	0
pop1	NW_027183932.1	1	1000000	0.009181744531461	3703	34	3703	0
pop1	NW_027183933.1	1	1000000	0	46	0	46	0
pop1	NW_027183935.1	1	1000000	0	26	0	26	0
pop1	NW_027183936.1	1	1000000	0	179	0	179	0
pop1	NW_027183942.1	1	1000000	0	46	0	46	0
pop1	NW_027183943.1	1	1000000	0	81	0	81	0
pop1	NW_027183945.1	1	1000000	0	52	0	52	0
pop1	NW_027183946.1	1	1000000	0.0098930368240815	23653	234	23653	0
pop1	NW_027183950.1	1	1000000	0	248	0	248	0
pop1	NW_027183951.1	1	1000000	0	111	0	111	0
pop1	NW_027183953.1	1	1000000	0.0071942446043165	139	1	139	0
pop1	NW_027183955.1	1	1000000	0.014975220857574	9282	139	9282	0
pop1	NW_027183956.1	1	1000000	0.0085901970692269	1979	17	1979	0
pop1	NW_027183958.1	1	1000000	0.0093506493506494	1925	18	1925	0
pop1	NW_027183963.1	1	1000000	0.012765957446809	4465	57	4465	0
pop1	NW_027183967.1	1	1000000	0.01299036476256	11624	151	11624	0
pop1	NW_027183969.1	1	1000000	0	282	0	282	0
pop1	NW_027183971.1	1	1000000	0.0073999327278843	2973	22	2973	0
pop1	NW_027183974.1	1	1000000	0	90	0	90	0
pop1	NW_027183975.1	1	1000000	0.0020815986677769	2402	5	2402	0
pop1	NW_027183976.1	1	1000000	0	35	0	35	0
pop1	NW_027183977.1	1	1000000	0.016828872668289	4932	83	4932	0
pop1	NW_027183979.1	1	1000000	0	43	0	43	0
pop1	NW_027183980.1	1	1000000	0.013846153846154	3250	45	3250	0
pop1	NW_027183983.1	1	1000000	0.013090128755365	9320	122	9320	0
pop1	NW_027183985.1	1	1000000	0	94	0	94	0
pop1	NW_027183987.1	1	1000000	0.0064279155188246	3267	21	3267	0
pop1	NW_027183991.1	1	1000000	0.013166779203241	2962	39	2962	0
pop1	NW_027183995.1	1	1000000	0.021626617375231	10820	234	10820	0
pop1	NW_027183999.1	1	1000000	0.013723365836042	2769	38	2769	0
pop1	NW_027184007.1	1	1000000	0.0043044857272315	4414	19	4414	0
pop1	NW_027184010.1	1	1000000	0.016601786123197	8734	145	8734	0
pop1	NW_027184011.1	1	1000000	0	627	0	627	0
pop1	NW_027184012.1	1	1000000	0.0050276520864756	1989	10	1989	0
pop1	NW_027184014.1	1	1000000	0.011254924029263	3554	40	3554	0
pop1	NW_027184015.1	1	1000000	0	142	0	142	0
pop1	NW_027184016.1	1	1000000	0.018415667933353	3421	63	3421	0
pop1	NW_027184019.1	1	1000000	0.008735632183908	2175	19	2175	0
pop1	NW_027184020.1	1	1000000	0.0070467648942985	1561	11	1561	0
pop1	NW_027184021.1	1	1000000	0.019230769230769	3952	76	3952	0
pop1	NW_027184022.1	1	1000000	0.011992263056093	10340	124	10340	0
pop1	NW_027184023.1	1	1000000	0	35	0	35	0
pop1	NW_027184025.1	1	1000000	0.018323533433611	7313	134	7313	0
pop1	NW_027184026.1	1	1000000	0.014593908629442	4728	69	4728	0
pop1	NW_027184027.1	1	1000000	0	45	0	45	0
pop1	NW_027184028.1	1	1000000	0.013712487355288	8897	122	8897	0
pop1	NW_027184029.1	1	1000000	0	74	0	74	0
pop1	NW_027184030.1	1	1000000	0.016608996539792	2890	48	2890	0
pop1	NW_027184033.1	1	1000000	0.016519174041298	8475	140	8475	0
pop1	NW_027184036.1	1	1000000	0.0088882193431757	13276	118	13276	0
pop1	NW_027184038.1	1	1000000	0	50	0	50	0
pop1	NW_027184040.1	1	1000000	0.023255813953488	86	2	86	0
pop1	NW_027184042.1	1	1000000	0.014697060587882	3334	49	3334	0
pop1	NW_027184043.1	1	1000000	0.0097617664148751	8605	84	8605	0
pop1	NW_027184044.1	1	1000000	0.0088932806324111	2024	18	2024	0
pop1	NW_027184047.1	1	1000000	0	47	0	47	0
pop1	NW_027184048.1	1	1000000	0	1096	0	1096	0
pop1	NW_027184049.1	1	1000000	0	137	0	137	0
pop1	NW_027184050.1	1	1000000	0.0053846153846154	1300	7	1300	0
pop1	NW_027184051.1	1	1000000	0	53	0	53	0
pop1	NW_027184054.1	1	1000000	0.01010101010101	99	1	99	0
pop1	NW_027184057.1	1	1000000	0	7	0	7	0
pop1	NC_051467.1	1	1000000	0.0043103448275862	232	1	232	0
