pop	chromosome	window_pos_1	window_pos_2	avg_pi	no_sites	count_diffs	count_comparisons	count_missing
pop1	NC_091013.1	1	1000000	0.0033230824167536	649698	2159	649698	0
pop1	NC_091013.1	1000001	2000000	0.004733863996872	764703	3620	764703	0
pop1	NC_091013.1	2000001	3000000	0.0049889822981158	910807	4544	910807	0
pop1	NC_091013.1	3000001	4000000	0.004741649512712	922042	4372	922042	0
pop1	NC_091013.1	4000001	5000000	0.0047510156269471	962952	4575	962952	0
pop1	NC_091013.1	5000001	6000000	0.0046051889194885	983673	4530	983673	0
pop1	NC_091013.1	6000001	7000000	0.0040808217761252	976519	3985	976519	0
pop1	NC_091013.1	7000001	8000000	0.0040366512015082	980268	3957	980268	0
pop1	NC_091013.1	8000001	9000000	0.0044342608466306	970624	4304	970624	0
pop1	NC_091013.1	9000001	10000000	0.0047842037271713	976129	4670	976129	0
pop1	NC_091013.1	10000001	11000000	0.0046684979296404	981472	4582	981472	0
pop1	NC_091013.1	11000001	12000000	0.004321546171548	968172	4184	968172	0
pop1	NC_091013.1	12000001	13000000	0.0045945072900561	956577	4395	956577	0
pop1	NC_091013.1	13000001	14000000	0.0033345955123429	982428	3276	982428	0
pop1	NC_091013.1	14000001	15000000	0.0036043599580019	979092	3529	979092	0
pop1	NC_091013.1	15000001	16000000	0.0037359420736404	986632	3686	986632	0
pop1	NC_091013.1	16000001	17000000	0.0034377269444964	972154	3342	972154	0
pop1	NC_091013.1	17000001	18000000	0.0040407468874484	960466	3881	960466	0
pop1	NC_091013.1	18000001	19000000	0.0037323162504242	966424	3607	966424	0
pop1	NC_091013.1	19000001	20000000	0.0037858169971809	984728	3728	984728	0
pop1	NC_091013.1	20000001	21000000	0.0033979294955232	976477	3318	976477	0
pop1	NC_091013.1	21000001	22000000	0.0036376048868216	981415	3570	981415	0
pop1	NC_091013.1	22000001	23000000	0.003386007992088	973713	3297	973713	0
pop1	NC_091013.1	23000001	24000000	0.0038797723153765	972222	3772	972222	0
pop1	NC_091013.1	24000001	25000000	0.0035535434911064	979867	3482	979867	0
pop1	NC_091013.1	25000001	26000000	0.0029380988111827	979545	2878	979545	0
pop1	NC_091013.1	26000001	27000000	0.0036784443780108	966713	3556	966713	0
pop1	NC_091013.1	27000001	28000000	0.0031583354197364	974564	3078	974564	0
pop1	NC_091013.1	28000001	29000000	0.0039419975067177	964993	3804	964993	0
pop1	NC_091013.1	29000001	30000000	0.0021599784814174	985195	2128	985195	0
pop1	NC_091013.1	30000001	31000000	0.0026216069517225	985655	2584	985655	0
pop1	NC_091013.1	31000001	32000000	0.0025912923517239	971330	2517	971330	0
pop1	NC_091013.1	32000001	33000000	0.0026363615170279	986587	2601	986587	0
pop1	NC_091013.1	33000001	34000000	0.003302605943029	962876	3180	962876	0
pop1	NC_091013.1	34000001	35000000	0.0028166177395041	983094	2769	983094	0
pop1	NC_091013.1	35000001	36000000	0.003365529792947	980232	3299	980232	0
pop1	NC_091013.1	36000001	37000000	0.0029807059844184	986679	2941	986679	0
pop1	NC_091013.1	37000001	38000000	0.0034081491996029	975016	3323	975016	0
pop1	NC_091013.1	38000001	39000000	0.0034684181938967	973931	3378	973931	0
pop1	NC_091013.1	39000001	40000000	0.0030433488660315	981156	2986	981156	0
pop1	NC_091013.1	40000001	41000000	0.0031286294489487	984137	3079	984137	0
pop1	NC_091013.1	41000001	42000000	0.0032803827011434	983117	3225	983117	0
pop1	NC_091013.1	42000001	43000000	0.0030049108652766	972741	2923	972741	0
pop1	NC_091013.1	43000001	44000000	0.0033845116844055	982121	3324	982121	0
pop1	NC_091013.1	44000001	45000000	0.0042099577251797	970081	4084	970081	0
pop1	NC_091013.1	45000001	46000000	0.0041400667033886	960371	3976	960371	0
pop1	NC_091013.1	46000001	47000000	0.003891400444134	956468	3722	956468	0
pop1	NC_091013.1	47000001	48000000	0.0044381236266519	967526	4294	967526	0
pop1	NC_091013.1	48000001	49000000	0.0040601391492526	977799	3970	977799	0
pop1	NC_091013.1	49000001	50000000	0.0030004910651119	961176	2884	961176	0
pop1	NC_091013.1	50000001	51000000	0.0038034457626184	979638	3726	979638	0
pop1	NC_091013.1	51000001	52000000	0.003010739559327	982815	2959	982815	0
pop1	NC_091013.1	52000001	53000000	0.0028216819054437	983456	2775	983456	0
pop1	NC_091013.1	53000001	54000000	0.0043593279199224	979050	4268	979050	0
pop1	NC_091013.1	54000001	55000000	0.0033237606035411	980215	3258	980215	0
pop1	NC_091013.1	55000001	56000000	0.0039402997339579	973530	3836	973530	0
pop1	NC_091013.1	56000001	57000000	0.0043204235208879	971664	4198	971664	0
pop1	NC_091013.1	57000001	58000000	0.002270902338653	79704	181	79704	0
pop1	NC_091013.1	58000001	59000000	0.0030454347699041	462003	1407	462003	0
pop1	NC_091013.1	59000001	60000000	0.0033288670355686	982917	3272	982917	0
pop1	NC_091013.1	60000001	61000000	0.0037153436977126	967609	3595	967609	0
pop1	NC_091013.1	61000001	62000000	0.0033402850226688	978659	3269	978659	0
pop1	NC_091013.1	62000001	63000000	0.0028292871756884	986821	2792	986821	0
pop1	NC_091013.1	63000001	64000000	0.0033224388640627	979702	3255	979702	0
pop1	NC_091013.1	64000001	65000000	0.0034822697508065	975226	3396	975226	0
pop1	NC_091013.1	65000001	66000000	0.0034043828200068	967870	3295	967870	0
pop1	NC_091013.1	66000001	67000000	0.0033211396774692	970450	3223	970450	0
pop1	NC_091013.1	67000001	68000000	0.0035867254182972	973590	3492	973590	0
pop1	NC_091013.1	68000001	69000000	0.0040737437419255	979934	3992	979934	0
pop1	NC_091013.1	69000001	70000000	0.0032704198676235	987335	3229	987335	0
pop1	NC_091013.1	70000001	71000000	0.0031881538761453	984896	3140	984896	0
pop1	NC_091013.1	71000001	72000000	0.0036987539636827	975734	3609	975734	0
pop1	NC_091013.1	72000001	73000000	0.0037817192848373	983944	3721	983944	0
pop1	NC_091013.1	73000001	74000000	0.0031877400010521	570310	1818	570310	0
pop1	NC_091013.1	74000001	75000000	0.0036464410735123	425072	1550	425072	0
pop1	NC_091013.1	75000001	76000000	0.003605238708164	971919	3504	971919	0
pop1	NC_091013.1	76000001	77000000	0.0030092257606968	974337	2932	974337	0
pop1	NC_091013.1	77000001	78000000	0.0036605990703305	977982	3580	977982	0
pop1	NC_091013.1	78000001	79000000	0.0038327994718439	981528	3762	981528	0
pop1	NC_091013.1	79000001	80000000	0.0037342751209291	977432	3650	977432	0
pop1	NC_091013.1	80000001	81000000	0.0041648800729946	984182	4099	984182	0
pop1	NC_091013.1	81000001	82000000	0.0040134152119585	968751	3888	968751	0
pop1	NC_091013.1	82000001	83000000	0.0037830621524989	977515	3698	977515	0
pop1	NC_091013.1	83000001	84000000	0.0040845182474361	553064	2259	553064	0
pop1	NC_091013.1	84000001	85000000	0.0039604956910109	794850	3148	794850	0
pop1	NC_091013.1	85000001	86000000	0.0040347845316538	976756	3941	976756	0
pop1	NC_091013.1	86000001	87000000	0.0047188847576028	976290	4607	976290	0
pop1	NC_091013.1	87000001	88000000	0.0036679805905685	975196	3577	975196	0
pop1	NC_091013.1	88000001	89000000	0.0041621280040672	979547	4077	979547	0
pop1	NC_091013.1	89000001	90000000	0.0043887032581749	983434	4316	983434	0
pop1	NC_091013.1	90000001	91000000	0.0039171537405734	972645	3810	972645	0
pop1	NC_091013.1	91000001	92000000	0.0038008571320675	979779	3724	979779	0
pop1	NC_091013.1	92000001	93000000	0.0039316639920248	840611	3305	840611	0
pop1	NC_091013.1	93000001	94000000	0.0042424993465468	960283	4074	960283	0
pop1	NC_091013.1	94000001	95000000	0.0040993849398655	984294	4035	984294	0
pop1	NC_091013.1	95000001	96000000	0.0042535209529861	972606	4137	972606	0
pop1	NC_091013.1	96000001	97000000	0.0041312175689749	982277	4058	982277	0
pop1	NC_091013.1	97000001	98000000	0.0022833548239322	977947	2233	977947	0
pop1	NC_091013.1	98000001	99000000	0.001003222317525	982833	986	982833	0
pop1	NC_091013.1	99000001	100000000	0.0036447038944957	983619	3585	983619	0
pop1	NC_091013.1	100000001	101000000	0.0042363431407532	986464	4179	986464	0
pop1	NC_091013.1	101000001	102000000	0.0048455531102701	977391	4736	977391	0
pop1	NC_091013.1	102000001	103000000	0.0039995478414568	973110	3892	973110	0
pop1	NC_091013.1	103000001	104000000	0.0031366183061431	963458	3022	963458	0
pop1	NC_091013.1	104000001	105000000	0.0021804218664868	963575	2101	963575	0
pop1	NC_091013.1	105000001	106000000	0.00029409976310698	805849	237	805849	0
pop1	NC_091013.1	106000001	107000000	0.0027053106424133	918194	2484	918194	0
pop1	NC_091013.1	107000001	108000000	0.0040270369404684	905132	3645	905132	0
pop1	NC_091013.1	108000001	109000000	0.003827227993439	916329	3507	916329	0
pop1	NC_091013.1	109000001	110000000	0.0045102390069932	981101	4425	981101	0
pop1	NC_091013.1	110000001	111000000	0.0046494156336601	987651	4592	987651	0
pop1	NC_091013.1	111000001	112000000	0.0053966289301041	987283	5328	987283	0
pop1	NC_091013.1	112000001	113000000	0.0052435620256579	978724	5132	978724	0
pop1	NC_091013.1	113000001	114000000	0.0053251969341263	977992	5208	977992	0
pop1	NC_091013.1	114000001	115000000	0.0046722404961455	981970	4588	981970	0
pop1	NC_091013.1	115000001	116000000	0.0036855927108754	979761	3611	979761	0
pop1	NC_091013.1	116000001	117000000	0.0044404425890388	989541	4394	989541	0
pop1	NC_091013.1	117000001	118000000	0.0045510908885951	975810	4441	975810	0
pop1	NC_091013.1	118000001	119000000	0.0039273856977234	885831	3479	885831	0
pop1	NC_091013.1	119000001	120000000	0.0043493504401467	949797	4131	949797	0
pop1	NC_091013.1	120000001	121000000	0.0034170761952877	217730	744	217730	0
pop1	NC_091014.1	1	1000000	0.00070838850049334	118579	84	118579	0
pop1	NC_091014.1	1000001	2000000	0.0061305627897616	829777	5087	829777	0
pop1	NC_091014.1	2000001	3000000	0.00554904648056	925204	5134	925204	0
pop1	NC_091014.1	3000001	4000000	0.0049226478171273	962287	4737	962287	0
pop1	NC_091014.1	4000001	5000000	0.004826676533238	956766	4618	956766	0
pop1	NC_091014.1	5000001	6000000	0.0044472435039061	981282	4364	981282	0
pop1	NC_091014.1	6000001	7000000	0.0037273442621626	989981	3690	989981	0
pop1	NC_091014.1	7000001	8000000	0.0042081274515467	952205	4007	952205	0
pop1	NC_091014.1	8000001	9000000	0.0039757719460653	765889	3045	765889	0
pop1	NC_091014.1	9000001	10000000	0.0034203336876119	841146	2877	841146	0
pop1	NC_091014.1	10000001	11000000	0.0045566056417365	974629	4441	974629	0
pop1	NC_091014.1	11000001	12000000	0.0044833232187878	982084	4403	982084	0
pop1	NC_091014.1	12000001	13000000	0.0038091677443475	978954	3729	978954	0
pop1	NC_091014.1	13000001	14000000	0.0039023380544927	985563	3846	985563	0
pop1	NC_091014.1	14000001	15000000	0.0036498199408652	986898	3602	986898	0
pop1	NC_091014.1	15000001	16000000	0.0031358539862183	969114	3039	969114	0
pop1	NC_091014.1	16000001	17000000	0.00369887015019	970837	3591	970837	0
pop1	NC_091014.1	17000001	18000000	0.0031598928206786	980413	3098	980413	0
pop1	NC_091014.1	18000001	19000000	0.0037240125801577	979320	3647	979320	0
pop1	NC_091014.1	19000001	20000000	0.002753559937885	985270	2713	985270	0
pop1	NC_091014.1	20000001	21000000	0.0030034064789245	967568	2906	967568	0
pop1	NC_091014.1	21000001	22000000	0.0028184084485124	983179	2771	983179	0
pop1	NC_091014.1	22000001	23000000	0.0034608766462949	977498	3383	977498	0
pop1	NC_091014.1	23000001	24000000	0.00312931075861	958358	2999	958358	0
pop1	NC_091014.1	24000001	25000000	0.0034337883965975	984918	3382	984918	0
pop1	NC_091014.1	25000001	26000000	0.002527078874978	942986	2383	942986	0
pop1	NC_091014.1	26000001	27000000	0.00225185009841	980083	2207	980083	0
pop1	NC_091014.1	27000001	28000000	0.0026845373750707	966647	2595	966647	0
pop1	NC_091014.1	28000001	29000000	0.0019467291973462	974455	1897	974455	0
pop1	NC_091014.1	29000001	30000000	0.0033298615521402	984125	3277	984125	0
pop1	NC_091014.1	30000001	31000000	0.0028434209263528	979454	2785	979454	0
pop1	NC_091014.1	31000001	32000000	0.0028150648311777	980084	2759	980084	0
pop1	NC_091014.1	32000001	33000000	0.0030579127464628	975502	2983	975502	0
pop1	NC_091014.1	33000001	34000000	0.0033554452222041	982880	3298	982880	0
pop1	NC_091014.1	34000001	35000000	0.0027222124963784	976779	2659	976779	0
pop1	NC_091014.1	35000001	36000000	0.0029925779155119	977084	2924	977084	0
pop1	NC_091014.1	36000001	37000000	0.0026188831096729	987062	2585	987062	0
pop1	NC_091014.1	37000001	38000000	0.0025342892263898	989232	2507	989232	0
pop1	NC_091014.1	38000001	39000000	0.0034968412917101	952288	3330	952288	0
pop1	NC_091014.1	39000001	40000000	0.0034522229947807	988059	3411	988059	0
pop1	NC_091014.1	40000001	41000000	0.0028072020940871	981048	2754	981048	0
pop1	NC_091014.1	41000001	42000000	0.0034197628020508	974629	3333	974629	0
pop1	NC_091014.1	42000001	43000000	0.0039955462814905	984346	3933	984346	0
pop1	NC_091014.1	43000001	44000000	0.0037412393997371	985235	3686	985235	0
pop1	NC_091014.1	44000001	45000000	0.0032165723977311	985832	3171	985832	0
pop1	NC_091014.1	45000001	46000000	0.0034988055731048	976619	3417	976619	0
pop1	NC_091014.1	46000001	47000000	0.0026291989794783	988514	2599	988514	0
pop1	NC_091014.1	47000001	48000000	0.0015792191677726	567369	896	567369	0
pop1	NC_091014.1	48000001	49000000	0.0036485253876558	3289	12	3289	0
pop1	NC_091014.1	49000001	50000000	0.0021874688114798	731439	1600	731439	0
pop1	NC_091014.1	50000001	51000000	0.0030833537316922	911021	2809	911021	0
pop1	NC_091014.1	51000001	52000000	0.0033386281647949	970758	3241	970758	0
pop1	NC_091014.1	52000001	53000000	0.0029123037978798	984444	2867	984444	0
pop1	NC_091014.1	53000001	54000000	0.0029390499935063	977867	2874	977867	0
pop1	NC_091014.1	54000001	55000000	0.0034293985675721	982388	3369	982388	0
pop1	NC_091014.1	55000001	56000000	0.0027381511278035	749776	2053	749776	0
pop1	NC_091014.1	56000001	57000000	0.0035979028213008	990855	3565	990855	0
pop1	NC_091014.1	57000001	58000000	0.0038360400894939	973921	3736	973921	0
pop1	NC_091014.1	58000001	59000000	0.0041804786185478	454015	1898	454015	0
pop1	NC_091014.1	59000001	60000000	0.0037025281417236	677375	2508	677375	0
pop1	NC_091014.1	60000001	61000000	0.0041530736658264	971088	4033	971088	0
pop1	NC_091014.1	61000001	62000000	0.0049023163904729	978721	4798	978721	0
pop1	NC_091014.1	62000001	63000000	0.0046701363022179	973205	4545	973205	0
pop1	NC_091014.1	63000001	64000000	0.0042022319017744	983287	4132	983287	0
pop1	NC_091014.1	64000001	65000000	0.0041800019194419	958612	4007	958612	0
pop1	NC_091014.1	65000001	66000000	0.0041239972472447	973570	4015	973570	0
pop1	NC_091014.1	66000001	67000000	0.0047587365667182	975469	4642	975469	0
pop1	NC_091014.1	67000001	68000000	0.00484218040044	958246	4640	958246	0
pop1	NC_091014.1	68000001	69000000	0.0043203194730431	737214	3185	737214	0
pop1	NC_091014.1	69000001	70000000	0.0041735907668094	967033	4036	967033	0
pop1	NC_091014.1	70000001	71000000	0.0025742291291733	965726	2486	965726	0
pop1	NC_091014.1	71000001	72000000	0.00094367992531351	891192	841	891192	0
pop1	NC_091014.1	72000001	73000000	0	9	0	9	0
pop1	NC_091014.1	73000001	74000000	0.0005404942647553	782617	423	782617	0
pop1	NC_091014.1	74000001	75000000	0.0020555428670193	972006	1998	972006	0
pop1	NC_091014.1	75000001	76000000	0.0043246040023467	981824	4246	981824	0
pop1	NC_091014.1	76000001	77000000	0.0045436664643871	983787	4470	983787	0
pop1	NC_091014.1	77000001	78000000	0.0048032060763868	981636	4715	981636	0
pop1	NC_091014.1	78000001	79000000	0.0043350624587878	979686	4247	979686	0
pop1	NC_091014.1	79000001	80000000	0.0026306190322927	932100	2452	932100	0
pop1	NC_091014.1	80000001	81000000	0	2071	0	2071	0
pop1	NC_091015.1	1	1000000	0.0030809891024945	828630	2553	828630	0
pop1	NC_091015.1	1000001	2000000	0.0065324231641082	929058	6069	929058	0
pop1	NC_091015.1	2000001	3000000	0.0053123201099943	965868	5131	965868	0
pop1	NC_091015.1	3000001	4000000	0.0052829803712556	960632	5075	960632	0
pop1	NC_091015.1	4000001	5000000	0.0045997473003596	977445	4496	977445	0
pop1	NC_091015.1	5000001	6000000	0.0042731175864765	983591	4203	983591	0
pop1	NC_091015.1	6000001	7000000	0.0043437682446489	972888	4226	972888	0
pop1	NC_091015.1	7000001	8000000	0.004658239628082	971397	4525	971397	0
pop1	NC_091015.1	8000001	9000000	0.0039573656557122	984746	3897	984746	0
pop1	NC_091015.1	9000001	10000000	0.0038139413434326	972747	3710	972747	0
pop1	NC_091015.1	10000001	11000000	0.0035810278605592	985192	3528	985192	0
pop1	NC_091015.1	11000001	12000000	0.0044696421538546	982629	4392	982629	0
pop1	NC_091015.1	12000001	13000000	0.0039733361654807	960402	3816	960402	0
pop1	NC_091015.1	13000001	14000000	0.0035045247330768	985583	3454	985583	0
pop1	NC_091015.1	14000001	15000000	0.0035819875454232	983253	3522	983253	0
pop1	NC_091015.1	15000001	16000000	0.0036692694614676	983302	3608	983302	0
pop1	NC_091015.1	16000001	17000000	0.0029855091249271	941213	2810	941213	0
pop1	NC_091015.1	17000001	18000000	0.0035844994730524	955503	3425	955503	0
pop1	NC_091015.1	18000001	19000000	0.0028889252747703	977180	2823	977180	0
pop1	NC_091015.1	19000001	20000000	0.0034908889226468	980839	3424	980839	0
pop1	NC_091015.1	20000001	21000000	0.0033538364604476	968145	3247	968145	0
pop1	NC_091015.1	21000001	22000000	0.0029117686109097	979130	2851	979130	0
pop1	NC_091015.1	22000001	23000000	0.0032611621577301	969593	3162	969593	0
pop1	NC_091015.1	23000001	24000000	0.0030693165133553	971226	2981	971226	0
pop1	NC_091015.1	24000001	25000000	0.0042739697938627	780305	3335	780305	0
pop1	NC_091015.1	25000001	26000000	0.0034013605442177	3234	11	3234	0
pop1	NC_091015.1	26000001	27000000	NA	0	NA	NA	NA
pop1	NC_091015.1	27000001	28000000	NA	0	NA	NA	NA
pop1	NC_091015.1	28000001	29000000	NA	0	NA	NA	NA
pop1	NC_091015.1	29000001	30000000	NA	0	NA	NA	NA
pop1	NC_091015.1	30000001	31000000	NA	0	NA	NA	NA
pop1	NC_091015.1	31000001	32000000	NA	0	NA	NA	NA
pop1	NC_091015.1	32000001	33000000	0	1145	0	1145	0
pop1	NC_091015.1	33000001	34000000	NA	0	NA	NA	NA
pop1	NC_091015.1	34000001	35000000	NA	0	NA	NA	NA
pop1	NC_091015.1	35000001	36000000	NA	0	NA	NA	NA
pop1	NC_091015.1	36000001	37000000	NA	0	NA	NA	NA
pop1	NC_091015.1	37000001	38000000	NA	0	NA	NA	NA
pop1	NC_091015.1	38000001	39000000	NA	0	NA	NA	NA
pop1	NC_091015.1	39000001	40000000	0.0040422941880703	496995	2009	496995	0
pop1	NC_091015.1	40000001	41000000	0.0039115787021284	978633	3828	978633	0
pop1	NC_091015.1	41000001	42000000	0.0033730281362626	986947	3329	986947	0
pop1	NC_091015.1	42000001	43000000	0.0028623772699359	975413	2792	975413	0
pop1	NC_091015.1	43000001	44000000	0.0032742964680456	984639	3224	984639	0
pop1	NC_091015.1	44000001	45000000	0.0031891105924903	982092	3132	982092	0
pop1	NC_091015.1	45000001	46000000	0.0026314685150063	977021	2571	977021	0
pop1	NC_091015.1	46000001	47000000	0.003796835561444	978183	3714	978183	0
pop1	NC_091015.1	47000001	48000000	0.0026315165106772	969403	2551	969403	0
pop1	NC_091015.1	48000001	49000000	0.0030652050867542	982316	3011	982316	0
pop1	NC_091015.1	49000001	50000000	0.0028547702715019	987470	2819	987470	0
pop1	NC_091015.1	50000001	51000000	0.0032311258365403	986653	3188	986653	0
pop1	NC_091015.1	51000001	52000000	0.0035126097240797	972781	3417	972781	0
pop1	NC_091015.1	52000001	53000000	0.0039109676689913	972905	3805	972905	0
pop1	NC_091015.1	53000001	54000000	0.0035314088917865	983177	3472	983177	0
pop1	NC_091015.1	54000001	55000000	0.0031970163879991	987796	3158	987796	0
pop1	NC_091015.1	55000001	56000000	0.0030163173332224	985639	2973	985639	0
pop1	NC_091015.1	56000001	57000000	0.0033769161038473	979592	3308	979592	0
pop1	NC_091015.1	57000001	58000000	0.0031051515845993	977408	3035	977408	0
pop1	NC_091015.1	58000001	59000000	0.0030104964411668	980237	2951	980237	0
pop1	NC_091015.1	59000001	60000000	0.0033638024842601	973006	3273	973006	0
pop1	NC_091015.1	60000001	61000000	0.0031243866431138	937464	2929	937464	0
pop1	NC_091015.1	61000001	62000000	0.0021980872963424	979033	2152	979033	0
pop1	NC_091015.1	62000001	63000000	0.001505011802461	883714	1330	883714	0
pop1	NC_091015.1	63000001	64000000	0.00077690157526302	368129	286	368129	0
pop1	NC_091015.1	64000001	65000000	0.00050748963182043	961596	488	961596	0
pop1	NC_091015.1	65000001	66000000	0.00017743757250137	524128	93	524128	0
pop1	NC_091015.1	66000001	67000000	0	496	0	496	0
pop1	NC_091015.1	67000001	68000000	0.00019054587582506	787212	150	787212	0
pop1	NC_091015.1	68000001	69000000	0.00010423214077024	949803	99	949803	0
pop1	NC_091015.1	69000001	70000000	0.00078691278417286	981049	772	981049	0
pop1	NC_091015.1	70000001	71000000	0.0020093409951322	983407	1976	983407	0
pop1	NC_091015.1	71000001	72000000	0.0027758872594394	971221	2696	971221	0
pop1	NC_091015.1	72000001	73000000	0.0027193312519703	983330	2674	983330	0
pop1	NC_091015.1	73000001	74000000	0.0027658769517071	977990	2705	977990	0
pop1	NC_091015.1	74000001	75000000	0.0024913629010446	979785	2441	979785	0
pop1	NC_091015.1	75000001	76000000	0.0023917285628174	978790	2341	978790	0
pop1	NC_091015.1	76000001	77000000	0.0034158040847493	984834	3364	984834	0
pop1	NC_091015.1	77000001	78000000	0.003554314881462	985844	3504	985844	0
pop1	NC_091015.1	78000001	79000000	0.0027965764739157	975836	2729	975836	0
pop1	NC_091015.1	79000001	80000000	0.0032440285557295	966391	3135	966391	0
pop1	NC_091015.1	80000001	81000000	0.0031923707201267	987354	3152	987354	0
pop1	NC_091015.1	81000001	82000000	0.0031956511850066	967252	3091	967252	0
pop1	NC_091015.1	82000001	83000000	0.0032708325020692	977427	3197	977427	0
pop1	NC_091015.1	83000001	84000000	0.0034517428353321	966758	3337	966758	0
pop1	NC_091015.1	84000001	85000000	0.0041943286235314	968689	4063	968689	0
pop1	NC_091015.1	85000001	86000000	0.0038399966735275	961980	3694	961980	0
pop1	NC_091015.1	86000001	87000000	0.0043507772655282	963506	4192	963506	0
pop1	NC_091015.1	87000001	88000000	0.004410159453065	957335	4222	957335	0
pop1	NC_091015.1	88000001	89000000	0.0047164998365363	960458	4530	960458	0
pop1	NC_091015.1	89000001	90000000	0.0041710594531914	977929	4079	977929	0
pop1	NC_091015.1	90000001	91000000	0.0033564534004055	820211	2753	820211	0
pop1	NC_091015.1	91000001	92000000	0.0032420819768873	970981	3148	970981	0
pop1	NC_091015.1	92000001	93000000	0.0033136041519072	979598	3246	979598	0
pop1	NC_091015.1	93000001	94000000	0.0039766493468855	966140	3842	966140	0
pop1	NC_091015.1	94000001	95000000	0.0039682026477676	927876	3682	927876	0
pop1	NC_091015.1	95000001	96000000	0.0034231551109436	971034	3324	971034	0
pop1	NC_091015.1	96000001	97000000	0.0032012324938646	258338	827	258338	0
pop1	NC_091015.1	97000001	98000000	0.0037560442313253	646691	2429	646691	0
pop1	NC_091015.1	98000001	99000000	0.0040950352974126	971176	3977	971176	0
pop1	NC_091015.1	99000001	100000000	0.0037592065848394	979462	3682	979462	0
pop1	NC_091015.1	100000001	101000000	0.0036656921306556	983716	3606	983716	0
pop1	NC_091015.1	101000001	102000000	0.0037889116925241	975478	3696	975478	0
pop1	NC_091015.1	102000001	103000000	0.0033855411007542	981527	3323	981527	0
pop1	NC_091015.1	103000001	104000000	0.0038392531633644	976492	3749	976492	0
pop1	NC_091015.1	104000001	105000000	0.0039403226349645	979869	3861	979869	0
pop1	NC_091015.1	105000001	106000000	0.0036056169765753	970985	3501	970985	0
pop1	NC_091015.1	106000001	107000000	0.0035030582498869	974577	3414	974577	0
pop1	NC_091015.1	107000001	108000000	0.0029453668134928	979844	2886	979844	0
pop1	NC_091015.1	108000001	109000000	0.0039897052685971	805072	3212	805072	0
pop1	NC_091015.1	109000001	110000000	0.0046093740371461	973668	4488	973668	0
pop1	NC_091015.1	110000001	111000000	0.0039945628115056	960055	3835	960055	0
pop1	NC_091015.1	111000001	112000000	0.0038925236665234	974689	3794	974689	0
pop1	NC_091015.1	112000001	113000000	0.0035224188796676	964678	3398	964678	0
pop1	NC_091015.1	113000001	114000000	0.0034157120713001	979298	3345	979298	0
pop1	NC_091015.1	114000001	115000000	0.0035304223190188	983735	3473	983735	0
pop1	NC_091015.1	115000001	116000000	0.0037004620152379	967717	3581	967717	0
pop1	NC_091015.1	116000001	117000000	0.0036971955744569	973711	3600	973711	0
pop1	NC_091015.1	117000001	118000000	0.0035210402123685	976416	3438	976416	0
pop1	NC_091015.1	118000001	119000000	0.0034925791620667	980078	3423	980078	0
pop1	NC_091015.1	119000001	120000000	0.0038354371834354	975117	3740	975117	0
pop1	NC_091015.1	120000001	121000000	0.0029646090301566	987314	2927	987314	0
pop1	NC_091015.1	121000001	122000000	0.0033610814394637	977364	3285	977364	0
pop1	NC_091015.1	122000001	123000000	0.0037277589782775	366440	1366	366440	0
pop1	NC_091015.1	123000001	124000000	0.0040017297004147	973579	3896	973579	0
pop1	NC_091015.1	124000001	125000000	0.0036946411666417	966535	3571	966535	0
pop1	NC_091015.1	125000001	126000000	0.0035621298241893	971329	3460	971329	0
pop1	NC_091015.1	126000001	127000000	0.0043675758496788	960716	4196	960716	0
pop1	NC_091015.1	127000001	128000000	0.0042448469248533	982132	4169	982132	0
pop1	NC_091015.1	128000001	129000000	0.0039580106694201	982059	3887	982059	0
pop1	NC_091015.1	129000001	130000000	0.0033291315827285	981337	3267	981337	0
pop1	NC_091015.1	130000001	131000000	0.0035483946359491	984107	3492	984107	0
pop1	NC_091015.1	131000001	132000000	0.0034532244585669	977637	3376	977637	0
pop1	NC_091015.1	132000001	133000000	0.0031845836828774	982232	3128	982232	0
pop1	NC_091015.1	133000001	134000000	0.003456800191648	980965	3391	980965	0
pop1	NC_091015.1	134000001	135000000	0.0035703973410933	976642	3487	976642	0
pop1	NC_091015.1	135000001	136000000	0.0034968501771935	978309	3421	978309	0
pop1	NC_091015.1	136000001	137000000	0.0031367384075052	974898	3058	974898	0
pop1	NC_091015.1	137000001	138000000	0.0026427533057499	974741	2576	974741	0
pop1	NC_091015.1	138000001	139000000	0.0032517842282828	975772	3173	975772	0
pop1	NC_091015.1	139000001	140000000	0.00385903125363	972783	3754	972783	0
pop1	NC_091015.1	140000001	141000000	0.0036743905863965	982748	3611	982748	0
pop1	NC_091015.1	141000001	142000000	0.0032010680739452	951245	3045	951245	0
pop1	NC_091015.1	142000001	143000000	0.0029943621054705	974832	2919	974832	0
pop1	NC_091015.1	143000001	144000000	0.0027196744557844	979529	2664	979529	0
pop1	NC_091015.1	144000001	145000000	0.0028651962860939	967822	2773	967822	0
pop1	NC_091015.1	145000001	146000000	0.0022703702665583	963279	2187	963279	0
pop1	NC_091015.1	146000001	147000000	0.0021495009362203	985345	2118	985345	0
pop1	NC_091015.1	147000001	148000000	0.0028489736731074	976492	2782	976492	0
pop1	NC_091015.1	148000001	149000000	0.0025490677781996	985066	2511	985066	0
pop1	NC_091015.1	149000001	150000000	0.0030259409237813	966311	2924	966311	0
pop1	NC_091015.1	150000001	151000000	0.0031973734215979	955159	3054	955159	0
pop1	NC_091015.1	151000001	152000000	0.0032819989737946	968617	3179	968617	0
pop1	NC_091015.1	152000001	153000000	0.0028296446580855	950296	2689	950296	0
pop1	NC_091015.1	153000001	154000000	0.0019296855984191	969588	1871	969588	0
pop1	NC_091015.1	154000001	155000000	0.00248460590814	965143	2398	965143	0
pop1	NC_091015.1	155000001	156000000	0.0030511360458685	965542	2946	965542	0
pop1	NC_091015.1	156000001	157000000	0.0027014489310434	976513	2638	976513	0
pop1	NC_091015.1	157000001	158000000	0.0029241316223057	961995	2813	961995	0
pop1	NC_091015.1	158000001	159000000	0.0030244507911751	979682	2963	979682	0
pop1	NC_091015.1	159000001	160000000	0.0035279875364309	973076	3433	973076	0
pop1	NC_091015.1	160000001	161000000	0.0040577476366626	973200	3949	973200	0
pop1	NC_091015.1	161000001	162000000	0.0039159183074682	954310	3737	954310	0
pop1	NC_091015.1	162000001	163000000	0.0043382516939915	954993	4143	954993	0
pop1	NC_091015.1	163000001	164000000	0.0035694653283856	962329	3435	962329	0
pop1	NC_091015.1	164000001	165000000	0.003432428550912	974820	3346	974820	0
pop1	NC_091015.1	165000001	166000000	0.0045965260006356	956592	4397	956592	0
pop1	NC_091015.1	166000001	167000000	0.0052056209960736	967800	5038	967800	0
pop1	NC_091015.1	167000001	168000000	0.00678452342827	743162	5042	743162	0
pop1	NC_091015.1	168000001	169000000	0.0061622560521849	579171	3569	579171	0
pop1	NC_091016.1	1	1000000	0.00071157495256167	4216	3	4216	0
pop1	NC_091016.1	1000001	2000000	0.0033873394892934	341566	1157	341566	0
pop1	NC_091016.1	2000001	3000000	0.0045400236442082	953299	4328	953299	0
pop1	NC_091016.1	3000001	4000000	0.0035637081203516	987174	3518	987174	0
pop1	NC_091016.1	4000001	5000000	0.0034116217857866	987800	3370	987800	0
pop1	NC_091016.1	5000001	6000000	0.0038295563454917	986015	3776	986015	0
pop1	NC_091016.1	6000001	7000000	0.0040112458693412	973513	3905	973513	0
pop1	NC_091016.1	7000001	8000000	0.0041452026276785	978963	4058	978963	0
pop1	NC_091016.1	8000001	9000000	0.0014454333468886	971335	1404	971335	0
pop1	NC_091016.1	9000001	10000000	0.00019975458722141	315387	63	315387	0
pop1	NC_091016.1	10000001	11000000	0	856	0	856	0
pop1	NC_091016.1	11000001	12000000	0.00037269634532107	753965	281	753965	0
pop1	NC_091016.1	12000001	13000000	0.0017748530073223	987124	1752	987124	0
pop1	NC_091016.1	13000001	14000000	0.0032518412438625	977600	3179	977600	0
pop1	NC_091016.1	14000001	15000000	0.0040757668567121	976258	3979	976258	0
pop1	NC_091016.1	15000001	16000000	0.0030718743678307	133469	410	133469	0
pop1	NC_091016.1	16000001	17000000	0.0023709880990705	587097	1392	587097	0
pop1	NC_091016.1	17000001	18000000	0.0044321025746512	729225	3232	729225	0
pop1	NC_091016.1	18000001	19000000	0.0044813482041081	984302	4411	984302	0
pop1	NC_091016.1	19000001	20000000	0.0040866155581075	966570	3950	966570	0
pop1	NC_091016.1	20000001	21000000	0.0042504450687806	981309	4171	981309	0
pop1	NC_091016.1	21000001	22000000	0.0046863333154571	969628	4544	969628	0
pop1	NC_091016.1	22000001	23000000	0.0042690368661459	970945	4145	970945	0
pop1	NC_091016.1	23000001	24000000	0.0045797901330524	955939	4378	955939	0
pop1	NC_091016.1	24000001	25000000	0.0045062408890708	962443	4337	962443	0
pop1	NC_091016.1	25000001	26000000	0.0040116049272043	981652	3938	981652	0
pop1	NC_091016.1	26000001	27000000	0.0046413464376101	335463	1557	335463	0
pop1	NC_091016.1	27000001	28000000	0.0043099472146774	195130	841	195130	0
pop1	NC_091016.1	28000001	29000000	0.0035981074809888	982183	3534	982183	0
pop1	NC_091016.1	29000001	30000000	0.0037412109806598	972947	3640	972947	0
pop1	NC_091016.1	30000001	31000000	0.0040992749865785	981637	4024	981637	0
pop1	NC_091016.1	31000001	32000000	0.0039413354386178	987990	3894	987990	0
pop1	NC_091016.1	32000001	33000000	0.0029464854533871	979472	2886	979472	0
pop1	NC_091016.1	33000001	34000000	0.0036455562816947	986955	3598	986955	0
pop1	NC_091016.1	34000001	35000000	0.0027753441548433	986184	2737	986184	0
pop1	NC_091016.1	35000001	36000000	0.0017295350989426	197741	342	197741	0
pop1	NC_091016.1	36000001	37000000	0.0042533081285444	2116	9	2116	0
pop1	NC_091016.1	37000001	38000000	0.0030518387328365	799518	2440	799518	0
pop1	NC_091016.1	38000001	39000000	0.0034213495458493	985576	3372	985576	0
pop1	NC_091016.1	39000001	40000000	0.0029029898043819	981402	2849	981402	0
pop1	NC_091016.1	40000001	41000000	0.0031326666953129	977442	3062	977442	0
pop1	NC_091016.1	41000001	42000000	0.0032450616856818	982724	3189	982724	0
pop1	NC_091016.1	42000001	43000000	0.0035433915230056	965177	3420	965177	0
pop1	NC_091016.1	43000001	44000000	0.0027196194569928	981755	2670	981755	0
pop1	NC_091016.1	44000001	45000000	0.0024378733851759	983234	2397	983234	0
pop1	NC_091016.1	45000001	46000000	0.0027566898406244	975808	2690	975808	0
pop1	NC_091016.1	46000001	47000000	0.0030007393574293	969761	2910	969761	0
pop1	NC_091016.1	47000001	48000000	0.0037897570665936	982121	3722	982121	0
pop1	NC_091016.1	48000001	49000000	0.0038408462029058	986241	3788	986241	0
pop1	NC_091016.1	49000001	50000000	0.0040596914634488	964359	3915	964359	0
pop1	NC_091016.1	50000001	51000000	0.0032155483680778	956602	3076	956602	0
pop1	NC_091016.1	51000001	52000000	0.0036893609269558	977134	3605	977134	0
pop1	NC_091016.1	52000001	53000000	0.0031648772230042	978237	3096	978237	0
pop1	NC_091016.1	53000001	54000000	0.0033791157710932	989608	3344	989608	0
pop1	NC_091016.1	54000001	55000000	0.0027548957484687	331410	913	331410	0
pop1	NC_091016.1	55000001	56000000	0.0031830031336223	486019	1547	486019	0
pop1	NC_091016.1	56000001	57000000	0.0031577039776541	987743	3119	987743	0
pop1	NC_091016.1	57000001	58000000	0.0034137485577318	985427	3364	985427	0
pop1	NC_091016.1	58000001	59000000	0.0036429521600182	986288	3593	986288	0
pop1	NC_091016.1	59000001	60000000	0.0031653756600874	985665	3120	985665	0
pop1	NC_091016.1	60000001	61000000	0.0033145777562437	986551	3270	986551	0
pop1	NC_091016.1	61000001	62000000	0.0034368723244537	985780	3388	985780	0
pop1	NC_091016.1	62000001	63000000	0.003234554356039	966130	3125	966130	0
pop1	NC_091016.1	63000001	64000000	0.0025396117616656	986765	2506	986765	0
pop1	NC_091016.1	64000001	65000000	0.0029270389939055	981538	2873	981538	0
pop1	NC_091016.1	65000001	66000000	0.0040814249881709	982745	4011	982745	0
pop1	NC_091016.1	66000001	67000000	0.0034924754868713	987838	3450	987838	0
pop1	NC_091016.1	67000001	68000000	0.0036983475729786	976382	3611	976382	0
pop1	NC_091016.1	68000001	69000000	0.0035012342216869	955663	3346	955663	0
pop1	NC_091016.1	69000001	70000000	0.0037526891740235	987292	3705	987292	0
pop1	NC_091016.1	70000001	71000000	0.003664435729565	987328	3618	987328	0
pop1	NC_091016.1	71000001	72000000	0.003024275391735	985360	2980	985360	0
pop1	NC_091016.1	72000001	73000000	0.0039541232300676	984289	3892	984289	0
pop1	NC_091016.1	73000001	74000000	0.0038939362077145	984351	3833	984351	0
pop1	NC_091016.1	74000001	75000000	0.0036456416075708	986109	3595	986109	0
pop1	NC_091016.1	75000001	76000000	0.0034752406935398	981227	3410	981227	0
pop1	NC_091016.1	76000001	77000000	0.003709167544784	972725	3608	972725	0
pop1	NC_091016.1	77000001	78000000	0.0041830855990022	985397	4122	985397	0
pop1	NC_091016.1	78000001	79000000	0.0033241283667064	986424	3279	986424	0
pop1	NC_091016.1	79000001	80000000	0.0032083639732612	962796	3089	962796	0
pop1	NC_091016.1	80000001	81000000	0.0029635492597231	982943	2913	982943	0
pop1	NC_091016.1	81000001	82000000	0.0036295263842247	962109	3492	962109	0
pop1	NC_091016.1	82000001	83000000	0.0041285260029809	980253	4047	980253	0
pop1	NC_091016.1	83000001	84000000	0.0036094116882378	984648	3554	984648	0
pop1	NC_091016.1	84000001	85000000	0.00268518810027	984661	2644	984661	0
pop1	NC_091016.1	85000001	86000000	0.0030461261692462	969428	2953	969428	0
pop1	NC_091016.1	86000001	87000000	0.0036478996261286	980016	3575	980016	0
pop1	NC_091016.1	87000001	88000000	0.0031476456894996	980733	3087	980733	0
pop1	NC_091016.1	88000001	89000000	0.0032956150461873	985552	3248	985552	0
pop1	NC_091016.1	89000001	90000000	0.0031859141315421	978683	3118	978683	0
pop1	NC_091016.1	90000001	91000000	0.0035255023326902	972911	3430	972911	0
pop1	NC_091016.1	91000001	92000000	0.003529438120783	982026	3466	982026	0
pop1	NC_091016.1	92000001	93000000	0.0028453431251746	973872	2771	973872	0
pop1	NC_091016.1	93000001	94000000	0.003504718164372	980678	3437	980678	0
pop1	NC_091016.1	94000001	95000000	0.0032034327589985	981135	3143	981135	0
pop1	NC_091016.1	95000001	96000000	0.003447096444525	970672	3346	970672	0
pop1	NC_091016.1	96000001	97000000	0.0027432455940799	971477	2665	971477	0
pop1	NC_091016.1	97000001	98000000	0.0040858060756144	964314	3940	964314	0
pop1	NC_091016.1	98000001	99000000	0.003242036035647	972537	3153	972537	0
pop1	NC_091016.1	99000001	100000000	0.0034561845160879	973617	3365	973617	0
pop1	NC_091016.1	100000001	101000000	0.002550981549051	984719	2512	984719	0
pop1	NC_091016.1	101000001	102000000	0.0026182335288644	956370	2504	956370	0
pop1	NC_091016.1	102000001	103000000	0.0027099906041228	965317	2616	965317	0
pop1	NC_091016.1	103000001	104000000	0.0030198410961075	959322	2897	959322	0
pop1	NC_091016.1	104000001	105000000	0.0027836480559911	968154	2695	968154	0
pop1	NC_091016.1	105000001	106000000	0.0015417760551293	789998	1218	789998	0
pop1	NC_091016.1	106000001	107000000	0.0021713815233475	964363	2094	964363	0
pop1	NC_091016.1	107000001	108000000	0.003036705618062	957946	2909	957946	0
pop1	NC_091016.1	108000001	109000000	0.0029003872309145	975387	2829	975387	0
pop1	NC_091016.1	109000001	110000000	0.0025428177872495	961925	2446	961925	0
pop1	NC_091016.1	110000001	111000000	0.0028050390632579	979309	2747	979309	0
pop1	NC_091016.1	111000001	112000000	0.0030987742072251	962316	2982	962316	0
pop1	NC_091016.1	112000001	113000000	0.0035733094558701	962693	3440	962693	0
pop1	NC_091016.1	113000001	114000000	0.0031724413526507	980948	3112	980948	0
pop1	NC_091016.1	114000001	115000000	0.0037153019039732	945549	3513	945549	0
pop1	NC_091016.1	115000001	116000000	0.0030417477850241	983645	2992	983645	0
pop1	NC_091016.1	116000001	117000000	0.003171342154393	981288	3112	981288	0
pop1	NC_091016.1	117000001	118000000	0.0030268841500681	967001	2927	967001	0
pop1	NC_091016.1	118000001	119000000	0.003117362765951	984486	3069	984486	0
pop1	NC_091016.1	119000001	120000000	0.0037590622085724	972583	3656	972583	0
pop1	NC_091016.1	120000001	121000000	0.0033602552092564	987425	3318	987425	0
pop1	NC_091016.1	121000001	122000000	0.0044272772653993	977576	4328	977576	0
pop1	NC_091016.1	122000001	123000000	0.0052746364245667	939970	4958	939970	0
pop1	NC_091016.1	123000001	124000000	0.0047711937248766	971455	4635	971455	0
pop1	NC_091016.1	124000001	125000000	0.011100214460454	556746	6180	556746	0
pop1	NC_091016.1	125000001	126000000	0.0047087238510899	755194	3556	755194	0
pop1	NC_091016.1	126000001	127000000	0.00053119968128019	120482	64	120482	0
pop1	NC_091017.1	1	1000000	0.0025913632457751	593510	1538	593510	0
pop1	NC_091017.1	1000001	2000000	0.0034190426262926	957578	3274	957578	0
pop1	NC_091017.1	2000001	3000000	0.0040253447633246	979295	3942	979295	0
pop1	NC_091017.1	3000001	4000000	0.0042758263727857	969871	4147	969871	0
pop1	NC_091017.1	4000001	5000000	0.0043893397299107	963015	4227	963015	0
pop1	NC_091017.1	5000001	6000000	0.004492830698112	977780	4393	977780	0
pop1	NC_091017.1	6000001	7000000	0.0047695989996224	977231	4661	977231	0
pop1	NC_091017.1	7000001	8000000	0.0040583014032973	943991	3831	943991	0
pop1	NC_091017.1	8000001	9000000	0.0041438946896007	840031	3481	840031	0
pop1	NC_091017.1	9000001	10000000	0.0026935949390146	955229	2573	955229	0
pop1	NC_091017.1	10000001	11000000	0.00058364278560195	959491	560	959491	0
pop1	NC_091017.1	11000001	12000000	0.00049352565570226	196545	97	196545	0
pop1	NC_091017.1	12000001	13000000	0.00036072746705857	299395	108	299395	0
pop1	NC_091017.1	13000001	14000000	0.00090556151658388	949687	860	949687	0
pop1	NC_091017.1	14000001	15000000	0.0024022466857256	435842	1047	435842	0
pop1	NC_091017.1	15000001	16000000	0.0039424780480428	952193	3754	952193	0
pop1	NC_091017.1	16000001	17000000	0.0035104780292496	983057	3451	983057	0
pop1	NC_091017.1	17000001	18000000	0.0039438780141294	980507	3867	980507	0
pop1	NC_091017.1	18000001	19000000	0.0044176112461556	986506	4358	986506	0
pop1	NC_091017.1	19000001	20000000	0.0045479748033619	979337	4454	979337	0
pop1	NC_091017.1	20000001	21000000	0.0041085824979318	973085	3998	973085	0
pop1	NC_091017.1	21000001	22000000	0.0040534023551244	982878	3984	982878	0
pop1	NC_091017.1	22000001	23000000	0.0047895478573209	982765	4707	982765	0
pop1	NC_091017.1	23000001	24000000	0.0045367543670101	976469	4430	976469	0
pop1	NC_091017.1	24000001	25000000	0.0039099158648942	980328	3833	980328	0
pop1	NC_091017.1	25000001	26000000	0.0033843346899032	634689	2148	634689	0
pop1	NC_091017.1	26000001	27000000	0	3398	0	3398	0
pop1	NC_091017.1	27000001	28000000	0.003171112705234	894954	2838	894954	0
pop1	NC_091017.1	28000001	29000000	0.0031215262090283	754759	2356	754759	0
pop1	NC_091017.1	29000001	30000000	0.004175981043217	976537	4078	976537	0
pop1	NC_091017.1	30000001	31000000	0.0039699398366776	976841	3878	976841	0
pop1	NC_091017.1	31000001	32000000	0.0035433613397695	986916	3497	986916	0
pop1	NC_091017.1	32000001	33000000	0.0033616598700946	964702	3243	964702	0
pop1	NC_091017.1	33000001	34000000	0.0032430397120537	987962	3204	987962	0
pop1	NC_091017.1	34000001	35000000	0.003526829203334	976231	3443	976231	0
pop1	NC_091017.1	35000001	36000000	0.0039429720024636	985551	3886	985551	0
pop1	NC_091017.1	36000001	37000000	0.0041634681159287	980913	4084	980913	0
pop1	NC_091017.1	37000001	38000000	0.0035010436061017	372746	1305	372746	0
pop1	NC_091017.1	38000001	39000000	0.0041998934540304	242149	1017	242149	0
pop1	NC_091017.1	39000001	40000000	0.0036305118001832	980578	3560	980578	0
pop1	NC_091017.1	40000001	41000000	0.0030042115875571	983952	2956	983952	0
pop1	NC_091017.1	41000001	42000000	0.0032348996176937	975919	3157	975919	0
pop1	NC_091017.1	42000001	43000000	0.0036291498683404	983977	3571	983977	0
pop1	NC_091017.1	43000001	44000000	0.0041978885686469	985019	4135	985019	0
pop1	NC_091017.1	44000001	45000000	0.0030129314733734	982100	2959	982100	0
pop1	NC_091017.1	45000001	46000000	0.0023780133234037	980230	2331	980230	0
pop1	NC_091017.1	46000001	47000000	0.0027364976924557	976796	2673	976796	0
pop1	NC_091017.1	47000001	48000000	0.003146878055378	968579	3048	968579	0
pop1	NC_091017.1	48000001	49000000	0.0025999168270644	983493	2557	983493	0
pop1	NC_091017.1	49000001	50000000	0.0033437342397566	975556	3262	975556	0
pop1	NC_091017.1	50000001	51000000	0.0027924645258112	980854	2739	980854	0
pop1	NC_091017.1	51000001	52000000	0.0030634255801145	978643	2998	978643	0
pop1	NC_091017.1	52000001	53000000	0.0023343733397334	974994	2276	974994	0
pop1	NC_091017.1	53000001	54000000	0.0032913245211322	981064	3229	981064	0
pop1	NC_091017.1	54000001	55000000	0.0030611337236943	978069	2994	978069	0
pop1	NC_091017.1	55000001	56000000	0.0023395348931585	985666	2306	985666	0
pop1	NC_091017.1	56000001	57000000	0.0021255065875449	983295	2090	983295	0
pop1	NC_091017.1	57000001	58000000	0.0026426728748506	969473	2562	969473	0
pop1	NC_091017.1	58000001	59000000	0.0030451684655888	978271	2979	978271	0
pop1	NC_091017.1	59000001	60000000	0.0029743956243108	976669	2905	976669	0
pop1	NC_091017.1	60000001	61000000	0.0021536349319586	965809	2080	965809	0
pop1	NC_091017.1	61000001	62000000	0.002190890996086	987726	2164	987726	0
pop1	NC_091017.1	62000001	63000000	0.0031673376180768	984423	3118	984423	0
pop1	NC_091017.1	63000001	64000000	0.0027633321374816	983957	2719	983957	0
pop1	NC_091017.1	64000001	65000000	0.0024444827349973	963394	2355	963394	0
pop1	NC_091017.1	65000001	66000000	0.0034376375441559	970143	3335	970143	0
pop1	NC_091017.1	66000001	67000000	0.0034676298632975	983669	3411	983669	0
pop1	NC_091017.1	67000001	68000000	0.0034500030093166	980289	3382	980289	0
pop1	NC_091017.1	68000001	69000000	0.0039601435972749	980520	3883	980520	0
pop1	NC_091017.1	69000001	70000000	0.0039219500209867	976810	3831	976810	0
pop1	NC_091017.1	70000001	71000000	0.0030495336519882	975559	2975	975559	0
pop1	NC_091017.1	71000001	72000000	0.0037697424668538	986009	3717	986009	0
pop1	NC_091017.1	72000001	73000000	0.0035775080401249	971067	3474	971067	0
pop1	NC_091017.1	73000001	74000000	0.0042127080292866	978468	4122	978468	0
pop1	NC_091017.1	74000001	75000000	0.0052067260385138	962409	5011	962409	0
pop1	NC_091017.1	75000001	76000000	0.004872203311686	963014	4692	963014	0
pop1	NC_091017.1	76000001	77000000	0.0051595583567419	964036	4974	964036	0
pop1	NC_091017.1	77000001	78000000	0.0066593437628479	800229	5329	800229	0
pop1	NC_091017.1	78000001	79000000	0.0062557234047793	893262	5588	893262	0
pop1	NC_091017.1	79000001	80000000	0.0023994686499841	548038	1315	548038	0
pop1	NC_091018.1	1	1000000	0.0020079946101776	909863	1827	909863	0
pop1	NC_091018.1	1000001	2000000	0.0038459383896152	981815	3776	981815	0
pop1	NC_091018.1	2000001	3000000	0.0045706511807346	984980	4502	984980	0
pop1	NC_091018.1	3000001	4000000	0.0050096801204455	975711	4888	975711	0
pop1	NC_091018.1	4000001	5000000	0.0041694564489622	985740	4110	985740	0
pop1	NC_091018.1	5000001	6000000	0.0042330473018425	975184	4128	975184	0
pop1	NC_091018.1	6000001	7000000	0.0030498375426905	963330	2938	963330	0
pop1	NC_091018.1	7000001	8000000	0.00061334255968295	953790	585	953790	0
pop1	NC_091018.1	8000001	9000000	0.00071313354274556	176685	126	176685	0
pop1	NC_091018.1	9000001	10000000	0.00048946419911	892813	437	892813	0
pop1	NC_091018.1	10000001	11000000	0.0021360776687776	966257	2064	966257	0
pop1	NC_091018.1	11000001	12000000	0.0027327182006352	983636	2688	983636	0
pop1	NC_091018.1	12000001	13000000	0.0033563812995794	982010	3296	982010	0
pop1	NC_091018.1	13000001	14000000	0.0028315289276441	816520	2312	816520	0
pop1	NC_091018.1	14000001	15000000	0.003127423272387	780195	2440	780195	0
pop1	NC_091018.1	15000001	16000000	0.003852582867071	971556	3743	971556	0
pop1	NC_091018.1	16000001	17000000	0.0046512196712758	981248	4564	981248	0
pop1	NC_091018.1	17000001	18000000	0.0042738046266648	967522	4135	967522	0
pop1	NC_091018.1	18000001	19000000	0.004369894610881	957689	4185	957689	0
pop1	NC_091018.1	19000001	20000000	0.00416936038338	974490	4063	974490	0
pop1	NC_091018.1	20000001	21000000	0.0045323879281169	957332	4339	957332	0
pop1	NC_091018.1	21000001	22000000	0.0035512719476438	817172	2902	817172	0
pop1	NC_091019.1	1	1000000	0	3625	0	3625	0
pop1	NC_091019.1	1000001	2000000	0.0046598214889333	606461	2826	606461	0
pop1	NC_091019.1	2000001	3000000	0.0049249867477181	843251	4153	843251	0
pop1	NC_091019.1	3000001	4000000	0.004281349289706	985437	4219	985437	0
pop1	NC_091019.1	4000001	5000000	0.0042771875648146	216965	928	216965	0
pop1	NC_091019.1	5000001	6000000	0.0025413900327759	297475	756	297475	0
pop1	NC_091019.1	6000001	7000000	0.001909533905269	973536	1859	973536	0
pop1	NC_091019.1	7000001	8000000	0.00020325781050118	703540	143	703540	0
pop1	NC_091019.1	8000001	9000000	0.00016842199815859	534372	90	534372	0
pop1	NC_091019.1	9000001	10000000	0.0013560639504551	946858	1284	946858	0
pop1	NC_091019.1	10000001	11000000	0.0037227005353036	982620	3658	982620	0
pop1	NC_091019.1	11000001	12000000	0.0045232474712373	979827	4432	979827	0
pop1	NC_091019.1	12000001	13000000	0.004330941558342	978771	4239	978771	0
pop1	NC_091019.1	13000001	14000000	0.0041106392527093	962624	3957	962624	0
pop1	NC_091019.1	14000001	15000000	0.0040114740188194	947532	3801	947532	0
pop1	NC_091019.1	15000001	16000000	0.0042403180596076	978936	4151	978936	0
pop1	NC_091019.1	16000001	17000000	0.0043909159230356	980661	4306	980661	0
pop1	NC_091019.1	17000001	18000000	0.0043630998882374	986913	4306	986913	0
pop1	NC_091019.1	18000001	19000000	0.0040547155695536	974421	3951	974421	0
pop1	NC_091019.1	19000001	20000000	0.0043093335716687	984607	4243	984607	0
pop1	NC_091019.1	20000001	21000000	0.0033272223244248	945834	3147	945834	0
pop1	NC_091019.1	21000001	22000000	0.0039221893545861	972926	3816	972926	0
pop1	NC_091019.1	22000001	23000000	0.0037813650084348	979276	3703	979276	0
pop1	NC_091019.1	23000001	24000000	0.0037888840348349	979708	3712	979708	0
pop1	NC_091019.1	24000001	25000000	0.004566177218206	973681	4446	973681	0
pop1	NC_091019.1	25000001	26000000	0.0030776280273826	977701	3009	977701	0
pop1	NC_091019.1	26000001	27000000	0.0041020430484528	978293	4013	978293	0
pop1	NC_091019.1	27000001	28000000	0.0030101439403518	980684	2952	980684	0
pop1	NC_091019.1	28000001	29000000	0.002507364749497	985098	2470	985098	0
pop1	NC_091019.1	29000001	30000000	0.0027595987377675	977316	2697	977316	0
pop1	NC_091019.1	30000001	31000000	0.0036977174271021	986825	3649	986825	0
pop1	NC_091019.1	31000001	32000000	0.0025323342031571	985257	2495	985257	0
pop1	NC_091019.1	32000001	33000000	0.0012677099074065	986030	1250	986030	0
pop1	NC_091019.1	33000001	34000000	0.0019231996854788	986897	1898	986897	0
pop1	NC_091019.1	34000001	35000000	0.0024541695508403	985262	2418	985262	0
pop1	NC_091019.1	35000001	36000000	0.0027242871687817	975301	2657	975301	0
pop1	NC_091019.1	36000001	37000000	0.0021395987659413	969808	2075	969808	0
pop1	NC_091019.1	37000001	38000000	0.0030025831196043	979823	2942	979823	0
pop1	NC_091019.1	38000001	39000000	0.0036738120626049	979092	3597	979092	0
pop1	NC_091019.1	39000001	40000000	0.0023510172788555	980852	2306	980852	0
pop1	NC_091019.1	40000001	41000000	0.0023095538236458	978111	2259	978111	0
pop1	NC_091019.1	41000001	42000000	0.0019875821701115	987129	1962	987129	0
pop1	NC_091019.1	42000001	43000000	0.0026897500550015	986337	2653	986337	0
pop1	NC_091019.1	43000001	44000000	0.0026333853733211	987702	2601	987702	0
pop1	NC_091019.1	44000001	45000000	0.0022403534124457	983327	2203	983327	0
pop1	NC_091019.1	45000001	46000000	0.0022122632481278	982252	2173	982252	0
pop1	NC_091019.1	46000001	47000000	0.0028261593273882	988267	2793	988267	0
pop1	NC_091019.1	47000001	48000000	0.0029399209453719	974516	2865	974516	0
pop1	NC_091019.1	48000001	49000000	0.0030935879100506	981708	3037	981708	0
pop1	NC_091019.1	49000001	50000000	0.0034600547114086	973106	3367	973106	0
pop1	NC_091019.1	50000001	51000000	0.0027440099022075	975944	2678	975944	0
pop1	NC_091019.1	51000001	52000000	0.002539418329079	985265	2502	985265	0
pop1	NC_091019.1	52000001	53000000	0.003206106870229	989050	3171	989050	0
pop1	NC_091019.1	53000001	54000000	0.0035821004632972	984897	3528	984897	0
pop1	NC_091019.1	54000001	55000000	0.0026928789900274	978878	2636	978878	0
pop1	NC_091019.1	55000001	56000000	0.0032182595709327	980965	3157	980965	0
pop1	NC_091019.1	56000001	57000000	0.003194289201876	981439	3135	981439	0
pop1	NC_091019.1	57000001	58000000	0.0029266541902735	975175	2854	975175	0
pop1	NC_091019.1	58000001	59000000	0.0043025821577201	986152	4243	986152	0
pop1	NC_091019.1	59000001	60000000	0.0040849520072806	960354	3923	960354	0
pop1	NC_091019.1	60000001	61000000	0.0038901762373882	983503	3826	983503	0
pop1	NC_091019.1	61000001	62000000	0.0044568794854031	972878	4336	972878	0
pop1	NC_091019.1	62000001	63000000	0.0042368222526788	918613	3892	918613	0
pop1	NC_091019.1	63000001	64000000	0.004418369949761	901690	3984	901690	0
pop1	NC_091019.1	64000001	65000000	0.0042319233414971	975443	4128	975443	0
pop1	NC_091019.1	65000001	66000000	0.0047397926039987	955949	4531	955949	0
pop1	NC_091019.1	66000001	67000000	0.0061980927436883	917863	5689	917863	0
pop1	NC_091019.1	67000001	68000000	0.0038316770469003	900911	3452	900911	0
pop1	NC_091019.1	68000001	69000000	0	502	0	502	0
pop1	NC_091020.1	1	1000000	0.00050161529890047	819353	411	819353	0
pop1	NC_091020.1	1000001	2000000	0.00044208336823	943261	417	943261	0
pop1	NC_091020.1	2000001	3000000	0.0004762637392473	883964	421	883964	0
pop1	NC_091020.1	3000001	4000000	0.00048881123233562	658741	322	658741	0
pop1	NC_091020.1	4000001	5000000	0.0012943683247977	980401	1269	980401	0
pop1	NC_091020.1	5000001	6000000	0.0028765829929599	974420	2803	974420	0
pop1	NC_091020.1	6000001	7000000	0.001937303472057	987455	1913	987455	0
pop1	NC_091020.1	7000001	8000000	0.0015957473944118	980105	1564	980105	0
pop1	NC_091020.1	8000001	9000000	0.0043460403759859	983654	4275	983654	0
pop1	NC_091020.1	9000001	10000000	0.0042549085425629	974169	4145	974169	0
pop1	NC_091020.1	10000001	11000000	0.0041717763755746	976083	4072	976083	0
pop1	NC_091020.1	11000001	12000000	0.0044754184823518	976445	4370	976445	0
pop1	NC_091020.1	12000001	13000000	0.0030453123039118	988076	3009	988076	0
pop1	NC_091020.1	13000001	14000000	0.0034050041692885	977385	3328	977385	0
pop1	NC_091020.1	14000001	15000000	0.0028122184368677	988899	2781	988899	0
pop1	NC_091020.1	15000001	16000000	0.002446088295437	981976	2402	981976	0
pop1	NC_091020.1	16000001	17000000	0.0029267724595309	978894	2865	978894	0
pop1	NC_091020.1	17000001	18000000	0.0028488349047831	983911	2803	983911	0
pop1	NC_091020.1	18000001	19000000	0.0036705685275436	974236	3576	974236	0
pop1	NC_091020.1	19000001	20000000	0.0040686836454913	975254	3968	975254	0
pop1	NC_091020.1	20000001	21000000	0.0034338997090654	987507	3391	987507	0
pop1	NC_091020.1	21000001	22000000	0.0034397463855908	990480	3407	990480	0
pop1	NC_091020.1	22000001	23000000	0.0038003706785533	983062	3736	983062	0
pop1	NC_091020.1	23000001	24000000	0.003192798420362	978452	3124	978452	0
pop1	NC_091020.1	24000001	25000000	0.0031877373846989	987848	3149	987848	0
pop1	NC_091020.1	25000001	26000000	0.0039418643986383	978471	3857	978471	0
pop1	NC_091020.1	26000001	27000000	0.0039136387017858	987572	3865	987572	0
pop1	NC_091020.1	27000001	28000000	0.0035310884686563	987231	3486	987231	0
pop1	NC_091020.1	28000001	29000000	0.0034330025055983	871249	2991	871249	0
pop1	NC_091020.1	29000001	30000000	0.0042606430175378	989522	4216	989522	0
pop1	NC_091020.1	30000001	31000000	0.0039457398983086	971174	3832	971174	0
pop1	NC_091020.1	31000001	32000000	0.0045032712346325	986172	4441	986172	0
pop1	NC_091020.1	32000001	33000000	0.0047688667570028	953476	4547	953476	0
pop1	NC_091020.1	33000001	34000000	0.0040541858519283	974055	3949	974055	0
pop1	NC_091020.1	34000001	35000000	0.00478734504779	958360	4588	958360	0
pop1	NC_091020.1	35000001	36000000	0.0042091046745505	965526	4064	965526	0
pop1	NC_091020.1	36000001	37000000	0.0031109694803167	950829	2958	950829	0
pop1	NC_091020.1	37000001	38000000	0.00099295399842716	125887	125	125887	0
pop1	NC_091021.1	1	1000000	0.0010622961759945	767206	815	767206	0
pop1	NC_091021.1	1000001	2000000	0.0032278169177191	949868	3066	949868	0
pop1	NC_091021.1	2000001	3000000	0.0038824354552887	963828	3742	963828	0
pop1	NC_091021.1	3000001	4000000	0.0026680788209323	985728	2630	985728	0
pop1	NC_091021.1	4000001	5000000	0.0010731202283163	952363	1022	952363	0
pop1	NC_091021.1	5000001	6000000	0.0015525156968713	917221	1424	917221	0
pop1	NC_091021.1	6000001	7000000	0.0025216877480061	891863	2249	891863	0
pop1	NC_091021.1	7000001	8000000	0.0047301120057725	975664	4615	975664	0
pop1	NC_091021.1	8000001	9000000	0.003903907566527	983886	3841	983886	0
pop1	NC_091021.1	9000001	10000000	0.0040643756690763	831370	3379	831370	0
pop1	NC_091021.1	10000001	11000000	0.0037080873456063	985144	3653	985144	0
pop1	NC_091021.1	11000001	12000000	0.0031587318471692	987105	3118	987105	0
pop1	NC_091021.1	12000001	13000000	0.0031956199837229	986663	3153	986663	0
pop1	NC_091021.1	13000001	14000000	0.0027353888782473	986697	2699	986697	0
pop1	NC_091021.1	14000001	15000000	0.0027743225774981	984024	2730	984024	0
pop1	NC_091021.1	15000001	16000000	0.0034451390041366	976158	3363	976158	0
pop1	NC_091021.1	16000001	17000000	0.0031303149822301	984246	3081	984246	0
pop1	NC_091021.1	17000001	18000000	0.0031412286257125	986875	3100	986875	0
pop1	NC_091021.1	18000001	19000000	0.0025177051523618	985024	2480	985024	0
pop1	NC_091021.1	19000001	20000000	0.0027672075253432	985470	2727	985470	0
pop1	NC_091021.1	20000001	21000000	0.0026080202755181	978520	2552	978520	0
pop1	NC_091021.1	21000001	22000000	0.0019469615231729	986152	1920	986152	0
pop1	NC_091021.1	22000001	23000000	0.00021504017480422	981212	211	981212	0
pop1	NC_091021.1	23000001	24000000	0.0031458882625577	975877	3070	975877	0
pop1	NC_091021.1	24000001	25000000	0.0033294888479085	972822	3239	972822	0
pop1	NC_091021.1	25000001	26000000	0.00385809756462	709417	2737	709417	0
pop1	NC_091021.1	26000001	27000000	0.004328013290311	969729	4197	969729	0
pop1	NC_091021.1	27000001	28000000	0.0032035438129349	989217	3169	989217	0
pop1	NC_091021.1	28000001	29000000	0.0034456157875527	989083	3408	989083	0
pop1	NC_091021.1	29000001	30000000	0.0038342006652692	988472	3790	988472	0
pop1	NC_091021.1	30000001	31000000	0.0036877062874373	981640	3620	981640	0
pop1	NC_091021.1	31000001	32000000	0.0043800904237155	978062	4284	978062	0
pop1	NC_091021.1	32000001	33000000	0.0048012514621303	988284	4745	988284	0
pop1	NC_091021.1	33000001	34000000	0.0039737335303858	989246	3931	989246	0
pop1	NC_091021.1	34000001	35000000	0.0041295781540867	988963	4084	988963	0
pop1	NC_091021.1	35000001	36000000	0.0047988967770334	974599	4677	974599	0
pop1	NC_091021.1	36000001	37000000	0.0036970652079359	988622	3655	988622	0
pop1	NC_091021.1	37000001	38000000	0.0045215432525881	978427	4424	978427	0
pop1	NC_091021.1	38000001	39000000	0.0051316828168626	943745	4843	943745	0
pop1	NC_091021.1	39000001	40000000	0.0026265856871794	965512	2536	965512	0
pop1	NC_091021.1	40000001	41000000	0.00029901554880854	43476	13	43476	0
pop1	NC_091022.1	1	1000000	0.0026783970964889	435335	1166	435335	0
pop1	NC_091022.1	1000001	2000000	0.0028109855916678	984708	2768	984708	0
pop1	NC_091022.1	2000001	3000000	0.005113264884486	955945	4888	955945	0
pop1	NC_091022.1	3000001	4000000	0.0046971198879603	879688	4132	879688	0
pop1	NC_091022.1	4000001	5000000	0.0031941852090764	931693	2976	931693	0
pop1	NC_091022.1	5000001	6000000	0.00070837159963834	842778	597	842778	0
pop1	NC_091022.1	6000001	7000000	0.0004569889565509	369812	169	369812	0
pop1	NC_091022.1	7000001	8000000	0.00081805285129527	984044	805	984044	0
pop1	NC_091022.1	8000001	9000000	0.0023552362130335	979095	2306	979095	0
pop1	NC_091022.1	9000001	10000000	0.003591184494619	955952	3433	955952	0
pop1	NC_091022.1	10000001	11000000	0.0033320653312638	983174	3276	983174	0
pop1	NC_091022.1	11000001	12000000	0.0030906170130623	981681	3034	981681	0
pop1	NC_091022.1	12000001	13000000	0.0037556760524401	975590	3664	975590	0
pop1	NC_091022.1	13000001	14000000	0.0040852292568171	979382	4001	979382	0
pop1	NC_091022.1	14000001	15000000	0.0034345662232387	982948	3376	982948	0
pop1	NC_091022.1	15000001	16000000	0.0030768601087696	977295	3007	977295	0
pop1	NC_091022.1	16000001	17000000	0.0029004281390413	981924	2848	981924	0
pop1	NC_091022.1	17000001	18000000	0.0023575059801019	984515	2321	984515	0
pop1	NC_091022.1	18000001	19000000	0.0033654236737347	984720	3314	984720	0
pop1	NC_091022.1	19000001	20000000	0.0031971074367631	989019	3162	989019	0
pop1	NC_091022.1	20000001	21000000	0.0032818054481004	988785	3245	988785	0
pop1	NC_091022.1	21000001	22000000	0.0037282118316049	983045	3665	983045	0
pop1	NC_091022.1	22000001	23000000	0.0028862288846627	983290	2838	983290	0
pop1	NC_091022.1	23000001	24000000	0.0032461130997026	983946	3194	983946	0
pop1	NC_091022.1	24000001	25000000	0.0041307067838524	983851	4064	983851	0
pop1	NC_091022.1	25000001	26000000	0.0041541230953858	974935	4050	974935	0
pop1	NC_091022.1	26000001	27000000	0.0035203994941206	982843	3460	982843	0
pop1	NC_091022.1	27000001	28000000	0.0036714564052606	985440	3618	985440	0
pop1	NC_091022.1	28000001	29000000	0.0037526008880138	983318	3690	983318	0
pop1	NC_091022.1	29000001	30000000	0.0042839390769175	987409	4230	987409	0
pop1	NC_091022.1	30000001	31000000	0.0033259986630989	984366	3274	984366	0
pop1	NC_091022.1	31000001	32000000	0.0044123380014291	967061	4267	967061	0
pop1	NC_091022.1	32000001	33000000	0.0040377703062899	947305	3825	947305	0
pop1	NC_091022.1	33000001	34000000	0.0016790220791403	273969	460	273969	0
pop1	NC_091023.1	1	1000000	0.0036064137519543	529612	1910	529612	0
pop1	NC_091023.1	1000001	2000000	0.004518161737463	707146	3195	707146	0
pop1	NC_091023.1	2000001	3000000	0.0049127021541763	952429	4679	952429	0
pop1	NC_091023.1	3000001	4000000	0.0044732248437412	887950	3972	887950	0
pop1	NC_091023.1	4000001	5000000	0.0047419611285474	966056	4581	966056	0
pop1	NC_091023.1	5000001	6000000	0.0036382741982763	985907	3587	985907	0
pop1	NC_091023.1	6000001	7000000	0.0026712722380607	979683	2617	979683	0
pop1	NC_091023.1	7000001	8000000	0.0024117907976086	989721	2387	989721	0
pop1	NC_091023.1	8000001	9000000	0.002214985817027	990977	2195	990977	0
pop1	NC_091023.1	9000001	10000000	0.0015911288029571	879250	1399	879250	0
pop1	NC_091023.1	10000001	11000000	0.0016189449891986	990151	1603	990151	0
pop1	NC_091023.1	11000001	12000000	0.001735195945611	988361	1715	988361	0
pop1	NC_091023.1	12000001	13000000	0.0025290527336338	988117	2499	988117	0
pop1	NC_091023.1	13000001	14000000	0.0026176142606973	981046	2568	981046	0
pop1	NC_091023.1	14000001	15000000	0.0028813830638707	937050	2700	937050	0
pop1	NC_091023.1	15000001	16000000	0.0037190230169376	980365	3646	980365	0
pop1	NC_091023.1	16000001	17000000	0.0030853696570551	987564	3047	987564	0
pop1	NC_091023.1	17000001	18000000	0.0034048247787068	978905	3333	978905	0
pop1	NC_091023.1	18000001	19000000	0.0031190568316992	974333	3039	974333	0
pop1	NC_091023.1	19000001	20000000	0.0038234865829093	988888	3781	988888	0
pop1	NC_091023.1	20000001	21000000	0.0041385906098064	987051	4085	987051	0
pop1	NC_091023.1	21000001	22000000	0.0044246354962411	988330	4373	988330	0
pop1	NC_091023.1	22000001	23000000	0.0042083833427022	987315	4155	987315	0
pop1	NC_091023.1	23000001	24000000	0.004442600740161	978706	4348	978706	0
pop1	NC_091023.1	24000001	25000000	0.0053251564989373	965981	5144	965981	0
pop1	NC_091023.1	25000001	26000000	0.0040399658365305	958919	3874	958919	0
pop1	NC_091023.1	26000001	27000000	0.0022553059415928	979468	2209	979468	0
pop1	NC_091023.1	27000001	28000000	0.0028441153898244	22151	63	22151	0
pop1	NC_091024.1	1	1000000	0.0016777450209129	891077	1495	891077	0
pop1	NC_091024.1	1000001	2000000	0.003887656563628	985941	3833	985941	0
pop1	NC_091024.1	2000001	3000000	0.0034709349603762	989935	3436	989935	0
pop1	NC_091024.1	3000001	4000000	0.0043558575328236	985799	4294	985799	0
pop1	NC_091024.1	4000001	5000000	0.0044591593997192	984939	4392	984939	0
pop1	NC_091024.1	5000001	6000000	0.004157942669956	980533	4077	980533	0
pop1	NC_091024.1	6000001	7000000	0.0045874516215168	977449	4484	977449	0
pop1	NC_091024.1	7000001	8000000	0.0037573941706163	986588	3707	986588	0
pop1	NC_091024.1	8000001	9000000	0.0031903225871607	990182	3159	990182	0
pop1	NC_091024.1	9000001	10000000	0.0028037024234743	989406	2774	989406	0
pop1	NC_091024.1	10000001	11000000	0.0025455277292618	988793	2517	988793	0
pop1	NC_091024.1	11000001	12000000	0.0033618625430532	983086	3305	983086	0
pop1	NC_091024.1	12000001	13000000	0.0045273482133651	950446	4303	950446	0
pop1	NC_091024.1	13000001	14000000	0.0033316908077373	986286	3286	986286	0
pop1	NC_091024.1	14000001	15000000	0.002968174348069	979053	2906	979053	0
pop1	NC_091024.1	15000001	16000000	0.0026373469168791	978635	2581	978635	0
pop1	NC_091024.1	16000001	17000000	0.0013848673084697	969768	1343	969768	0
pop1	NC_091024.1	17000001	18000000	0.00015818319411415	556317	88	556317	0
pop1	NC_091024.1	18000001	19000000	0.00042504869027907	945774	402	945774	0
pop1	NC_091024.1	19000001	20000000	0.0046575239935632	881799	4107	881799	0
pop1	NC_091024.1	20000001	21000000	0.0036015802074691	971518	3499	971518	0
pop1	NC_091024.1	21000001	22000000	0.0028139234799372	321615	905	321615	0
pop1	NC_091025.1	1	1000000	0.0011129160085661	889555	990	889555	0
pop1	NC_091025.1	1000001	2000000	0.0039222780373343	956332	3751	956332	0
pop1	NC_091025.1	2000001	3000000	0.0046885340641108	965547	4527	965547	0
pop1	NC_091025.1	3000001	4000000	0.0047596754849802	984731	4687	984731	0
pop1	NC_091025.1	4000001	5000000	0.0042939794345772	989525	4249	989525	0
pop1	NC_091025.1	5000001	6000000	0.0035811815273244	990176	3546	990176	0
pop1	NC_091025.1	6000001	7000000	0.0036995911672641	985244	3645	985244	0
pop1	NC_091025.1	7000001	8000000	0.0036368743120194	968414	3522	968414	0
pop1	NC_091025.1	8000001	9000000	0.0030896661884305	971626	3002	971626	0
pop1	NC_091025.1	9000001	10000000	0.0035694878481867	990058	3534	990058	0
pop1	NC_091025.1	10000001	11000000	0.0032840656044208	988409	3246	988409	0
pop1	NC_091025.1	11000001	12000000	0.0037783845715122	990635	3743	990635	0
pop1	NC_091025.1	12000001	13000000	0.0037961862520472	979404	3718	979404	0
pop1	NC_091025.1	13000001	14000000	0.0033984715462591	990151	3365	990151	0
pop1	NC_091025.1	14000001	15000000	0.004000737911629	986568	3947	986568	0
pop1	NC_091025.1	15000001	16000000	0.0033772011841152	978621	3305	978621	0
pop1	NC_091025.1	16000001	17000000	0.0044283218855149	970345	4297	970345	0
pop1	NC_091025.1	17000001	18000000	0.0035557768505796	951972	3385	951972	0
pop1	NC_091025.1	18000001	19000000	0.0043005141288801	931284	4005	931284	0
pop1	NC_091025.1	19000001	20000000	0.0044754937130468	954755	4273	954755	0
pop1	NC_091025.1	20000001	21000000	0.0037613698349745	947793	3565	947793	0
pop1	NC_091025.1	21000001	22000000	0.0025304166013676	261617	662	261617	0
pop1	NC_091025.1	22000001	23000000	0.00079681274900398	1255	1	1255	0
pop1	NC_091025.1	23000001	24000000	0	439	0	439	0
pop1	NC_091025.1	24000001	25000000	0	709	0	709	0
pop1	NC_091025.1	25000001	26000000	0.0014727540500736	2037	3	2037	0
pop1	NC_091025.1	26000001	27000000	0.0068920249425665	3047	21	3047	0
pop1	NC_091025.1	27000001	28000000	0.0011086474501109	902	1	902	0
pop1	NC_091026.1	1	1000000	0.0024912393016378	834123	2078	834123	0
pop1	NC_091026.1	1000001	2000000	0.0039966013154168	953310	3810	953310	0
pop1	NC_091026.1	2000001	3000000	0.0048306019861866	978760	4728	978760	0
pop1	NC_091026.1	3000001	4000000	0.0039734702691116	634458	2521	634458	0
pop1	NC_091026.1	4000001	5000000	0.003109641027768	964420	2999	964420	0
pop1	NC_091026.1	5000001	6000000	0.0033376266442197	986030	3291	986030	0
pop1	NC_091026.1	6000001	7000000	0.0032516707423117	979804	3186	979804	0
pop1	NC_091026.1	7000001	8000000	0.0045477641762099	987958	4493	987958	0
pop1	NC_091026.1	8000001	9000000	0.0036867746364953	797445	2940	797445	0
pop1	NC_091026.1	9000001	10000000	0.0025085852896286	880576	2209	880576	0
pop1	NC_091026.1	10000001	11000000	0.0035836328151562	985313	3531	985313	0
pop1	NC_091026.1	11000001	12000000	0.0035092991828332	978258	3433	978258	0
pop1	NC_091026.1	12000001	13000000	0.0031564615882436	982746	3102	982746	0
pop1	NC_091026.1	13000001	14000000	0.0038415049110725	984510	3782	984510	0
pop1	NC_091026.1	14000001	15000000	0.0041203165022548	981478	4044	981478	0
pop1	NC_091026.1	15000001	16000000	0.0040539444331779	986200	3998	986200	0
pop1	NC_091026.1	16000001	17000000	0.0042069478380962	988365	4158	988365	0
pop1	NC_091026.1	17000001	18000000	0.0029836872230895	989715	2953	989715	0
pop1	NC_091026.1	18000001	19000000	0.0035019352264144	982314	3440	982314	0
pop1	NC_091026.1	19000001	20000000	0.0048723192713673	970585	4729	970585	0
pop1	NC_091026.1	20000001	21000000	0.0043966647723645	955497	4201	955497	0
pop1	NC_091026.1	21000001	22000000	0.0038244794044011	804031	3075	804031	0
pop1	NC_091026.1	22000001	23000000	0	1355	0	1355	0
pop1	NC_091026.1	23000001	24000000	0.00098716683119447	1013	1	1013	0
pop1	NC_091027.1	1	1000000	0.0018571356400913	910542	1691	910542	0
pop1	NC_091027.1	1000001	2000000	0.0036064152398854	961897	3469	961897	0
pop1	NC_091027.1	2000001	3000000	0.0042994830900441	967093	4158	967093	0
pop1	NC_091027.1	3000001	4000000	0.0036814781792296	973522	3584	973522	0
pop1	NC_091027.1	4000001	5000000	0.0039806131462665	986029	3925	986029	0
pop1	NC_091027.1	5000001	6000000	0.0041437125016926	982211	4070	982211	0
pop1	NC_091027.1	6000001	7000000	0.0040228910468711	978898	3938	978898	0
pop1	NC_091027.1	7000001	8000000	0.0036257498733184	978832	3549	978832	0
pop1	NC_091027.1	8000001	9000000	0.0035889639870986	973540	3494	973540	0
pop1	NC_091027.1	9000001	10000000	0.0028140965467248	982198	2764	982198	0
pop1	NC_091027.1	10000001	11000000	0.0013260411318694	975837	1294	975837	0
pop1	NC_091027.1	11000001	12000000	0.00058418527018569	838775	490	838775	0
pop1	NC_091027.1	12000001	13000000	0.00076497961467066	943816	722	943816	0
pop1	NC_091027.1	13000001	14000000	0.0024374142032296	954290	2326	954290	0
pop1	NC_091027.1	14000001	15000000	0.0033557731538148	980400	3290	980400	0
pop1	NC_091027.1	15000001	16000000	0.0043580698780944	980021	4271	980021	0
pop1	NC_091027.1	16000001	17000000	0.0035220065511375	876489	3087	876489	0
pop1	NC_091027.1	17000001	18000000	0.0055404847521674	869599	4818	869599	0
pop1	NC_091027.1	18000001	19000000	0.0029159665984913	832657	2428	832657	0
pop1	NC_091027.1	19000001	20000000	0.0021873010853392	493302	1079	493302	0
pop1	NC_091028.1	1	1000000	0.0029476848391992	480377	1416	480377	0
pop1	NC_091028.1	1000001	2000000	0.0047259289543114	944153	4462	944153	0
pop1	NC_091028.1	2000001	3000000	0.0041928277010529	943993	3958	943993	0
pop1	NC_091028.1	3000001	4000000	0.0040081164614028	977766	3919	977766	0
pop1	NC_091028.1	4000001	5000000	0.0046879723733253	985714	4621	985714	0
pop1	NC_091028.1	5000001	6000000	0.0044697306756075	973213	4350	973213	0
pop1	NC_091028.1	6000001	7000000	0.0039006370432928	987531	3852	987531	0
pop1	NC_091028.1	7000001	8000000	0.0031432275116772	989747	3111	989747	0
pop1	NC_091028.1	8000001	9000000	0.0037745331835828	974955	3680	974955	0
pop1	NC_091028.1	9000001	10000000	0.0040826486916289	972163	3969	972163	0
pop1	NC_091028.1	10000001	11000000	0.0037434132779329	979053	3665	979053	0
pop1	NC_091028.1	11000001	12000000	0.0036340228868735	977154	3551	977154	0
pop1	NC_091028.1	12000001	13000000	0.0039322447103513	987731	3884	987731	0
pop1	NC_091028.1	13000001	14000000	0.0039034465322633	980928	3829	980928	0
pop1	NC_091028.1	14000001	15000000	0.0040646568745387	985077	4004	985077	0
pop1	NC_091028.1	15000001	16000000	0.0041480513174084	976121	4049	976121	0
pop1	NC_091028.1	16000001	17000000	0.0028546742982858	974542	2782	974542	0
pop1	NC_091028.1	17000001	18000000	0.00036322954654423	206481	75	206481	0
pop1	NC_091029.1	1	1000000	0.0025407675747199	928066	2358	928066	0
pop1	NC_091029.1	1000001	2000000	0.0042192800579041	979551	4133	979551	0
pop1	NC_091029.1	2000001	3000000	0.0038108789175683	985337	3755	985337	0
pop1	NC_091029.1	3000001	4000000	0.0035930044782817	982743	3531	982743	0
pop1	NC_091029.1	4000001	5000000	0.0046503563621953	968958	4506	968958	0
pop1	NC_091029.1	5000001	6000000	0.0040621593833512	970666	3943	970666	0
pop1	NC_091029.1	6000001	7000000	0.0038618654542379	981391	3790	981391	0
pop1	NC_091029.1	7000001	8000000	0.003567342335032	985888	3517	985888	0
pop1	NC_091029.1	8000001	9000000	0.0033372962655192	972344	3245	972344	0
pop1	NC_091029.1	9000001	10000000	0.0019618371510119	908842	1783	908842	0
pop1	NC_091029.1	10000001	11000000	0.00056184050192475	959347	539	959347	0
pop1	NC_091029.1	11000001	12000000	0.00076776407779331	196675	151	196675	0
pop1	NC_091029.1	12000001	13000000	0.003844405810403	906512	3485	906512	0
pop1	NC_091029.1	13000001	14000000	0.0042462958871315	932342	3959	932342	0
pop1	NC_091029.1	14000001	15000000	0.0035032923414047	929126	3255	929126	0
pop1	NC_091029.1	15000001	16000000	0.0015961233436161	400345	639	400345	0
pop1	NC_091030.1	1	1000000	0.0038588406204706	903121	3485	903121	0
pop1	NC_091030.1	1000001	2000000	0.0043753623461402	955578	4181	955578	0
pop1	NC_091030.1	2000001	3000000	0.0048525361179501	950843	4614	950843	0
pop1	NC_091030.1	3000001	4000000	0.0039610259993014	961872	3810	961872	0
pop1	NC_091030.1	4000001	5000000	0.0041391896498631	970963	4019	970963	0
pop1	NC_091030.1	5000001	6000000	0.0032051445580401	979987	3141	979987	0
pop1	NC_091030.1	6000001	7000000	0.0040985657062164	979367	4014	979367	0
pop1	NC_091030.1	7000001	8000000	0.0040569451359363	960082	3895	960082	0
pop1	NC_091030.1	8000001	9000000	0.0038877588852087	976398	3796	976398	0
pop1	NC_091030.1	9000001	10000000	0.0021114993164211	987450	2085	987450	0
pop1	NC_091030.1	10000001	11000000	0.0016527187683111	979598	1619	979598	0
pop1	NC_091030.1	11000001	12000000	0.00098195041982541	120169	118	120169	0
pop1	NC_091031.1	1	1000000	0.0021040450265636	950550	2000	950550	0
pop1	NC_091031.1	1000001	2000000	0.0047612117400731	941357	4482	941357	0
pop1	NC_091031.1	2000001	3000000	0.0034945654482482	965213	3373	965213	0
pop1	NC_091031.1	3000001	4000000	0.00039242576379879	716059	281	716059	0
pop1	NC_091031.1	4000001	5000000	0.00065674210622752	971462	638	971462	0
pop1	NC_091031.1	5000001	6000000	0.0038303590490663	955524	3660	955524	0
pop1	NC_091031.1	6000001	7000000	0.0039455923580106	963100	3800	963100	0
pop1	NC_091031.1	7000001	8000000	0.0040889374595174	977271	3996	977271	0
pop1	NC_091031.1	8000001	9000000	0.0046269870275997	974068	4507	974068	0
pop1	NC_091031.1	9000001	10000000	0.0048017487743276	921331	4424	921331	0
pop1	NC_091031.1	10000001	11000000	0.0047026374911785	926714	4358	926714	0
pop1	NC_091031.1	11000001	12000000	0.0046303547864522	932110	4316	932110	0
pop1	NC_091031.1	12000001	13000000	0.0021037126562677	529540	1114	529540	0
pop1	NC_091032.1	1	1000000	0.0034904052662099	901901	3148	901901	0
pop1	NC_091032.1	1000001	2000000	0.0040444957234944	956856	3870	956856	0
pop1	NC_091032.1	2000001	3000000	0.0045727028101817	948017	4335	948017	0
pop1	NC_091032.1	3000001	4000000	0.0047530869375566	953696	4533	953696	0
pop1	NC_091032.1	4000001	5000000	0.0038374146916711	984517	3778	984517	0
pop1	NC_091032.1	5000001	6000000	0.0041999190451887	965971	4057	965971	0
pop1	NC_091032.1	6000001	7000000	0.0036198955621621	973785	3525	973785	0
pop1	NC_091032.1	7000001	8000000	0.0037238324255004	980173	3650	980173	0
pop1	NC_091032.1	8000001	9000000	0.0035986376220088	975647	3511	975647	0
pop1	NC_091032.1	9000001	10000000	0.0036442003871644	980462	3573	980462	0
pop1	NC_091032.1	10000001	11000000	0.0021151856301546	983838	2081	983838	0
pop1	NC_091032.1	11000001	12000000	0.00082944480554127	206162	171	206162	0
pop1	NC_091033.1	1	1000000	0.0012946216087577	315150	408	315150	0
pop1	NC_091033.1	1000001	2000000	0.0014986617232006	960190	1439	960190	0
pop1	NC_091033.1	2000001	3000000	0.0034963990673614	502231	1756	502231	0
pop1	NC_091033.1	3000001	4000000	0.0048675869174403	951190	4630	951190	0
pop1	NC_091033.1	4000001	5000000	0.0051195657068931	977036	5002	977036	0
pop1	NC_091033.1	5000001	6000000	0.0046117012527338	984886	4542	984886	0
pop1	NC_091033.1	6000001	7000000	0.0040399254104773	979226	3956	979226	0
pop1	NC_091033.1	7000001	8000000	0.0037851728177851	979876	3709	979876	0
pop1	NC_091033.1	8000001	9000000	0.0033483605415573	969131	3245	969131	0
pop1	NC_091033.1	9000001	10000000	0.0039562678040008	942555	3729	942555	0
pop1	NC_091033.1	10000001	11000000	0.0038635178824213	970618	3750	970618	0
pop1	NC_091033.1	11000001	12000000	0.0038406349309294	986816	3790	986816	0
pop1	NC_091033.1	12000001	13000000	0.0035496444284344	988268	3508	988268	0
pop1	NC_091033.1	13000001	14000000	0.0044520754693814	977297	4351	977297	0
pop1	NC_091033.1	14000001	15000000	0.0031181230976343	982001	3062	982001	0
pop1	NC_091033.1	15000001	16000000	0.0016704173486088	977600	1633	977600	0
pop1	NC_091033.1	16000001	17000000	0.0011239636097881	198405	223	198405	0
pop1	NC_091034.1	1	1000000	0.00382047414999	768491	2936	768491	0
pop1	NC_091034.1	1000001	2000000	0.0065978821938829	832843	5495	832843	0
pop1	NC_091034.1	2000001	3000000	0.0024304783707075	814243	1979	814243	0
pop1	NC_091034.1	3000001	4000000	0.0018726720217312	437343	819	437343	0
pop1	NC_091034.1	4000001	5000000	0.002316751399704	978957	2268	978957	0
pop1	NC_091034.1	5000001	6000000	0.0043745481215943	958499	4193	958499	0
pop1	NC_091034.1	6000001	7000000	0.0036450491855239	971729	3542	971729	0
pop1	NC_091034.1	7000001	8000000	0.0046118272560689	941926	4344	941926	0
pop1	NC_091034.1	8000001	9000000	0.0020565794203183	979296	2014	979296	0
pop1	NC_091034.1	9000001	10000000	0.00017006972858872	99959	17	99959	0
pop1	NC_091035.1	1	1000000	0.0021358082942647	796888	1702	796888	0
pop1	NC_091035.1	1000001	2000000	0.0060588815584483	850487	5153	850487	0
pop1	NC_091035.1	2000001	3000000	0.0043136482994593	955108	4120	955108	0
pop1	NC_091035.1	3000001	4000000	0.0059120623346395	879896	5202	879896	0
pop1	NC_091035.1	4000001	5000000	0.0041266479202425	958405	3955	958405	0
pop1	NC_091035.1	5000001	6000000	0.0027813940032649	241965	673	241965	0
pop1	NC_091036.1	1	1000000	0.0040486675117337	862259	3491	862259	0
pop1	NC_091036.1	1000001	2000000	0.0060629550676892	650178	3942	650178	0
pop1	NC_091036.1	2000001	3000000	0.0023982691029163	946099	2269	946099	0
pop1	NC_091036.1	3000001	4000000	0.00081812890811895	482809	395	482809	0
pop1	NC_091036.1	4000001	5000000	0.0033627027283982	967674	3254	967674	0
pop1	NC_091036.1	5000001	6000000	0.005111852576143	892827	4564	892827	0
pop1	NC_091036.1	6000001	7000000	0.0043258634036814	946863	4096	946863	0
pop1	NC_091036.1	7000001	8000000	0.0030445492395893	963361	2933	963361	0
pop1	NC_091036.1	8000001	9000000	0.00062270931928976	56206	35	56206	0
pop1	NC_091037.1	1	1000000	0.0020631042149132	799281	1649	799281	0
pop1	NC_091037.1	1000001	2000000	0.0041257037829071	971713	4009	971713	0
pop1	NC_091037.1	2000001	3000000	0.0044126482818386	966993	4267	966993	0
pop1	NC_091037.1	3000001	4000000	0.0043660517578588	970442	4237	970442	0
pop1	NC_091037.1	4000001	5000000	0.0043369490075238	967731	4197	967731	0
pop1	NC_091037.1	5000001	6000000	0.0048269419687088	953813	4604	953813	0
pop1	NC_091037.1	6000001	7000000	0.0047412505451657	960717	4555	960717	0
pop1	NC_091037.1	7000001	8000000	0.0042086825364002	82211	346	82211	0
pop1	NC_091038.1	1	1000000	0.0032332196511301	327228	1058	327228	0
pop1	NC_091038.1	1000001	2000000	0.0064348836604255	807163	5194	807163	0
pop1	NC_091038.1	2000001	3000000	0.0068076061749025	728303	4958	728303	0
pop1	NC_091038.1	3000001	4000000	0.00359827079566	707840	2547	707840	0
pop1	NC_091038.1	4000001	5000000	0	212	0	212	0
pop1	NC_091039.1	1	1000000	0.002002002002002	10989	22	10989	0
pop1	NC_091039.1	1000001	2000000	0.0041431665257623	690776	2862	690776	0
pop1	NC_091039.1	2000001	3000000	0.0046674080729872	927067	4327	927067	0
pop1	NC_091039.1	3000001	4000000	0.0043233115392641	920128	3978	920128	0
pop1	NC_091039.1	4000001	5000000	0.0042835134178586	960660	4115	960660	0
pop1	NC_091039.1	5000001	6000000	0.0058589211618257	903750	5295	903750	0
pop1	NC_091039.1	6000001	7000000	0.0036317686053548	955182	3469	955182	0
pop1	NC_091039.1	7000001	8000000	0.0016587347109616	967605	1605	967605	0
pop1	NC_091039.1	8000001	9000000	0.0015203243358583	37492	57	37492	0
pop1	NC_091040.1	1	1000000	0.0023558917152276	881195	2076	881195	0
pop1	NC_091040.1	1000001	2000000	0.0063312185879844	845019	5350	845019	0
pop1	NC_091040.1	2000001	3000000	0.0044358672485316	918197	4073	918197	0
pop1	NC_091040.1	3000001	4000000	0.0042255958775949	612458	2588	612458	0
pop1	NC_091040.1	4000001	5000000	0.0045222545630354	508817	2301	508817	0
pop1	NC_091040.1	5000001	6000000	0.0042379468688967	765465	3244	765465	0
pop1	NC_091040.1	6000001	7000000	0.0045769296214155	693478	3174	693478	0
pop1	NC_091041.1	1	1000000	0.0025974025974026	1925	5	1925	0
pop1	NC_091041.1	1000001	2000000	0.0042098728654072	560587	2360	560587	0
pop1	NC_091041.1	2000001	3000000	0.0047138939554046	860223	4055	860223	0
pop1	NC_091041.1	3000001	4000000	0.0041324783233586	953907	3942	953907	0
pop1	NC_091041.1	4000001	5000000	0.0037613317158703	958703	3606	958703	0
pop1	NC_091041.1	5000001	6000000	0.0049193038915688	891183	4384	891183	0
pop1	NC_091041.1	6000001	7000000	0.0031935903531366	765596	2445	765596	0
pop1	NC_091042.1	1	1000000	0.0045015465966234	115738	521	115738	0
pop1	NC_091042.1	1000001	2000000	0.0051911070131751	858969	4459	858969	0
pop1	NC_091042.1	2000001	3000000	0.005474804518331	834733	4570	834733	0
pop1	NC_091042.1	3000001	4000000	0.0042000838067767	410468	1724	410468	0
pop1	NC_091043.1	1	1000000	0.00795670094271	701170	5579	701170	0
pop1	NC_091043.1	1000001	2000000	0.011323926832149	431829	4890	431829	0
pop1	NC_091043.1	2000001	3000000	0.001628664495114	7982	13	7982	0
pop1	NC_091044.1	1	1000000	0.0072665133512201	375696	2730	375696	0
pop1	NC_091044.1	1000001	2000000	0.0091872054319068	527255	4844	527255	0
pop1	NC_091044.1	2000001	3000000	0.0048061043591973	296706	1426	296706	0
pop1	NC_091045.1	1	1000000	0.0075926143212194	468745	3559	468745	0
pop1	NC_138417.1	1	1000000	0.00059513890542053	252042	150	252042	0
pop1	NC_138417.1	1000001	2000000	0.00072651221731529	419814	305	419814	0
pop1	NC_138417.1	2000001	3000000	0.00074042170161489	413278	306	413278	0
pop1	NC_138417.1	3000001	4000000	0.00066421866579775	478758	318	478758	0
pop1	NC_138417.1	4000001	5000000	0.00076742300720512	439132	337	439132	0
pop1	NC_138417.1	5000001	6000000	0.00094219679426055	352368	332	352368	0
pop1	NC_138417.1	6000001	7000000	0.00085742835960416	465345	399	465345	0
pop1	NC_138417.1	7000001	8000000	0.0007148551891204	521784	373	521784	0
pop1	NC_138417.1	8000001	9000000	0.00095048578972916	393483	374	393483	0
pop1	NC_138417.1	9000001	10000000	0.00067859448186829	422933	287	422933	0
pop1	NC_138417.1	10000001	11000000	0.0007339668337452	486398	357	486398	0
pop1	NC_138417.1	11000001	12000000	0.00082213073163212	467079	384	467079	0
pop1	NC_138417.1	12000001	13000000	0.00069074889867841	425625	294	425625	0
pop1	NC_138417.1	13000001	14000000	0.00082417256631921	337308	278	337308	0
pop1	NC_138417.1	14000001	15000000	0.00066536847026908	389258	259	389258	0
pop1	NC_138417.1	15000001	16000000	0	289	0	289	0
pop1	NC_138417.1	16000001	17000000	0.0011794574495732	250115	295	250115	0
pop1	NC_138417.1	17000001	18000000	0.00063190740972019	536471	339	536471	0
pop1	NC_138417.1	18000001	19000000	0.00076966667512454	354699	273	354699	0
pop1	NC_138417.1	19000001	20000000	0.00094119337572296	417555	393	417555	0
pop1	NC_138417.1	20000001	21000000	0.0010239748969951	288093	295	288093	0
pop1	NW_027184081.1	1	1000000	0.0012264922322159	2446	3	2446	0
pop1	NW_027184081.1	1000001	2000000	0.005491272798588	5099	28	5099	0
pop1	NW_027184081.1	2000001	3000000	0	1507	0	1507	0
pop1	NW_027184081.1	3000001	4000000	0	826	0	826	0
pop1	NW_027184081.1	4000001	5000000	0.0015899952041908	271070	431	271070	0
pop1	NW_027184081.1	5000001	6000000	0.00072606355302865	422828	307	422828	0
pop1	NW_027184081.1	6000001	7000000	0.00068584378665288	402424	276	402424	0
pop1	NW_027184081.1	7000001	8000000	0.0008130081300813	183270	149	183270	0
pop1	NW_027184081.1	8000001	9000000	0.00096886636029938	454139	440	454139	0
pop1	NW_027184081.1	9000001	10000000	0.00090346293235321	97403	88	97403	0
pop1	NW_027184082.1	1	1000000	0.00091811407205313	345273	317	345273	0
pop1	NW_027184082.1	1000001	2000000	0.00087044025157233	397500	346	397500	0
pop1	NW_027184082.1	2000001	3000000	0.00063062257353633	436077	275	436077	0
pop1	NW_027184082.1	3000001	4000000	0.00081069409051993	395957	321	395957	0
pop1	NW_027184082.1	4000001	5000000	0.00082842189139951	284879	236	284879	0
pop1	NW_027184083.1	1	1000000	0.00077184056322721	415889	321	415889	0
pop1	NW_027184083.1	1000001	2000000	0.0005035628014751	528236	266	528236	0
pop1	NW_027184083.1	2000001	3000000	0.00077797635384093	462739	360	462739	0
pop1	NW_027184083.1	3000001	4000000	0.00030396495462876	111855	34	111855	0
pop1	NW_027184084.1	1	1000000	0.00083755885548714	397584	333	397584	0
pop1	NW_027184084.1	1000001	2000000	0.00055727554179567	193800	108	193800	0
pop1	NW_027184084.1	2000001	3000000	0.00078134556193225	400591	313	400591	0
pop1	NW_027184084.1	3000001	4000000	0	39	0	39	0
pop1	NC_138418.1	1	1000000	0.0011748944949024	467276	549	467276	0
pop1	NC_138418.1	1000001	2000000	0.0011594474776806	767607	890	767607	0
pop1	NC_138418.1	2000001	3000000	0.00014187161811873	754203	107	754203	0
pop1	NC_138418.1	3000001	4000000	0.00038129455900341	781548	298	781548	0
pop1	NC_138418.1	4000001	5000000	0.0001867445334782	765752	143	765752	0
pop1	NC_138418.1	5000001	6000000	0.00014427251241399	762446	110	762446	0
pop1	NC_138418.1	6000001	7000000	0.00013070579823992	765077	100	765077	0
pop1	NC_138418.1	7000001	8000000	8.3408614955036e-05	779296	65	779296	0
pop1	NC_138418.1	8000001	9000000	8.2207902342781e-05	693364	57	693364	0
pop1	NC_138418.1	9000001	10000000	8.9739419161609e-05	713176	64	713176	0
pop1	NC_138418.1	10000001	11000000	0.00011473493530299	740838	85	740838	0
pop1	NC_138418.1	11000001	12000000	0.00041609571228779	778667	324	778667	0
pop1	NC_138418.1	12000001	13000000	0.00011744648607691	791850	93	791850	0
pop1	NC_138418.1	13000001	14000000	0.00016722302899999	795345	133	795345	0
pop1	NC_138418.1	14000001	15000000	0.00029121176608627	707389	206	707389	0
pop1	NC_138418.1	15000001	16000000	0.00029691551925172	784735	233	784735	0
pop1	NC_138418.1	16000001	17000000	0.00013772742240625	798679	110	798679	0
pop1	NC_138418.1	17000001	18000000	0.00013134243223669	799437	105	799437	0
pop1	NC_138418.1	18000001	19000000	0.00011987563218623	792488	95	792488	0
pop1	NC_138418.1	19000001	20000000	0.0003164191332479	761648	241	761648	0
pop1	NC_138418.1	20000001	21000000	0.00013256911139704	769410	102	769410	0
pop1	NC_138418.1	21000001	22000000	0.0001069389185512	776144	83	776144	0
pop1	NC_138418.1	22000001	23000000	8.9364021789502e-05	783313	70	783313	0
pop1	NC_138418.1	23000001	24000000	9.7058323964509e-05	741822	72	741822	0
pop1	NC_138418.1	24000001	25000000	0.00012880746406727	768589	99	768589	0
pop1	NC_138418.1	25000001	26000000	8.940933637836e-05	782916	70	782916	0
pop1	NC_138418.1	26000001	27000000	0.0001048222049223	782277	82	782277	0
pop1	NC_138418.1	27000001	28000000	0.0001001386730485	788906	79	788906	0
pop1	NC_138418.1	28000001	29000000	0.00024787603629522	778615	193	778615	0
pop1	NC_138418.1	29000001	30000000	0.00010240680980308	800728	82	800728	0
pop1	NC_138418.1	30000001	31000000	0.00011894317074356	781886	93	781886	0
pop1	NC_138418.1	31000001	32000000	0.00011098073299657	801941	89	801941	0
pop1	NC_138418.1	32000001	33000000	0.00012644934239687	751289	95	751289	0
pop1	NC_138418.1	33000001	34000000	0.00013512325733634	762267	103	762267	0
pop1	NC_138418.1	34000001	35000000	8.9494369417631e-05	793346	71	793346	0
pop1	NC_138418.1	35000001	36000000	9.1409418978881e-05	787665	72	787665	0
pop1	NC_138418.1	36000001	37000000	0.00019420440482377	746636	145	746636	0
pop1	NC_138418.1	37000001	38000000	9.6228598633047e-05	789786	76	789786	0
pop1	NC_138418.1	38000001	39000000	0.00011333237021575	802948	91	802948	0
pop1	NC_138418.1	39000001	40000000	0.00012499625662252	768023	96	768023	0
pop1	NC_138418.1	40000001	41000000	0.0022683180152462	204116	463	204116	0
pop1	NC_138418.1	41000001	42000000	8.3273086516952e-05	792573	66	792573	0
pop1	NC_138418.1	42000001	43000000	0.00011409327815064	797593	91	797593	0
pop1	NC_138418.1	43000001	44000000	8.2112225017356e-05	803778	66	803778	0
pop1	NC_138418.1	44000001	45000000	8.1756492828139e-05	770581	63	770581	0
pop1	NC_138418.1	45000001	46000000	9.880480850068e-05	576895	57	576895	0
pop1	NC_138418.1	46000001	47000000	0.00015751773058955	761819	120	761819	0
pop1	NC_138418.1	47000001	48000000	0.00017071768348395	732203	125	732203	0
pop1	NC_138418.1	48000001	49000000	0.00010199607646262	754931	77	754931	0
pop1	NC_138418.1	49000001	50000000	0.00011210207023846	767158	86	767158	0
pop1	NC_138418.1	50000001	51000000	0.00016926899664717	460805	78	460805	0
pop1	NC_138418.1	51000001	52000000	NA	0	NA	NA	NA
pop1	NC_138418.1	52000001	53000000	NA	0	NA	NA	NA
pop1	NC_138418.1	53000001	54000000	0.00011741331136726	545083	64	545083	0
pop1	NC_138418.1	54000001	55000000	0.00010785381186186	778832	84	778832	0
pop1	NC_138418.1	55000001	56000000	0.00013621337300984	763508	104	763508	0
pop1	NC_138418.1	56000001	57000000	8.5651297430958e-05	805592	69	805592	0
pop1	NC_138418.1	57000001	58000000	0.00010244723967157	800412	82	800412	0
pop1	NC_138418.1	58000001	59000000	7.9869812206104e-05	801304	64	801304	0
pop1	NC_138418.1	59000001	60000000	9.48513695393e-05	611483	58	611483	0
pop1	NC_138418.1	60000001	61000000	0.00010283706906126	729309	75	729309	0
pop1	NC_138418.1	61000001	62000000	0.000118029806293	796409	94	796409	0
pop1	NC_138418.1	62000001	63000000	0.00010475446437023	792329	83	792329	0
pop1	NC_138418.1	63000001	64000000	8.7524310520808e-05	776927	68	776927	0
pop1	NC_138418.1	64000001	65000000	0.000120525333246	763325	92	763325	0
pop1	NC_138418.1	65000001	66000000	8.8821279076459e-05	799358	71	799358	0
pop1	NC_138418.1	66000001	67000000	0.00028443144186424	738315	210	738315	0
pop1	NC_138418.1	67000001	68000000	0.00019799274398423	717198	142	717198	0
pop1	NC_138418.1	68000001	69000000	4.7799850399387e-05	774061	37	774061	0
pop1	NC_138418.1	69000001	70000000	0.0033664253625381	343688	1157	343688	0
pop1	NC_138418.1	70000001	71000000	0.0014696383237611	798836	1174	798836	0
pop1	NC_138418.1	71000001	72000000	0.00011429361231607	752448	86	752448	0
pop1	NC_138418.1	72000001	73000000	9.1362845135169e-05	207962	19	207962	0
pop1	NW_027184086.1	1	1000000	0.00013669045080511	585264	80	585264	0
pop1	NW_027184086.1	1000001	2000000	8.0330218992535e-05	809160	65	809160	0
pop1	NW_027184086.1	2000001	3000000	0.00010694350253013	766760	82	766760	0
pop1	NW_027184086.1	3000001	4000000	0.00047487823934799	427478	203	427478	0
pop1	NW_027184086.1	4000001	5000000	0	219	0	219	0
pop1	NW_027184087.1	1	1000000	0.00016876134488175	752542	127	752542	0
pop1	NW_027184087.1	1000001	2000000	0.00013615253117641	198307	27	198307	0
pop1	NW_027184088.1	1	1000000	0.0013614262560778	46275	63	46275	0
pop1	NW_027184088.1	1000001	2000000	0	227	0	227	0
pop1	NW_027183733.1	1	1000000	0.00038491147036182	5196	2	5196	0
pop1	NW_027183733.1	1000001	2000000	0.00163132137031	3678	6	3678	0
pop1	NW_027183733.1	2000001	3000000	0.00057487783845933	3479	2	3479	0
pop1	NW_027183733.1	3000001	4000000	0	415	0	415	0
pop1	NW_027183733.1	4000001	5000000	0.0013927576601671	718	1	718	0
pop1	NW_027183804.1	1	1000000	0.00069808027923211	8595	6	8595	0
pop1	NW_027183804.1	1000001	2000000	0.0050267793766535	154970	779	154970	0
pop1	NW_027183804.1	2000001	3000000	0.0032260741478393	96402	311	96402	0
pop1	NW_027183804.1	3000001	4000000	0.0033514083446302	26556	89	26556	0
pop1	NW_027183804.1	4000001	5000000	0.0018437101120408	7051	13	7051	0
pop1	NW_027183894.1	1	1000000	0	1708	0	1708	0
pop1	NW_027183894.1	1000001	2000000	0.0019083969465649	2620	5	2620	0
pop1	NW_027183894.1	2000001	3000000	0	609	0	609	0
pop1	NW_027183894.1	3000001	4000000	0	63	0	63	0
pop1	NW_027183905.1	1	1000000	0.0034114015711172	341795	1166	341795	0
pop1	NW_027183905.1	1000001	2000000	0.0031669591478594	122515	388	122515	0
pop1	NW_027183905.1	2000001	3000000	0.0021600121798044	105092	227	105092	0
pop1	NW_027183916.1	1	1000000	0	393	0	393	0
pop1	NW_027183916.1	1000001	2000000	0.0042060988433228	951	4	951	0
pop1	NW_027183916.1	2000001	3000000	0.0039486673247779	1013	4	1013	0
pop1	NW_027183927.1	1	1000000	0.0017316017316017	1155	2	1155	0
pop1	NW_027183927.1	1000001	2000000	0	273	0	273	0
pop1	NW_027183927.1	2000001	3000000	0.0020572163291546	15555	32	15555	0
pop1	NW_027183938.1	1	1000000	0.00069324090121317	2885	2	2885	0
pop1	NW_027183938.1	1000001	2000000	0	235	0	235	0
pop1	NW_027183949.1	1	1000000	0.0071402425400628	210357	1502	210357	0
pop1	NW_027183949.1	1000001	2000000	0.00079872204472843	3756	3	3756	0
pop1	NW_027183949.1	2000001	3000000	0.002929907595222	4437	13	4437	0
pop1	NW_027183960.1	1	1000000	0.001679261125105	1191	2	1191	0
pop1	NW_027183960.1	1000001	2000000	0.0030721966205837	1302	4	1302	0
pop1	NW_027183960.1	2000001	3000000	0.0041208791208791	728	3	728	0
pop1	NW_027183981.1	1	1000000	0.0016728235868126	143470	240	143470	0
pop1	NW_027183981.1	1000001	2000000	0.00085628262851145	72406	62	72406	0
pop1	NW_027183981.1	2000001	3000000	0.0016155909608194	98416	159	98416	0
pop1	NW_027183992.1	1	1000000	0.0064071382969021	263144	1686	263144	0
pop1	NW_027183992.1	1000001	2000000	0	180	0	180	0
pop1	NW_027183992.1	2000001	3000000	0	62	0	62	0
pop1	NW_027184003.1	1	1000000	0.0021119324181626	947	2	947	0
pop1	NW_027184003.1	1000001	2000000	0.0017857142857143	1680	3	1680	0
pop1	NW_027184003.1	2000001	3000000	0	63	0	63	0
pop1	NW_027184024.1	1	1000000	0.00081081081081081	3700	3	3700	0
pop1	NW_027184024.1	1000001	2000000	0	142	0	142	0
pop1	NW_027184024.1	2000001	3000000	0	241	0	241	0
pop1	NW_027184055.1	1	1000000	0.0012929919834497	11601	15	11601	0
pop1	NW_027184055.1	1000001	2000000	0.0018130800777034	23165	42	23165	0
pop1	NW_027184055.1	2000001	3000000	0.0019125029882859	4183	8	4183	0
pop1	NW_027184058.1	1	1000000	0.0041118421052632	3648	15	3648	0
pop1	NW_027184058.1	1000001	2000000	0	587	0	587	0
pop1	NW_027184058.1	2000001	3000000	0	974	0	974	0
pop1	NW_027184059.1	1	1000000	0.0028116213683224	1067	3	1067	0
pop1	NW_027184059.1	1000001	2000000	0.010230179028133	782	8	782	0
pop1	NW_027184059.1	2000001	3000000	0	74	0	74	0
pop1	NW_027184060.1	1	1000000	0.0020160755497785	37697	76	37697	0
pop1	NW_027184060.1	1000001	2000000	0.0048076923076923	208	1	208	0
pop1	NW_027184061.1	1	1000000	0.0018314569076177	122307	224	122307	0
pop1	NW_027184061.1	1000001	2000000	0.0070949993941651	222833	1581	222833	0
pop1	NW_027184062.1	1	1000000	0.00080710250201776	2478	2	2478	0
pop1	NW_027184062.1	1000001	2000000	0.006576670128072	2889	19	2889	0
pop1	NW_027184063.1	1	1000000	0.0035612592741127	124675	444	124675	0
pop1	NW_027184063.1	1000001	2000000	0.0086324965357223	248248	2143	248248	0
pop1	NW_027184064.1	1	1000000	0.00049521700746326	771379	382	771379	0
pop1	NW_027184064.1	1000001	2000000	0.00096538390232275	755140	729	755140	0
pop1	NW_027184065.1	1	1000000	0.0042918454935622	1165	5	1165	0
pop1	NW_027184065.1	1000001	2000000	0.0042918454935622	699	3	699	0
pop1	NW_027184066.1	1	1000000	0.00088261253309797	1133	1	1133	0
pop1	NW_027184066.1	1000001	2000000	0.0021193924408336	5662	12	5662	0
pop1	NW_027184067.1	1	1000000	0	102	0	102	0
pop1	NW_027184067.1	1000001	2000000	0.002002002002002	999	2	999	0
pop1	NW_027184068.1	1	1000000	0	1100	0	1100	0
pop1	NW_027184068.1	1000001	2000000	0.0014044943820225	712	1	712	0
pop1	NW_027184069.1	1	1000000	0.0058055152394775	3445	20	3445	0
pop1	NW_027184069.1	1000001	2000000	0.0037735849056604	265	1	265	0
pop1	NW_027184070.1	1	1000000	0	395	0	395	0
pop1	NW_027184070.1	1000001	2000000	0	259	0	259	0
pop1	NW_027184071.1	1	1000000	0.0021697131817506	67290	146	67290	0
pop1	NW_027184071.1	1000001	2000000	0.0025620811982657	5074	13	5074	0
pop1	NW_027184072.1	1	1000000	0.0011956954962136	2509	3	2509	0
pop1	NW_027184072.1	1000001	2000000	0.0011954572624029	1673	2	1673	0
pop1	NW_027184073.1	1	1000000	0.016949152542373	59	1	59	0
pop1	NW_027184073.1	1000001	2000000	0	51	0	51	0
pop1	NW_027184074.1	1	1000000	0.0014216424151196	11958	17	11958	0
pop1	NW_027184074.1	1000001	2000000	0	296	0	296	0
pop1	NW_027184075.1	1	1000000	0.0048057669203044	2497	12	2497	0
pop1	NW_027184075.1	1000001	2000000	0.0031948881789137	313	1	313	0
pop1	NW_027184076.1	1	1000000	0.0013843072573044	33952	47	33952	0
pop1	NW_027184076.1	1000001	2000000	0.0024843338648077	26969	67	26969	0
pop1	NW_027184077.1	1	1000000	0.0037406483790524	2406	9	2406	0
pop1	NW_027184077.1	1000001	2000000	0.0019442644199611	1543	3	1543	0
pop1	NW_027184078.1	1	1000000	0.0090337347410096	484960	4381	484960	0
pop1	NW_027184078.1	1000001	2000000	0.01154937357202	39829	460	39829	0
pop1	NW_027184079.1	1	1000000	0.0095302927161334	1469	14	1469	0
pop1	NW_027184079.1	1000001	2000000	0	67	0	67	0
pop1	NW_027183463.1	1	1000000	0.0014449854153524	185469	268	185469	0
pop1	NW_027183463.1	1000001	2000000	0	235	0	235	0
pop1	NW_027183464.1	1	1000000	0	474	0	474	0
pop1	NW_027183465.1	1	1000000	0.0025161754133717	2782	7	2782	0
pop1	NW_027183465.1	1000001	2000000	0.0060240963855422	166	1	166	0
pop1	NW_027183466.1	1	1000000	0.0012501202038658	10399	13	10399	0
pop1	NW_027183467.1	1	1000000	0.00028943733681658	666811	193	666811	0
pop1	NW_027183468.1	1	1000000	0.0015392508978964	3898	6	3898	0
pop1	NW_027183469.1	1	1000000	0	804	0	804	0
pop1	NW_027183470.1	1	1000000	0.00083612040133779	2392	2	2392	0
pop1	NW_027183471.1	1	1000000	0.0012626262626263	792	1	792	0
pop1	NW_027183472.1	1	1000000	0.0021890547263682	5025	11	5025	0
pop1	NW_027183473.1	1	1000000	0.0015582391897156	2567	4	2567	0
pop1	NW_027183474.1	1	1000000	0.01329925694543	84516	1124	84516	0
pop1	NW_027183475.1	1	1000000	0.000659195781147	1517	1	1517	0
pop1	NW_027183476.1	1	1000000	0.012422244847908	269114	3343	269114	0
pop1	NW_027183477.1	1	1000000	0.00079051383399209	1265	1	1265	0
pop1	NW_027183478.1	1	1000000	0	1408	0	1408	0
pop1	NW_027183479.1	1	1000000	0.0013126804935679	7618	10	7618	0
pop1	NW_027183480.1	1	1000000	0.00073909830007391	4059	3	4059	0
pop1	NW_027183481.1	1	1000000	0.001527602191319	18984	29	18984	0
pop1	NW_027183482.1	1	1000000	0.0011961722488038	836	1	836	0
pop1	NW_027183483.1	1	1000000	0.00027352297592998	3656	1	3656	0
pop1	NW_027183484.1	1	1000000	0	1042	0	1042	0
pop1	NW_027183485.1	1	1000000	0.013513513513514	148	2	148	0
pop1	NW_027183486.1	1	1000000	0	1206	0	1206	0
pop1	NW_027183487.1	1	1000000	0	654	0	654	0
pop1	NW_027183488.1	1	1000000	0	157	0	157	0
pop1	NW_027183489.1	1	1000000	0	718	0	718	0
pop1	NW_027183490.1	1	1000000	0	604	0	604	0
pop1	NW_027183491.1	1	1000000	0.011867684983138	201640	2393	201640	0
pop1	NW_027183492.1	1	1000000	0.0063010167549764	265354	1672	265354	0
pop1	NW_027183493.1	1	1000000	0.003384912959381	2068	7	2068	0
pop1	NW_027183494.1	1	1000000	0.01228348959161	251720	3092	251720	0
pop1	NW_027183495.1	1	1000000	0	144	0	144	0
pop1	NW_027183496.1	1	1000000	0.011013460896651	89890	990	89890	0
pop1	NW_027183497.1	1	1000000	0	286	0	286	0
pop1	NW_027183498.1	1	1000000	0	211	0	211	0
pop1	NW_027183499.1	1	1000000	0.0060857538035961	3615	22	3615	0
pop1	NW_027183500.1	1	1000000	0.013076163301141	182240	2383	182240	0
pop1	NW_027183501.1	1	1000000	0.001352493660186	5915	8	5915	0
pop1	NW_027183502.1	1	1000000	0	693	0	693	0
pop1	NW_027183503.1	1	1000000	0	867	0	867	0
pop1	NW_027183504.1	1	1000000	0	992	0	992	0
pop1	NW_027183505.1	1	1000000	0	54	0	54	0
pop1	NW_027183506.1	1	1000000	0	941	0	941	0
pop1	NW_027183507.1	1	1000000	0	752	0	752	0
pop1	NW_027183508.1	1	1000000	0.0031007751937984	645	2	645	0
pop1	NW_027183509.1	1	1000000	0	313	0	313	0
pop1	NW_027183511.1	1	1000000	0	905	0	905	0
pop1	NW_027183512.1	1	1000000	0.0006809669731018	2937	2	2937	0
pop1	NW_027183513.1	1	1000000	0	424	0	424	0
pop1	NW_027183514.1	1	1000000	0	505	0	505	0
pop1	NW_027183515.1	1	1000000	0.0026525198938992	377	1	377	0
pop1	NW_027183516.1	1	1000000	0.0074680750108308	48473	362	48473	0
pop1	NW_027183518.1	1	1000000	0.0014749262536873	678	1	678	0
pop1	NW_027183519.1	1	1000000	0	484	0	484	0
pop1	NW_027183520.1	1	1000000	0.0030191600541901	25835	78	25835	0
pop1	NW_027183521.1	1	1000000	0	477	0	477	0
pop1	NW_027183522.1	1	1000000	0	104	0	104	0
pop1	NW_027183523.1	1	1000000	0.010712520436485	105204	1127	105204	0
pop1	NW_027183524.1	1	1000000	0	369	0	369	0
pop1	NW_027183525.1	1	1000000	0	216	0	216	0
pop1	NW_027183526.1	1	1000000	0	861	0	861	0
pop1	NW_027183527.1	1	1000000	0	72	0	72	0
pop1	NW_027183528.1	1	1000000	0.011923671331673	93176	1111	93176	0
pop1	NW_027183529.1	1	1000000	0.015869957193784	145306	2306	145306	0
pop1	NW_027183530.1	1	1000000	0.012618372350142	83212	1050	83212	0
pop1	NW_027183531.1	1	1000000	0.0014054813773717	2846	4	2846	0
pop1	NW_027183532.1	1	1000000	0.0056980056980057	351	2	351	0
pop1	NW_027183533.1	1	1000000	0	661	0	661	0
pop1	NW_027183534.1	1	1000000	0.010804392994954	117915	1274	117915	0
pop1	NW_027183535.1	1	1000000	0.011614392216116	120454	1399	120454	0
pop1	NW_027183536.1	1	1000000	0.012079948682447	157451	1902	157451	0
pop1	NW_027183537.1	1	1000000	0	374	0	374	0
pop1	NW_027183538.1	1	1000000	0	517	0	517	0
pop1	NW_027183539.1	1	1000000	0.0021857923497268	915	2	915	0
pop1	NW_027183540.1	1	1000000	0	245	0	245	0
pop1	NW_027183541.1	1	1000000	0.0049773239396446	140236	698	140236	0
pop1	NW_027183543.1	1	1000000	0	1250	0	1250	0
pop1	NW_027183544.1	1	1000000	0	368	0	368	0
pop1	NW_027183545.1	1	1000000	0	44	0	44	0
pop1	NW_027183546.1	1	1000000	0	298	0	298	0
pop1	NW_027183547.1	1	1000000	0	42	0	42	0
pop1	NW_027183548.1	1	1000000	0	177	0	177	0
pop1	NW_027183549.1	1	1000000	0	897	0	897	0
pop1	NW_027183550.1	1	1000000	0.012594593435805	93294	1175	93294	0
pop1	NW_027183551.1	1	1000000	0.013115568968578	140825	1847	140825	0
pop1	NW_027183552.1	1	1000000	0.0013774104683196	726	1	726	0
pop1	NW_027183553.1	1	1000000	0.0087821063133715	86198	757	86198	0
pop1	NW_027183554.1	1	1000000	0	213	0	213	0
pop1	NW_027183555.1	1	1000000	0	421	0	421	0
pop1	NW_027183556.1	1	1000000	0	478	0	478	0
pop1	NW_027183557.1	1	1000000	0.0097349048634297	99436	968	99436	0
pop1	NW_027183558.1	1	1000000	0	308	0	308	0
pop1	NW_027183559.1	1	1000000	0	1212	0	1212	0
pop1	NW_027183560.1	1	1000000	0	300	0	300	0
pop1	NW_027183561.1	1	1000000	0	157	0	157	0
pop1	NW_027183562.1	1	1000000	0	1271	0	1271	0
pop1	NW_027183563.1	1	1000000	0.0085803432137285	29486	253	29486	0
pop1	NW_027183565.1	1	1000000	0	97	0	97	0
pop1	NW_027183566.1	1	1000000	0	201	0	201	0
pop1	NW_027183567.1	1	1000000	0.012491765063599	39466	493	39466	0
pop1	NW_027183568.1	1	1000000	0	259	0	259	0
pop1	NW_027183569.1	1	1000000	0.00028667549177494	118601	34	118601	0
pop1	NW_027183570.1	1	1000000	0	209	0	209	0
pop1	NW_027183571.1	1	1000000	0	600	0	600	0
pop1	NW_027183572.1	1	1000000	0.0021536252692032	1393	3	1393	0
pop1	NW_027183573.1	1	1000000	0.003030303030303	330	1	330	0
pop1	NW_027183574.1	1	1000000	0	817	0	817	0
pop1	NW_027183576.1	1	1000000	0	353	0	353	0
pop1	NW_027183577.1	1	1000000	0.0089394400486914	26288	235	26288	0
pop1	NW_027183578.1	1	1000000	0	313	0	313	0
pop1	NW_027183579.1	1	1000000	0.012633636050121	86990	1099	86990	0
pop1	NW_027183580.1	1	1000000	0	222	0	222	0
pop1	NW_027183581.1	1	1000000	0	68	0	68	0
pop1	NW_027183583.1	1	1000000	0.01200599030383	39397	473	39397	0
pop1	NW_027183584.1	1	1000000	0	100	0	100	0
pop1	NW_027183585.1	1	1000000	0	222	0	222	0
pop1	NW_027183586.1	1	1000000	0	185	0	185	0
pop1	NW_027183587.1	1	1000000	0	479	0	479	0
pop1	NW_027183588.1	1	1000000	0	155	0	155	0
pop1	NW_027183589.1	1	1000000	0.012958836060907	101861	1320	101861	0
pop1	NW_027183590.1	1	1000000	0	809	0	809	0
pop1	NW_027183591.1	1	1000000	0.0033444816053512	299	1	299	0
pop1	NW_027183592.1	1	1000000	0	156	0	156	0
pop1	NW_027183593.1	1	1000000	0	345	0	345	0
pop1	NW_027183595.1	1	1000000	0.015450082743467	71909	1111	71909	0
pop1	NW_027183596.1	1	1000000	0	624	0	624	0
pop1	NW_027183597.1	1	1000000	0	189	0	189	0
pop1	NW_027183599.1	1	1000000	0	658	0	658	0
pop1	NW_027183600.1	1	1000000	0	72	0	72	0
pop1	NW_027183601.1	1	1000000	0.00080450522928399	1243	1	1243	0
pop1	NW_027183602.1	1	1000000	0	156	0	156	0
pop1	NW_027183603.1	1	1000000	0.0023474178403756	426	1	426	0
pop1	NW_027183604.1	1	1000000	0	122	0	122	0
pop1	NW_027183608.1	1	1000000	0	420	0	420	0
pop1	NW_027183609.1	1	1000000	0	1753	0	1753	0
pop1	NW_027183610.1	1	1000000	0	244	0	244	0
pop1	NW_027183613.1	1	1000000	0.00077489345215033	5162	4	5162	0
pop1	NW_027183614.1	1	1000000	0	158	0	158	0
pop1	NW_027183615.1	1	1000000	0.014878111248225	85898	1278	85898	0
pop1	NW_027183616.1	1	1000000	0	73	0	73	0
pop1	NW_027183617.1	1	1000000	0	476	0	476	0
pop1	NW_027183618.1	1	1000000	0.0092134154217075	23227	214	23227	0
pop1	NW_027183619.1	1	1000000	0	284	0	284	0
pop1	NW_027183620.1	1	1000000	0	99	0	99	0
pop1	NW_027183622.1	1	1000000	0	125	0	125	0
pop1	NW_027183623.1	1	1000000	0	486	0	486	0
pop1	NW_027183624.1	1	1000000	0.01161250891311	19634	228	19634	0
pop1	NW_027183626.1	1	1000000	0	184	0	184	0
pop1	NW_027183627.1	1	1000000	0	1383	0	1383	0
pop1	NW_027183628.1	1	1000000	0.010280317972626	16731	172	16731	0
pop1	NW_027183631.1	1	1000000	0	321	0	321	0
pop1	NW_027183632.1	1	1000000	0	32	0	32	0
pop1	NW_027183633.1	1	1000000	0.012371710192054	39364	487	39364	0
pop1	NW_027183634.1	1	1000000	0	135	0	135	0
pop1	NW_027183635.1	1	1000000	0.0010357327809425	1931	2	1931	0
pop1	NW_027183636.1	1	1000000	0	253	0	253	0
pop1	NW_027183637.1	1	1000000	0	520	0	520	0
pop1	NW_027183638.1	1	1000000	0	34	0	34	0
pop1	NW_027183641.1	1	1000000	0	31	0	31	0
pop1	NW_027183642.1	1	1000000	0.0091781146376125	16888	155	16888	0
pop1	NW_027183644.1	1	1000000	0	355	0	355	0
pop1	NW_027183645.1	1	1000000	0	708	0	708	0
pop1	NW_027183646.1	1	1000000	0	315	0	315	0
pop1	NW_027183648.1	1	1000000	0	187	0	187	0
pop1	NW_027183649.1	1	1000000	0	733	0	733	0
pop1	NW_027183650.1	1	1000000	0.010609893198426	14232	151	14232	0
pop1	NW_027183651.1	1	1000000	0.0031412103746398	69400	218	69400	0
pop1	NW_027183653.1	1	1000000	0	45	0	45	0
pop1	NW_027183654.1	1	1000000	0	515	0	515	0
pop1	NW_027183655.1	1	1000000	0	252	0	252	0
pop1	NW_027183656.1	1	1000000	0	202	0	202	0
pop1	NW_027183657.1	1	1000000	0	95	0	95	0
pop1	NW_027183658.1	1	1000000	0.0089291279685844	64172	573	64172	0
pop1	NW_027183660.1	1	1000000	0	139	0	139	0
pop1	NW_027183661.1	1	1000000	0	196	0	196	0
pop1	NW_027183662.1	1	1000000	0	85	0	85	0
pop1	NW_027183664.1	1	1000000	0.011740331491713	15928	187	15928	0
pop1	NW_027183666.1	1	1000000	0	469	0	469	0
pop1	NW_027183667.1	1	1000000	0	305	0	305	0
pop1	NW_027183668.1	1	1000000	0	100	0	100	0
pop1	NW_027183669.1	1	1000000	0.011428291151658	20388	233	20388	0
pop1	NW_027183670.1	1	1000000	0	115	0	115	0
pop1	NW_027183671.1	1	1000000	0	136	0	136	0
pop1	NW_027183672.1	1	1000000	0.007818052594172	7035	55	7035	0
pop1	NW_027183675.1	1	1000000	0	354	0	354	0
pop1	NW_027183676.1	1	1000000	0.011556833941137	19469	225	19469	0
pop1	NW_027183677.1	1	1000000	0	120	0	120	0
pop1	NW_027183678.1	1	1000000	0	327	0	327	0
pop1	NW_027183679.1	1	1000000	0.01345397324941	38130	513	38130	0
pop1	NW_027183681.1	1	1000000	0	52	0	52	0
pop1	NW_027183682.1	1	1000000	0.0095041118826021	20307	193	20307	0
pop1	NW_027183683.1	1	1000000	0.011465358675659	16310	187	16310	0
pop1	NW_027183684.1	1	1000000	0	543	0	543	0
pop1	NW_027183685.1	1	1000000	0	125	0	125	0
pop1	NW_027183686.1	1	1000000	0	339	0	339	0
pop1	NW_027183687.1	1	1000000	0	104	0	104	0
pop1	NW_027183688.1	1	1000000	0.017258426966292	33375	576	33375	0
pop1	NW_027183689.1	1	1000000	0	53	0	53	0
pop1	NW_027183690.1	1	1000000	0.014582811325482	19955	291	19955	0
pop1	NW_027183691.1	1	1000000	0.002353312801074	63315	149	63315	0
pop1	NW_027183692.1	1	1000000	0	634	0	634	0
pop1	NW_027183694.1	1	1000000	0.0070175438596491	285	2	285	0
pop1	NW_027183695.1	1	1000000	0.013582235699169	31659	430	31659	0
pop1	NW_027183699.1	1	1000000	0.015873015873016	126	2	126	0
pop1	NW_027183700.1	1	1000000	0	212	0	212	0
pop1	NW_027183702.1	1	1000000	0	348	0	348	0
pop1	NW_027183703.1	1	1000000	0	128	0	128	0
pop1	NW_027183704.1	1	1000000	0.0040322580645161	248	1	248	0
pop1	NW_027183706.1	1	1000000	0.012150768722103	24196	294	24196	0
pop1	NW_027183707.1	1	1000000	0	170	0	170	0
pop1	NW_027183708.1	1	1000000	0.0005	2000	1	2000	0
pop1	NW_027183709.1	1	1000000	0	89	0	89	0
pop1	NW_027183710.1	1	1000000	0	472	0	472	0
pop1	NW_027183712.1	1	1000000	0	285	0	285	0
pop1	NW_027183713.1	1	1000000	0.0014005602240896	714	1	714	0
pop1	NW_027183714.1	1	1000000	0	217	0	217	0
pop1	NW_027183715.1	1	1000000	0	258	0	258	0
pop1	NW_027183716.1	1	1000000	0	162	0	162	0
pop1	NW_027183717.1	1	1000000	0.0022495043464999	26228	59	26228	0
pop1	NW_027183718.1	1	1000000	0.010870878125377	16558	180	16558	0
pop1	NW_027183719.1	1	1000000	0	484	0	484	0
pop1	NW_027183720.1	1	1000000	0.011420151040707	10858	124	10858	0
pop1	NW_027183721.1	1	1000000	0	140	0	140	0
pop1	NW_027183722.1	1	1000000	0.010326844632623	19367	200	19367	0
pop1	NW_027183723.1	1	1000000	0	68	0	68	0
pop1	NW_027183724.1	1	1000000	0	55	0	55	0
pop1	NW_027183725.1	1	1000000	0	172	0	172	0
pop1	NW_027183727.1	1	1000000	0.014959364115388	22394	335	22394	0
pop1	NW_027183728.1	1	1000000	0.013590989784931	34361	467	34361	0
pop1	NW_027183729.1	1	1000000	0.010923987255348	13182	144	13182	0
pop1	NW_027183730.1	1	1000000	0	313	0	313	0
pop1	NW_027183731.1	1	1000000	0.011904761904762	84	1	84	0
pop1	NW_027183732.1	1	1000000	0	187	0	187	0
pop1	NW_027183734.1	1	1000000	0.01317061938752	43430	572	43430	0
pop1	NW_027183735.1	1	1000000	0	202	0	202	0
pop1	NW_027183736.1	1	1000000	0.017403241519795	45164	786	45164	0
pop1	NW_027183738.1	1	1000000	0	186	0	186	0
pop1	NW_027183739.1	1	1000000	0	12	0	12	0
pop1	NW_027183740.1	1	1000000	0	247	0	247	0
pop1	NW_027183743.1	1	1000000	0	206	0	206	0
pop1	NW_027183744.1	1	1000000	0.012606080580044	12137	153	12137	0
pop1	NW_027183745.1	1	1000000	0	135	0	135	0
pop1	NW_027183746.1	1	1000000	0	248	0	248	0
pop1	NW_027183747.1	1	1000000	0	476	0	476	0
pop1	NW_027183748.1	1	1000000	0	36	0	36	0
pop1	NW_027183751.1	1	1000000	0	59	0	59	0
pop1	NW_027183752.1	1	1000000	0	340	0	340	0
pop1	NW_027183753.1	1	1000000	0	113	0	113	0
pop1	NW_027183754.1	1	1000000	0	242	0	242	0
pop1	NW_027183756.1	1	1000000	0.010175527855508	27517	280	27517	0
pop1	NW_027183757.1	1	1000000	0	41	0	41	0
pop1	NW_027183758.1	1	1000000	0	8	0	8	0
pop1	NW_027183759.1	1	1000000	0.01303178072978	11894	155	11894	0
pop1	NW_027183761.1	1	1000000	0.0078862314156432	15470	122	15470	0
pop1	NW_027183764.1	1	1000000	0	27	0	27	0
pop1	NW_027183765.1	1	1000000	0	333	0	333	0
pop1	NW_027183767.1	1	1000000	0	275	0	275	0
pop1	NW_027183771.1	1	1000000	0	404	0	404	0
pop1	NW_027183773.1	1	1000000	0	64	0	64	0
pop1	NW_027183775.1	1	1000000	0.010718304020844	16887	181	16887	0
pop1	NW_027183776.1	1	1000000	0	148	0	148	0
pop1	NW_027183777.1	1	1000000	0.013813517513567	8108	112	8108	0
pop1	NW_027183779.1	1	1000000	0	7	0	7	0
pop1	NW_027183781.1	1	1000000	0.010002308224975	12997	130	12997	0
pop1	NW_027183782.1	1	1000000	0	565	0	565	0
pop1	NW_027183785.1	1	1000000	0.010910058541778	11274	123	11274	0
pop1	NW_027183786.1	1	1000000	0.014219171365531	16316	232	16316	0
pop1	NW_027183787.1	1	1000000	0	43	0	43	0
pop1	NW_027183788.1	1	1000000	0	75	0	75	0
pop1	NW_027183789.1	1	1000000	0	72	0	72	0
pop1	NW_027183790.1	1	1000000	0	185	0	185	0
pop1	NW_027183791.1	1	1000000	0	4	0	4	0
pop1	NW_027183792.1	1	1000000	0	554	0	554	0
pop1	NW_027183794.1	1	1000000	0	54	0	54	0
pop1	NW_027183795.1	1	1000000	0	144	0	144	0
pop1	NW_027183796.1	1	1000000	0.0077265973254086	6730	52	6730	0
pop1	NW_027183797.1	1	1000000	0.015756768752774	9012	142	9012	0
pop1	NW_027183800.1	1	1000000	0	97	0	97	0
pop1	NW_027183803.1	1	1000000	0.014224105318907	26434	376	26434	0
pop1	NW_027183805.1	1	1000000	0	92	0	92	0
pop1	NW_027183807.1	1	1000000	0	281	0	281	0
pop1	NW_027183810.1	1	1000000	0	68	0	68	0
pop1	NW_027183811.1	1	1000000	0	330	0	330	0
pop1	NW_027183813.1	1	1000000	0.010521429676621	6463	68	6463	0
pop1	NW_027183815.1	1	1000000	0.0081767571329158	5748	47	5748	0
pop1	NW_027183816.1	1	1000000	0.01163815905484	11342	132	11342	0
pop1	NW_027183818.1	1	1000000	0	44	0	44	0
pop1	NW_027183819.1	1	1000000	0	40	0	40	0
pop1	NW_027183821.1	1	1000000	0.011389084394395	15629	178	15629	0
pop1	NW_027183822.1	1	1000000	0	283	0	283	0
pop1	NW_027183823.1	1	1000000	0.0077519379844961	129	1	129	0
pop1	NW_027183825.1	1	1000000	0.0090634441087613	331	3	331	0
pop1	NW_027183826.1	1	1000000	0.0068027210884354	147	1	147	0
pop1	NW_027183830.1	1	1000000	0.012906744228322	5501	71	5501	0
pop1	NW_027183831.1	1	1000000	0.013025948516489	19346	252	19346	0
pop1	NW_027183832.1	1	1000000	0	136	0	136	0
pop1	NW_027183833.1	1	1000000	0	62	0	62	0
pop1	NW_027183834.1	1	1000000	0	147	0	147	0
pop1	NW_027183835.1	1	1000000	0	79	0	79	0
pop1	NW_027183836.1	1	1000000	0.01039550722906	8369	87	8369	0
pop1	NW_027183838.1	1	1000000	0	198	0	198	0
pop1	NW_027183841.1	1	1000000	0	62	0	62	0
pop1	NW_027183845.1	1	1000000	0.0060350030175015	1657	10	1657	0
pop1	NW_027183846.1	1	1000000	0	286	0	286	0
pop1	NW_027183847.1	1	1000000	0	82	0	82	0
pop1	NW_027183849.1	1	1000000	0	123	0	123	0
pop1	NW_027183852.1	1	1000000	0.0012106537530266	3304	4	3304	0
pop1	NW_027183853.1	1	1000000	0	170	0	170	0
pop1	NW_027183858.1	1	1000000	0	66	0	66	0
pop1	NW_027183860.1	1	1000000	0	37	0	37	0
pop1	NW_027183862.1	1	1000000	0	206	0	206	0
pop1	NW_027183865.1	1	1000000	0	54	0	54	0
pop1	NW_027183869.1	1	1000000	0	33	0	33	0
pop1	NW_027183870.1	1	1000000	0	157	0	157	0
pop1	NW_027183871.1	1	1000000	0	60	0	60	0
pop1	NW_027183872.1	1	1000000	0.017674049736589	17653	312	17653	0
pop1	NW_027183873.1	1	1000000	0.0061715258565652	4699	29	4699	0
pop1	NW_027183874.1	1	1000000	0	130	0	130	0
pop1	NW_027183875.1	1	1000000	0.011758941695247	4082	48	4082	0
pop1	NW_027183880.1	1	1000000	0.012899971173249	13876	179	13876	0
pop1	NW_027183882.1	1	1000000	0	67	0	67	0
pop1	NW_027183883.1	1	1000000	0	83	0	83	0
pop1	NW_027183886.1	1	1000000	0	80	0	80	0
pop1	NW_027183892.1	1	1000000	0.00899415380003	6671	60	6671	0
pop1	NW_027183893.1	1	1000000	0.011333333333333	6000	68	6000	0
pop1	NW_027183895.1	1	1000000	0	63	0	63	0
pop1	NW_027183896.1	1	1000000	0.013979618500131	15308	214	15308	0
pop1	NW_027183897.1	1	1000000	0.011979463776383	12271	147	12271	0
pop1	NW_027183899.1	1	1000000	0	195	0	195	0
pop1	NW_027183907.1	1	1000000	0	59	0	59	0
pop1	NW_027183908.1	1	1000000	0.015512820512821	7800	121	7800	0
pop1	NW_027183910.1	1	1000000	0	106	0	106	0
pop1	NW_027183912.1	1	1000000	0.0100496428139	8259	83	8259	0
pop1	NW_027183918.1	1	1000000	0	72	0	72	0
pop1	NW_027183921.1	1	1000000	0	148	0	148	0
pop1	NW_027183922.1	1	1000000	0	45	0	45	0
pop1	NW_027183924.1	1	1000000	0.013170109074031	17236	227	17236	0
pop1	NW_027183928.1	1	1000000	0	55	0	55	0
pop1	NW_027183929.1	1	1000000	0.012027904738994	12471	150	12471	0
pop1	NW_027183930.1	1	1000000	0	15	0	15	0
pop1	NW_027183932.1	1	1000000	0.0082774049217002	4470	37	4470	0
pop1	NW_027183933.1	1	1000000	0	44	0	44	0
pop1	NW_027183936.1	1	1000000	0	73	0	73	0
pop1	NW_027183942.1	1	1000000	0	81	0	81	0
pop1	NW_027183943.1	1	1000000	0.0065573770491803	305	2	305	0
pop1	NW_027183946.1	1	1000000	0.0076693307499798	24774	190	24774	0
pop1	NW_027183950.1	1	1000000	0	232	0	232	0
pop1	NW_027183951.1	1	1000000	0	81	0	81	0
pop1	NW_027183953.1	1	1000000	0	12	0	12	0
pop1	NW_027183955.1	1	1000000	0.013624199172816	12331	168	12331	0
pop1	NW_027183956.1	1	1000000	0.010605637733743	3583	38	3583	0
pop1	NW_027183957.1	1	1000000	0	77	0	77	0
pop1	NW_027183958.1	1	1000000	0.0059189109203906	3379	20	3379	0
pop1	NW_027183963.1	1	1000000	0.017349726775956	7320	127	7320	0
pop1	NW_027183967.1	1	1000000	0.012202250474938	13686	167	13686	0
pop1	NW_027183969.1	1	1000000	0.005524861878453	181	1	181	0
pop1	NW_027183971.1	1	1000000	0.0063220528077352	2689	17	2689	0
pop1	NW_027183974.1	1	1000000	0	46	0	46	0
pop1	NW_027183975.1	1	1000000	0.0032065964269354	2183	7	2183	0
pop1	NW_027183977.1	1	1000000	0.012859051436206	5988	77	5988	0
pop1	NW_027183979.1	1	1000000	0	14	0	14	0
pop1	NW_027183980.1	1	1000000	0.0079893475366178	3755	30	3755	0
pop1	NW_027183983.1	1	1000000	0.017940437746681	8361	150	8361	0
pop1	NW_027183985.1	1	1000000	0	166	0	166	0
pop1	NW_027183987.1	1	1000000	0.008984725965858	3339	30	3339	0
pop1	NW_027183991.1	1	1000000	0.010963377653371	4287	47	4287	0
pop1	NW_027183995.1	1	1000000	0.018937530742745	12198	231	12198	0
pop1	NW_027183999.1	1	1000000	0.0084051724137931	4640	39	4640	0
pop1	NW_027184007.1	1	1000000	0.0028278543655002	5658	16	5658	0
pop1	NW_027184010.1	1	1000000	0.015067178502879	10420	157	10420	0
pop1	NW_027184011.1	1	1000000	0	743	0	743	0
pop1	NW_027184012.1	1	1000000	0.0074696545284781	2142	16	2142	0
pop1	NW_027184014.1	1	1000000	0.014263485477178	3856	55	3856	0
pop1	NW_027184016.1	1	1000000	0.016308671439936	2514	41	2514	0
pop1	NW_027184019.1	1	1000000	0.0077128448531593	3371	26	3371	0
pop1	NW_027184020.1	1	1000000	0.0086887835703002	2532	22	2532	0
pop1	NW_027184021.1	1	1000000	0.017481743748617	4519	79	4519	0
pop1	NW_027184022.1	1	1000000	0.01295914864401	11652	151	11652	0
pop1	NW_027184025.1	1	1000000	0.013310538527293	8189	109	8189	0
pop1	NW_027184026.1	1	1000000	0.0096137038979199	5721	55	5721	0
pop1	NW_027184027.1	1	1000000	0	46	0	46	0
pop1	NW_027184028.1	1	1000000	0.012645560407569	10992	139	10992	0
pop1	NW_027184029.1	1	1000000	0	81	0	81	0
pop1	NW_027184030.1	1	1000000	0.016509433962264	3816	63	3816	0
pop1	NW_027184033.1	1	1000000	0.015005691814136	9663	145	9663	0
pop1	NW_027184036.1	1	1000000	0.0093142548596112	14816	138	14816	0
pop1	NW_027184040.1	1	1000000	0.018292682926829	164	3	164	0
pop1	NW_027184042.1	1	1000000	0.0071556350626118	2795	20	2795	0
pop1	NW_027184043.1	1	1000000	0.012190749372535	8367	102	8367	0
pop1	NW_027184044.1	1	1000000	0.0053022269353128	2829	15	2829	0
pop1	NW_027184047.1	1	1000000	0	75	0	75	0
pop1	NW_027184048.1	1	1000000	0.0020618556701031	1455	3	1455	0
pop1	NW_027184049.1	1	1000000	0	146	0	146	0
pop1	NW_027184050.1	1	1000000	0.0069396252602359	1441	10	1441	0
pop1	NW_027184051.1	1	1000000	0	105	0	105	0
pop1	NW_027184054.1	1	1000000	0	184	0	184	0
pop1	NW_027184057.1	1	1000000	0	14	0	14	0
pop1	NC_051467.1	1	1000000	0	241	0	241	0
