pop	chromosome	window_pos_1	window_pos_2	avg_pi	no_sites	count_diffs	count_comparisons	count_missing
pop1	NC_091013.1	1	1000000	0.0032429271536153	673774	2185	673774	0
pop1	NC_091013.1	1000001	2000000	0.0043772515026955	787252	3446	787252	0
pop1	NC_091013.1	2000001	3000000	0.0043451594793597	924477	4017	924477	0
pop1	NC_091013.1	3000001	4000000	0.0039900404806962	930567	3713	930567	0
pop1	NC_091013.1	4000001	5000000	0.0042218840378111	963314	4067	963314	0
pop1	NC_091013.1	5000001	6000000	0.0039892873090416	983133	3922	983133	0
pop1	NC_091013.1	6000001	7000000	0.003874003194695	975993	3781	975993	0
pop1	NC_091013.1	7000001	8000000	0.0034246994838963	979648	3355	979648	0
pop1	NC_091013.1	8000001	9000000	0.003725632868727	971647	3620	971647	0
pop1	NC_091013.1	9000001	10000000	0.0039128061711947	976537	3821	976537	0
pop1	NC_091013.1	10000001	11000000	0.0037750673680721	977466	3690	977466	0
pop1	NC_091013.1	11000001	12000000	0.0035271815695699	965360	3405	965360	0
pop1	NC_091013.1	12000001	13000000	0.0040223801285609	953167	3834	953167	0
pop1	NC_091013.1	13000001	14000000	0.0031226726410068	981531	3065	981531	0
pop1	NC_091013.1	14000001	15000000	0.0032538770850744	977603	3181	977603	0
pop1	NC_091013.1	15000001	16000000	0.0033840672588446	984614	3332	984614	0
pop1	NC_091013.1	16000001	17000000	0.0031702349365028	973114	3085	973114	0
pop1	NC_091013.1	17000001	18000000	0.0034824814007383	960522	3345	960522	0
pop1	NC_091013.1	18000001	19000000	0.0033595158649562	965020	3242	965020	0
pop1	NC_091013.1	19000001	20000000	0.0034158577683266	981891	3354	981891	0
pop1	NC_091013.1	20000001	21000000	0.0029923894589739	972467	2910	972467	0
pop1	NC_091013.1	21000001	22000000	0.0033538221002774	978585	3282	978585	0
pop1	NC_091013.1	22000001	23000000	0.0028555771475395	968981	2767	968981	0
pop1	NC_091013.1	23000001	24000000	0.0037079062730582	967662	3588	967662	0
pop1	NC_091013.1	24000001	25000000	0.0028660206876814	978360	2804	978360	0
pop1	NC_091013.1	25000001	26000000	0.0026428312056043	980388	2591	980388	0
pop1	NC_091013.1	26000001	27000000	0.0032531469312187	967371	3147	967371	0
pop1	NC_091013.1	27000001	28000000	0.0024161738740794	973026	2351	973026	0
pop1	NC_091013.1	28000001	29000000	0.0027094867345233	962913	2609	962913	0
pop1	NC_091013.1	29000001	30000000	0.0019555372581309	981316	1919	981316	0
pop1	NC_091013.1	30000001	31000000	0.0025565230473348	983758	2515	983758	0
pop1	NC_091013.1	31000001	32000000	0.0018843107422205	970116	1828	970116	0
pop1	NC_091013.1	32000001	33000000	0.0023327588605737	984671	2297	984671	0
pop1	NC_091013.1	33000001	34000000	0.0030144656828307	959374	2892	959374	0
pop1	NC_091013.1	34000001	35000000	0.0021400466937807	981287	2100	981287	0
pop1	NC_091013.1	35000001	36000000	0.0032937732537014	976995	3218	976995	0
pop1	NC_091013.1	36000001	37000000	0.002941506222417	981130	2886	981130	0
pop1	NC_091013.1	37000001	38000000	0.0029655177389911	970151	2877	970151	0
pop1	NC_091013.1	38000001	39000000	0.0030624275968593	971125	2974	971125	0
pop1	NC_091013.1	39000001	40000000	0.0027939552497244	978899	2735	978899	0
pop1	NC_091013.1	40000001	41000000	0.0028425778939516	983966	2797	983966	0
pop1	NC_091013.1	41000001	42000000	0.0031106671830728	981140	3052	981140	0
pop1	NC_091013.1	42000001	43000000	0.0032051447157353	970627	3111	970627	0
pop1	NC_091013.1	43000001	44000000	0.0030842577073207	977869	3016	977869	0
pop1	NC_091013.1	44000001	45000000	0.003440014488629	966275	3324	966275	0
pop1	NC_091013.1	45000001	46000000	0.004624058893819	957384	4427	957384	0
pop1	NC_091013.1	46000001	47000000	0.0041467622428593	953515	3954	953515	0
pop1	NC_091013.1	47000001	48000000	0.004091970118957	962617	3939	962617	0
pop1	NC_091013.1	48000001	49000000	0.0028878150647343	973054	2810	973054	0
pop1	NC_091013.1	49000001	50000000	0.0029691862133744	958175	2845	958175	0
pop1	NC_091013.1	50000001	51000000	0.0033016115665743	978613	3231	978613	0
pop1	NC_091013.1	51000001	52000000	0.0031624515927895	981517	3104	981517	0
pop1	NC_091013.1	52000001	53000000	0.0024700283149587	979341	2419	979341	0
pop1	NC_091013.1	53000001	54000000	0.0038127200139577	974370	3715	974370	0
pop1	NC_091013.1	54000001	55000000	0.0035761784228042	978978	3501	978978	0
pop1	NC_091013.1	55000001	56000000	0.0039111334460608	971074	3798	971074	0
pop1	NC_091013.1	56000001	57000000	0.0042465889070887	969484	4117	969484	0
pop1	NC_091013.1	57000001	58000000	0.0030522186810493	81580	249	81580	0
pop1	NC_091013.1	58000001	59000000	0.002695236462513	460813	1242	460813	0
pop1	NC_091013.1	59000001	60000000	0.0024645724094435	979886	2415	979886	0
pop1	NC_091013.1	60000001	61000000	0.0033025915116857	963183	3181	963183	0
pop1	NC_091013.1	61000001	62000000	0.0031896064308365	976296	3114	976296	0
pop1	NC_091013.1	62000001	63000000	0.0030833739441196	984960	3037	984960	0
pop1	NC_091013.1	63000001	64000000	0.0031664355785156	978703	3099	978703	0
pop1	NC_091013.1	64000001	65000000	0.0032344073671473	975140	3154	975140	0
pop1	NC_091013.1	65000001	66000000	0.0030261997830585	965237	2921	965237	0
pop1	NC_091013.1	66000001	67000000	0.0027804725669319	969979	2697	969979	0
pop1	NC_091013.1	67000001	68000000	0.003203804710692	973530	3119	973530	0
pop1	NC_091013.1	68000001	69000000	0.0038032623083908	976793	3715	976793	0
pop1	NC_091013.1	69000001	70000000	0.0026406949261296	984968	2601	984968	0
pop1	NC_091013.1	70000001	71000000	0.0031687713869195	983662	3117	983662	0
pop1	NC_091013.1	71000001	72000000	0.0032123149014006	973130	3126	973130	0
pop1	NC_091013.1	72000001	73000000	0.002968985520486	985185	2925	985185	0
pop1	NC_091013.1	73000001	74000000	0.0026479579263081	572139	1515	572139	0
pop1	NC_091013.1	74000001	75000000	0.0031851107255602	424789	1353	424789	0
pop1	NC_091013.1	75000001	76000000	0.0027164713944828	968904	2632	968904	0
pop1	NC_091013.1	76000001	77000000	0.0024321250114311	973223	2367	973223	0
pop1	NC_091013.1	77000001	78000000	0.0032541297502476	978449	3184	978449	0
pop1	NC_091013.1	78000001	79000000	0.0033117347672958	979849	3245	979849	0
pop1	NC_091013.1	79000001	80000000	0.003265389841807	975075	3184	975075	0
pop1	NC_091013.1	80000001	81000000	0.0038123223769708	984177	3752	984177	0
pop1	NC_091013.1	81000001	82000000	0.0034911803938789	965576	3371	965576	0
pop1	NC_091013.1	82000001	83000000	0.0030669881848224	976202	2994	976202	0
pop1	NC_091013.1	83000001	84000000	0.0038414715146971	549529	2111	549529	0
pop1	NC_091013.1	84000001	85000000	0.0035242900461769	794770	2801	794770	0
pop1	NC_091013.1	85000001	86000000	0.0042289972274752	975645	4126	975645	0
pop1	NC_091013.1	86000001	87000000	0.0042960014771352	974860	4188	974860	0
pop1	NC_091013.1	87000001	88000000	0.0029789316140916	972832	2898	972832	0
pop1	NC_091013.1	88000001	89000000	0.0024940231384812	977938	2439	977938	0
pop1	NC_091013.1	89000001	90000000	0.0035678493502146	979862	3496	979862	0
pop1	NC_091013.1	90000001	91000000	0.0035641678758032	972457	3466	972457	0
pop1	NC_091013.1	91000001	92000000	0.0040296822989904	979978	3949	979978	0
pop1	NC_091013.1	92000001	93000000	0.0039600981317766	844171	3343	844171	0
pop1	NC_091013.1	93000001	94000000	0.0037567866875158	964388	3623	964388	0
pop1	NC_091013.1	94000001	95000000	0.0032245091129198	984646	3175	984646	0
pop1	NC_091013.1	95000001	96000000	0.0037270491828568	972351	3624	972351	0
pop1	NC_091013.1	96000001	97000000	0.0032948577012337	982440	3237	982440	0
pop1	NC_091013.1	97000001	98000000	0.003049835124685	977102	2980	977102	0
pop1	NC_091013.1	98000001	99000000	0.003156242119563	983448	3104	983448	0
pop1	NC_091013.1	99000001	100000000	0.0031187894867924	983715	3068	983715	0
pop1	NC_091013.1	100000001	101000000	0.0032078052190595	984162	3157	984162	0
pop1	NC_091013.1	101000001	102000000	0.0038623325784834	976353	3771	976353	0
pop1	NC_091013.1	102000001	103000000	0.0038266134059229	970571	3714	970571	0
pop1	NC_091013.1	103000001	104000000	0.0028202974862566	970465	2737	970465	0
pop1	NC_091013.1	104000001	105000000	0.0018227213905443	962846	1755	962846	0
pop1	NC_091013.1	105000001	106000000	0.00028982374786316	814288	236	814288	0
pop1	NC_091013.1	106000001	107000000	0.0025100352470721	919509	2308	919509	0
pop1	NC_091013.1	107000001	108000000	0.0032832393449435	904899	2971	904899	0
pop1	NC_091013.1	108000001	109000000	0.0037516204643367	916404	3438	916404	0
pop1	NC_091013.1	109000001	110000000	0.0038870120676146	978901	3805	978901	0
pop1	NC_091013.1	110000001	111000000	0.0037599710818319	984848	3703	984848	0
pop1	NC_091013.1	111000001	112000000	0.0047669982057605	982589	4684	982589	0
pop1	NC_091013.1	112000001	113000000	0.004309924927527	975191	4203	975191	0
pop1	NC_091013.1	113000001	114000000	0.0045119374290048	976299	4405	976299	0
pop1	NC_091013.1	114000001	115000000	0.0035299001204511	980481	3461	980481	0
pop1	NC_091013.1	115000001	116000000	0.003494776673384	982037	3432	982037	0
pop1	NC_091013.1	116000001	117000000	0.0038005549823756	986698	3750	986698	0
pop1	NC_091013.1	117000001	118000000	0.0038242942948193	972467	3719	972467	0
pop1	NC_091013.1	118000001	119000000	0.0038425348574413	888476	3414	888476	0
pop1	NC_091013.1	119000001	120000000	0.0040496749013874	960324	3889	960324	0
pop1	NC_091013.1	120000001	121000000	0.0032150991926026	220833	710	220833	0
pop1	NC_091014.1	1	1000000	0.00082490234611932	123651	102	123651	0
pop1	NC_091014.1	1000001	2000000	0.0054533860946712	868818	4738	868818	0
pop1	NC_091014.1	2000001	3000000	0.0051913773166067	936553	4862	936553	0
pop1	NC_091014.1	3000001	4000000	0.0046404982364454	968215	4493	968215	0
pop1	NC_091014.1	4000001	5000000	0.0041785831926007	956305	3996	956305	0
pop1	NC_091014.1	5000001	6000000	0.0039633282133095	977209	3873	977209	0
pop1	NC_091014.1	6000001	7000000	0.0032592100290867	987049	3217	987049	0
pop1	NC_091014.1	7000001	8000000	0.0039953810623557	952600	3806	952600	0
pop1	NC_091014.1	8000001	9000000	0.0028986113872524	764504	2216	764504	0
pop1	NC_091014.1	9000001	10000000	0.0030763507326007	838656	2580	838656	0
pop1	NC_091014.1	10000001	11000000	0.0038302863198181	971990	3723	971990	0
pop1	NC_091014.1	11000001	12000000	0.003989843291232	977482	3900	977482	0
pop1	NC_091014.1	12000001	13000000	0.0031117864422489	975324	3035	975324	0
pop1	NC_091014.1	13000001	14000000	0.0034826184568601	982594	3422	982594	0
pop1	NC_091014.1	14000001	15000000	0.0030746025043444	985168	3029	985168	0
pop1	NC_091014.1	15000001	16000000	0.0026477197948871	966492	2559	966492	0
pop1	NC_091014.1	16000001	17000000	0.0030950681121323	969284	3000	969284	0
pop1	NC_091014.1	17000001	18000000	0.002786136414312	977698	2724	977698	0
pop1	NC_091014.1	18000001	19000000	0.0029325603342012	975939	2862	975939	0
pop1	NC_091014.1	19000001	20000000	0.0022831911265408	981083	2240	981083	0
pop1	NC_091014.1	20000001	21000000	0.002607737461526	965588	2518	965588	0
pop1	NC_091014.1	21000001	22000000	0.002683091116917	979840	2629	979840	0
pop1	NC_091014.1	22000001	23000000	0.0030778811476963	976321	3005	976321	0
pop1	NC_091014.1	23000001	24000000	0.0028935723596936	956603	2768	956603	0
pop1	NC_091014.1	24000001	25000000	0.0023564951599488	979845	2309	979845	0
pop1	NC_091014.1	25000001	26000000	0.0027098774608703	941740	2552	941740	0
pop1	NC_091014.1	26000001	27000000	0.0022824156759993	977035	2230	977035	0
pop1	NC_091014.1	27000001	28000000	0.0025445820957348	963223	2451	963223	0
pop1	NC_091014.1	28000001	29000000	0.0027860066344297	969488	2701	969488	0
pop1	NC_091014.1	29000001	30000000	0.0025536812940553	981720	2507	981720	0
pop1	NC_091014.1	30000001	31000000	0.0022789602947196	977200	2227	977200	0
pop1	NC_091014.1	31000001	32000000	0.0025323032300162	977766	2476	977766	0
pop1	NC_091014.1	32000001	33000000	0.0030235317686582	973365	2943	973365	0
pop1	NC_091014.1	33000001	34000000	0.0027961526084314	978845	2737	978845	0
pop1	NC_091014.1	34000001	35000000	0.0026720873428304	976016	2608	976016	0
pop1	NC_091014.1	35000001	36000000	0.0023164453242921	973906	2256	973906	0
pop1	NC_091014.1	36000001	37000000	0.0024710735159599	984997	2434	984997	0
pop1	NC_091014.1	37000001	38000000	0.0025539453737771	985534	2517	985534	0
pop1	NC_091014.1	38000001	39000000	0.0032397533199843	950381	3079	950381	0
pop1	NC_091014.1	39000001	40000000	0.0028829077926949	983729	2836	983729	0
pop1	NC_091014.1	40000001	41000000	0.002561697362075	978648	2507	978648	0
pop1	NC_091014.1	41000001	42000000	0.0026941113394508	971749	2618	971749	0
pop1	NC_091014.1	42000001	43000000	0.0033060300557477	978515	3235	978515	0
pop1	NC_091014.1	43000001	44000000	0.0036253468774663	981975	3560	981975	0
pop1	NC_091014.1	44000001	45000000	0.0027845744545561	982915	2737	982915	0
pop1	NC_091014.1	45000001	46000000	0.002956123126634	974249	2880	974249	0
pop1	NC_091014.1	46000001	47000000	0.0022517722939664	985446	2219	985446	0
pop1	NC_091014.1	47000001	48000000	0.0015703917490769	565464	888	565464	0
pop1	NC_091014.1	48000001	49000000	0.0030998140111593	3226	10	3226	0
pop1	NC_091014.1	49000001	50000000	0.0024960044738927	729566	1821	729566	0
pop1	NC_091014.1	50000001	51000000	0.0031998836405949	935034	2992	935034	0
pop1	NC_091014.1	51000001	52000000	0.0028298713919914	969302	2743	969302	0
pop1	NC_091014.1	52000001	53000000	0.0023017845683976	984888	2267	984888	0
pop1	NC_091014.1	53000001	54000000	0.0028927429306936	979693	2834	979693	0
pop1	NC_091014.1	54000001	55000000	0.0030854796656839	984936	3039	984936	0
pop1	NC_091014.1	55000001	56000000	0.0027788815668412	749942	2084	749942	0
pop1	NC_091014.1	56000001	57000000	0.003230404857849	988421	3193	988421	0
pop1	NC_091014.1	57000001	58000000	0.0036199699792322	972660	3521	972660	0
pop1	NC_091014.1	58000001	59000000	0.0033006214882602	452945	1495	452945	0
pop1	NC_091014.1	59000001	60000000	0.0030996718342659	675878	2095	675878	0
pop1	NC_091014.1	60000001	61000000	0.0035879204963684	972987	3491	972987	0
pop1	NC_091014.1	61000001	62000000	0.0044787334482147	975499	4369	975499	0
pop1	NC_091014.1	62000001	63000000	0.0041378273419969	971041	4018	971041	0
pop1	NC_091014.1	63000001	64000000	0.0036607198163243	984779	3605	984779	0
pop1	NC_091014.1	64000001	65000000	0.0043180433710575	965252	4168	965252	0
pop1	NC_091014.1	65000001	66000000	0.0040791538136965	976428	3983	976428	0
pop1	NC_091014.1	66000001	67000000	0.0041730985717842	976253	4074	976253	0
pop1	NC_091014.1	67000001	68000000	0.0039855395783484	963734	3841	963734	0
pop1	NC_091014.1	68000001	69000000	0.0035829398299631	736546	2639	736546	0
pop1	NC_091014.1	69000001	70000000	0.0031457918959935	967324	3043	967324	0
pop1	NC_091014.1	70000001	71000000	0.0022408812891585	966584	2166	966584	0
pop1	NC_091014.1	71000001	72000000	0.00067735001894568	894663	606	894663	0
pop1	NC_091014.1	72000001	73000000	0	93	0	93	0
pop1	NC_091014.1	73000001	74000000	0.00050177148256917	785218	394	785218	0
pop1	NC_091014.1	74000001	75000000	0.0020426365866182	977658	1997	977658	0
pop1	NC_091014.1	75000001	76000000	0.0037586237152424	980146	3684	980146	0
pop1	NC_091014.1	76000001	77000000	0.004097120091482	981177	4020	981177	0
pop1	NC_091014.1	77000001	78000000	0.0041750655186849	981781	4099	981781	0
pop1	NC_091014.1	78000001	79000000	0.0036784078782548	981131	3609	981131	0
pop1	NC_091014.1	79000001	80000000	0.0025525403241362	933188	2382	933188	0
pop1	NC_091014.1	80000001	81000000	0	1692	0	1692	0
pop1	NC_091015.1	1	1000000	0.0029664333866879	855910	2539	855910	0
pop1	NC_091015.1	1000001	2000000	0.0049495962925804	941895	4662	941895	0
pop1	NC_091015.1	2000001	3000000	0.004746942952267	971362	4611	971362	0
pop1	NC_091015.1	3000001	4000000	0.0045968713396151	961306	4419	961306	0
pop1	NC_091015.1	4000001	5000000	0.0042160463172437	978642	4126	978642	0
pop1	NC_091015.1	5000001	6000000	0.0036016640909003	982879	3540	982879	0
pop1	NC_091015.1	6000001	7000000	0.0036815798596288	972137	3579	972137	0
pop1	NC_091015.1	7000001	8000000	0.0042078460144146	973182	4095	973182	0
pop1	NC_091015.1	8000001	9000000	0.0029978473338099	982038	2944	982038	0
pop1	NC_091015.1	9000001	10000000	0.0032822430445378	971287	3188	971287	0
pop1	NC_091015.1	10000001	11000000	0.0032594404898102	984218	3208	984218	0
pop1	NC_091015.1	11000001	12000000	0.0039002355436368	980710	3825	980710	0
pop1	NC_091015.1	12000001	13000000	0.0030893254902864	954901	2950	954901	0
pop1	NC_091015.1	13000001	14000000	0.0031067491200934	983343	3055	983343	0
pop1	NC_091015.1	14000001	15000000	0.0030527070868452	981424	2996	981424	0
pop1	NC_091015.1	15000001	16000000	0.0030891654764334	980200	3028	980200	0
pop1	NC_091015.1	16000001	17000000	0.0026948153677193	935129	2520	935129	0
pop1	NC_091015.1	17000001	18000000	0.0029495865021553	953693	2813	953693	0
pop1	NC_091015.1	18000001	19000000	0.00279509738896	978499	2735	978499	0
pop1	NC_091015.1	19000001	20000000	0.0032166410289978	977728	3145	977728	0
pop1	NC_091015.1	20000001	21000000	0.0029357429552524	965684	2835	965684	0
pop1	NC_091015.1	21000001	22000000	0.0026096449533576	978294	2553	978294	0
pop1	NC_091015.1	22000001	23000000	0.0033446780966359	970198	3245	970198	0
pop1	NC_091015.1	23000001	24000000	0.0027418032152749	969435	2658	969435	0
pop1	NC_091015.1	24000001	25000000	0.0037006827188008	778505	2881	778505	0
pop1	NC_091015.1	25000001	26000000	0.0040816326530612	245	1	245	0
pop1	NC_091015.1	26000001	27000000	NA	0	NA	NA	NA
pop1	NC_091015.1	27000001	28000000	NA	0	NA	NA	NA
pop1	NC_091015.1	28000001	29000000	NA	0	NA	NA	NA
pop1	NC_091015.1	29000001	30000000	NA	0	NA	NA	NA
pop1	NC_091015.1	30000001	31000000	NA	0	NA	NA	NA
pop1	NC_091015.1	31000001	32000000	NA	0	NA	NA	NA
pop1	NC_091015.1	32000001	33000000	NA	0	NA	NA	NA
pop1	NC_091015.1	33000001	34000000	NA	0	NA	NA	NA
pop1	NC_091015.1	34000001	35000000	NA	0	NA	NA	NA
pop1	NC_091015.1	35000001	36000000	NA	0	NA	NA	NA
pop1	NC_091015.1	36000001	37000000	NA	0	NA	NA	NA
pop1	NC_091015.1	37000001	38000000	NA	0	NA	NA	NA
pop1	NC_091015.1	38000001	39000000	NA	0	NA	NA	NA
pop1	NC_091015.1	39000001	40000000	0.0034645414785411	495015	1715	495015	0
pop1	NC_091015.1	40000001	41000000	0.0031135632296775	977658	3044	977658	0
pop1	NC_091015.1	41000001	42000000	0.0026562379469524	985228	2617	985228	0
pop1	NC_091015.1	42000001	43000000	0.0026052433994672	972270	2533	972270	0
pop1	NC_091015.1	43000001	44000000	0.0025329404524651	981468	2486	981468	0
pop1	NC_091015.1	44000001	45000000	0.0025678848786133	978237	2512	978237	0
pop1	NC_091015.1	45000001	46000000	0.0027839872450238	973424	2710	973424	0
pop1	NC_091015.1	46000001	47000000	0.0024816086820368	973965	2417	973965	0
pop1	NC_091015.1	47000001	48000000	0.00190377901686	967024	1841	967024	0
pop1	NC_091015.1	48000001	49000000	0.0027007177739712	978999	2644	978999	0
pop1	NC_091015.1	49000001	50000000	0.0024154613938077	983249	2375	983249	0
pop1	NC_091015.1	50000001	51000000	0.0029201441173422	984198	2874	984198	0
pop1	NC_091015.1	51000001	52000000	0.0026914838979274	971583	2615	971583	0
pop1	NC_091015.1	52000001	53000000	0.0033236115548319	970330	3225	970330	0
pop1	NC_091015.1	53000001	54000000	0.0033139594686666	981907	3254	981907	0
pop1	NC_091015.1	54000001	55000000	0.003043538209483	986352	3002	986352	0
pop1	NC_091015.1	55000001	56000000	0.0028971427756766	982002	2845	982002	0
pop1	NC_091015.1	56000001	57000000	0.0031146750925245	977309	3044	977309	0
pop1	NC_091015.1	57000001	58000000	0.0026851718048761	975729	2620	975729	0
pop1	NC_091015.1	58000001	59000000	0.002537949087637	977955	2482	977955	0
pop1	NC_091015.1	59000001	60000000	0.0036380848082117	969741	3528	969741	0
pop1	NC_091015.1	60000001	61000000	0.0029700803373635	936675	2782	936675	0
pop1	NC_091015.1	61000001	62000000	0.0023955561053963	978061	2343	978061	0
pop1	NC_091015.1	62000001	63000000	0.0016665985495597	880836	1468	880836	0
pop1	NC_091015.1	63000001	64000000	0.001338392511544	366858	491	366858	0
pop1	NC_091015.1	64000001	65000000	0.00048194011791056	971075	468	971075	0
pop1	NC_091015.1	65000001	66000000	0.00032249692769199	524036	169	524036	0
pop1	NC_091015.1	66000001	67000000	0	405	0	405	0
pop1	NC_091015.1	67000001	68000000	0.00023421946363743	785588	184	785588	0
pop1	NC_091015.1	68000001	69000000	0.00038312643803982	950078	364	950078	0
pop1	NC_091015.1	69000001	70000000	0.0014522453161772	979862	1423	979862	0
pop1	NC_091015.1	70000001	71000000	0.0019298842680807	981406	1894	981406	0
pop1	NC_091015.1	71000001	72000000	0.002543687419157	970245	2468	970245	0
pop1	NC_091015.1	72000001	73000000	0.0027039735457345	980409	2651	980409	0
pop1	NC_091015.1	73000001	74000000	0.0025777367962707	976050	2516	976050	0
pop1	NC_091015.1	74000001	75000000	0.0023827275234136	979130	2333	979130	0
pop1	NC_091015.1	75000001	76000000	0.0021163328756465	978107	2070	978107	0
pop1	NC_091015.1	76000001	77000000	0.0028772778449606	983221	2829	983221	0
pop1	NC_091015.1	77000001	78000000	0.0030643160346875	982601	3011	982601	0
pop1	NC_091015.1	78000001	79000000	0.0025394241238115	975418	2477	975418	0
pop1	NC_091015.1	79000001	80000000	0.0028734620141581	965386	2774	965386	0
pop1	NC_091015.1	80000001	81000000	0.0030061829294293	984970	2961	984970	0
pop1	NC_091015.1	81000001	82000000	0.0026041558893032	966532	2517	966532	0
pop1	NC_091015.1	82000001	83000000	0.0033553234284077	976955	3278	976955	0
pop1	NC_091015.1	83000001	84000000	0.0030857458616133	966379	2982	966379	0
pop1	NC_091015.1	84000001	85000000	0.0031416155551307	967655	3040	967655	0
pop1	NC_091015.1	85000001	86000000	0.0035581188904996	960901	3419	960901	0
pop1	NC_091015.1	86000001	87000000	0.0036073709609234	962751	3473	962751	0
pop1	NC_091015.1	87000001	88000000	0.0033502341926489	957545	3208	957545	0
pop1	NC_091015.1	88000001	89000000	0.0041667926014939	959491	3998	959491	0
pop1	NC_091015.1	89000001	90000000	0.0033108276249804	976493	3233	976493	0
pop1	NC_091015.1	90000001	91000000	0.0028550180789318	818909	2338	818909	0
pop1	NC_091015.1	91000001	92000000	0.0017618535483751	968866	1707	968866	0
pop1	NC_091015.1	92000001	93000000	0.0028165441800625	977794	2754	977794	0
pop1	NC_091015.1	93000001	94000000	0.0030029750066295	965376	2899	965376	0
pop1	NC_091015.1	94000001	95000000	0.0032782055775727	930082	3049	930082	0
pop1	NC_091015.1	95000001	96000000	0.0025326711485772	970122	2457	970122	0
pop1	NC_091015.1	96000001	97000000	0.0028384047177554	263176	747	263176	0
pop1	NC_091015.1	97000001	98000000	0.0030002155106062	649620	1949	649620	0
pop1	NC_091015.1	98000001	99000000	0.003508507225768	967648	3395	967648	0
pop1	NC_091015.1	99000001	100000000	0.0033817813305627	977887	3307	977887	0
pop1	NC_091015.1	100000001	101000000	0.0025989253560905	980790	2549	980790	0
pop1	NC_091015.1	101000001	102000000	0.0035387098329758	974649	3449	974649	0
pop1	NC_091015.1	102000001	103000000	0.0029200963815975	977365	2854	977365	0
pop1	NC_091015.1	103000001	104000000	0.0032750643096066	973416	3188	973416	0
pop1	NC_091015.1	104000001	105000000	0.0037729437149677	976956	3686	976956	0
pop1	NC_091015.1	105000001	106000000	0.0028735632183908	969180	2785	969180	0
pop1	NC_091015.1	106000001	107000000	0.0031914173339817	974802	3111	974802	0
pop1	NC_091015.1	107000001	108000000	0.002629304872405	976684	2568	976684	0
pop1	NC_091015.1	108000001	109000000	0.0038211074490436	803432	3070	803432	0
pop1	NC_091015.1	109000001	110000000	0.0038020777551676	971048	3692	971048	0
pop1	NC_091015.1	110000001	111000000	0.0039354802370676	958714	3773	958714	0
pop1	NC_091015.1	111000001	112000000	0.0034759424398767	970672	3374	970672	0
pop1	NC_091015.1	112000001	113000000	0.0037014605342029	962593	3563	962593	0
pop1	NC_091015.1	113000001	114000000	0.0030915048598334	977194	3021	977194	0
pop1	NC_091015.1	114000001	115000000	0.0033087778793288	982538	3251	982538	0
pop1	NC_091015.1	115000001	116000000	0.003087527897946	966469	2984	966469	0
pop1	NC_091015.1	116000001	117000000	0.0036513693149208	972238	3550	972238	0
pop1	NC_091015.1	117000001	118000000	0.0032021868593186	973085	3116	973085	0
pop1	NC_091015.1	118000001	119000000	0.0033682252162002	978260	3295	978260	0
pop1	NC_091015.1	119000001	120000000	0.0033601225746426	973774	3272	973774	0
pop1	NC_091015.1	120000001	121000000	0.0027843984359456	985132	2743	985132	0
pop1	NC_091015.1	121000001	122000000	0.0031406900096975	976537	3067	976537	0
pop1	NC_091015.1	122000001	123000000	0.0029371633358723	364978	1072	364978	0
pop1	NC_091015.1	123000001	124000000	0.0034453359254012	971168	3346	971168	0
pop1	NC_091015.1	124000001	125000000	0.0032703390410462	964426	3154	964426	0
pop1	NC_091015.1	125000001	126000000	0.0033134423569414	968781	3210	968781	0
pop1	NC_091015.1	126000001	127000000	0.003613879968303	959080	3466	959080	0
pop1	NC_091015.1	127000001	128000000	0.003882498553629	980039	3805	980039	0
pop1	NC_091015.1	128000001	129000000	0.0033339726508143	980212	3268	980212	0
pop1	NC_091015.1	129000001	130000000	0.0031311474572201	978555	3064	978555	0
pop1	NC_091015.1	130000001	131000000	0.0033824728074219	982713	3324	982713	0
pop1	NC_091015.1	131000001	132000000	0.0033506664901538	974433	3265	974433	0
pop1	NC_091015.1	132000001	133000000	0.0022936691672758	980961	2250	980961	0
pop1	NC_091015.1	133000001	134000000	0.0030507243039672	977145	2981	977145	0
pop1	NC_091015.1	134000001	135000000	0.0029137050837998	974704	2840	974704	0
pop1	NC_091015.1	135000001	136000000	0.0028711487464085	975916	2802	975916	0
pop1	NC_091015.1	136000001	137000000	0.0024947416778425	970842	2422	970842	0
pop1	NC_091015.1	137000001	138000000	0.0027555726720508	971123	2676	971123	0
pop1	NC_091015.1	138000001	139000000	0.0020812156681554	973950	2027	973950	0
pop1	NC_091015.1	139000001	140000000	0.0028689314931747	969699	2782	969699	0
pop1	NC_091015.1	140000001	141000000	0.0027845379604942	980414	2730	980414	0
pop1	NC_091015.1	141000001	142000000	0.002852142211389	950163	2710	950163	0
pop1	NC_091015.1	142000001	143000000	0.0030864038923839	972977	3003	972977	0
pop1	NC_091015.1	143000001	144000000	0.0023351013874394	976403	2280	976403	0
pop1	NC_091015.1	144000001	145000000	0.0025511441948822	968585	2471	968585	0
pop1	NC_091015.1	145000001	146000000	0.0023505914408128	962311	2262	962311	0
pop1	NC_091015.1	146000001	147000000	0.0017643291934888	982243	1733	982243	0
pop1	NC_091015.1	147000001	148000000	0.0022260354810967	974378	2169	974378	0
pop1	NC_091015.1	148000001	149000000	0.0023638593081412	982715	2323	982715	0
pop1	NC_091015.1	149000001	150000000	0.003040040160476	964132	2931	964132	0
pop1	NC_091015.1	150000001	151000000	0.00275918541726	954992	2635	954992	0
pop1	NC_091015.1	151000001	152000000	0.0032175479957833	962845	3098	962845	0
pop1	NC_091015.1	152000001	153000000	0.0028279214040145	949107	2684	949107	0
pop1	NC_091015.1	153000001	154000000	0.0019737276524093	969232	1913	969232	0
pop1	NC_091015.1	154000001	155000000	0.0026275245631067	965167	2536	965167	0
pop1	NC_091015.1	155000001	156000000	0.0028457751983104	962128	2738	962128	0
pop1	NC_091015.1	156000001	157000000	0.002558771789541	975468	2496	975468	0
pop1	NC_091015.1	157000001	158000000	0.0028010272858513	962147	2695	962147	0
pop1	NC_091015.1	158000001	159000000	0.002917576918634	978209	2854	978209	0
pop1	NC_091015.1	159000001	160000000	0.003307828013457	974960	3225	974960	0
pop1	NC_091015.1	160000001	161000000	0.0037876995434598	972094	3682	972094	0
pop1	NC_091015.1	161000001	162000000	0.0035264885709425	952222	3358	952222	0
pop1	NC_091015.1	162000001	163000000	0.0037839970942252	955339	3615	955339	0
pop1	NC_091015.1	163000001	164000000	0.0031480863984028	965666	3040	965666	0
pop1	NC_091015.1	164000001	165000000	0.0029780405353509	976481	2908	976481	0
pop1	NC_091015.1	165000001	166000000	0.0043104034232258	956291	4122	956291	0
pop1	NC_091015.1	166000001	167000000	0.0043615875519715	971206	4236	971206	0
pop1	NC_091015.1	167000001	168000000	0.0065790257955561	754975	4967	754975	0
pop1	NC_091015.1	168000001	169000000	0.0054314415392463	611624	3322	611624	0
pop1	NC_091016.1	1	1000000	0.00019692792437968	5078	1	5078	0
pop1	NC_091016.1	1000001	2000000	0.0028378578975402	343569	975	343569	0
pop1	NC_091016.1	2000001	3000000	0.0040682197981158	962829	3917	962829	0
pop1	NC_091016.1	3000001	4000000	0.0028020054541386	987507	2767	987507	0
pop1	NC_091016.1	4000001	5000000	0.0027944937222717	986583	2757	986583	0
pop1	NC_091016.1	5000001	6000000	0.0032114719787905	985218	3164	985218	0
pop1	NC_091016.1	6000001	7000000	0.0034579461341395	973121	3365	973121	0
pop1	NC_091016.1	7000001	8000000	0.0033011831538509	978740	3231	978740	0
pop1	NC_091016.1	8000001	9000000	0.0013303604761247	969662	1290	969662	0
pop1	NC_091016.1	9000001	10000000	0.00043581873649657	323529	141	323529	0
pop1	NC_091016.1	10000001	11000000	0	663	0	663	0
pop1	NC_091016.1	11000001	12000000	0.0003056468250936	759046	232	759046	0
pop1	NC_091016.1	12000001	13000000	0.0014332385295176	983786	1410	983786	0
pop1	NC_091016.1	13000001	14000000	0.0030894728542142	976542	3017	976542	0
pop1	NC_091016.1	14000001	15000000	0.0037676014914914	977545	3683	977545	0
pop1	NC_091016.1	15000001	16000000	0.0033664467455177	133078	448	133078	0
pop1	NC_091016.1	16000001	17000000	0.0023192235994485	593302	1376	593302	0
pop1	NC_091016.1	17000001	18000000	0.0038280923294189	729345	2792	729345	0
pop1	NC_091016.1	18000001	19000000	0.0037541564962017	986107	3702	986107	0
pop1	NC_091016.1	19000001	20000000	0.0037010142411062	968113	3583	968113	0
pop1	NC_091016.1	20000001	21000000	0.0038222773671386	980044	3746	980044	0
pop1	NC_091016.1	21000001	22000000	0.003785788256305	967566	3663	967566	0
pop1	NC_091016.1	22000001	23000000	0.004013658604983	969938	3893	969938	0
pop1	NC_091016.1	23000001	24000000	0.0038802493748487	962567	3735	962567	0
pop1	NC_091016.1	24000001	25000000	0.0037536881442548	961188	3608	961188	0
pop1	NC_091016.1	25000001	26000000	0.0034393773991649	979247	3368	979247	0
pop1	NC_091016.1	26000001	27000000	0.0043580588293198	335241	1461	335241	0
pop1	NC_091016.1	27000001	28000000	0.0020430168548891	193831	396	193831	0
pop1	NC_091016.1	28000001	29000000	0.0030694464812371	981936	3014	981936	0
pop1	NC_091016.1	29000001	30000000	0.0028935685219245	972156	2813	972156	0
pop1	NC_091016.1	30000001	31000000	0.0037605756628435	980435	3687	980435	0
pop1	NC_091016.1	31000001	32000000	0.003382042745686	983725	3327	983725	0
pop1	NC_091016.1	32000001	33000000	0.0027677323509775	978057	2707	978057	0
pop1	NC_091016.1	33000001	34000000	0.0028881658319014	984708	2844	984708	0
pop1	NC_091016.1	34000001	35000000	0.0026184588121719	983021	2574	983021	0
pop1	NC_091016.1	35000001	36000000	0.0021017941772139	196023	412	196023	0
pop1	NC_091016.1	36000001	37000000	0.00079936051159073	1251	1	1251	0
pop1	NC_091016.1	37000001	38000000	0.0028493378228958	799484	2278	799484	0
pop1	NC_091016.1	38000001	39000000	0.0032740274407289	981971	3215	981971	0
pop1	NC_091016.1	39000001	40000000	0.0028700328597965	985703	2829	985703	0
pop1	NC_091016.1	40000001	41000000	0.0025732863972453	975795	2511	975795	0
pop1	NC_091016.1	41000001	42000000	0.0027389722740195	981390	2688	981390	0
pop1	NC_091016.1	42000001	43000000	0.0032053278841721	963084	3087	963084	0
pop1	NC_091016.1	43000001	44000000	0.0028568657181219	979395	2798	979395	0
pop1	NC_091016.1	44000001	45000000	0.0021678149832112	980711	2126	980711	0
pop1	NC_091016.1	45000001	46000000	0.0021564987255185	973337	2099	973337	0
pop1	NC_091016.1	46000001	47000000	0.0030460837988943	965502	2941	965502	0
pop1	NC_091016.1	47000001	48000000	0.0018461123975275	979897	1809	979897	0
pop1	NC_091016.1	48000001	49000000	0.0029874496629974	984117	2940	984117	0
pop1	NC_091016.1	49000001	50000000	0.0033004985659975	959552	3167	959552	0
pop1	NC_091016.1	50000001	51000000	0.003058167944041	956128	2924	956128	0
pop1	NC_091016.1	51000001	52000000	0.0029670701335438	975710	2895	975710	0
pop1	NC_091016.1	52000001	53000000	0.0029298674496026	976836	2862	976836	0
pop1	NC_091016.1	53000001	54000000	0.0025378909963655	986646	2504	986646	0
pop1	NC_091016.1	54000001	55000000	0.0024274783282483	330384	802	330384	0
pop1	NC_091016.1	55000001	56000000	0.0026105296176451	484576	1265	484576	0
pop1	NC_091016.1	56000001	57000000	0.0024584782436363	983942	2419	983942	0
pop1	NC_091016.1	57000001	58000000	0.0026252920102731	981986	2578	981986	0
pop1	NC_091016.1	58000001	59000000	0.0027258158878742	982825	2679	982825	0
pop1	NC_091016.1	59000001	60000000	0.0032713987877899	981843	3212	981843	0
pop1	NC_091016.1	60000001	61000000	0.0027095212638076	985783	2671	985783	0
pop1	NC_091016.1	61000001	62000000	0.0031330206752926	983396	3081	983396	0
pop1	NC_091016.1	62000001	63000000	0.0028605588916655	965196	2761	965196	0
pop1	NC_091016.1	63000001	64000000	0.0023346754750225	983006	2295	983006	0
pop1	NC_091016.1	64000001	65000000	0.0025531418681511	977619	2496	977619	0
pop1	NC_091016.1	65000001	66000000	0.0037155721827837	978315	3635	978315	0
pop1	NC_091016.1	66000001	67000000	0.0028390159295267	985905	2799	985905	0
pop1	NC_091016.1	67000001	68000000	0.003302562102638	974395	3218	974395	0
pop1	NC_091016.1	68000001	69000000	0.0035133068200534	953233	3349	953233	0
pop1	NC_091016.1	69000001	70000000	0.0030863256566445	984018	3037	984018	0
pop1	NC_091016.1	70000001	71000000	0.0033707762436468	984343	3318	984343	0
pop1	NC_091016.1	71000001	72000000	0.0030985096239892	983376	3047	983376	0
pop1	NC_091016.1	72000001	73000000	0.0030122538404708	981325	2956	981325	0
pop1	NC_091016.1	73000001	74000000	0.0033818954505357	981698	3320	981698	0
pop1	NC_091016.1	74000001	75000000	0.0035503924198459	980455	3481	980455	0
pop1	NC_091016.1	75000001	76000000	0.0031702510496101	980364	3108	980364	0
pop1	NC_091016.1	76000001	77000000	0.003462121501374	969059	3355	969059	0
pop1	NC_091016.1	77000001	78000000	0.0030827904343904	982227	3028	982227	0
pop1	NC_091016.1	78000001	79000000	0.0028971093986744	983394	2849	983394	0
pop1	NC_091016.1	79000001	80000000	0.0026257168487656	962023	2526	962023	0
pop1	NC_091016.1	80000001	81000000	0.0026547565405166	983141	2610	983141	0
pop1	NC_091016.1	81000001	82000000	0.0031652363869822	959486	3037	959486	0
pop1	NC_091016.1	82000001	83000000	0.0033290005111296	976269	3250	976269	0
pop1	NC_091016.1	83000001	84000000	0.0031023027065759	982496	3048	982496	0
pop1	NC_091016.1	84000001	85000000	0.00246847899092	981171	2422	981171	0
pop1	NC_091016.1	85000001	86000000	0.0035170485772928	966151	3398	966151	0
pop1	NC_091016.1	86000001	87000000	0.0032118183455299	977328	3139	977328	0
pop1	NC_091016.1	87000001	88000000	0.0021502148683376	979437	2106	979437	0
pop1	NC_091016.1	88000001	89000000	0.0026126488803224	983676	2570	983676	0
pop1	NC_091016.1	89000001	90000000	0.0031588807601766	977878	3089	977878	0
pop1	NC_091016.1	90000001	91000000	0.0033245153637747	970367	3226	970367	0
pop1	NC_091016.1	91000001	92000000	0.0033836402576591	979123	3313	979123	0
pop1	NC_091016.1	92000001	93000000	0.0024872059322025	970567	2414	970567	0
pop1	NC_091016.1	93000001	94000000	0.0030825964129044	978396	3016	978396	0
pop1	NC_091016.1	94000001	95000000	0.0022723931791454	979584	2226	979584	0
pop1	NC_091016.1	95000001	96000000	0.0027441878225762	968957	2659	968957	0
pop1	NC_091016.1	96000001	97000000	0.0024172065473063	968887	2342	968887	0
pop1	NC_091016.1	97000001	98000000	0.0028898279097085	961995	2780	961995	0
pop1	NC_091016.1	98000001	99000000	0.0023186608420313	970819	2251	970819	0
pop1	NC_091016.1	99000001	100000000	0.0024146441793501	972400	2348	972400	0
pop1	NC_091016.1	100000001	101000000	0.0026341962491491	981324	2585	981324	0
pop1	NC_091016.1	101000001	102000000	0.0024333038324012	955902	2326	955902	0
pop1	NC_091016.1	102000001	103000000	0.0026021167478208	964215	2509	964215	0
pop1	NC_091016.1	103000001	104000000	0.002842198385029	956302	2718	956302	0
pop1	NC_091016.1	104000001	105000000	0.0023401500674228	967032	2263	967032	0
pop1	NC_091016.1	105000001	106000000	0.00097383049591504	798907	778	798907	0
pop1	NC_091016.1	106000001	107000000	0.0025802576516642	962307	2483	962307	0
pop1	NC_091016.1	107000001	108000000	0.002708355623247	953346	2582	953346	0
pop1	NC_091016.1	108000001	109000000	0.0030141778375201	973068	2933	973068	0
pop1	NC_091016.1	109000001	110000000	0.0024469727049991	959553	2348	959553	0
pop1	NC_091016.1	110000001	111000000	0.0025415091002588	978159	2486	978159	0
pop1	NC_091016.1	111000001	112000000	0.0024750492356894	961193	2379	961193	0
pop1	NC_091016.1	112000001	113000000	0.0025395717724143	957248	2431	957248	0
pop1	NC_091016.1	113000001	114000000	0.0019876205473979	978557	1945	978557	0
pop1	NC_091016.1	114000001	115000000	0.0032020649186345	943766	3022	943766	0
pop1	NC_091016.1	115000001	116000000	0.0027371238877565	980226	2683	980226	0
pop1	NC_091016.1	116000001	117000000	0.0030224370784946	979673	2961	979673	0
pop1	NC_091016.1	117000001	118000000	0.0028812114141972	965219	2781	965219	0
pop1	NC_091016.1	118000001	119000000	0.0031210459721636	983965	3071	983965	0
pop1	NC_091016.1	119000001	120000000	0.0030706685827913	972101	2985	972101	0
pop1	NC_091016.1	120000001	121000000	0.002895131017635	984066	2849	984066	0
pop1	NC_091016.1	121000001	122000000	0.0039438549284856	975188	3846	975188	0
pop1	NC_091016.1	122000001	123000000	0.0048431707607253	949791	4600	949791	0
pop1	NC_091016.1	123000001	124000000	0.0041039363828486	977598	4012	977598	0
pop1	NC_091016.1	124000001	125000000	0.0096900289910828	582248	5642	582248	0
pop1	NC_091016.1	125000001	126000000	0.0044657612260568	786652	3513	786652	0
pop1	NC_091016.1	126000001	127000000	0.0012213989088836	122810	150	122810	0
pop1	NC_091017.1	1	1000000	0.002351433670115	596232	1402	596232	0
pop1	NC_091017.1	1000001	2000000	0.002627187326165	959962	2522	959962	0
pop1	NC_091017.1	2000001	3000000	0.0035677557316705	980168	3497	980168	0
pop1	NC_091017.1	3000001	4000000	0.0036190493881051	969039	3507	969039	0
pop1	NC_091017.1	4000001	5000000	0.0034789668371717	963217	3351	963217	0
pop1	NC_091017.1	5000001	6000000	0.0033906651551447	974735	3305	974735	0
pop1	NC_091017.1	6000001	7000000	0.0043371325428114	977835	4241	977835	0
pop1	NC_091017.1	7000001	8000000	0.0032844364405835	942323	3095	942323	0
pop1	NC_091017.1	8000001	9000000	0.0037405590296522	837308	3132	837308	0
pop1	NC_091017.1	9000001	10000000	0.002706503151824	954368	2583	954368	0
pop1	NC_091017.1	10000001	11000000	0.0011075452429632	961586	1065	961586	0
pop1	NC_091017.1	11000001	12000000	0.00029091200914868	199373	58	199373	0
pop1	NC_091017.1	12000001	13000000	0.00020395403344177	299087	61	299087	0
pop1	NC_091017.1	13000001	14000000	0.00033427503185568	954304	319	954304	0
pop1	NC_091017.1	14000001	15000000	0.0022745683125632	437006	994	437006	0
pop1	NC_091017.1	15000001	16000000	0.0035857411840063	955451	3426	955451	0
pop1	NC_091017.1	16000001	17000000	0.0028827498128151	980314	2826	980314	0
pop1	NC_091017.1	17000001	18000000	0.0033246288875351	979959	3258	979959	0
pop1	NC_091017.1	18000001	19000000	0.0034834169014371	983230	3425	983230	0
pop1	NC_091017.1	19000001	20000000	0.0042577009029068	977288	4161	977288	0
pop1	NC_091017.1	20000001	21000000	0.0039561172608392	971407	3843	971407	0
pop1	NC_091017.1	21000001	22000000	0.0038972756749711	981968	3827	981968	0
pop1	NC_091017.1	22000001	23000000	0.004075484799902	979270	3991	979270	0
pop1	NC_091017.1	23000001	24000000	0.0036926682221224	974634	3599	974634	0
pop1	NC_091017.1	24000001	25000000	0.0035826622439295	978881	3507	978881	0
pop1	NC_091017.1	25000001	26000000	0.0032003637846144	637740	2041	637740	0
pop1	NC_091017.1	26000001	27000000	0.00031645569620253	6320	2	6320	0
pop1	NC_091017.1	27000001	28000000	0.0032560677458482	896173	2918	896173	0
pop1	NC_091017.1	28000001	29000000	0.0029503416638919	753811	2224	753811	0
pop1	NC_091017.1	29000001	30000000	0.0034190015653755	974846	3333	974846	0
pop1	NC_091017.1	30000001	31000000	0.0035154742451738	974264	3425	974264	0
pop1	NC_091017.1	31000001	32000000	0.0028855750691188	984899	2842	984899	0
pop1	NC_091017.1	32000001	33000000	0.0027249396213474	965159	2630	965159	0
pop1	NC_091017.1	33000001	34000000	0.0030482217688238	982212	2994	982212	0
pop1	NC_091017.1	34000001	35000000	0.0028357308241785	974352	2763	974352	0
pop1	NC_091017.1	35000001	36000000	0.0036231810225196	981458	3556	981458	0
pop1	NC_091017.1	36000001	37000000	0.0032702137010889	976083	3192	976083	0
pop1	NC_091017.1	37000001	38000000	0.0022398068669528	372800	835	372800	0
pop1	NC_091017.1	38000001	39000000	0.0034522728509078	238973	825	238973	0
pop1	NC_091017.1	39000001	40000000	0.0028967563695897	977300	2831	977300	0
pop1	NC_091017.1	40000001	41000000	0.0027117068257535	980932	2660	980932	0
pop1	NC_091017.1	41000001	42000000	0.0034592893181713	972165	3363	972165	0
pop1	NC_091017.1	42000001	43000000	0.0032617509217659	980455	3198	980455	0
pop1	NC_091017.1	43000001	44000000	0.0037984459791289	981454	3728	981454	0
pop1	NC_091017.1	44000001	45000000	0.0037235380359104	978102	3642	978102	0
pop1	NC_091017.1	45000001	46000000	0.0024779693358981	975799	2418	975799	0
pop1	NC_091017.1	46000001	47000000	0.0023780017399012	974768	2318	974768	0
pop1	NC_091017.1	47000001	48000000	0.0029570068001828	964827	2853	964827	0
pop1	NC_091017.1	48000001	49000000	0.0030307764730871	979287	2968	979287	0
pop1	NC_091017.1	49000001	50000000	0.0030226575945814	972654	2940	972654	0
pop1	NC_091017.1	50000001	51000000	0.0036010296854377	975832	3514	975832	0
pop1	NC_091017.1	51000001	52000000	0.0029540826569536	976276	2884	976276	0
pop1	NC_091017.1	52000001	53000000	0.0023126140247193	972925	2250	972925	0
pop1	NC_091017.1	53000001	54000000	0.0026340772997226	976433	2572	976433	0
pop1	NC_091017.1	54000001	55000000	0.0029136704661258	975402	2842	975402	0
pop1	NC_091017.1	55000001	56000000	0.0021043019480519	985600	2074	985600	0
pop1	NC_091017.1	56000001	57000000	0.0023514895656474	980655	2306	980655	0
pop1	NC_091017.1	57000001	58000000	0.0026470816416251	966725	2559	966725	0
pop1	NC_091017.1	58000001	59000000	0.0030602356206909	974108	2981	974108	0
pop1	NC_091017.1	59000001	60000000	0.0027073008662951	972186	2632	972186	0
pop1	NC_091017.1	60000001	61000000	0.001953701928309	964835	1885	964835	0
pop1	NC_091017.1	61000001	62000000	0.0022045028617995	986617	2175	986617	0
pop1	NC_091017.1	62000001	63000000	0.0021304057259755	980095	2088	980095	0
pop1	NC_091017.1	63000001	64000000	0.0017482570915971	981549	1716	981549	0
pop1	NC_091017.1	64000001	65000000	0.0028368425703103	961985	2729	961985	0
pop1	NC_091017.1	65000001	66000000	0.0033860792222567	966900	3274	966900	0
pop1	NC_091017.1	66000001	67000000	0.0032553005649384	981169	3194	981169	0
pop1	NC_091017.1	67000001	68000000	0.0026792229230138	977149	2618	977149	0
pop1	NC_091017.1	68000001	69000000	0.0028681382886741	977289	2803	977289	0
pop1	NC_091017.1	69000001	70000000	0.0034275657829365	976203	3346	976203	0
pop1	NC_091017.1	70000001	71000000	0.0025287306737496	973611	2462	973611	0
pop1	NC_091017.1	71000001	72000000	0.0029967127584792	984412	2950	984412	0
pop1	NC_091017.1	72000001	73000000	0.0032379635249901	970363	3142	970363	0
pop1	NC_091017.1	73000001	74000000	0.0037530973279379	977859	3670	977859	0
pop1	NC_091017.1	74000001	75000000	0.0041400462662127	961825	3982	961825	0
pop1	NC_091017.1	75000001	76000000	0.00422735921959	962776	4070	962776	0
pop1	NC_091017.1	76000001	77000000	0.0045294766464967	970090	4394	970090	0
pop1	NC_091017.1	77000001	78000000	0.0059234634768176	826037	4893	826037	0
pop1	NC_091017.1	78000001	79000000	0.0056793488349746	915774	5201	915774	0
pop1	NC_091017.1	79000001	80000000	0.0018450548760242	557165	1028	557165	0
pop1	NC_091018.1	1	1000000	0.001691247738257	914118	1546	914118	0
pop1	NC_091018.1	1000001	2000000	0.0035693717783571	982806	3508	982806	0
pop1	NC_091018.1	2000001	3000000	0.0040165054063648	983193	3949	983193	0
pop1	NC_091018.1	3000001	4000000	0.0045035182129842	972795	4381	972795	0
pop1	NC_091018.1	4000001	5000000	0.0036159034729539	984263	3559	984263	0
pop1	NC_091018.1	5000001	6000000	0.0037399450157825	982100	3673	982100	0
pop1	NC_091018.1	6000001	7000000	0.0033353993279864	972897	3245	972897	0
pop1	NC_091018.1	7000001	8000000	0.00090923309525051	959050	872	959050	0
pop1	NC_091018.1	8000001	9000000	0.00050535321839486	170178	86	170178	0
pop1	NC_091018.1	9000001	10000000	0.00089318334129017	892314	797	892314	0
pop1	NC_091018.1	10000001	11000000	0.0017993902123921	967550	1741	967550	0
pop1	NC_091018.1	11000001	12000000	0.00248379789365	983977	2444	983977	0
pop1	NC_091018.1	12000001	13000000	0.0031275565683788	980318	3066	980318	0
pop1	NC_091018.1	13000001	14000000	0.0025324640336225	816596	2068	816596	0
pop1	NC_091018.1	14000001	15000000	0.0028367141245311	780833	2215	780833	0
pop1	NC_091018.1	15000001	16000000	0.0032018263184354	970696	3108	970696	0
pop1	NC_091018.1	16000001	17000000	0.0039824083923566	979558	3901	979558	0
pop1	NC_091018.1	17000001	18000000	0.0038275751874484	973201	3725	973201	0
pop1	NC_091018.1	18000001	19000000	0.0040556253293837	965819	3917	965819	0
pop1	NC_091018.1	19000001	20000000	0.0035814211479548	978941	3506	978941	0
pop1	NC_091018.1	20000001	21000000	0.0040218301342677	967470	3891	967470	0
pop1	NC_091018.1	21000001	22000000	0.0029065619473006	833975	2424	833975	0
pop1	NC_091019.1	1	1000000	0	3530	0	3530	0
pop1	NC_091019.1	1000001	2000000	0.0043771224082206	634892	2779	634892	0
pop1	NC_091019.1	2000001	3000000	0.0045433503821879	885690	4024	885690	0
pop1	NC_091019.1	3000001	4000000	0.0037509659194182	984813	3694	984813	0
pop1	NC_091019.1	4000001	5000000	0.0036764026677012	216516	796	216516	0
pop1	NC_091019.1	5000001	6000000	0.0023422286271638	296299	694	296299	0
pop1	NC_091019.1	6000001	7000000	0.0017018142427183	974842	1659	974842	0
pop1	NC_091019.1	7000001	8000000	0.00046952910729021	711351	334	711351	0
pop1	NC_091019.1	8000001	9000000	0.00044235273642303	551596	244	551596	0
pop1	NC_091019.1	9000001	10000000	0.00089424379387417	947169	847	947169	0
pop1	NC_091019.1	10000001	11000000	0.0035305920202516	982838	3470	982838	0
pop1	NC_091019.1	11000001	12000000	0.0041089994141685	978097	4019	978097	0
pop1	NC_091019.1	12000001	13000000	0.0035616031312598	975965	3476	975965	0
pop1	NC_091019.1	13000001	14000000	0.0036866712495548	965912	3561	965912	0
pop1	NC_091019.1	14000001	15000000	0.003636620526187	948408	3449	948408	0
pop1	NC_091019.1	15000001	16000000	0.0041740230846949	979870	4090	979870	0
pop1	NC_091019.1	16000001	17000000	0.0032412952895769	976770	3166	976770	0
pop1	NC_091019.1	17000001	18000000	0.0034854274825044	985245	3434	985245	0
pop1	NC_091019.1	18000001	19000000	0.0035198768915106	974750	3431	974750	0
pop1	NC_091019.1	19000001	20000000	0.0031715365021583	983435	3119	983435	0
pop1	NC_091019.1	20000001	21000000	0.0019162335224539	945605	1812	945605	0
pop1	NC_091019.1	21000001	22000000	0.0025232229007916	972962	2455	972962	0
pop1	NC_091019.1	22000001	23000000	0.0032938494345507	977276	3219	977276	0
pop1	NC_091019.1	23000001	24000000	0.0038849514840883	978648	3802	978648	0
pop1	NC_091019.1	24000001	25000000	0.0041701495309743	969030	4041	969030	0
pop1	NC_091019.1	25000001	26000000	0.0032548795018405	976073	3177	976073	0
pop1	NC_091019.1	26000001	27000000	0.0033178371344036	977444	3243	977444	0
pop1	NC_091019.1	27000001	28000000	0.0027875475916529	978638	2728	978638	0
pop1	NC_091019.1	28000001	29000000	0.0015416587639751	985951	1520	985951	0
pop1	NC_091019.1	29000001	30000000	0.0024158176144748	976481	2359	976481	0
pop1	NC_091019.1	30000001	31000000	0.0034036704418681	985113	3353	985113	0
pop1	NC_091019.1	31000001	32000000	0.0026014129501811	984465	2561	984465	0
pop1	NC_091019.1	32000001	33000000	0.0021335832509141	983791	2099	983791	0
pop1	NC_091019.1	33000001	34000000	0.0021064300426666	985079	2075	985079	0
pop1	NC_091019.1	34000001	35000000	0.0020049523340393	982567	1970	982567	0
pop1	NC_091019.1	35000001	36000000	0.0019707497086091	971204	1914	971204	0
pop1	NC_091019.1	36000001	37000000	0.0019820279537506	964164	1911	964164	0
pop1	NC_091019.1	37000001	38000000	0.0027164665023802	975532	2650	975532	0
pop1	NC_091019.1	38000001	39000000	0.0030727025008413	974712	2995	974712	0
pop1	NC_091019.1	39000001	40000000	0.0019827176518082	978455	1940	978455	0
pop1	NC_091019.1	40000001	41000000	0.0020960248442102	973748	2041	973748	0
pop1	NC_091019.1	41000001	42000000	0.0018390014699813	983686	1809	983686	0
pop1	NC_091019.1	42000001	43000000	0.0022731824452571	983643	2236	983643	0
pop1	NC_091019.1	43000001	44000000	0.0025976161618622	985134	2559	985134	0
pop1	NC_091019.1	44000001	45000000	0.0020115126351628	984831	1981	984831	0
pop1	NC_091019.1	45000001	46000000	0.0016789067886408	983378	1651	983378	0
pop1	NC_091019.1	46000001	47000000	0.0027568833200433	984445	2714	984445	0
pop1	NC_091019.1	47000001	48000000	0.0027810791782932	970127	2698	970127	0
pop1	NC_091019.1	48000001	49000000	0.0029818428894201	977248	2914	977248	0
pop1	NC_091019.1	49000001	50000000	0.0030597242955895	971983	2974	971983	0
pop1	NC_091019.1	50000001	51000000	0.0025951645826709	974890	2530	974890	0
pop1	NC_091019.1	51000001	52000000	0.0021045622266207	982152	2067	982152	0
pop1	NC_091019.1	52000001	53000000	0.0027491227928008	987224	2714	987224	0
pop1	NC_091019.1	53000001	54000000	0.0031078924807511	983303	3056	983303	0
pop1	NC_091019.1	54000001	55000000	0.0024300315842638	976119	2372	976119	0
pop1	NC_091019.1	55000001	56000000	0.0031839128613322	978670	3116	978670	0
pop1	NC_091019.1	56000001	57000000	0.0028624237368533	978192	2800	978192	0
pop1	NC_091019.1	57000001	58000000	0.0027439255553939	975974	2678	975974	0
pop1	NC_091019.1	58000001	59000000	0.0034918259759323	983726	3435	983726	0
pop1	NC_091019.1	59000001	60000000	0.0034544529389439	959052	3313	959052	0
pop1	NC_091019.1	60000001	61000000	0.0034527909037665	978339	3378	978339	0
pop1	NC_091019.1	61000001	62000000	0.0037318148518422	973253	3632	973253	0
pop1	NC_091019.1	62000001	63000000	0.0036917522922396	918534	3391	918534	0
pop1	NC_091019.1	63000001	64000000	0.0038814056755318	903281	3506	903281	0
pop1	NC_091019.1	64000001	65000000	0.0035918835890648	979152	3517	979152	0
pop1	NC_091019.1	65000001	66000000	0.0043242997547566	968018	4186	968018	0
pop1	NC_091019.1	66000001	67000000	0.0055416800085388	936900	5192	936900	0
pop1	NC_091019.1	67000001	68000000	0.0036565873074976	926547	3388	926547	0
pop1	NC_091019.1	68000001	69000000	0	725	0	725	0
pop1	NC_091020.1	1	1000000	0.00043358083572706	830295	360	830295	0
pop1	NC_091020.1	1000001	2000000	0.00045333709373319	957345	434	957345	0
pop1	NC_091020.1	2000001	3000000	0.00047816067526913	903462	432	903462	0
pop1	NC_091020.1	3000001	4000000	0.00045892011449766	688573	316	688573	0
pop1	NC_091020.1	4000001	5000000	0.0012704346046841	982341	1248	982341	0
pop1	NC_091020.1	5000001	6000000	0.0028612744387678	972993	2784	972993	0
pop1	NC_091020.1	6000001	7000000	0.0021113798506214	986085	2082	986085	0
pop1	NC_091020.1	7000001	8000000	0.0017437486712349	978352	1706	978352	0
pop1	NC_091020.1	8000001	9000000	0.0038862307229204	981671	3815	981671	0
pop1	NC_091020.1	9000001	10000000	0.0035953318277367	972372	3496	972372	0
pop1	NC_091020.1	10000001	11000000	0.0031073446327684	973500	3025	973500	0
pop1	NC_091020.1	11000001	12000000	0.004185360798457	972676	4071	972676	0
pop1	NC_091020.1	12000001	13000000	0.0028729970772409	984686	2829	984686	0
pop1	NC_091020.1	13000001	14000000	0.0027759513437988	973360	2702	973360	0
pop1	NC_091020.1	14000001	15000000	0.0023488278728929	983895	2311	983895	0
pop1	NC_091020.1	15000001	16000000	0.0021785247458983	980021	2135	980021	0
pop1	NC_091020.1	16000001	17000000	0.0027976559792869	978319	2737	978319	0
pop1	NC_091020.1	17000001	18000000	0.0026864627226676	986055	2649	986055	0
pop1	NC_091020.1	18000001	19000000	0.0031911604752128	973627	3107	973627	0
pop1	NC_091020.1	19000001	20000000	0.0039214962016277	974628	3822	974628	0
pop1	NC_091020.1	20000001	21000000	0.0027208978150581	984969	2680	984969	0
pop1	NC_091020.1	21000001	22000000	0.0029460933848748	986391	2906	986391	0
pop1	NC_091020.1	22000001	23000000	0.0028800516339067	985399	2838	985399	0
pop1	NC_091020.1	23000001	24000000	0.0028092824049406	985305	2768	985305	0
pop1	NC_091020.1	24000001	25000000	0.0020529264076016	987371	2027	987371	0
pop1	NC_091020.1	25000001	26000000	0.0035379422811743	976839	3456	976839	0
pop1	NC_091020.1	26000001	27000000	0.0036511641826779	985713	3599	985713	0
pop1	NC_091020.1	27000001	28000000	0.0030612410557375	985548	3017	985548	0
pop1	NC_091020.1	28000001	29000000	0.0028838324567051	868289	2504	868289	0
pop1	NC_091020.1	29000001	30000000	0.0035284756397326	986545	3481	986545	0
pop1	NC_091020.1	30000001	31000000	0.0036037782944041	969538	3494	969538	0
pop1	NC_091020.1	31000001	32000000	0.003889582128618	985710	3834	985710	0
pop1	NC_091020.1	32000001	33000000	0.0039404778248562	954199	3760	954199	0
pop1	NC_091020.1	33000001	34000000	0.0037854007432	979817	3709	979817	0
pop1	NC_091020.1	34000001	35000000	0.0041539719567979	963656	4003	963656	0
pop1	NC_091020.1	35000001	36000000	0.0036857579798874	971035	3579	971035	0
pop1	NC_091020.1	36000001	37000000	0.0032320674143564	965017	3119	965017	0
pop1	NC_091020.1	37000001	38000000	0.00046530023497662	128949	60	128949	0
pop1	NC_091021.1	1	1000000	0.0010620981055402	779589	828	779589	0
pop1	NC_091021.1	1000001	2000000	0.0031830100724215	961040	3059	961040	0
pop1	NC_091021.1	2000001	3000000	0.0026748117571408	964180	2579	964180	0
pop1	NC_091021.1	3000001	4000000	0.002286238710935	985024	2252	985024	0
pop1	NC_091021.1	4000001	5000000	0.0013654560529119	956457	1306	956457	0
pop1	NC_091021.1	5000001	6000000	0.0013228461393094	920742	1218	920742	0
pop1	NC_091021.1	6000001	7000000	0.0023594769694531	887061	2093	887061	0
pop1	NC_091021.1	7000001	8000000	0.004177397754198	970700	4055	970700	0
pop1	NC_091021.1	8000001	9000000	0.0031388801810861	982516	3084	982516	0
pop1	NC_091021.1	9000001	10000000	0.0031086340268102	832520	2588	832520	0
pop1	NC_091021.1	10000001	11000000	0.0032328605020693	983649	3180	983649	0
pop1	NC_091021.1	11000001	12000000	0.0028899889688118	987201	2853	987201	0
pop1	NC_091021.1	12000001	13000000	0.0027262697301846	985229	2686	985229	0
pop1	NC_091021.1	13000001	14000000	0.0021657532646292	984415	2132	984415	0
pop1	NC_091021.1	14000001	15000000	0.0028190551431213	982244	2769	982244	0
pop1	NC_091021.1	15000001	16000000	0.0031677054383397	972944	3082	972944	0
pop1	NC_091021.1	16000001	17000000	0.0025922904344279	980600	2542	980600	0
pop1	NC_091021.1	17000001	18000000	0.0026934032915092	986113	2656	986113	0
pop1	NC_091021.1	18000001	19000000	0.002394243233948	982774	2353	982774	0
pop1	NC_091021.1	19000001	20000000	0.0023886686197685	983393	2349	983393	0
pop1	NC_091021.1	20000001	21000000	0.001727991931938	975699	1686	975699	0
pop1	NC_091021.1	21000001	22000000	0.0021731017391932	983387	2137	983387	0
pop1	NC_091021.1	22000001	23000000	0.0021769361336633	977980	2129	977980	0
pop1	NC_091021.1	23000001	24000000	0.0027883095885798	985902	2749	985902	0
pop1	NC_091021.1	24000001	25000000	0.0029623762862546	977256	2895	977256	0
pop1	NC_091021.1	25000001	26000000	0.0032996773774345	707948	2336	707948	0
pop1	NC_091021.1	26000001	27000000	0.0034824986359353	967696	3370	967696	0
pop1	NC_091021.1	27000001	28000000	0.0029792174737493	986165	2938	986165	0
pop1	NC_091021.1	28000001	29000000	0.0028496051824981	988558	2817	988558	0
pop1	NC_091021.1	29000001	30000000	0.0034588855760519	986734	3413	986734	0
pop1	NC_091021.1	30000001	31000000	0.0034616616383839	980454	3394	980454	0
pop1	NC_091021.1	31000001	32000000	0.0037363330486798	976626	3649	976626	0
pop1	NC_091021.1	32000001	33000000	0.0042238219496594	984890	4160	984890	0
pop1	NC_091021.1	33000001	34000000	0.0036738683816118	986154	3623	986154	0
pop1	NC_091021.1	34000001	35000000	0.0036037004073043	986486	3555	986486	0
pop1	NC_091021.1	35000001	36000000	0.0043300281436405	972511	4211	972511	0
pop1	NC_091021.1	36000001	37000000	0.0031912078016766	986147	3147	986147	0
pop1	NC_091021.1	37000001	38000000	0.0040257230135296	980445	3947	980445	0
pop1	NC_091021.1	38000001	39000000	0.0044404730617608	951250	4224	951250	0
pop1	NC_091021.1	39000001	40000000	0.002469387000111	973116	2403	973116	0
pop1	NC_091021.1	40000001	41000000	0.00022897966660561	43672	10	43672	0
pop1	NC_091022.1	1	1000000	0.0026453704881106	440392	1165	440392	0
pop1	NC_091022.1	1000001	2000000	0.0021603313451144	989663	2138	989663	0
pop1	NC_091022.1	2000001	3000000	0.0045181992566464	960781	4341	960781	0
pop1	NC_091022.1	3000001	4000000	0.0046151702939419	890108	4108	890108	0
pop1	NC_091022.1	4000001	5000000	0.0032061414376159	936328	3002	936328	0
pop1	NC_091022.1	5000001	6000000	0.00076974648027214	845733	651	845733	0
pop1	NC_091022.1	6000001	7000000	0.00039529836959591	371871	147	371871	0
pop1	NC_091022.1	7000001	8000000	0.0012405866434226	986630	1224	986630	0
pop1	NC_091022.1	8000001	9000000	0.0023916599357895	985508	2357	985508	0
pop1	NC_091022.1	9000001	10000000	0.0028705939993907	955203	2742	955203	0
pop1	NC_091022.1	10000001	11000000	0.0029565580490587	981885	2903	981885	0
pop1	NC_091022.1	11000001	12000000	0.0027347590325739	978514	2676	978514	0
pop1	NC_091022.1	12000001	13000000	0.0030926796990751	973266	3010	973266	0
pop1	NC_091022.1	13000001	14000000	0.0038047685201798	975355	3711	975355	0
pop1	NC_091022.1	14000001	15000000	0.002660593852703	980984	2610	980984	0
pop1	NC_091022.1	15000001	16000000	0.0030013034408167	973577	2922	973577	0
pop1	NC_091022.1	16000001	17000000	0.0024702385819175	978448	2417	978448	0
pop1	NC_091022.1	17000001	18000000	0.0024980725376796	983158	2456	983158	0
pop1	NC_091022.1	18000001	19000000	0.0029864835173778	983096	2936	983096	0
pop1	NC_091022.1	19000001	20000000	0.0029294636281935	985846	2888	985846	0
pop1	NC_091022.1	20000001	21000000	0.0026629940387557	983855	2620	983855	0
pop1	NC_091022.1	21000001	22000000	0.0028588475876242	980465	2803	980465	0
pop1	NC_091022.1	22000001	23000000	0.0026986218078638	986800	2663	986800	0
pop1	NC_091022.1	23000001	24000000	0.0027525335474531	986364	2715	986364	0
pop1	NC_091022.1	24000001	25000000	0.0034432528181989	985115	3392	985115	0
pop1	NC_091022.1	25000001	26000000	0.0037287654671289	972708	3627	972708	0
pop1	NC_091022.1	26000001	27000000	0.0028042201113726	979595	2747	979595	0
pop1	NC_091022.1	27000001	28000000	0.0034853534948461	984979	3433	984979	0
pop1	NC_091022.1	28000001	29000000	0.0035791497738869	982915	3518	982915	0
pop1	NC_091022.1	29000001	30000000	0.0037493587156875	986302	3698	986302	0
pop1	NC_091022.1	30000001	31000000	0.0031205036702244	984136	3071	984136	0
pop1	NC_091022.1	31000001	32000000	0.0040542650950995	973296	3946	973296	0
pop1	NC_091022.1	32000001	33000000	0.0036919913548297	960999	3548	960999	0
pop1	NC_091022.1	33000001	34000000	0.0013613542388941	275461	375	275461	0
pop1	NC_091023.1	1	1000000	0.0032747490046413	533476	1747	533476	0
pop1	NC_091023.1	1000001	2000000	0.0038301150022007	708856	2715	708856	0
pop1	NC_091023.1	2000001	3000000	0.0047860687434651	964048	4614	964048	0
pop1	NC_091023.1	3000001	4000000	0.003525590018841	898573	3168	898573	0
pop1	NC_091023.1	4000001	5000000	0.0040049253118742	964812	3864	964812	0
pop1	NC_091023.1	5000001	6000000	0.0029495803261269	986242	2909	986242	0
pop1	NC_091023.1	6000001	7000000	0.0026765808364162	979608	2622	979608	0
pop1	NC_091023.1	7000001	8000000	0.0022997080009365	986647	2269	986647	0
pop1	NC_091023.1	8000001	9000000	0.0019315877428293	986753	1906	986753	0
pop1	NC_091023.1	9000001	10000000	0.0017153029118091	879728	1509	879728	0
pop1	NC_091023.1	10000001	11000000	0.0017014437444328	986809	1679	986809	0
pop1	NC_091023.1	11000001	12000000	0.0015356900867858	985876	1514	985876	0
pop1	NC_091023.1	12000001	13000000	0.0019645167420934	983957	1933	983957	0
pop1	NC_091023.1	13000001	14000000	0.002254251362816	979039	2207	979039	0
pop1	NC_091023.1	14000001	15000000	0.0025137279609061	938049	2358	938049	0
pop1	NC_091023.1	15000001	16000000	0.0025578289547461	980910	2509	980910	0
pop1	NC_091023.1	16000001	17000000	0.0026579814315663	988344	2627	988344	0
pop1	NC_091023.1	17000001	18000000	0.0031354914847295	982940	3082	982940	0
pop1	NC_091023.1	18000001	19000000	0.0027558729500706	979363	2699	979363	0
pop1	NC_091023.1	19000001	20000000	0.0032793900375092	986159	3234	986159	0
pop1	NC_091023.1	20000001	21000000	0.0034486682897288	984148	3394	984148	0
pop1	NC_091023.1	21000001	22000000	0.0036761872310045	986076	3625	986076	0
pop1	NC_091023.1	22000001	23000000	0.0038738879287464	987122	3824	987122	0
pop1	NC_091023.1	23000001	24000000	0.0037989162908335	977384	3713	977384	0
pop1	NC_091023.1	24000001	25000000	0.0045557264997779	970427	4421	970427	0
pop1	NC_091023.1	25000001	26000000	0.0041345848721741	967449	4000	967449	0
pop1	NC_091023.1	26000001	27000000	0.0025299748121077	983409	2488	983409	0
pop1	NC_091023.1	27000001	28000000	0.0021867190289182	22408	49	22408	0
pop1	NC_091024.1	1	1000000	0.0014567419522588	890343	1297	890343	0
pop1	NC_091024.1	1000001	2000000	0.0032166489769594	984565	3167	984565	0
pop1	NC_091024.1	2000001	3000000	0.0032174334866264	987433	3177	987433	0
pop1	NC_091024.1	3000001	4000000	0.0037225416856635	984811	3666	984811	0
pop1	NC_091024.1	4000001	5000000	0.003979227154238	984362	3917	984362	0
pop1	NC_091024.1	5000001	6000000	0.0035421618757828	985274	3490	985274	0
pop1	NC_091024.1	6000001	7000000	0.0038445703892295	976442	3754	976442	0
pop1	NC_091024.1	7000001	8000000	0.0031805524395233	985049	3133	985049	0
pop1	NC_091024.1	8000001	9000000	0.0026433377760313	987388	2610	987388	0
pop1	NC_091024.1	9000001	10000000	0.0023846435033906	987569	2355	987569	0
pop1	NC_091024.1	10000001	11000000	0.002186952630505	989962	2165	989962	0
pop1	NC_091024.1	11000001	12000000	0.0027162328408385	985188	2676	985188	0
pop1	NC_091024.1	12000001	13000000	0.0045793280196402	964552	4417	964552	0
pop1	NC_091024.1	13000001	14000000	0.0030634298249527	986476	3022	986476	0
pop1	NC_091024.1	14000001	15000000	0.0024788383118119	977474	2423	977474	0
pop1	NC_091024.1	15000001	16000000	0.0023203520703813	975714	2264	975714	0
pop1	NC_091024.1	16000001	17000000	0.0011029332033497	968327	1068	968327	0
pop1	NC_091024.1	17000001	18000000	0.00033543854080628	554498	186	554498	0
pop1	NC_091024.1	18000001	19000000	0.000556383339691	948986	528	948986	0
pop1	NC_091024.1	19000001	20000000	0.0046352223800484	903948	4190	903948	0
pop1	NC_091024.1	20000001	21000000	0.0032679805205929	980728	3205	980728	0
pop1	NC_091024.1	21000001	22000000	0.0028411605118361	327683	931	327683	0
pop1	NC_091025.1	1	1000000	0.0012387666892507	894438	1108	894438	0
pop1	NC_091025.1	1000001	2000000	0.0037647635010346	971907	3659	971907	0
pop1	NC_091025.1	2000001	3000000	0.0042420089169387	974774	4135	974774	0
pop1	NC_091025.1	3000001	4000000	0.004384798012929	984766	4318	984766	0
pop1	NC_091025.1	4000001	5000000	0.0033011254204884	987542	3260	987542	0
pop1	NC_091025.1	5000001	6000000	0.0031075057202212	987287	3068	987287	0
pop1	NC_091025.1	6000001	7000000	0.0037936351682754	986389	3742	986389	0
pop1	NC_091025.1	7000001	8000000	0.001235936862688	975778	1206	975778	0
pop1	NC_091025.1	8000001	9000000	0.0016289269507863	974261	1587	974261	0
pop1	NC_091025.1	9000001	10000000	0.0032108415502332	987903	3172	987903	0
pop1	NC_091025.1	10000001	11000000	0.002876711217145	985848	2836	985848	0
pop1	NC_091025.1	11000001	12000000	0.0031266247553682	986687	3085	986687	0
pop1	NC_091025.1	12000001	13000000	0.0034188646788991	976640	3339	976640	0
pop1	NC_091025.1	13000001	14000000	0.002345595953619	986956	2315	986956	0
pop1	NC_091025.1	14000001	15000000	0.003107741822748	984316	3059	984316	0
pop1	NC_091025.1	15000001	16000000	0.0030013376863664	975565	2928	975565	0
pop1	NC_091025.1	16000001	17000000	0.0036001617911474	971623	3498	971623	0
pop1	NC_091025.1	17000001	18000000	0.0038297823373912	955929	3661	955929	0
pop1	NC_091025.1	18000001	19000000	0.0040939397528272	937239	3837	937239	0
pop1	NC_091025.1	19000001	20000000	0.0038611047252816	956980	3695	956980	0
pop1	NC_091025.1	20000001	21000000	0.0031402138581241	951846	2989	951846	0
pop1	NC_091025.1	21000001	22000000	0.0018694720169357	262641	491	262641	0
pop1	NC_091025.1	22000001	23000000	0	1697	0	1697	0
pop1	NC_091025.1	23000001	24000000	0	958	0	958	0
pop1	NC_091025.1	24000001	25000000	0	487	0	487	0
pop1	NC_091025.1	25000001	26000000	0.0019931662870159	3512	7	3512	0
pop1	NC_091025.1	26000001	27000000	0.0037814331631688	5289	20	5289	0
pop1	NC_091025.1	27000001	28000000	0.00054525627044711	1834	1	1834	0
pop1	NC_091026.1	1	1000000	0.002067774402954	839550	1736	839550	0
pop1	NC_091026.1	1000001	2000000	0.0036884264033416	960030	3541	960030	0
pop1	NC_091026.1	2000001	3000000	0.0039071487221752	977951	3821	977951	0
pop1	NC_091026.1	3000001	4000000	0.0034706953211812	634455	2202	634455	0
pop1	NC_091026.1	4000001	5000000	0.0025091730988546	968048	2429	968048	0
pop1	NC_091026.1	5000001	6000000	0.0029117196971001	987389	2875	987389	0
pop1	NC_091026.1	6000001	7000000	0.0024983290462398	987460	2467	987460	0
pop1	NC_091026.1	7000001	8000000	0.0036578351823694	985829	3606	985829	0
pop1	NC_091026.1	8000001	9000000	0.0032972073006	795825	2624	795825	0
pop1	NC_091026.1	9000001	10000000	0.0025966473266413	883832	2295	883832	0
pop1	NC_091026.1	10000001	11000000	0.0031554017641887	987196	3115	987196	0
pop1	NC_091026.1	11000001	12000000	0.0030897489246713	978073	3022	978073	0
pop1	NC_091026.1	12000001	13000000	0.0027714439972812	987211	2736	987211	0
pop1	NC_091026.1	13000001	14000000	0.0033103692358386	983274	3255	983274	0
pop1	NC_091026.1	14000001	15000000	0.0032089602398522	981938	3151	981938	0
pop1	NC_091026.1	15000001	16000000	0.003630038799659	984287	3573	984287	0
pop1	NC_091026.1	16000001	17000000	0.0037825351188384	987433	3735	987433	0
pop1	NC_091026.1	17000001	18000000	0.0027302351525115	987827	2697	987827	0
pop1	NC_091026.1	18000001	19000000	0.0039145383353563	984535	3854	984535	0
pop1	NC_091026.1	19000001	20000000	0.0042899446112302	977635	4194	977635	0
pop1	NC_091026.1	20000001	21000000	0.0038532829099594	964632	3717	964632	0
pop1	NC_091026.1	21000001	22000000	0.0034536983251629	822886	2842	822886	0
pop1	NC_091026.1	22000001	23000000	0.0050055617352614	1798	9	1798	0
pop1	NC_091026.1	23000001	24000000	0.0028476506881822	2107	6	2107	0
pop1	NC_091027.1	1	1000000	0.0017133805672638	919819	1576	919819	0
pop1	NC_091027.1	1000001	2000000	0.0035828327553358	975206	3494	975206	0
pop1	NC_091027.1	2000001	3000000	0.0039434717738543	974522	3843	974522	0
pop1	NC_091027.1	3000001	4000000	0.0033939480184182	983810	3339	983810	0
pop1	NC_091027.1	4000001	5000000	0.0033055386790625	985921	3259	985921	0
pop1	NC_091027.1	5000001	6000000	0.0036947200734274	984919	3639	984919	0
pop1	NC_091027.1	6000001	7000000	0.0035638266512431	983774	3506	983774	0
pop1	NC_091027.1	7000001	8000000	0.0029354037482848	978741	2873	978741	0
pop1	NC_091027.1	8000001	9000000	0.0028071925713576	974283	2735	974283	0
pop1	NC_091027.1	9000001	10000000	0.0026810224093197	983207	2636	983207	0
pop1	NC_091027.1	10000001	11000000	0.0014831582667124	976295	1448	976295	0
pop1	NC_091027.1	11000001	12000000	0.00047378040041551	844273	400	844273	0
pop1	NC_091027.1	12000001	13000000	0.0010250871006343	944310	968	944310	0
pop1	NC_091027.1	13000001	14000000	0.0022230063883947	955013	2123	955013	0
pop1	NC_091027.1	14000001	15000000	0.003107808087239	980112	3046	980112	0
pop1	NC_091027.1	15000001	16000000	0.0039148953514439	981380	3842	981380	0
pop1	NC_091027.1	16000001	17000000	0.0043068005661522	890220	3834	890220	0
pop1	NC_091027.1	17000001	18000000	0.0050375632046558	903810	4553	903810	0
pop1	NC_091027.1	18000001	19000000	0.0025578153024391	841343	2152	841343	0
pop1	NC_091027.1	19000001	20000000	0.0019654713405683	496573	976	496573	0
pop1	NC_091028.1	1	1000000	0.0023616873563978	483976	1143	483976	0
pop1	NC_091028.1	1000001	2000000	0.0042905289165067	964916	4140	964916	0
pop1	NC_091028.1	2000001	3000000	0.0037476771238391	965398	3618	965398	0
pop1	NC_091028.1	3000001	4000000	0.0033449958454846	982064	3285	982064	0
pop1	NC_091028.1	4000001	5000000	0.0042560506819955	983071	4184	983071	0
pop1	NC_091028.1	5000001	6000000	0.0036579672109568	972398	3557	972398	0
pop1	NC_091028.1	6000001	7000000	0.0034490769154296	985771	3400	985771	0
pop1	NC_091028.1	7000001	8000000	0.0028836073958908	987305	2847	987305	0
pop1	NC_091028.1	8000001	9000000	0.0034456518430585	985590	3396	985590	0
pop1	NC_091028.1	9000001	10000000	0.0041120785195705	984417	4048	984417	0
pop1	NC_091028.1	10000001	11000000	0.0031241671505427	986823	3083	986823	0
pop1	NC_091028.1	11000001	12000000	0.0031563130343887	979624	3092	979624	0
pop1	NC_091028.1	12000001	13000000	0.0034186183682699	988411	3379	988411	0
pop1	NC_091028.1	13000001	14000000	0.0034437029431896	981792	3381	981792	0
pop1	NC_091028.1	14000001	15000000	0.0036325578796023	984155	3575	984155	0
pop1	NC_091028.1	15000001	16000000	0.0037128295136193	977691	3630	977691	0
pop1	NC_091028.1	16000001	17000000	0.0026341720507065	975259	2569	975259	0
pop1	NC_091028.1	17000001	18000000	0.00024249478636209	206190	50	206190	0
pop1	NC_091029.1	1	1000000	0.0023688804814543	932508	2209	932508	0
pop1	NC_091029.1	1000001	2000000	0.0039107514643705	983187	3845	983187	0
pop1	NC_091029.1	2000001	3000000	0.0032702940023679	987373	3229	987373	0
pop1	NC_091029.1	3000001	4000000	0.0032913026009813	985628	3244	985628	0
pop1	NC_091029.1	4000001	5000000	0.0043384256927593	982845	4264	982845	0
pop1	NC_091029.1	5000001	6000000	0.0039432120129222	976615	3851	976615	0
pop1	NC_091029.1	6000001	7000000	0.0033016963255118	980708	3238	980708	0
pop1	NC_091029.1	7000001	8000000	0.0032609611008128	985599	3214	985599	0
pop1	NC_091029.1	8000001	9000000	0.0027164065411398	974081	2646	974081	0
pop1	NC_091029.1	9000001	10000000	0.0022517253158731	910413	2050	910413	0
pop1	NC_091029.1	10000001	11000000	0.00042442707533425	963652	409	963652	0
pop1	NC_091029.1	11000001	12000000	0.00064934740585711	200201	130	200201	0
pop1	NC_091029.1	12000001	13000000	0.003553268001121	934914	3322	934914	0
pop1	NC_091029.1	13000001	14000000	0.0038448717921841	953998	3668	953998	0
pop1	NC_091029.1	14000001	15000000	0.0028877667581215	936710	2705	936710	0
pop1	NC_091029.1	15000001	16000000	0.0014678455481108	405356	595	405356	0
pop1	NC_091030.1	1	1000000	0.0037204156452698	921940	3430	921940	0
pop1	NC_091030.1	1000001	2000000	0.0039487926104852	969157	3827	969157	0
pop1	NC_091030.1	2000001	3000000	0.0044180437843588	964454	4261	964454	0
pop1	NC_091030.1	3000001	4000000	0.0038022029045322	969175	3685	969175	0
pop1	NC_091030.1	4000001	5000000	0.0036516127443132	974364	3558	974364	0
pop1	NC_091030.1	5000001	6000000	0.003070737575741	985431	3026	985431	0
pop1	NC_091030.1	6000001	7000000	0.0036077329386827	987878	3564	987878	0
pop1	NC_091030.1	7000001	8000000	0.0039069510310926	969554	3788	969554	0
pop1	NC_091030.1	8000001	9000000	0.0037281802861795	983858	3668	983858	0
pop1	NC_091030.1	9000001	10000000	0.001882272070196	989230	1862	989230	0
pop1	NC_091030.1	10000001	11000000	0.0017807008554467	985567	1755	985567	0
pop1	NC_091030.1	11000001	12000000	0.00056212748720747	120969	68	120969	0
pop1	NC_091031.1	1	1000000	0.0022395963959184	964906	2161	964906	0
pop1	NC_091031.1	1000001	2000000	0.0043562363540687	955871	4164	955871	0
pop1	NC_091031.1	2000001	3000000	0.0031063033445288	970929	3016	970929	0
pop1	NC_091031.1	3000001	4000000	0.00071805259665421	715825	514	715825	0
pop1	NC_091031.1	4000001	5000000	0.00094086339383308	972511	915	972511	0
pop1	NC_091031.1	5000001	6000000	0.0036170647837481	958512	3467	958512	0
pop1	NC_091031.1	6000001	7000000	0.0034471503865689	971237	3348	971237	0
pop1	NC_091031.1	7000001	8000000	0.003752076589073	984788	3695	984788	0
pop1	NC_091031.1	8000001	9000000	0.0042307073840448	982578	4157	982578	0
pop1	NC_091031.1	9000001	10000000	0.0042377189434041	924554	3918	924554	0
pop1	NC_091031.1	10000001	11000000	0.0046888306949357	940533	4410	940533	0
pop1	NC_091031.1	11000001	12000000	0.0044328048577992	951542	4218	951542	0
pop1	NC_091031.1	12000001	13000000	0.0022239252280275	532392	1184	532392	0
pop1	NC_091032.1	1	1000000	0.0030935153405798	921282	2850	921282	0
pop1	NC_091032.1	1000001	2000000	0.0037465595454161	968622	3629	968622	0
pop1	NC_091032.1	2000001	3000000	0.0043111880613254	955885	4121	955885	0
pop1	NC_091032.1	3000001	4000000	0.0039235647616723	962645	3777	962645	0
pop1	NC_091032.1	4000001	5000000	0.0031275686756035	985430	3082	985430	0
pop1	NC_091032.1	5000001	6000000	0.0038720849215132	975960	3779	975960	0
pop1	NC_091032.1	6000001	7000000	0.0034759782352319	983608	3419	983608	0
pop1	NC_091032.1	7000001	8000000	0.0032933611489065	984101	3241	984101	0
pop1	NC_091032.1	8000001	9000000	0.0031697229537274	977057	3097	977057	0
pop1	NC_091032.1	9000001	10000000	0.0034348404578976	986072	3387	986072	0
pop1	NC_091032.1	10000001	11000000	0.0020429908414512	988257	2019	988257	0
pop1	NC_091032.1	11000001	12000000	0.00081003484587769	208633	169	208633	0
pop1	NC_091033.1	1	1000000	0.00094862688826408	292001	277	292001	0
pop1	NC_091033.1	1000001	2000000	0.0017186094849606	975207	1676	975207	0
pop1	NC_091033.1	2000001	3000000	0.002977792765344	507087	1510	507087	0
pop1	NC_091033.1	3000001	4000000	0.0042590126805958	964308	4107	964308	0
pop1	NC_091033.1	4000001	5000000	0.0044963231811232	981691	4414	981691	0
pop1	NC_091033.1	5000001	6000000	0.0040990082162478	987312	4047	987312	0
pop1	NC_091033.1	6000001	7000000	0.0033078619155712	983717	3254	983717	0
pop1	NC_091033.1	7000001	8000000	0.0027586904310454	988875	2728	988875	0
pop1	NC_091033.1	8000001	9000000	0.0031368858964106	984097	3087	984097	0
pop1	NC_091033.1	9000001	10000000	0.0036217968616004	950357	3442	950357	0
pop1	NC_091033.1	10000001	11000000	0.0035413636405629	974201	3450	974201	0
pop1	NC_091033.1	11000001	12000000	0.0036150988907413	986695	3567	986695	0
pop1	NC_091033.1	12000001	13000000	0.002899748512904	987327	2863	987327	0
pop1	NC_091033.1	13000001	14000000	0.003975199015821	977058	3884	977058	0
pop1	NC_091033.1	14000001	15000000	0.0028962309337396	983347	2848	983347	0
pop1	NC_091033.1	15000001	16000000	0.0013065687181766	981196	1282	981196	0
pop1	NC_091033.1	16000001	17000000	0.00030283147428456	198130	60	198130	0
pop1	NC_091034.1	1	1000000	0.0035790971529445	782879	2802	782879	0
pop1	NC_091034.1	1000001	2000000	0.0060993685881351	856810	5226	856810	0
pop1	NC_091034.1	2000001	3000000	0.0010674616414973	827196	883	827196	0
pop1	NC_091034.1	3000001	4000000	0.00040017985611511	444800	178	444800	0
pop1	NC_091034.1	4000001	5000000	0.002060309199449	979950	2019	979950	0
pop1	NC_091034.1	5000001	6000000	0.0041859297619709	972066	4069	972066	0
pop1	NC_091034.1	6000001	7000000	0.0032024898230737	975491	3124	975491	0
pop1	NC_091034.1	7000001	8000000	0.004316327709123	952430	4111	952430	0
pop1	NC_091034.1	8000001	9000000	0.0018604793254617	982005	1827	982005	0
pop1	NC_091034.1	9000001	10000000	0.00030816937759416	103839	32	103839	0
pop1	NC_091035.1	1	1000000	0.0022235338726916	814919	1812	814919	0
pop1	NC_091035.1	1000001	2000000	0.0058538888502406	876853	5133	876853	0
pop1	NC_091035.1	2000001	3000000	0.0035842704230043	960865	3444	960865	0
pop1	NC_091035.1	3000001	4000000	0.005526287069282	907119	5013	907119	0
pop1	NC_091035.1	4000001	5000000	0.0037609617522335	971560	3654	971560	0
pop1	NC_091035.1	5000001	6000000	0.0028907736142146	240766	696	240766	0
pop1	NC_091036.1	1	1000000	0.0016775498186649	876278	1470	876278	0
pop1	NC_091036.1	1000001	2000000	0.0037500631949587	672522	2522	672522	0
pop1	NC_091036.1	2000001	3000000	0.0019371574062701	960686	1861	960686	0
pop1	NC_091036.1	3000001	4000000	0.00053644637290038	484671	260	484671	0
pop1	NC_091036.1	4000001	5000000	0.003221047580641	979495	3155	979495	0
pop1	NC_091036.1	5000001	6000000	0.0046449176086589	916055	4255	916055	0
pop1	NC_091036.1	6000001	7000000	0.0038525523159093	959364	3696	959364	0
pop1	NC_091036.1	7000001	8000000	0.0030011557055168	978623	2937	978623	0
pop1	NC_091036.1	8000001	9000000	0.0003990769177381	57633	23	57633	0
pop1	NC_091037.1	1	1000000	0.0022400266072967	805794	1805	805794	0
pop1	NC_091037.1	1000001	2000000	0.0035553047978792	981913	3491	981913	0
pop1	NC_091037.1	2000001	3000000	0.004032336512715	976605	3938	976605	0
pop1	NC_091037.1	3000001	4000000	0.0038844855596687	974389	3785	974389	0
pop1	NC_091037.1	4000001	5000000	0.003917523454536	978169	3832	978169	0
pop1	NC_091037.1	5000001	6000000	0.0041646697185543	968144	4032	968144	0
pop1	NC_091037.1	6000001	7000000	0.0046190663418047	969027	4476	969027	0
pop1	NC_091037.1	7000001	8000000	0.0033460279606264	82187	275	82187	0
pop1	NC_091038.1	1	1000000	0.0033852685735723	335867	1137	335867	0
pop1	NC_091038.1	1000001	2000000	0.0065080717920555	841263	5475	841263	0
pop1	NC_091038.1	2000001	3000000	0.0063344863580408	769281	4873	769281	0
pop1	NC_091038.1	3000001	4000000	0.0033575416452368	725233	2435	725233	0
pop1	NC_091038.1	4000001	5000000	0	191	0	191	0
pop1	NC_091039.1	1	1000000	0.0020871985157699	12936	27	12936	0
pop1	NC_091039.1	1000001	2000000	0.0039922538776186	713131	2847	713131	0
pop1	NC_091039.1	2000001	3000000	0.0044940364126198	942805	4237	942805	0
pop1	NC_091039.1	3000001	4000000	0.0039826189719425	937574	3734	937574	0
pop1	NC_091039.1	4000001	5000000	0.0039599204320809	974262	3858	974262	0
pop1	NC_091039.1	5000001	6000000	0.0052878428078338	928545	4910	928545	0
pop1	NC_091039.1	6000001	7000000	0.0041350813903785	968542	4005	968542	0
pop1	NC_091039.1	7000001	8000000	0.0017666973948143	974134	1721	974134	0
pop1	NC_091039.1	8000001	9000000	0.0011225981620718	38304	43	38304	0
pop1	NC_091040.1	1	1000000	0.0024237263517596	901917	2186	901917	0
pop1	NC_091040.1	1000001	2000000	0.0059023129126079	866440	5114	866440	0
pop1	NC_091040.1	2000001	3000000	0.0041718611572352	942505	3932	942505	0
pop1	NC_091040.1	3000001	4000000	0.0038694787107043	628250	2431	628250	0
pop1	NC_091040.1	4000001	5000000	0.003279989218554	526831	1728	526831	0
pop1	NC_091040.1	5000001	6000000	0.0041479533808037	789546	3275	789546	0
pop1	NC_091040.1	6000001	7000000	0.0044996221102653	713171	3209	713171	0
pop1	NC_091041.1	1	1000000	0.002349072116514	4257	10	4257	0
pop1	NC_091041.1	1000001	2000000	0.0039958139092379	578105	2310	578105	0
pop1	NC_091041.1	2000001	3000000	0.004326229410488	889227	3847	889227	0
pop1	NC_091041.1	3000001	4000000	0.0036234583229865	966480	3502	966480	0
pop1	NC_091041.1	4000001	5000000	0.0034708348184617	973541	3379	973541	0
pop1	NC_091041.1	5000001	6000000	0.0043793993404677	915194	4008	915194	0
pop1	NC_091041.1	6000001	7000000	0.0031413678883801	789465	2480	789465	0
pop1	NC_091042.1	1	1000000	0.0039864380571953	124171	495	124171	0
pop1	NC_091042.1	1000001	2000000	0.0049004526389181	903590	4428	903590	0
pop1	NC_091042.1	2000001	3000000	0.005104159936498	866744	4424	866744	0
pop1	NC_091042.1	3000001	4000000	0.0038008848194461	422007	1604	422007	0
pop1	NC_091043.1	1	1000000	0.0068378355729644	739854	5059	739854	0
pop1	NC_091043.1	1000001	2000000	0.0091238665647567	478854	4369	478854	0
pop1	NC_091043.1	2000001	3000000	0.0018092805449127	9396	17	9396	0
pop1	NC_091044.1	1	1000000	0.0063725946578987	408154	2601	408154	0
pop1	NC_091044.1	1000001	2000000	0.0079028014889032	571696	4518	571696	0
pop1	NC_091044.1	2000001	3000000	0.0044031998327568	306141	1348	306141	0
pop1	NC_091045.1	1	1000000	0.0065173678112642	492837	3212	492837	0
pop1	NC_138417.1	1	1000000	0.0010550749103186	4739	5	4739	0
pop1	NC_138417.1	1000001	2000000	0.0012918042198938	6967	9	6967	0
pop1	NC_138417.1	2000001	3000000	0.0013979031452821	10015	14	10015	0
pop1	NC_138417.1	3000001	4000000	0.0014475969889983	6908	10	6908	0
pop1	NC_138417.1	4000001	5000000	0.0019595035924233	6124	12	6124	0
pop1	NC_138417.1	5000001	6000000	0.0013079494259555	6881	9	6881	0
pop1	NC_138417.1	6000001	7000000	0.0034530386740331	7240	25	7240	0
pop1	NC_138417.1	7000001	8000000	0.0014875418371142	8067	12	8067	0
pop1	NC_138417.1	8000001	9000000	0.0018502528678919	8107	15	8107	0
pop1	NC_138417.1	9000001	10000000	0.00096048298572997	7288	7	7288	0
pop1	NC_138417.1	10000001	11000000	0.0011406410402646	8767	10	8767	0
pop1	NC_138417.1	11000001	12000000	0.0018962632459565	8965	17	8965	0
pop1	NC_138417.1	12000001	13000000	0.0021003500583431	8570	18	8570	0
pop1	NC_138417.1	13000001	14000000	0.00227434257285	7035	16	7035	0
pop1	NC_138417.1	14000001	15000000	0.0012794268167861	3908	5	3908	0
pop1	NC_138417.1	15000001	16000000	0	139	0	139	0
pop1	NC_138417.1	16000001	17000000	0.016978170923099	7009	119	7009	0
pop1	NC_138417.1	17000001	18000000	0.0033569563595673	5362	18	5362	0
pop1	NC_138417.1	18000001	19000000	0.0038147138964578	7340	28	7340	0
pop1	NC_138417.1	19000001	20000000	0.012216404886562	10314	126	10314	0
pop1	NC_138417.1	20000001	21000000	0.011956053425248	9284	111	9284	0
pop1	NW_027184081.1	1	1000000	0	441	0	441	0
pop1	NW_027184081.1	1000001	2000000	0.0034895314057827	2006	7	2006	0
pop1	NW_027184081.1	2000001	3000000	0	204	0	204	0
pop1	NW_027184081.1	3000001	4000000	0	35	0	35	0
pop1	NW_027184081.1	4000001	5000000	0.002870651806822	5922	17	5922	0
pop1	NW_027184081.1	5000001	6000000	0.0013079494259555	6881	9	6881	0
pop1	NW_027184081.1	6000001	7000000	0.00098846787479407	6070	6	6070	0
pop1	NW_027184081.1	7000001	8000000	0.00076103500761035	3942	3	3942	0
pop1	NW_027184081.1	8000001	9000000	0.0054492291334397	7524	41	7524	0
pop1	NW_027184081.1	9000001	10000000	0.0022670596236681	4411	10	4411	0
pop1	NW_027184082.1	1	1000000	0.0025461489497136	4713	12	4713	0
pop1	NW_027184082.1	1000001	2000000	0.0025755879059351	8930	23	8930	0
pop1	NW_027184082.1	2000001	3000000	0.0018769551616267	9590	18	9590	0
pop1	NW_027184082.1	3000001	4000000	0.0028539521032386	8059	23	8059	0
pop1	NW_027184082.1	4000001	5000000	0.00091599057838262	7642	7	7642	0
pop1	NW_027184083.1	1	1000000	0.00083842376332495	8349	7	8349	0
pop1	NW_027184083.1	1000001	2000000	0.0017352894778356	6339	11	6339	0
pop1	NW_027184083.1	2000001	3000000	0.002524569470742	11091	28	11091	0
pop1	NW_027184083.1	3000001	4000000	0.0028702640642939	1742	5	1742	0
pop1	NW_027184084.1	1	1000000	0.0013971358714635	8589	12	8589	0
pop1	NW_027184084.1	1000001	2000000	0.00033134526176276	3018	1	3018	0
pop1	NW_027184084.1	2000001	3000000	0.0015019115237575	7324	11	7324	0
pop1	NC_138418.1	1	1000000	0.0017838798641097	469202	837	469202	0
pop1	NC_138418.1	1000001	2000000	0.0031277384993662	940296	2941	940296	0
pop1	NC_138418.1	2000001	3000000	0.0023873362895741	969700	2315	969700	0
pop1	NC_138418.1	3000001	4000000	0.0025062553879366	975559	2445	975559	0
pop1	NC_138418.1	4000001	5000000	0.0025049816168365	952502	2386	952502	0
pop1	NC_138418.1	5000001	6000000	0.002397726788983	939640	2253	939640	0
pop1	NC_138418.1	6000001	7000000	0.002527976950112	942651	2383	942651	0
pop1	NC_138418.1	7000001	8000000	0.0021502483485889	981282	2110	981282	0
pop1	NC_138418.1	8000001	9000000	0.0024178210881344	870205	2104	870205	0
pop1	NC_138418.1	9000001	10000000	0.0028222196670417	974056	2749	974056	0
pop1	NC_138418.1	10000001	11000000	0.002549380069907	970432	2474	970432	0
pop1	NC_138418.1	11000001	12000000	0.0031081486694888	966170	3003	966170	0
pop1	NC_138418.1	12000001	13000000	0.0022771089026018	950767	2165	950767	0
pop1	NC_138418.1	13000001	14000000	0.0018696053238453	971328	1816	971328	0
pop1	NC_138418.1	14000001	15000000	0.0021376031678427	868730	1857	868730	0
pop1	NC_138418.1	15000001	16000000	0.0022182012289949	951672	2111	951672	0
pop1	NC_138418.1	16000001	17000000	0.0017943298353172	970836	1742	970836	0
pop1	NC_138418.1	17000001	18000000	0.0026173249028137	973131	2547	973131	0
pop1	NC_138418.1	18000001	19000000	0.0018696438204977	971308	1816	971308	0
pop1	NC_138418.1	19000001	20000000	0.001964782284319	943616	1854	943616	0
pop1	NC_138418.1	20000001	21000000	0.001934719302278	948458	1835	948458	0
pop1	NC_138418.1	21000001	22000000	0.0018981535853836	945129	1794	945129	0
pop1	NC_138418.1	22000001	23000000	0.0014029883964851	961519	1349	961519	0
pop1	NC_138418.1	23000001	24000000	0.0011300090138183	914152	1033	914152	0
pop1	NC_138418.1	24000001	25000000	0.0020317516346461	951888	1934	951888	0
pop1	NC_138418.1	25000001	26000000	0.0015480970570561	961826	1489	961826	0
pop1	NC_138418.1	26000001	27000000	0.0020985054696728	973550	2043	973550	0
pop1	NC_138418.1	27000001	28000000	0.0011897076836495	966624	1150	966624	0
pop1	NC_138418.1	28000001	29000000	0.0014419618220449	954949	1377	954949	0
pop1	NC_138418.1	29000001	30000000	0.0015223872016819	974128	1483	974128	0
pop1	NC_138418.1	30000001	31000000	0.0015578726395124	966061	1505	966061	0
pop1	NC_138418.1	31000001	32000000	0.0014590312073998	970507	1416	970507	0
pop1	NC_138418.1	32000001	33000000	0.0014029819385227	913768	1282	913768	0
pop1	NC_138418.1	33000001	34000000	0.0020960288577497	937010	1964	937010	0
pop1	NC_138418.1	34000001	35000000	0.0017915317854912	968445	1735	968445	0
pop1	NC_138418.1	35000001	36000000	0.0015051130486488	968698	1458	968698	0
pop1	NC_138418.1	36000001	37000000	0.0018665686548953	935942	1747	935942	0
pop1	NC_138418.1	37000001	38000000	0.0015424581080069	975067	1504	975067	0
pop1	NC_138418.1	38000001	39000000	0.0014283701669106	972437	1389	972437	0
pop1	NC_138418.1	39000001	40000000	0.0010033781109535	934842	938	934842	0
pop1	NC_138418.1	40000001	41000000	0.0043806255571638	104323	457	104323	0
pop1	NC_138418.1	41000001	42000000	0.0024378281542822	968485	2361	968485	0
pop1	NC_138418.1	42000001	43000000	0.0025755898806183	964051	2483	964051	0
pop1	NC_138418.1	43000001	44000000	0.0017840893987261	978090	1745	978090	0
pop1	NC_138418.1	44000001	45000000	0.0016449011186576	961152	1581	961152	0
pop1	NC_138418.1	45000001	46000000	0.0013095293655783	728506	954	728506	0
pop1	NC_138418.1	46000001	47000000	0.0016999351201962	949448	1614	949448	0
pop1	NC_138418.1	47000001	48000000	0.0014852802652081	905553	1345	905553	0
pop1	NC_138418.1	48000001	49000000	0.0015650712070808	956506	1497	956506	0
pop1	NC_138418.1	49000001	50000000	0.0022533338645986	953698	2149	953698	0
pop1	NC_138418.1	50000001	51000000	0.0025525454453017	570411	1456	570411	0
pop1	NC_138418.1	51000001	52000000	NA	0	NA	NA	NA
pop1	NC_138418.1	52000001	53000000	NA	0	NA	NA	NA
pop1	NC_138418.1	53000001	54000000	0.0022045398725806	675878	1490	675878	0
pop1	NC_138418.1	54000001	55000000	0.0016955652056754	964870	1636	964870	0
pop1	NC_138418.1	55000001	56000000	0.0020199768454502	951001	1921	951001	0
pop1	NC_138418.1	56000001	57000000	0.0017180844025631	974923	1675	974923	0
pop1	NC_138418.1	57000001	58000000	0.0013956920872699	971561	1356	971561	0
pop1	NC_138418.1	58000001	59000000	0.002382991322334	972727	2318	972727	0
pop1	NC_138418.1	59000001	60000000	0.0023318361885078	754770	1760	754770	0
pop1	NC_138418.1	60000001	61000000	0.0010997554622295	902928	993	902928	0
pop1	NC_138418.1	61000001	62000000	0.0015416322659024	976238	1505	976238	0
pop1	NC_138418.1	62000001	63000000	0.0020597375459109	969541	1997	969541	0
pop1	NC_138418.1	63000001	64000000	0.0013901176598088	959631	1334	959631	0
pop1	NC_138418.1	64000001	65000000	0.0011254015878779	941886	1060	941886	0
pop1	NC_138418.1	65000001	66000000	0.0011271994040474	970547	1094	970547	0
pop1	NC_138418.1	66000001	67000000	0.00084364270532454	917450	774	917450	0
pop1	NC_138418.1	67000001	68000000	0.00054670956864727	894442	489	894442	0
pop1	NC_138418.1	68000001	69000000	0.0008927340842741	957732	855	957732	0
pop1	NC_138418.1	69000001	70000000	0.0034891519778141	398091	1389	398091	0
pop1	NC_138418.1	70000001	71000000	0.0043141789250049	952209	4108	952209	0
pop1	NC_138418.1	71000001	72000000	0.0031720162310528	959642	3044	959642	0
pop1	NC_138418.1	72000001	73000000	0.0011297548289914	281477	318	281477	0
pop1	NW_027184086.1	1	1000000	0.00017269232911815	718040	124	718040	0
pop1	NW_027184086.1	1000001	2000000	0.00013733279220114	975732	134	975732	0
pop1	NW_027184086.1	2000001	3000000	0.00046778405543026	932054	436	932054	0
pop1	NW_027184086.1	3000001	4000000	0.0012509812708961	673871	843	673871	0
pop1	NW_027184086.1	4000001	5000000	0	542	0	542	0
pop1	NW_027184087.1	1	1000000	0.0027976411058803	874308	2446	874308	0
pop1	NW_027184087.1	1000001	2000000	0.00053330466992988	241888	129	241888	0
pop1	NW_027184088.1	1	1000000	0.0012881854987118	54340	70	54340	0
pop1	NW_027184088.1	1000001	2000000	0	395	0	395	0
pop1	NW_027183733.1	1	1000000	0.00050006250781348	7999	4	7999	0
pop1	NW_027183733.1	1000001	2000000	0.0002724795640327	3670	1	3670	0
pop1	NW_027183733.1	2000001	3000000	0.00036068530207394	5545	2	5545	0
pop1	NW_027183733.1	3000001	4000000	0	1177	0	1177	0
pop1	NW_027183733.1	4000001	5000000	0	1004	0	1004	0
pop1	NW_027183804.1	1	1000000	0.00014181379848259	14103	2	14103	0
pop1	NW_027183804.1	1000001	2000000	0.0039659648110759	180284	715	180284	0
pop1	NW_027183804.1	2000001	3000000	0.0023290281600678	141690	330	141690	0
pop1	NW_027183804.1	3000001	4000000	0.0019156054392402	37064	71	37064	0
pop1	NW_027183804.1	4000001	5000000	0.0017633025619749	9641	17	9641	0
pop1	NW_027183894.1	1	1000000	0.00030211480362538	3310	1	3310	0
pop1	NW_027183894.1	1000001	2000000	0.0013384321223709	5230	7	5230	0
pop1	NW_027183894.1	2000001	3000000	0	1500	0	1500	0
pop1	NW_027183894.1	3000001	4000000	0	393	0	393	0
pop1	NW_027183905.1	1	1000000	0.0030760071442747	352730	1085	352730	0
pop1	NW_027183905.1	1000001	2000000	0.0026273857158033	141205	371	141205	0
pop1	NW_027183905.1	2000001	3000000	0.0016304648206489	108558	177	108558	0
pop1	NW_027183916.1	1	1000000	0.0027700831024931	361	1	361	0
pop1	NW_027183916.1	1000001	2000000	0.004881450488145	1434	7	1434	0
pop1	NW_027183916.1	2000001	3000000	0	1164	0	1164	0
pop1	NW_027183927.1	1	1000000	0	1050	0	1050	0
pop1	NW_027183927.1	1000001	2000000	0.0024038461538462	416	1	416	0
pop1	NW_027183927.1	2000001	3000000	0.00056511365063418	15926	9	15926	0
pop1	NW_027183938.1	1	1000000	0.001280409731114	3905	5	3905	0
pop1	NW_027183938.1	1000001	2000000	0	321	0	321	0
pop1	NW_027183938.1	2000001	3000000	0	92	0	92	0
pop1	NW_027183949.1	1	1000000	0.0066758710954334	250604	1673	250604	0
pop1	NW_027183949.1	1000001	2000000	0.00032137118371719	9335	3	9335	0
pop1	NW_027183949.1	2000001	3000000	0.0012254901960784	7344	9	7344	0
pop1	NW_027183960.1	1	1000000	0.00049115913555992	2036	1	2036	0
pop1	NW_027183960.1	1000001	2000000	0.0004151100041511	2409	1	2409	0
pop1	NW_027183960.1	2000001	3000000	0	739	0	739	0
pop1	NW_027183981.1	1	1000000	0.002317936353072	160919	373	160919	0
pop1	NW_027183981.1	1000001	2000000	0.00063147554786351	85514	54	85514	0
pop1	NW_027183981.1	2000001	3000000	0.0015495446513525	110355	171	110355	0
pop1	NW_027183992.1	1	1000000	0.0051034005863328	277658	1417	277658	0
pop1	NW_027183992.1	1000001	2000000	0	202	0	202	0
pop1	NW_027183992.1	2000001	3000000	0	337	0	337	0
pop1	NW_027184003.1	1	1000000	0.0022865853658537	1312	3	1312	0
pop1	NW_027184003.1	1000001	2000000	0.00073152889539137	2734	2	2734	0
pop1	NW_027184003.1	2000001	3000000	0	243	0	243	0
pop1	NW_027184024.1	1	1000000	0.00049714143673875	4023	2	4023	0
pop1	NW_027184024.1	1000001	2000000	0	439	0	439	0
pop1	NW_027184024.1	2000001	3000000	0	434	0	434	0
pop1	NW_027184055.1	1	1000000	0.0013872971831835	16579	23	16579	0
pop1	NW_027184055.1	1000001	2000000	0.0013307367737747	30810	41	30810	0
pop1	NW_027184055.1	2000001	3000000	0.00091810503121557	5446	5	5446	0
pop1	NW_027184058.1	1	1000000	0.0024298652529269	4527	11	4527	0
pop1	NW_027184058.1	1000001	2000000	0.001890359168242	529	1	529	0
pop1	NW_027184058.1	2000001	3000000	0	2492	0	2492	0
pop1	NW_027184059.1	1	1000000	0.0041580041580042	1924	8	1924	0
pop1	NW_027184059.1	1000001	2000000	0.0043165467625899	1390	6	1390	0
pop1	NW_027184060.1	1	1000000	0.001460023174971	43150	63	43150	0
pop1	NW_027184060.1	1000001	2000000	0	292	0	292	0
pop1	NW_027184061.1	1	1000000	0.0014438121868202	153067	221	153067	0
pop1	NW_027184061.1	1000001	2000000	0.0058449849092407	256117	1497	256117	0
pop1	NW_027184062.1	1	1000000	0.00021486892995273	4654	1	4654	0
pop1	NW_027184062.1	1000001	2000000	0.0041352468985648	4111	17	4111	0
pop1	NW_027184063.1	1	1000000	0.0052320768936165	161886	847	161886	0
pop1	NW_027184063.1	1000001	2000000	0.0075485716140527	277271	2093	277271	0
pop1	NW_027184064.1	1	1000000	0.00042263575240761	776082	328	776082	0
pop1	NW_027184064.1	1000001	2000000	0.00062178359285081	755890	470	755890	0
pop1	NW_027184065.1	1	1000000	0.0022010271460015	1363	3	1363	0
pop1	NW_027184065.1	1000001	2000000	0	833	0	833	0
pop1	NW_027184066.1	1	1000000	0	1303	0	1303	0
pop1	NW_027184066.1	1000001	2000000	0.0025182573659028	7942	20	7942	0
pop1	NW_027184067.1	1	1000000	0	386	0	386	0
pop1	NW_027184067.1	1000001	2000000	0.0024521824423737	2039	5	2039	0
pop1	NW_027184068.1	1	1000000	0	1106	0	1106	0
pop1	NW_027184068.1	1000001	2000000	0	625	0	625	0
pop1	NW_027184069.1	1	1000000	0.0033185840707965	6328	21	6328	0
pop1	NW_027184069.1	1000001	2000000	0.0012953367875648	772	1	772	0
pop1	NW_027184070.1	1	1000000	0	822	0	822	0
pop1	NW_027184070.1	1000001	2000000	0	283	0	283	0
pop1	NW_027184071.1	1	1000000	0.0018799304250048	113834	214	113834	0
pop1	NW_027184071.1	1000001	2000000	0.0013903655843625	12227	17	12227	0
pop1	NW_027184072.1	1	1000000	0.00028960324355633	3453	1	3453	0
pop1	NW_027184072.1	1000001	2000000	0.0033433634236041	2991	10	2991	0
pop1	NW_027184073.1	1	1000000	0	77	0	77	0
pop1	NW_027184073.1	1000001	2000000	0	201	0	201	0
pop1	NW_027184074.1	1	1000000	0.0017977320918226	21694	39	21694	0
pop1	NW_027184074.1	1000001	2000000	0	200	0	200	0
pop1	NW_027184075.1	1	1000000	0.0021235931195583	4709	10	4709	0
pop1	NW_027184075.1	1000001	2000000	0	573	0	573	0
pop1	NW_027184076.1	1	1000000	0.0018262523779328	39425	72	39425	0
pop1	NW_027184076.1	1000001	2000000	0.0038079764413191	39391	150	39391	0
pop1	NW_027184077.1	1	1000000	0.0016722408026756	3588	6	3588	0
pop1	NW_027184077.1	1000001	2000000	0	900	0	900	0
pop1	NW_027184078.1	1	1000000	0.0078763406987525	531719	4188	531719	0
pop1	NW_027184078.1	1000001	2000000	0.0091706888986398	45580	418	45580	0
pop1	NW_027184079.1	1	1000000	0.0037157454714352	2153	8	2153	0
pop1	NW_027183463.1	1	1000000	0.0011506483222805	242472	279	242472	0
pop1	NW_027183463.1	1000001	2000000	0.0013755158184319	727	1	727	0
pop1	NW_027183464.1	1	1000000	0.00066979236436705	1493	1	1493	0
pop1	NW_027183465.1	1	1000000	0.0012655024044546	3951	5	3951	0
pop1	NW_027183465.1	1000001	2000000	0.0020283975659229	493	1	493	0
pop1	NW_027183466.1	1	1000000	0.0016014412971675	19982	32	19982	0
pop1	NW_027183467.1	1	1000000	0.00021432366743516	671881	144	671881	0
pop1	NW_027183468.1	1	1000000	0.00087092840968472	5741	5	5741	0
pop1	NW_027183469.1	1	1000000	0	537	0	537	0
pop1	NW_027183470.1	1	1000000	0.0013620266957232	3671	5	3671	0
pop1	NW_027183471.1	1	1000000	0	2100	0	2100	0
pop1	NW_027183472.1	1	1000000	0.0016427104722793	7305	12	7305	0
pop1	NW_027183473.1	1	1000000	0.0025359256128487	3549	9	3549	0
pop1	NW_027183474.1	1	1000000	0.010469098347468	87018	911	87018	0
pop1	NW_027183475.1	1	1000000	0	946	0	946	0
pop1	NW_027183476.1	1	1000000	0.0096831369342987	298457	2890	298457	0
pop1	NW_027183477.1	1	1000000	0	1353	0	1353	0
pop1	NW_027183478.1	1	1000000	0	2679	0	2679	0
pop1	NW_027183479.1	1	1000000	0.00078988941548183	7596	6	7596	0
pop1	NW_027183480.1	1	1000000	0.00017828489926903	5609	1	5609	0
pop1	NW_027183481.1	1	1000000	0.0015773846344179	32332	51	32332	0
pop1	NW_027183482.1	1	1000000	0	1180	0	1180	0
pop1	NW_027183483.1	1	1000000	0	1404	0	1404	0
pop1	NW_027183484.1	1	1000000	0	626	0	626	0
pop1	NW_027183485.1	1	1000000	0	345	0	345	0
pop1	NW_027183486.1	1	1000000	0	967	0	967	0
pop1	NW_027183487.1	1	1000000	0	199	0	199	0
pop1	NW_027183488.1	1	1000000	0	171	0	171	0
pop1	NW_027183489.1	1	1000000	0	602	0	602	0
pop1	NW_027183490.1	1	1000000	0.0023677979479084	1267	3	1267	0
pop1	NW_027183491.1	1	1000000	0.009857778452119	224087	2209	224087	0
pop1	NW_027183492.1	1	1000000	0.0058923651679721	277308	1634	277308	0
pop1	NW_027183493.1	1	1000000	0.0018148820326679	2755	5	2755	0
pop1	NW_027183494.1	1	1000000	0.010231864843507	267009	2732	267009	0
pop1	NW_027183495.1	1	1000000	0	234	0	234	0
pop1	NW_027183496.1	1	1000000	0.0090222652468538	103300	932	103300	0
pop1	NW_027183497.1	1	1000000	0	55	0	55	0
pop1	NW_027183498.1	1	1000000	0	110	0	110	0
pop1	NW_027183499.1	1	1000000	0.0017626321974148	3404	6	3404	0
pop1	NW_027183500.1	1	1000000	0.011139711976287	205122	2285	205122	0
pop1	NW_027183501.1	1	1000000	0.0013632232656771	6602	9	6602	0
pop1	NW_027183502.1	1	1000000	0	476	0	476	0
pop1	NW_027183503.1	1	1000000	0	2001	0	2001	0
pop1	NW_027183504.1	1	1000000	0	547	0	547	0
pop1	NW_027183505.1	1	1000000	0	282	0	282	0
pop1	NW_027183506.1	1	1000000	0	379	0	379	0
pop1	NW_027183507.1	1	1000000	0	700	0	700	0
pop1	NW_027183508.1	1	1000000	0	854	0	854	0
pop1	NW_027183509.1	1	1000000	0	197	0	197	0
pop1	NW_027183511.1	1	1000000	0.0020013342228152	1499	3	1499	0
pop1	NW_027183512.1	1	1000000	0	3718	0	3718	0
pop1	NW_027183513.1	1	1000000	0	445	0	445	0
pop1	NW_027183514.1	1	1000000	0.0036036036036036	555	2	555	0
pop1	NW_027183515.1	1	1000000	0	187	0	187	0
pop1	NW_027183516.1	1	1000000	0.0055374359341959	55802	309	55802	0
pop1	NW_027183518.1	1	1000000	0.0043165467625899	695	3	695	0
pop1	NW_027183519.1	1	1000000	0	430	0	430	0
pop1	NW_027183520.1	1	1000000	0.0033444816053512	31096	104	31096	0
pop1	NW_027183521.1	1	1000000	0	445	0	445	0
pop1	NW_027183523.1	1	1000000	0.009438935195862	121412	1146	121412	0
pop1	NW_027183524.1	1	1000000	0	374	0	374	0
pop1	NW_027183525.1	1	1000000	0	78	0	78	0
pop1	NW_027183526.1	1	1000000	0	291	0	291	0
pop1	NW_027183528.1	1	1000000	0.0090436754686817	107589	973	107589	0
pop1	NW_027183529.1	1	1000000	0.013744054592127	156213	2147	156213	0
pop1	NW_027183530.1	1	1000000	0.01097229414811	92688	1017	92688	0
pop1	NW_027183531.1	1	1000000	0.0013623978201635	2936	4	2936	0
pop1	NW_027183532.1	1	1000000	0.0030959752321981	323	1	323	0
pop1	NW_027183533.1	1	1000000	0.0043010752688172	465	2	465	0
pop1	NW_027183534.1	1	1000000	0.0086721897644762	136759	1186	136759	0
pop1	NW_027183535.1	1	1000000	0.010329673766851	127884	1321	127884	0
pop1	NW_027183536.1	1	1000000	0.0093895648821201	176366	1656	176366	0
pop1	NW_027183537.1	1	1000000	0	274	0	274	0
pop1	NW_027183538.1	1	1000000	0.0024038461538462	416	1	416	0
pop1	NW_027183539.1	1	1000000	0	694	0	694	0
pop1	NW_027183540.1	1	1000000	0	63	0	63	0
pop1	NW_027183541.1	1	1000000	0.0042174473965121	152699	644	152699	0
pop1	NW_027183543.1	1	1000000	0	1288	0	1288	0
pop1	NW_027183544.1	1	1000000	0.0028490028490028	351	1	351	0
pop1	NW_027183546.1	1	1000000	0	170	0	170	0
pop1	NW_027183548.1	1	1000000	0	213	0	213	0
pop1	NW_027183549.1	1	1000000	0	771	0	771	0
pop1	NW_027183550.1	1	1000000	0.01001398178589	105852	1060	105852	0
pop1	NW_027183551.1	1	1000000	0.011211107534256	142894	1602	142894	0
pop1	NW_027183552.1	1	1000000	0.0015243902439024	1312	2	1312	0
pop1	NW_027183553.1	1	1000000	0.0071823854939362	93423	671	93423	0
pop1	NW_027183554.1	1	1000000	0	272	0	272	0
pop1	NW_027183555.1	1	1000000	0	490	0	490	0
pop1	NW_027183556.1	1	1000000	0	409	0	409	0
pop1	NW_027183557.1	1	1000000	0.0087504557529038	115194	1008	115194	0
pop1	NW_027183558.1	1	1000000	0	183	0	183	0
pop1	NW_027183559.1	1	1000000	0.00072254335260116	1384	1	1384	0
pop1	NW_027183560.1	1	1000000	0	71	0	71	0
pop1	NW_027183561.1	1	1000000	0	83	0	83	0
pop1	NW_027183562.1	1	1000000	0.0011976047904192	1670	2	1670	0
pop1	NW_027183563.1	1	1000000	0.0054366685945633	25935	141	25935	0
pop1	NW_027183564.1	1	1000000	0	92	0	92	0
pop1	NW_027183565.1	1	1000000	0	201	0	201	0
pop1	NW_027183567.1	1	1000000	0.011131215501248	43661	486	43661	0
pop1	NW_027183568.1	1	1000000	0.0084388185654008	237	2	237	0
pop1	NW_027183569.1	1	1000000	0.0017383007783144	153023	266	153023	0
pop1	NW_027183570.1	1	1000000	0	153	0	153	0
pop1	NW_027183571.1	1	1000000	0	329	0	329	0
pop1	NW_027183572.1	1	1000000	0.0011634671320535	1719	2	1719	0
pop1	NW_027183573.1	1	1000000	0	45	0	45	0
pop1	NW_027183574.1	1	1000000	0	792	0	792	0
pop1	NW_027183576.1	1	1000000	0.0038910505836576	257	1	257	0
pop1	NW_027183577.1	1	1000000	0.0066567198439114	34852	232	34852	0
pop1	NW_027183578.1	1	1000000	0	246	0	246	0
pop1	NW_027183579.1	1	1000000	0.010396190975407	91572	952	91572	0
pop1	NW_027183580.1	1	1000000	0.0030581039755352	327	1	327	0
pop1	NW_027183583.1	1	1000000	0.0089289641521883	45470	406	45470	0
pop1	NW_027183584.1	1	1000000	0	91	0	91	0
pop1	NW_027183585.1	1	1000000	0	99	0	99	0
pop1	NW_027183586.1	1	1000000	0	161	0	161	0
pop1	NW_027183587.1	1	1000000	0	98	0	98	0
pop1	NW_027183588.1	1	1000000	0	294	0	294	0
pop1	NW_027183589.1	1	1000000	0.010500884585386	105134	1104	105134	0
pop1	NW_027183590.1	1	1000000	0	499	0	499	0
pop1	NW_027183591.1	1	1000000	0	134	0	134	0
pop1	NW_027183592.1	1	1000000	0	271	0	271	0
pop1	NW_027183593.1	1	1000000	0	101	0	101	0
pop1	NW_027183595.1	1	1000000	0.010976271520892	81084	890	81084	0
pop1	NW_027183596.1	1	1000000	0	685	0	685	0
pop1	NW_027183597.1	1	1000000	0	186	0	186	0
pop1	NW_027183598.1	1	1000000	0	63	0	63	0
pop1	NW_027183599.1	1	1000000	0	659	0	659	0
pop1	NW_027183600.1	1	1000000	0	69	0	69	0
pop1	NW_027183601.1	1	1000000	0	1367	0	1367	0
pop1	NW_027183602.1	1	1000000	0	52	0	52	0
pop1	NW_027183603.1	1	1000000	0.0016129032258065	620	1	620	0
pop1	NW_027183604.1	1	1000000	0	57	0	57	0
pop1	NW_027183606.1	1	1000000	0	22	0	22	0
pop1	NW_027183607.1	1	1000000	0	2	0	2	0
pop1	NW_027183608.1	1	1000000	0	518	0	518	0
pop1	NW_027183609.1	1	1000000	0.00041928721174004	2385	1	2385	0
pop1	NW_027183610.1	1	1000000	0	134	0	134	0
pop1	NW_027183613.1	1	1000000	0.00070462232243517	7096	5	7096	0
pop1	NW_027183614.1	1	1000000	0	124	0	124	0
pop1	NW_027183615.1	1	1000000	0.011807340337445	92993	1098	92993	0
pop1	NW_027183617.1	1	1000000	0	156	0	156	0
pop1	NW_027183618.1	1	1000000	0.0067974862126459	23391	159	23391	0
pop1	NW_027183619.1	1	1000000	0	432	0	432	0
pop1	NW_027183620.1	1	1000000	0	298	0	298	0
pop1	NW_027183623.1	1	1000000	0	312	0	312	0
pop1	NW_027183624.1	1	1000000	0.0094275232488696	23442	221	23442	0
pop1	NW_027183626.1	1	1000000	0	196	0	196	0
pop1	NW_027183627.1	1	1000000	0.00032530904359141	3074	1	3074	0
pop1	NW_027183628.1	1	1000000	0.0068086497085898	18359	125	18359	0
pop1	NW_027183631.1	1	1000000	0	46	0	46	0
pop1	NW_027183633.1	1	1000000	0.0088822183401816	40643	361	40643	0
pop1	NW_027183634.1	1	1000000	0	151	0	151	0
pop1	NW_027183635.1	1	1000000	0.0011204481792717	1785	2	1785	0
pop1	NW_027183636.1	1	1000000	0	173	0	173	0
pop1	NW_027183637.1	1	1000000	0.0024570024570025	814	2	814	0
pop1	NW_027183639.1	1	1000000	0	61	0	61	0
pop1	NW_027183642.1	1	1000000	0.00729638257659	22751	166	22751	0
pop1	NW_027183644.1	1	1000000	0	408	0	408	0
pop1	NW_027183645.1	1	1000000	0	895	0	895	0
pop1	NW_027183646.1	1	1000000	0	144	0	144	0
pop1	NW_027183648.1	1	1000000	0	81	0	81	0
pop1	NW_027183649.1	1	1000000	0	399	0	399	0
pop1	NW_027183650.1	1	1000000	0.0080194843768564	16834	135	16834	0
pop1	NW_027183651.1	1	1000000	0.0031318681318681	72800	228	72800	0
pop1	NW_027183653.1	1	1000000	0	41	0	41	0
pop1	NW_027183654.1	1	1000000	0	287	0	287	0
pop1	NW_027183655.1	1	1000000	0	125	0	125	0
pop1	NW_027183656.1	1	1000000	0	114	0	114	0
pop1	NW_027183657.1	1	1000000	0	137	0	137	0
pop1	NW_027183658.1	1	1000000	0.0084263065179096	68120	574	68120	0
pop1	NW_027183660.1	1	1000000	0	106	0	106	0
pop1	NW_027183661.1	1	1000000	0	69	0	69	0
pop1	NW_027183664.1	1	1000000	0.0084485006518905	19175	162	19175	0
pop1	NW_027183666.1	1	1000000	0	245	0	245	0
pop1	NW_027183667.1	1	1000000	0	227	0	227	0
pop1	NW_027183668.1	1	1000000	0	38	0	38	0
pop1	NW_027183669.1	1	1000000	0.0077220077220077	21756	168	21756	0
pop1	NW_027183670.1	1	1000000	0	94	0	94	0
pop1	NW_027183672.1	1	1000000	0.0059171597633136	10309	61	10309	0
pop1	NW_027183674.1	1	1000000	0	129	0	129	0
pop1	NW_027183675.1	1	1000000	0	434	0	434	0
pop1	NW_027183676.1	1	1000000	0.0092604841910306	22677	210	22677	0
pop1	NW_027183677.1	1	1000000	0	111	0	111	0
pop1	NW_027183678.1	1	1000000	0	925	0	925	0
pop1	NW_027183679.1	1	1000000	0.0095161252046798	42139	401	42139	0
pop1	NW_027183681.1	1	1000000	0	109	0	109	0
pop1	NW_027183682.1	1	1000000	0.0068930421909697	21616	149	21616	0
pop1	NW_027183683.1	1	1000000	0.008686856666865	16807	146	16807	0
pop1	NW_027183684.1	1	1000000	0.0024096385542169	415	1	415	0
pop1	NW_027183685.1	1	1000000	0	14	0	14	0
pop1	NW_027183686.1	1	1000000	0	265	0	265	0
pop1	NW_027183688.1	1	1000000	0.01201492318087	34041	409	34041	0
pop1	NW_027183690.1	1	1000000	0.010054137664346	23274	234	23274	0
pop1	NW_027183691.1	1	1000000	0.0025431290898275	67240	171	67240	0
pop1	NW_027183692.1	1	1000000	0.0021052631578947	1425	3	1425	0
pop1	NW_027183694.1	1	1000000	0	133	0	133	0
pop1	NW_027183695.1	1	1000000	0.013063049810233	33989	444	33989	0
pop1	NW_027183696.1	1	1000000	0	83	0	83	0
pop1	NW_027183699.1	1	1000000	0	102	0	102	0
pop1	NW_027183700.1	1	1000000	0	59	0	59	0
pop1	NW_027183702.1	1	1000000	0	408	0	408	0
pop1	NW_027183703.1	1	1000000	0	122	0	122	0
pop1	NW_027183704.1	1	1000000	0	101	0	101	0
pop1	NW_027183706.1	1	1000000	0.0082297820330006	24545	202	24545	0
pop1	NW_027183707.1	1	1000000	0	212	0	212	0
pop1	NW_027183708.1	1	1000000	0.0016671297582662	3599	6	3599	0
pop1	NW_027183709.1	1	1000000	0	84	0	84	0
pop1	NW_027183710.1	1	1000000	0	306	0	306	0
pop1	NW_027183712.1	1	1000000	0	438	0	438	0
pop1	NW_027183713.1	1	1000000	0	630	0	630	0
pop1	NW_027183714.1	1	1000000	0	146	0	146	0
pop1	NW_027183715.1	1	1000000	0	316	0	316	0
pop1	NW_027183716.1	1	1000000	0	219	0	219	0
pop1	NW_027183717.1	1	1000000	0.0018477591391616	27601	51	27601	0
pop1	NW_027183718.1	1	1000000	0.0086290093670167	17615	152	17615	0
pop1	NW_027183719.1	1	1000000	0	364	0	364	0
pop1	NW_027183720.1	1	1000000	0.0087498146225716	13486	118	13486	0
pop1	NW_027183721.1	1	1000000	0	49	0	49	0
pop1	NW_027183722.1	1	1000000	0.0081777427459481	20299	166	20299	0
pop1	NW_027183723.1	1	1000000	0	42	0	42	0
pop1	NW_027183724.1	1	1000000	0	39	0	39	0
pop1	NW_027183727.1	1	1000000	0.01143766656796	27016	309	27016	0
pop1	NW_027183728.1	1	1000000	0.0099804049640758	38275	382	38275	0
pop1	NW_027183729.1	1	1000000	0.008080531397658	14603	118	14603	0
pop1	NW_027183730.1	1	1000000	0	258	0	258	0
pop1	NW_027183731.1	1	1000000	0	55	0	55	0
pop1	NW_027183732.1	1	1000000	0	110	0	110	0
pop1	NW_027183734.1	1	1000000	0.0095162569389374	42874	408	42874	0
pop1	NW_027183735.1	1	1000000	0	243	0	243	0
pop1	NW_027183736.1	1	1000000	0.01536306101744	41398	636	41398	0
pop1	NW_027183737.1	1	1000000	0	45	0	45	0
pop1	NW_027183738.1	1	1000000	0	141	0	141	0
pop1	NW_027183739.1	1	1000000	0	39	0	39	0
pop1	NW_027183740.1	1	1000000	0	218	0	218	0
pop1	NW_027183742.1	1	1000000	0	93	0	93	0
pop1	NW_027183743.1	1	1000000	0	138	0	138	0
pop1	NW_027183744.1	1	1000000	0.010553224960671	15256	161	15256	0
pop1	NW_027183745.1	1	1000000	0	399	0	399	0
pop1	NW_027183746.1	1	1000000	0.0051813471502591	193	1	193	0
pop1	NW_027183747.1	1	1000000	0	435	0	435	0
pop1	NW_027183752.1	1	1000000	0	363	0	363	0
pop1	NW_027183753.1	1	1000000	0	32	0	32	0
pop1	NW_027183754.1	1	1000000	0	153	0	153	0
pop1	NW_027183755.1	1	1000000	0	106	0	106	0
pop1	NW_027183756.1	1	1000000	0.0088372722963364	29534	261	29534	0
pop1	NW_027183757.1	1	1000000	0	55	0	55	0
pop1	NW_027183758.1	1	1000000	0	351	0	351	0
pop1	NW_027183759.1	1	1000000	0.0088857040487281	13955	124	13955	0
pop1	NW_027183761.1	1	1000000	0.0064877090649366	16801	109	16801	0
pop1	NW_027183764.1	1	1000000	0	16	0	16	0
pop1	NW_027183765.1	1	1000000	0	400	0	400	0
pop1	NW_027183767.1	1	1000000	0	308	0	308	0
pop1	NW_027183770.1	1	1000000	0	107	0	107	0
pop1	NW_027183771.1	1	1000000	0	230	0	230	0
pop1	NW_027183773.1	1	1000000	0	9	0	9	0
pop1	NW_027183775.1	1	1000000	0.0088904086168576	17547	156	17547	0
pop1	NW_027183776.1	1	1000000	0	149	0	149	0
pop1	NW_027183777.1	1	1000000	0.0079984764806703	10502	84	10502	0
pop1	NW_027183779.1	1	1000000	0	65	0	65	0
pop1	NW_027183781.1	1	1000000	0.0066104675844502	16489	109	16489	0
pop1	NW_027183782.1	1	1000000	0	921	0	921	0
pop1	NW_027183785.1	1	1000000	0.0061291843470061	12726	78	12726	0
pop1	NW_027183786.1	1	1000000	0.010373030121684	20052	208	20052	0
pop1	NW_027183787.1	1	1000000	0	41	0	41	0
pop1	NW_027183788.1	1	1000000	0	2	0	2	0
pop1	NW_027183789.1	1	1000000	0	44	0	44	0
pop1	NW_027183790.1	1	1000000	0	83	0	83	0
pop1	NW_027183791.1	1	1000000	0	33	0	33	0
pop1	NW_027183792.1	1	1000000	0	653	0	653	0
pop1	NW_027183794.1	1	1000000	0	66	0	66	0
pop1	NW_027183795.1	1	1000000	0	98	0	98	0
pop1	NW_027183796.1	1	1000000	0.0090576395242452	10930	99	10930	0
pop1	NW_027183797.1	1	1000000	0.011640941622833	11597	135	11597	0
pop1	NW_027183800.1	1	1000000	0	52	0	52	0
pop1	NW_027183803.1	1	1000000	0.01143012654783	29396	336	29396	0
pop1	NW_027183805.1	1	1000000	0	28	0	28	0
pop1	NW_027183807.1	1	1000000	0	223	0	223	0
pop1	NW_027183810.1	1	1000000	0	12	0	12	0
pop1	NW_027183811.1	1	1000000	0	407	0	407	0
pop1	NW_027183813.1	1	1000000	0.0089647812166489	9370	84	9370	0
pop1	NW_027183815.1	1	1000000	0.0050429799426934	8725	44	8725	0
pop1	NW_027183816.1	1	1000000	0.011619566776646	13942	162	13942	0
pop1	NW_027183819.1	1	1000000	0	249	0	249	0
pop1	NW_027183821.1	1	1000000	0.0093858210315291	21948	206	21948	0
pop1	NW_027183822.1	1	1000000	0	192	0	192	0
pop1	NW_027183823.1	1	1000000	0	269	0	269	0
pop1	NW_027183825.1	1	1000000	0.0039840637450199	251	1	251	0
pop1	NW_027183826.1	1	1000000	0	109	0	109	0
pop1	NW_027183830.1	1	1000000	0.0076284115951856	5899	45	5899	0
pop1	NW_027183831.1	1	1000000	0.010557214955196	19418	205	19418	0
pop1	NW_027183832.1	1	1000000	0	120	0	120	0
pop1	NW_027183833.1	1	1000000	0	59	0	59	0
pop1	NW_027183835.1	1	1000000	0	216	0	216	0
pop1	NW_027183836.1	1	1000000	0.0083686331232565	9679	81	9679	0
pop1	NW_027183838.1	1	1000000	0	194	0	194	0
pop1	NW_027183841.1	1	1000000	0	144	0	144	0
pop1	NW_027183845.1	1	1000000	0.0031120331950207	1928	6	1928	0
pop1	NW_027183846.1	1	1000000	0	154	0	154	0
pop1	NW_027183847.1	1	1000000	0	45	0	45	0
pop1	NW_027183849.1	1	1000000	0	12	0	12	0
pop1	NW_027183852.1	1	1000000	0.00056022408963585	3570	2	3570	0
pop1	NW_027183853.1	1	1000000	0	243	0	243	0
pop1	NW_027183854.1	1	1000000	0	168	0	168	0
pop1	NW_027183856.1	1	1000000	0	24	0	24	0
pop1	NW_027183860.1	1	1000000	0	12	0	12	0
pop1	NW_027183861.1	1	1000000	0	105	0	105	0
pop1	NW_027183862.1	1	1000000	0	349	0	349	0
pop1	NW_027183865.1	1	1000000	0	47	0	47	0
pop1	NW_027183869.1	1	1000000	0	292	0	292	0
pop1	NW_027183870.1	1	1000000	0	151	0	151	0
pop1	NW_027183871.1	1	1000000	0	46	0	46	0
pop1	NW_027183872.1	1	1000000	0.013673782614762	14334	196	14334	0
pop1	NW_027183873.1	1	1000000	0.0057134265523981	6651	38	6651	0
pop1	NW_027183874.1	1	1000000	0	129	0	129	0
pop1	NW_027183875.1	1	1000000	0.0077220077220077	6216	48	6216	0
pop1	NW_027183880.1	1	1000000	0.010709504685408	13446	144	13446	0
pop1	NW_027183882.1	1	1000000	0	100	0	100	0
pop1	NW_027183883.1	1	1000000	0	173	0	173	0
pop1	NW_027183884.1	1	1000000	0	65	0	65	0
pop1	NW_027183892.1	1	1000000	0.0077904633982539	7445	58	7445	0
pop1	NW_027183893.1	1	1000000	0.008124576844956	7385	60	7385	0
pop1	NW_027183895.1	1	1000000	0	126	0	126	0
pop1	NW_027183896.1	1	1000000	0.013255951988393	15163	201	15163	0
pop1	NW_027183897.1	1	1000000	0.010474040632054	11075	116	11075	0
pop1	NW_027183899.1	1	1000000	0	138	0	138	0
pop1	NW_027183907.1	1	1000000	0	41	0	41	0
pop1	NW_027183908.1	1	1000000	0.012269260528352	9047	111	9047	0
pop1	NW_027183910.1	1	1000000	0	168	0	168	0
pop1	NW_027183912.1	1	1000000	0.0069647058823529	10625	74	10625	0
pop1	NW_027183918.1	1	1000000	0	152	0	152	0
pop1	NW_027183921.1	1	1000000	0	162	0	162	0
pop1	NW_027183922.1	1	1000000	0	36	0	36	0
pop1	NW_027183924.1	1	1000000	0.012579862314893	20191	254	20191	0
pop1	NW_027183928.1	1	1000000	0	123	0	123	0
pop1	NW_027183929.1	1	1000000	0.0090450652365325	12493	113	12493	0
pop1	NW_027183930.1	1	1000000	0	19	0	19	0
pop1	NW_027183932.1	1	1000000	0.0072190834902699	6372	46	6372	0
pop1	NW_027183935.1	1	1000000	0	6	0	6	0
pop1	NW_027183936.1	1	1000000	0	166	0	166	0
pop1	NW_027183943.1	1	1000000	0	313	0	313	0
pop1	NW_027183945.1	1	1000000	0	53	0	53	0
pop1	NW_027183946.1	1	1000000	0.0080330502639431	26142	210	26142	0
pop1	NW_027183950.1	1	1000000	0	374	0	374	0
pop1	NW_027183951.1	1	1000000	0	171	0	171	0
pop1	NW_027183953.1	1	1000000	0	124	0	124	0
pop1	NW_027183955.1	1	1000000	0.011318185686325	11751	133	11751	0
pop1	NW_027183956.1	1	1000000	0.0074771531431736	3611	27	3611	0
pop1	NW_027183957.1	1	1000000	0	100	0	100	0
pop1	NW_027183958.1	1	1000000	0.0058601134215501	5290	31	5290	0
pop1	NW_027183962.1	1	1000000	0	60	0	60	0
pop1	NW_027183963.1	1	1000000	0.007069516916344	5941	42	5941	0
pop1	NW_027183967.1	1	1000000	0.010052945513035	14921	150	14921	0
pop1	NW_027183969.1	1	1000000	0.005952380952381	168	1	168	0
pop1	NW_027183971.1	1	1000000	0.0029655990510083	3372	10	3372	0
pop1	NW_027183975.1	1	1000000	0.0010386912490262	3851	4	3851	0
pop1	NW_027183976.1	1	1000000	0	78	0	78	0
pop1	NW_027183977.1	1	1000000	0.01032753024491	6778	70	6778	0
pop1	NW_027183978.1	1	1000000	0	129	0	129	0
pop1	NW_027183979.1	1	1000000	0	181	0	181	0
pop1	NW_027183980.1	1	1000000	0.0027091093802912	2953	8	2953	0
pop1	NW_027183982.1	1	1000000	0	7	0	7	0
pop1	NW_027183983.1	1	1000000	0.0080518899575039	8942	72	8942	0
pop1	NW_027183985.1	1	1000000	0	117	0	117	0
pop1	NW_027183987.1	1	1000000	0.0071450761105934	3219	23	3219	0
pop1	NW_027183991.1	1	1000000	0.00856665273715	4786	41	4786	0
pop1	NW_027183995.1	1	1000000	0.016376122556788	13251	217	13251	0
pop1	NW_027183999.1	1	1000000	0.0051750905640849	5797	30	5797	0
pop1	NW_027184007.1	1	1000000	0.0025185392472366	7147	18	7147	0
pop1	NW_027184010.1	1	1000000	0.014510166358595	10820	157	10820	0
pop1	NW_027184011.1	1	1000000	0.0024752475247525	808	2	808	0
pop1	NW_027184012.1	1	1000000	0.0041061276058117	3166	13	3166	0
pop1	NW_027184014.1	1	1000000	0.010356731875719	6083	63	6083	0
pop1	NW_027184015.1	1	1000000	0	67	0	67	0
pop1	NW_027184016.1	1	1000000	0.014823261117446	2631	39	2631	0
pop1	NW_027184019.1	1	1000000	0.0061761546723953	3724	23	3724	0
pop1	NW_027184020.1	1	1000000	0.0074268239405854	2289	17	2289	0
pop1	NW_027184021.1	1	1000000	0.013220409006404	4841	64	4841	0
pop1	NW_027184022.1	1	1000000	0.008641975308642	12150	105	12150	0
pop1	NW_027184025.1	1	1000000	0.013590449954086	10890	148	10890	0
pop1	NW_027184026.1	1	1000000	0.010655301012254	7508	80	7508	0
pop1	NW_027184028.1	1	1000000	0.0091269475430995	10847	99	10847	0
pop1	NW_027184029.1	1	1000000	0	235	0	235	0
pop1	NW_027184030.1	1	1000000	0.0092226613965744	3795	35	3795	0
pop1	NW_027184033.1	1	1000000	0.012911057161774	9062	117	9062	0
pop1	NW_027184036.1	1	1000000	0.006456820016142	14868	96	14868	0
pop1	NW_027184040.1	1	1000000	0	43	0	43	0
pop1	NW_027184042.1	1	1000000	0.009	5000	45	5000	0
pop1	NW_027184043.1	1	1000000	0.0091566809857563	8846	81	8846	0
pop1	NW_027184044.1	1	1000000	0.0056315366049879	3729	21	3729	0
pop1	NW_027184045.1	1	1000000	0	108	0	108	0
pop1	NW_027184047.1	1	1000000	0	36	0	36	0
pop1	NW_027184048.1	1	1000000	0.00067476383265857	1482	1	1482	0
pop1	NW_027184049.1	1	1000000	0	185	0	185	0
pop1	NW_027184050.1	1	1000000	0.00418410041841	2151	9	2151	0
pop1	NW_027184051.1	1	1000000	0	304	0	304	0
pop1	NC_051467.1	1	1000000	0.0063897763578275	313	2	313	0
