pop	chromosome	window_pos_1	window_pos_2	avg_pi	no_sites	count_diffs	count_comparisons	count_missing
pop1	NC_091013.1	1	1000000	0.0031392023927883	600471	1885	600471	0
pop1	NC_091013.1	1000001	2000000	0.0042201040804773	734816	3101	734816	0
pop1	NC_091013.1	2000001	3000000	0.0045911878264819	880600	4043	880600	0
pop1	NC_091013.1	3000001	4000000	0.0040441963330242	897088	3628	897088	0
pop1	NC_091013.1	4000001	5000000	0.0043782809150192	938953	4111	938953	0
pop1	NC_091013.1	5000001	6000000	0.0039091731307835	960817	3756	960817	0
pop1	NC_091013.1	6000001	7000000	0.0036580965975937	956235	3498	956235	0
pop1	NC_091013.1	7000001	8000000	0.0035413904562493	960922	3403	960922	0
pop1	NC_091013.1	8000001	9000000	0.0040098474196795	950909	3813	950909	0
pop1	NC_091013.1	9000001	10000000	0.0038117704970006	958872	3655	958872	0
pop1	NC_091013.1	10000001	11000000	0.0040711299852903	962632	3919	962632	0
pop1	NC_091013.1	11000001	12000000	0.0036307135841743	949951	3449	949951	0
pop1	NC_091013.1	12000001	13000000	0.003800612380361	934060	3550	934060	0
pop1	NC_091013.1	13000001	14000000	0.0030763378691995	962183	2960	962183	0
pop1	NC_091013.1	14000001	15000000	0.0032516456499326	958284	3116	958284	0
pop1	NC_091013.1	15000001	16000000	0.0033178110486509	970218	3219	970218	0
pop1	NC_091013.1	16000001	17000000	0.0030645454222831	958054	2936	958054	0
pop1	NC_091013.1	17000001	18000000	0.0033812071016015	937535	3170	937535	0
pop1	NC_091013.1	18000001	19000000	0.002765073624058	943917	2610	943917	0
pop1	NC_091013.1	19000001	20000000	0.0036031042128603	963336	3471	963336	0
pop1	NC_091013.1	20000001	21000000	0.0026694519405022	961246	2566	961246	0
pop1	NC_091013.1	21000001	22000000	0.0031135580639594	961922	2995	961922	0
pop1	NC_091013.1	22000001	23000000	0.0036877740629358	952336	3512	952336	0
pop1	NC_091013.1	23000001	24000000	0.0032681008772713	951929	3111	951929	0
pop1	NC_091013.1	24000001	25000000	0.0032445367649894	959459	3113	959459	0
pop1	NC_091013.1	25000001	26000000	0.0026729423912218	960739	2568	960739	0
pop1	NC_091013.1	26000001	27000000	0.0029777004726559	948047	2823	948047	0
pop1	NC_091013.1	27000001	28000000	0.0029210755496358	956497	2794	956497	0
pop1	NC_091013.1	28000001	29000000	0.0030928619113211	946696	2928	946696	0
pop1	NC_091013.1	29000001	30000000	0.0020898153909977	964200	2015	964200	0
pop1	NC_091013.1	30000001	31000000	0.002674632457227	969479	2593	969479	0
pop1	NC_091013.1	31000001	32000000	0.0024397608424171	950503	2319	950503	0
pop1	NC_091013.1	32000001	33000000	0.0014194933421217	967951	1374	967951	0
pop1	NC_091013.1	33000001	34000000	0.0026581301626318	944649	2511	944649	0
pop1	NC_091013.1	34000001	35000000	0.002360708835529	963270	2274	963270	0
pop1	NC_091013.1	35000001	36000000	0.0031373684216007	960359	3013	960359	0
pop1	NC_091013.1	36000001	37000000	0.0018456015401013	968248	1787	968248	0
pop1	NC_091013.1	37000001	38000000	0.0030735329441375	957530	2943	957530	0
pop1	NC_091013.1	38000001	39000000	0.0029766549394981	954763	2842	954763	0
pop1	NC_091013.1	39000001	40000000	0.0026112869676261	960063	2507	960063	0
pop1	NC_091013.1	40000001	41000000	0.0029102278005899	966591	2813	966591	0
pop1	NC_091013.1	41000001	42000000	0.0028598685165599	964380	2758	964380	0
pop1	NC_091013.1	42000001	43000000	0.0030485472503864	954225	2909	954225	0
pop1	NC_091013.1	43000001	44000000	0.0030894557748778	960687	2968	960687	0
pop1	NC_091013.1	44000001	45000000	0.0039606730935119	950596	3765	950596	0
pop1	NC_091013.1	45000001	46000000	0.0038055968924157	938092	3570	938092	0
pop1	NC_091013.1	46000001	47000000	0.003643101694825	939035	3421	939035	0
pop1	NC_091013.1	47000001	48000000	0.0038109305136462	946488	3607	946488	0
pop1	NC_091013.1	48000001	49000000	0.0034983842385072	959300	3356	959300	0
pop1	NC_091013.1	49000001	50000000	0.0027261909821087	941240	2566	941240	0
pop1	NC_091013.1	50000001	51000000	0.0032154641294575	963158	3097	963158	0
pop1	NC_091013.1	51000001	52000000	0.0025911936668909	966350	2504	966350	0
pop1	NC_091013.1	52000001	53000000	0.0025736905416873	965151	2484	965151	0
pop1	NC_091013.1	53000001	54000000	0.0029043896196469	959582	2787	959582	0
pop1	NC_091013.1	54000001	55000000	0.0036076055933997	962134	3471	962134	0
pop1	NC_091013.1	55000001	56000000	0.0034383515218666	953073	3277	953073	0
pop1	NC_091013.1	56000001	57000000	0.004274150049636	952938	4073	952938	0
pop1	NC_091013.1	57000001	58000000	0.0034018865006958	77604	264	77604	0
pop1	NC_091013.1	58000001	59000000	0.0030911730083287	451932	1397	451932	0
pop1	NC_091013.1	59000001	60000000	0.0028950930713815	964045	2791	964045	0
pop1	NC_091013.1	60000001	61000000	0.0039311567642371	948067	3727	948067	0
pop1	NC_091013.1	61000001	62000000	0.003410300024956	957687	3266	957687	0
pop1	NC_091013.1	62000001	63000000	0.0028179489298405	968080	2728	968080	0
pop1	NC_091013.1	63000001	64000000	0.0032470031263586	961502	3122	961502	0
pop1	NC_091013.1	64000001	65000000	0.0035079444933551	954120	3347	954120	0
pop1	NC_091013.1	65000001	66000000	0.0030630338460502	949712	2909	949712	0
pop1	NC_091013.1	66000001	67000000	0.0028015113360778	945918	2650	945918	0
pop1	NC_091013.1	67000001	68000000	0.0032325054539352	953440	3082	953440	0
pop1	NC_091013.1	68000001	69000000	0.0033262253020219	959947	3193	959947	0
pop1	NC_091013.1	69000001	70000000	0.003229144421163	969297	3130	969297	0
pop1	NC_091013.1	70000001	71000000	0.0029684072233308	968196	2874	968196	0
pop1	NC_091013.1	71000001	72000000	0.0031239149430761	953291	2978	953291	0
pop1	NC_091013.1	72000001	73000000	0.0031164581047688	960706	2994	960706	0
pop1	NC_091013.1	73000001	74000000	0.0031146089735285	555768	1731	555768	0
pop1	NC_091013.1	74000001	75000000	0.0028054757478452	414190	1162	414190	0
pop1	NC_091013.1	75000001	76000000	0.0029364055454465	951844	2795	951844	0
pop1	NC_091013.1	76000001	77000000	0.0027283943634829	954774	2605	954774	0
pop1	NC_091013.1	77000001	78000000	0.0033655661882478	955857	3217	955857	0
pop1	NC_091013.1	78000001	79000000	0.003111877154497	957300	2979	957300	0
pop1	NC_091013.1	79000001	80000000	0.0037807242577157	957753	3621	957753	0
pop1	NC_091013.1	80000001	81000000	0.0041482026522041	967648	4014	967648	0
pop1	NC_091013.1	81000001	82000000	0.0040510996970894	949125	3845	949125	0
pop1	NC_091013.1	82000001	83000000	0.0035823511039469	954122	3418	954122	0
pop1	NC_091013.1	83000001	84000000	0.0039587154606236	540832	2141	540832	0
pop1	NC_091013.1	84000001	85000000	0.0035135479372219	777277	2731	777277	0
pop1	NC_091013.1	85000001	86000000	0.0034778939058649	952588	3313	952588	0
pop1	NC_091013.1	86000001	87000000	0.0039961735642746	954413	3814	954413	0
pop1	NC_091013.1	87000001	88000000	0.0033424151118564	956494	3197	956494	0
pop1	NC_091013.1	88000001	89000000	0.0037625452966618	958128	3605	958128	0
pop1	NC_091013.1	89000001	90000000	0.003871105562031	964324	3733	964324	0
pop1	NC_091013.1	90000001	91000000	0.0037280417287568	948219	3535	948219	0
pop1	NC_091013.1	91000001	92000000	0.0038665788249557	950194	3674	950194	0
pop1	NC_091013.1	92000001	93000000	0.0034451592839511	823184	2836	823184	0
pop1	NC_091013.1	93000001	94000000	0.0037645521858898	930788	3504	930788	0
pop1	NC_091013.1	94000001	95000000	0.0035762237325534	960790	3436	960790	0
pop1	NC_091013.1	95000001	96000000	0.0039937703513463	947726	3785	947726	0
pop1	NC_091013.1	96000001	97000000	0.0032954373674032	959205	3161	959205	0
pop1	NC_091013.1	97000001	98000000	0.0032142685024736	954494	3068	954494	0
pop1	NC_091013.1	98000001	99000000	0.0036063340034598	955541	3446	955541	0
pop1	NC_091013.1	99000001	100000000	0.0033363777780558	959124	3200	959124	0
pop1	NC_091013.1	100000001	101000000	0.0034425628770948	968755	3335	968755	0
pop1	NC_091013.1	101000001	102000000	0.0038963262017239	958082	3733	958082	0
pop1	NC_091013.1	102000001	103000000	0.003643226233748	952727	3471	952727	0
pop1	NC_091013.1	103000001	104000000	0.003064121813614	947743	2904	947743	0
pop1	NC_091013.1	104000001	105000000	0.0018979058286301	942091	1788	942091	0
pop1	NC_091013.1	105000001	106000000	0.00029922667392065	771990	231	771990	0
pop1	NC_091013.1	106000001	107000000	0.002325825953488	893876	2079	893876	0
pop1	NC_091013.1	107000001	108000000	0.0033161297775543	882957	2928	882957	0
pop1	NC_091013.1	108000001	109000000	0.0037551955789232	897157	3369	897157	0
pop1	NC_091013.1	109000001	110000000	0.0039511067476274	959478	3791	959478	0
pop1	NC_091013.1	110000001	111000000	0.0038431745488189	969511	3726	969511	0
pop1	NC_091013.1	111000001	112000000	0.0047937254772592	970018	4650	970018	0
pop1	NC_091013.1	112000001	113000000	0.0043518952289831	958433	4171	958433	0
pop1	NC_091013.1	113000001	114000000	0.0044617205366949	962409	4294	962409	0
pop1	NC_091013.1	114000001	115000000	0.0040755110011717	960125	3913	960125	0
pop1	NC_091013.1	115000001	116000000	0.0034579519313341	957214	3310	957214	0
pop1	NC_091013.1	116000001	117000000	0.0034013394774221	968736	3295	968736	0
pop1	NC_091013.1	117000001	118000000	0.0040868427936176	955750	3906	955750	0
pop1	NC_091013.1	118000001	119000000	0.0026402991567704	864296	2282	864296	0
pop1	NC_091013.1	119000001	120000000	0.0039552363674792	908416	3593	908416	0
pop1	NC_091013.1	120000001	121000000	0.0035541858290556	209612	745	209612	0
pop1	NC_091014.1	1	1000000	0.00064384117408407	113382	73	113382	0
pop1	NC_091014.1	1000001	2000000	0.0054665729336608	749647	4098	749647	0
pop1	NC_091014.1	2000001	3000000	0.0051648507938214	892959	4612	892959	0
pop1	NC_091014.1	3000001	4000000	0.0046813807015097	931990	4363	931990	0
pop1	NC_091014.1	4000001	5000000	0.0045013500828094	931054	4191	931054	0
pop1	NC_091014.1	5000001	6000000	0.0040204280084975	963579	3874	963579	0
pop1	NC_091014.1	6000001	7000000	0.0034779947773601	973837	3387	973837	0
pop1	NC_091014.1	7000001	8000000	0.0034758213046644	933880	3246	933880	0
pop1	NC_091014.1	8000001	9000000	0.0033687546332106	745973	2513	745973	0
pop1	NC_091014.1	9000001	10000000	0.0031414732828882	822544	2584	822544	0
pop1	NC_091014.1	10000001	11000000	0.0037669308184247	957278	3606	957278	0
pop1	NC_091014.1	11000001	12000000	0.0041243486983302	964031	3976	964031	0
pop1	NC_091014.1	12000001	13000000	0.0037161662090518	959322	3565	959322	0
pop1	NC_091014.1	13000001	14000000	0.0035036626375755	965561	3383	965561	0
pop1	NC_091014.1	14000001	15000000	0.0029482193748409	966346	2849	966346	0
pop1	NC_091014.1	15000001	16000000	0.0020552269905079	950260	1953	950260	0
pop1	NC_091014.1	16000001	17000000	0.0035804420719835	950162	3402	950162	0
pop1	NC_091014.1	17000001	18000000	0.0028303725232938	959591	2716	959591	0
pop1	NC_091014.1	18000001	19000000	0.0035086217515758	957926	3361	957926	0
pop1	NC_091014.1	19000001	20000000	0.0027401849676555	967088	2650	967088	0
pop1	NC_091014.1	20000001	21000000	0.0024309569245392	949009	2307	949009	0
pop1	NC_091014.1	21000001	22000000	0.0024422154382904	963060	2352	963060	0
pop1	NC_091014.1	22000001	23000000	0.0032166665100108	957513	3080	957513	0
pop1	NC_091014.1	23000001	24000000	0.0026415286494469	942636	2490	942636	0
pop1	NC_091014.1	24000001	25000000	0.0026343372013822	964569	2541	964569	0
pop1	NC_091014.1	25000001	26000000	0.0026894050177045	926599	2492	926599	0
pop1	NC_091014.1	26000001	27000000	0.002357438278074	963758	2272	963758	0
pop1	NC_091014.1	27000001	28000000	0.002441337160066	947022	2312	947022	0
pop1	NC_091014.1	28000001	29000000	0.0028740756499259	958917	2756	958917	0
pop1	NC_091014.1	29000001	30000000	0.0030211761976473	965518	2917	965518	0
pop1	NC_091014.1	30000001	31000000	0.0026036350911689	960196	2500	960196	0
pop1	NC_091014.1	31000001	32000000	0.0025356118840043	961898	2439	961898	0
pop1	NC_091014.1	32000001	33000000	0.0030537031637493	956871	2922	956871	0
pop1	NC_091014.1	33000001	34000000	0.0022615347092127	963505	2179	963505	0
pop1	NC_091014.1	34000001	35000000	0.0024349842463739	955653	2327	955653	0
pop1	NC_091014.1	35000001	36000000	0.0022729480533182	957347	2176	957347	0
pop1	NC_091014.1	36000001	37000000	0.002603090653665	968080	2520	968080	0
pop1	NC_091014.1	37000001	38000000	0.002630515843537	967871	2546	967871	0
pop1	NC_091014.1	38000001	39000000	0.003151451117074	931317	2935	931317	0
pop1	NC_091014.1	39000001	40000000	0.0034588872984378	969676	3354	969676	0
pop1	NC_091014.1	40000001	41000000	0.0031375247126699	965092	3028	965092	0
pop1	NC_091014.1	41000001	42000000	0.0028178769894369	952845	2685	952845	0
pop1	NC_091014.1	42000001	43000000	0.0037506968677087	968620	3633	968620	0
pop1	NC_091014.1	43000001	44000000	0.0035457625299093	968762	3435	968762	0
pop1	NC_091014.1	44000001	45000000	0.0033351603462362	966970	3225	966970	0
pop1	NC_091014.1	45000001	46000000	0.0033413220202994	962194	3215	962194	0
pop1	NC_091014.1	46000001	47000000	0.0026464417602748	971871	2572	971871	0
pop1	NC_091014.1	47000001	48000000	0.0019854686713186	556040	1104	556040	0
pop1	NC_091014.1	48000001	49000000	0.0062344139650873	2406	15	2406	0
pop1	NC_091014.1	49000001	50000000	0.001929402304114	716284	1382	716284	0
pop1	NC_091014.1	50000001	51000000	0.0033131902719486	868951	2879	868951	0
pop1	NC_091014.1	51000001	52000000	0.0027629039452239	946106	2614	946106	0
pop1	NC_091014.1	52000001	53000000	0.0026134585781486	954291	2494	954291	0
pop1	NC_091014.1	53000001	54000000	0.0026906709689264	947719	2550	947719	0
pop1	NC_091014.1	54000001	55000000	0.0028288812081161	946664	2678	946664	0
pop1	NC_091014.1	55000001	56000000	0.0022682197065218	733615	1664	733615	0
pop1	NC_091014.1	56000001	57000000	0.0033351141195762	971481	3240	971481	0
pop1	NC_091014.1	57000001	58000000	0.0036779695926491	951612	3500	951612	0
pop1	NC_091014.1	58000001	59000000	0.0037762316873126	441975	1669	441975	0
pop1	NC_091014.1	59000001	60000000	0.003196660997117	663192	2120	663192	0
pop1	NC_091014.1	60000001	61000000	0.0035007179062091	945806	3311	945806	0
pop1	NC_091014.1	61000001	62000000	0.0042609728157676	955885	4073	955885	0
pop1	NC_091014.1	62000001	63000000	0.0038907067029996	950470	3698	950470	0
pop1	NC_091014.1	63000001	64000000	0.0037142577012698	958738	3561	958738	0
pop1	NC_091014.1	64000001	65000000	0.0034734055664513	933090	3241	933090	0
pop1	NC_091014.1	65000001	66000000	0.0039514128800275	950293	3755	950293	0
pop1	NC_091014.1	66000001	67000000	0.0041105352237437	948295	3898	948295	0
pop1	NC_091014.1	67000001	68000000	0.0038130710435342	926812	3534	926812	0
pop1	NC_091014.1	68000001	69000000	0.0036584233152053	721349	2639	721349	0
pop1	NC_091014.1	69000001	70000000	0.0035093150580362	943204	3310	943204	0
pop1	NC_091014.1	70000001	71000000	0.0023380971046582	943930	2207	943930	0
pop1	NC_091014.1	71000001	72000000	0.00082606764849591	853441	705	853441	0
pop1	NC_091014.1	72000001	73000000	0	171	0	171	0
pop1	NC_091014.1	73000001	74000000	0.00053316524182852	761490	406	761490	0
pop1	NC_091014.1	74000001	75000000	0.0016120325738119	948492	1529	948492	0
pop1	NC_091014.1	75000001	76000000	0.0036466249267303	963905	3515	963905	0
pop1	NC_091014.1	76000001	77000000	0.0039540519420059	962304	3805	962304	0
pop1	NC_091014.1	77000001	78000000	0.0043360365746146	958479	4156	958479	0
pop1	NC_091014.1	78000001	79000000	0.0033285707226657	951159	3166	951159	0
pop1	NC_091014.1	79000001	80000000	0.0016389810762165	907271	1487	907271	0
pop1	NC_091014.1	80000001	81000000	0	1349	0	1349	0
pop1	NC_091015.1	1	1000000	0.0025768297653984	762953	1966	762953	0
pop1	NC_091015.1	1000001	2000000	0.0053175316382997	888006	4722	888006	0
pop1	NC_091015.1	2000001	3000000	0.0048597602860646	934614	4542	934614	0
pop1	NC_091015.1	3000001	4000000	0.0045303478983361	938780	4253	938780	0
pop1	NC_091015.1	4000001	5000000	0.004243806583652	956217	4058	956217	0
pop1	NC_091015.1	5000001	6000000	0.0037722126900997	956998	3610	956998	0
pop1	NC_091015.1	6000001	7000000	0.0034536170105592	952914	3291	952914	0
pop1	NC_091015.1	7000001	8000000	0.004332913031265	946938	4103	946938	0
pop1	NC_091015.1	8000001	9000000	0.0033094907654532	964801	3193	964801	0
pop1	NC_091015.1	9000001	10000000	0.0031848371499909	952011	3032	952011	0
pop1	NC_091015.1	10000001	11000000	0.0033058329954405	966776	3196	966776	0
pop1	NC_091015.1	11000001	12000000	0.0037717396720985	963216	3633	963216	0
pop1	NC_091015.1	12000001	13000000	0.0034506782422262	945901	3264	945901	0
pop1	NC_091015.1	13000001	14000000	0.0028110613820639	969029	2724	969029	0
pop1	NC_091015.1	14000001	15000000	0.0027966597466336	965795	2701	965795	0
pop1	NC_091015.1	15000001	16000000	0.0033393125897797	962773	3215	962773	0
pop1	NC_091015.1	16000001	17000000	0.00283090482374	919494	2603	919494	0
pop1	NC_091015.1	17000001	18000000	0.0031339468957072	937476	2938	937476	0
pop1	NC_091015.1	18000001	19000000	0.0025383789934757	956122	2427	956122	0
pop1	NC_091015.1	19000001	20000000	0.0033793438129016	962317	3252	962317	0
pop1	NC_091015.1	20000001	21000000	0.0030303157930204	949736	2878	949736	0
pop1	NC_091015.1	21000001	22000000	0.0026195739811178	961225	2518	961225	0
pop1	NC_091015.1	22000001	23000000	0.0036318322393169	947731	3442	947731	0
pop1	NC_091015.1	23000001	24000000	0.0027217988196452	953781	2596	953781	0
pop1	NC_091015.1	24000001	25000000	0.0035396240521898	765053	2708	765053	0
pop1	NC_091015.1	25000001	26000000	0.0013106159895151	763	1	763	0
pop1	NC_091015.1	26000001	27000000	NA	0	NA	NA	NA
pop1	NC_091015.1	27000001	28000000	NA	0	NA	NA	NA
pop1	NC_091015.1	28000001	29000000	NA	0	NA	NA	NA
pop1	NC_091015.1	29000001	30000000	NA	0	NA	NA	NA
pop1	NC_091015.1	30000001	31000000	NA	0	NA	NA	NA
pop1	NC_091015.1	31000001	32000000	0	61	0	61	0
pop1	NC_091015.1	32000001	33000000	0.018867924528302	53	1	53	0
pop1	NC_091015.1	33000001	34000000	NA	0	NA	NA	NA
pop1	NC_091015.1	34000001	35000000	NA	0	NA	NA	NA
pop1	NC_091015.1	35000001	36000000	NA	0	NA	NA	NA
pop1	NC_091015.1	36000001	37000000	NA	0	NA	NA	NA
pop1	NC_091015.1	37000001	38000000	NA	0	NA	NA	NA
pop1	NC_091015.1	38000001	39000000	NA	0	NA	NA	NA
pop1	NC_091015.1	39000001	40000000	0.0036234179478743	489317	1773	489317	0
pop1	NC_091015.1	40000001	41000000	0.0035620886033	957865	3412	957865	0
pop1	NC_091015.1	41000001	42000000	0.0031294531839392	966303	3024	966303	0
pop1	NC_091015.1	42000001	43000000	0.0027209930735505	955901	2601	955901	0
pop1	NC_091015.1	43000001	44000000	0.0030086409160675	966217	2907	966217	0
pop1	NC_091015.1	44000001	45000000	0.0028241966130384	964168	2723	964168	0
pop1	NC_091015.1	45000001	46000000	0.0028431491161832	958796	2726	958796	0
pop1	NC_091015.1	46000001	47000000	0.0035550739511646	959755	3412	959755	0
pop1	NC_091015.1	47000001	48000000	0.002447726474949	954355	2336	954355	0
pop1	NC_091015.1	48000001	49000000	0.0028524041618133	964099	2750	964099	0
pop1	NC_091015.1	49000001	50000000	0.0021328332680776	970540	2070	970540	0
pop1	NC_091015.1	50000001	51000000	0.0029129849199239	966706	2816	966706	0
pop1	NC_091015.1	51000001	52000000	0.002943894984992	953159	2806	953159	0
pop1	NC_091015.1	52000001	53000000	0.0034701128284195	954724	3313	954724	0
pop1	NC_091015.1	53000001	54000000	0.0033780092224023	960921	3246	960921	0
pop1	NC_091015.1	54000001	55000000	0.0033386194808447	970461	3240	970461	0
pop1	NC_091015.1	55000001	56000000	0.0031955967194074	969459	3098	969459	0
pop1	NC_091015.1	56000001	57000000	0.0033026281550872	960750	3173	960750	0
pop1	NC_091015.1	57000001	58000000	0.0029656015336576	955624	2834	955624	0
pop1	NC_091015.1	58000001	59000000	0.0030288510011111	962081	2914	962081	0
pop1	NC_091015.1	59000001	60000000	0.0035490857223763	953485	3384	953485	0
pop1	NC_091015.1	60000001	61000000	0.003201669224009	918271	2940	918271	0
pop1	NC_091015.1	61000001	62000000	0.002487918438089	956623	2380	956623	0
pop1	NC_091015.1	62000001	63000000	0.0015936346996634	865945	1380	865945	0
pop1	NC_091015.1	63000001	64000000	0.0012002027256576	359106	431	359106	0
pop1	NC_091015.1	64000001	65000000	0.00047082876466833	943018	444	943018	0
pop1	NC_091015.1	65000001	66000000	0.0003610982147463	504018	182	504018	0
pop1	NC_091015.1	66000001	67000000	0	430	0	430	0
pop1	NC_091015.1	67000001	68000000	0.00023030194559084	759872	175	759872	0
pop1	NC_091015.1	68000001	69000000	0.00049944584262797	923023	461	923023	0
pop1	NC_091015.1	69000001	70000000	0.0016570154606295	962574	1595	962574	0
pop1	NC_091015.1	70000001	71000000	0.0018665849083077	962185	1796	962185	0
pop1	NC_091015.1	71000001	72000000	0.0024200147222828	949581	2298	949581	0
pop1	NC_091015.1	72000001	73000000	0.0024390294402034	965958	2356	965958	0
pop1	NC_091015.1	73000001	74000000	0.0026248605542831	960051	2520	960051	0
pop1	NC_091015.1	74000001	75000000	0.002325878806846	961787	2237	961787	0
pop1	NC_091015.1	75000001	76000000	0.002327021600015	959166	2232	959166	0
pop1	NC_091015.1	76000001	77000000	0.0033026955763173	964061	3184	964061	0
pop1	NC_091015.1	77000001	78000000	0.0027032966806199	969187	2620	969187	0
pop1	NC_091015.1	78000001	79000000	0.0025067780510666	953814	2391	953814	0
pop1	NC_091015.1	79000001	80000000	0.0022447971378308	945297	2122	945297	0
pop1	NC_091015.1	80000001	81000000	0.0031089023532348	969474	3014	969474	0
pop1	NC_091015.1	81000001	82000000	0.0029306380360171	944163	2767	944163	0
pop1	NC_091015.1	82000001	83000000	0.0034268828759447	955679	3275	955679	0
pop1	NC_091015.1	83000001	84000000	0.0021941436656785	946155	2076	946155	0
pop1	NC_091015.1	84000001	85000000	0.0038079274221504	946184	3603	946184	0
pop1	NC_091015.1	85000001	86000000	0.0033249191365205	940474	3127	940474	0
pop1	NC_091015.1	86000001	87000000	0.00327582464816	939916	3079	939916	0
pop1	NC_091015.1	87000001	88000000	0.0040373818203563	936498	3781	936498	0
pop1	NC_091015.1	88000001	89000000	0.0038241732488962	938765	3590	938765	0
pop1	NC_091015.1	89000001	90000000	0.0034148615522306	963143	3289	963143	0
pop1	NC_091015.1	90000001	91000000	0.0031410267565263	804514	2527	804514	0
pop1	NC_091015.1	91000001	92000000	0.0036363521179851	947103	3444	947103	0
pop1	NC_091015.1	92000001	93000000	0.003697332779722	960963	3553	960963	0
pop1	NC_091015.1	93000001	94000000	0.0036453044780188	946423	3450	946423	0
pop1	NC_091015.1	94000001	95000000	0.0035483660845094	905769	3214	905769	0
pop1	NC_091015.1	95000001	96000000	0.0026614196273381	949869	2528	949869	0
pop1	NC_091015.1	96000001	97000000	0.0038385285376789	252701	970	252701	0
pop1	NC_091015.1	97000001	98000000	0.0034040154716461	631607	2150	631607	0
pop1	NC_091015.1	98000001	99000000	0.0036431982226247	949715	3460	949715	0
pop1	NC_091015.1	99000001	100000000	0.0034015656350386	961910	3272	961910	0
pop1	NC_091015.1	100000001	101000000	0.0031869225065888	962998	3069	962998	0
pop1	NC_091015.1	101000001	102000000	0.0036222851193008	954646	3458	954646	0
pop1	NC_091015.1	102000001	103000000	0.0030663542874463	963359	2954	963359	0
pop1	NC_091015.1	103000001	104000000	0.003459344840736	954516	3302	954516	0
pop1	NC_091015.1	104000001	105000000	0.0036785035693646	962076	3539	962076	0
pop1	NC_091015.1	105000001	106000000	0.0033962462541402	951050	3230	951050	0
pop1	NC_091015.1	106000001	107000000	0.0035150469317855	956175	3361	956175	0
pop1	NC_091015.1	107000001	108000000	0.0024433478656638	960158	2346	960158	0
pop1	NC_091015.1	108000001	109000000	0.0037686106193563	785170	2959	785170	0
pop1	NC_091015.1	109000001	110000000	0.0040308139870716	952165	3838	952165	0
pop1	NC_091015.1	110000001	111000000	0.0035239166272635	939012	3309	939012	0
pop1	NC_091015.1	111000001	112000000	0.0038722553219976	956032	3702	956032	0
pop1	NC_091015.1	112000001	113000000	0.0035641364718328	945250	3369	945250	0
pop1	NC_091015.1	113000001	114000000	0.0033973441207908	964577	3277	964577	0
pop1	NC_091015.1	114000001	115000000	0.003240057692864	967884	3136	967884	0
pop1	NC_091015.1	115000001	116000000	0.0036114048354278	949492	3429	949492	0
pop1	NC_091015.1	116000001	117000000	0.0037802459049961	952319	3600	952319	0
pop1	NC_091015.1	117000001	118000000	0.0035082443742796	957744	3360	957744	0
pop1	NC_091015.1	118000001	119000000	0.0033483447136012	958384	3209	958384	0
pop1	NC_091015.1	119000001	120000000	0.003275579421039	956472	3133	956472	0
pop1	NC_091015.1	120000001	121000000	0.0030935704208745	966844	2991	966844	0
pop1	NC_091015.1	121000001	122000000	0.0014477874076892	959395	1389	959395	0
pop1	NC_091015.1	122000001	123000000	0.0029842708730675	356536	1064	356536	0
pop1	NC_091015.1	123000001	124000000	0.002943164137194	954415	2809	954415	0
pop1	NC_091015.1	124000001	125000000	0.0022279361430612	946616	2109	946616	0
pop1	NC_091015.1	125000001	126000000	0.0036052369931572	957496	3452	957496	0
pop1	NC_091015.1	126000001	127000000	0.0043820362017394	941115	4124	941115	0
pop1	NC_091015.1	127000001	128000000	0.003876992834635	961570	3728	961570	0
pop1	NC_091015.1	128000001	129000000	0.0036109620723964	959855	3466	959855	0
pop1	NC_091015.1	129000001	130000000	0.0029299900808711	961778	2818	961778	0
pop1	NC_091015.1	130000001	131000000	0.0025713112031563	966433	2485	966433	0
pop1	NC_091015.1	131000001	132000000	0.0033385135446469	954916	3188	954916	0
pop1	NC_091015.1	132000001	133000000	0.0030559795644995	963030	2943	963030	0
pop1	NC_091015.1	133000001	134000000	0.0032461223696693	962379	3124	962379	0
pop1	NC_091015.1	134000001	135000000	0.0029481951051398	957535	2823	957535	0
pop1	NC_091015.1	135000001	136000000	0.0030775650722445	958550	2950	958550	0
pop1	NC_091015.1	136000001	137000000	0.0030675614764361	958416	2940	958416	0
pop1	NC_091015.1	137000001	138000000	0.002798239314792	956673	2677	956673	0
pop1	NC_091015.1	138000001	139000000	0.0032254319662898	956151	3084	956151	0
pop1	NC_091015.1	139000001	140000000	0.0037694190141584	952932	3592	952932	0
pop1	NC_091015.1	140000001	141000000	0.0037490806493836	962636	3609	962636	0
pop1	NC_091015.1	141000001	142000000	0.0034904462693043	933405	3258	933405	0
pop1	NC_091015.1	142000001	143000000	0.0026614165956536	952876	2536	952876	0
pop1	NC_091015.1	143000001	144000000	0.0022081897524602	961421	2123	961421	0
pop1	NC_091015.1	144000001	145000000	0.0025182995018469	944288	2378	944288	0
pop1	NC_091015.1	145000001	146000000	0.0025243445376018	945592	2387	945592	0
pop1	NC_091015.1	146000001	147000000	0.0020797180435965	966958	2011	966958	0
pop1	NC_091015.1	147000001	148000000	0.002307368791998	953467	2200	953467	0
pop1	NC_091015.1	148000001	149000000	0.0024069561031381	963873	2320	963873	0
pop1	NC_091015.1	149000001	150000000	0.0025409585371868	944919	2401	944919	0
pop1	NC_091015.1	150000001	151000000	0.0025383384795342	930136	2361	930136	0
pop1	NC_091015.1	151000001	152000000	0.0030330661396926	944259	2864	944259	0
pop1	NC_091015.1	152000001	153000000	0.0029188345250299	932564	2722	932564	0
pop1	NC_091015.1	153000001	154000000	0.0019372205627847	948782	1838	948782	0
pop1	NC_091015.1	154000001	155000000	0.0026263058986894	947719	2489	947719	0
pop1	NC_091015.1	155000001	156000000	0.0030200943872251	943348	2849	943348	0
pop1	NC_091015.1	156000001	157000000	0.0024780462066106	955188	2367	955188	0
pop1	NC_091015.1	157000001	158000000	0.0026596055538259	941117	2503	941117	0
pop1	NC_091015.1	158000001	159000000	0.0025220930765991	959124	2419	959124	0
pop1	NC_091015.1	159000001	160000000	0.0033970115536184	952602	3236	952602	0
pop1	NC_091015.1	160000001	161000000	0.00381578105514	953409	3638	953409	0
pop1	NC_091015.1	161000001	162000000	0.0031995068098264	931081	2979	931081	0
pop1	NC_091015.1	162000001	163000000	0.0039882483185117	933994	3725	933994	0
pop1	NC_091015.1	163000001	164000000	0.0029875050554503	939580	2807	939580	0
pop1	NC_091015.1	164000001	165000000	0.0030836754979386	953732	2941	953732	0
pop1	NC_091015.1	165000001	166000000	0.0044905752565125	933288	4191	933288	0
pop1	NC_091015.1	166000001	167000000	0.0044345167566924	941027	4173	941027	0
pop1	NC_091015.1	167000001	168000000	0.0063049788912256	705157	4446	705157	0
pop1	NC_091015.1	168000001	169000000	0.0054415945119552	520987	2835	520987	0
pop1	NC_091016.1	1	1000000	0.00051163980557687	3909	2	3909	0
pop1	NC_091016.1	1000001	2000000	0.0030258806108057	326847	989	326847	0
pop1	NC_091016.1	2000001	3000000	0.0031862913996384	914229	2913	914229	0
pop1	NC_091016.1	3000001	4000000	0.003224668872455	964130	3109	964130	0
pop1	NC_091016.1	4000001	5000000	0.0027454996529215	963759	2646	963759	0
pop1	NC_091016.1	5000001	6000000	0.0031737180490444	964799	3062	964799	0
pop1	NC_091016.1	6000001	7000000	0.0035375808833965	951215	3365	951215	0
pop1	NC_091016.1	7000001	8000000	0.0033530456831622	959128	3216	959128	0
pop1	NC_091016.1	8000001	9000000	0.0013507936307396	949812	1283	949812	0
pop1	NC_091016.1	9000001	10000000	0.00022184595408441	306519	68	306519	0
pop1	NC_091016.1	10000001	11000000	0	1460	0	1460	0
pop1	NC_091016.1	11000001	12000000	0.00030343108440555	734928	223	734928	0
pop1	NC_091016.1	12000001	13000000	0.0017699224703739	968404	1714	968404	0
pop1	NC_091016.1	13000001	14000000	0.0030624764012555	956089	2928	956089	0
pop1	NC_091016.1	14000001	15000000	0.0039761873734597	943869	3753	943869	0
pop1	NC_091016.1	15000001	16000000	0.0035994333795196	129187	465	129187	0
pop1	NC_091016.1	16000001	17000000	0.00224473917204	559085	1255	559085	0
pop1	NC_091016.1	17000001	18000000	0.0041713449312031	709843	2961	709843	0
pop1	NC_091016.1	18000001	19000000	0.0040721197692117	957241	3898	957241	0
pop1	NC_091016.1	19000001	20000000	0.0036532452535407	942176	3442	942176	0
pop1	NC_091016.1	20000001	21000000	0.0036168686998375	958011	3465	958011	0
pop1	NC_091016.1	21000001	22000000	0.0039903691644671	949035	3787	949035	0
pop1	NC_091016.1	22000001	23000000	0.0043346084262241	942415	4085	942415	0
pop1	NC_091016.1	23000001	24000000	0.0039794094897714	937325	3730	937325	0
pop1	NC_091016.1	24000001	25000000	0.0037613461436382	941950	3543	941950	0
pop1	NC_091016.1	25000001	26000000	0.0035668967064096	963022	3435	963022	0
pop1	NC_091016.1	26000001	27000000	0.0044660200114404	326913	1460	326913	0
pop1	NC_091016.1	27000001	28000000	0.0034482219779876	191983	662	191983	0
pop1	NC_091016.1	28000001	29000000	0.0030157273142147	961957	2901	961957	0
pop1	NC_091016.1	29000001	30000000	0.0030018600418142	953742	2863	953742	0
pop1	NC_091016.1	30000001	31000000	0.0037145205684182	963516	3579	963516	0
pop1	NC_091016.1	31000001	32000000	0.0030680699162974	974880	2991	974880	0
pop1	NC_091016.1	32000001	33000000	0.002795582541634	959013	2681	959013	0
pop1	NC_091016.1	33000001	34000000	0.0030174715840125	968029	2921	968029	0
pop1	NC_091016.1	34000001	35000000	0.0027701231728398	967827	2681	967827	0
pop1	NC_091016.1	35000001	36000000	0.0020601110988485	190281	392	190281	0
pop1	NC_091016.1	36000001	37000000	0.0047138047138047	1485	7	1485	0
pop1	NC_091016.1	37000001	38000000	0.0019620147791453	780830	1532	780830	0
pop1	NC_091016.1	38000001	39000000	0.0035158243079383	968194	3404	968194	0
pop1	NC_091016.1	39000001	40000000	0.0030883423480016	951967	2940	951967	0
pop1	NC_091016.1	40000001	41000000	0.0029641877088369	954393	2829	954393	0
pop1	NC_091016.1	41000001	42000000	0.0028844015801866	962418	2776	962418	0
pop1	NC_091016.1	42000001	43000000	0.0033298362450395	942689	3139	942689	0
pop1	NC_091016.1	43000001	44000000	0.0032444528479086	962566	3123	962566	0
pop1	NC_091016.1	44000001	45000000	0.0025363994483305	968696	2457	968696	0
pop1	NC_091016.1	45000001	46000000	0.0023874010478212	956270	2283	956270	0
pop1	NC_091016.1	46000001	47000000	0.0031454126689125	953452	2999	953452	0
pop1	NC_091016.1	47000001	48000000	0.0031753887615776	961772	3054	961772	0
pop1	NC_091016.1	48000001	49000000	0.0036966510742228	966280	3572	966280	0
pop1	NC_091016.1	49000001	50000000	0.0024412097385734	944204	2305	944204	0
pop1	NC_091016.1	50000001	51000000	0.0029875050486271	935898	2796	935898	0
pop1	NC_091016.1	51000001	52000000	0.0030986787476444	956214	2963	956214	0
pop1	NC_091016.1	52000001	53000000	0.0026651455173631	957171	2551	957171	0
pop1	NC_091016.1	53000001	54000000	0.002854092614534	972288	2775	972288	0
pop1	NC_091016.1	54000001	55000000	0.0026805206289551	325683	873	325683	0
pop1	NC_091016.1	55000001	56000000	0.0033233429588907	475124	1579	475124	0
pop1	NC_091016.1	56000001	57000000	0.0028071182489529	968609	2719	968609	0
pop1	NC_091016.1	57000001	58000000	0.0027416377471983	970223	2660	970223	0
pop1	NC_091016.1	58000001	59000000	0.0033148291560213	967169	3206	967169	0
pop1	NC_091016.1	59000001	60000000	0.0031237628214339	967423	3022	967423	0
pop1	NC_091016.1	60000001	61000000	0.0029155690770353	970308	2829	970308	0
pop1	NC_091016.1	61000001	62000000	0.0032365300349781	968321	3134	968321	0
pop1	NC_091016.1	62000001	63000000	0.0029937212081291	947316	2836	947316	0
pop1	NC_091016.1	63000001	64000000	0.0024070609867715	971309	2338	971309	0
pop1	NC_091016.1	64000001	65000000	0.0027952763669919	963411	2693	963411	0
pop1	NC_091016.1	65000001	66000000	0.0038439100547884	963342	3703	963342	0
pop1	NC_091016.1	66000001	67000000	0.0031234852125874	971671	3035	971671	0
pop1	NC_091016.1	67000001	68000000	0.0038635263667904	956639	3696	956639	0
pop1	NC_091016.1	68000001	69000000	0.0037741885601241	937685	3539	937685	0
pop1	NC_091016.1	69000001	70000000	0.003261374869478	970143	3164	970143	0
pop1	NC_091016.1	70000001	71000000	0.0032272737563779	971718	3136	971718	0
pop1	NC_091016.1	71000001	72000000	0.0034441350324538	965990	3327	965990	0
pop1	NC_091016.1	72000001	73000000	0.0032933137974855	967111	3185	967111	0
pop1	NC_091016.1	73000001	74000000	0.0026539930155905	968729	2571	968729	0
pop1	NC_091016.1	74000001	75000000	0.0037450084653119	966887	3621	966887	0
pop1	NC_091016.1	75000001	76000000	0.0034058111848211	962179	3277	962179	0
pop1	NC_091016.1	76000001	77000000	0.0031277029775186	951497	2976	951497	0
pop1	NC_091016.1	77000001	78000000	0.003221202685679	967651	3117	967651	0
pop1	NC_091016.1	78000001	79000000	0.0026077934412859	968635	2526	968635	0
pop1	NC_091016.1	79000001	80000000	0.0025302852157073	939815	2378	939815	0
pop1	NC_091016.1	80000001	81000000	0.0025862381097703	966655	2500	966655	0
pop1	NC_091016.1	81000001	82000000	0.0032218802982711	940755	3031	940755	0
pop1	NC_091016.1	82000001	83000000	0.0036246036725993	962588	3489	962588	0
pop1	NC_091016.1	83000001	84000000	0.0031974320883073	963273	3080	963273	0
pop1	NC_091016.1	84000001	85000000	0.002380655744513	963180	2293	963180	0
pop1	NC_091016.1	85000001	86000000	0.0032950125444106	950224	3131	950224	0
pop1	NC_091016.1	86000001	87000000	0.0031321748747493	963867	3019	963867	0
pop1	NC_091016.1	87000001	88000000	0.0026937868238372	961843	2591	961843	0
pop1	NC_091016.1	88000001	89000000	0.0023449899522616	965889	2265	965889	0
pop1	NC_091016.1	89000001	90000000	0.0028994939444382	958788	2780	958788	0
pop1	NC_091016.1	90000001	91000000	0.0030222470086778	953926	2883	953926	0
pop1	NC_091016.1	91000001	92000000	0.0034969053888793	965711	3377	965711	0
pop1	NC_091016.1	92000001	93000000	0.0025184397006834	952971	2400	952971	0
pop1	NC_091016.1	93000001	94000000	0.0031630510846746	964575	3051	964575	0
pop1	NC_091016.1	94000001	95000000	0.002703147768971	965541	2610	965541	0
pop1	NC_091016.1	95000001	96000000	0.0029402482642542	950600	2795	950600	0
pop1	NC_091016.1	96000001	97000000	0.003047312037827	952971	2904	952971	0
pop1	NC_091016.1	97000001	98000000	0.0029689834408231	944431	2804	944431	0
pop1	NC_091016.1	98000001	99000000	0.0035050353438373	954056	3344	954056	0
pop1	NC_091016.1	99000001	100000000	0.0029775773834263	952788	2837	952788	0
pop1	NC_091016.1	100000001	101000000	0.0030538540979936	969267	2960	969267	0
pop1	NC_091016.1	101000001	102000000	0.0022725841384515	936819	2129	936819	0
pop1	NC_091016.1	102000001	103000000	0.0020497211043906	943543	1934	943543	0
pop1	NC_091016.1	103000001	104000000	0.0029192334713108	935177	2730	935177	0
pop1	NC_091016.1	104000001	105000000	0.0025275282396999	948753	2398	948753	0
pop1	NC_091016.1	105000001	106000000	0.0023504281733027	779007	1831	779007	0
pop1	NC_091016.1	106000001	107000000	0.0023365797598809	944115	2206	944115	0
pop1	NC_091016.1	107000001	108000000	0.002452525200554	932916	2288	932916	0
pop1	NC_091016.1	108000001	109000000	0.0030003220625431	953231	2860	953231	0
pop1	NC_091016.1	109000001	110000000	0.0022385578035573	941231	2107	941231	0
pop1	NC_091016.1	110000001	111000000	0.0025445398849843	958130	2438	958130	0
pop1	NC_091016.1	111000001	112000000	0.0026702863410936	944468	2522	944468	0
pop1	NC_091016.1	112000001	113000000	0.0031099844076498	942770	2932	942770	0
pop1	NC_091016.1	113000001	114000000	0.0026370210712027	961312	2535	961312	0
pop1	NC_091016.1	114000001	115000000	0.0031690601192206	925511	2933	925511	0
pop1	NC_091016.1	115000001	116000000	0.0025909232703255	964907	2500	964907	0
pop1	NC_091016.1	116000001	117000000	0.0029434417868815	960780	2828	960780	0
pop1	NC_091016.1	117000001	118000000	0.0031864893695673	946810	3017	946810	0
pop1	NC_091016.1	118000001	119000000	0.0032872973652959	965839	3175	965839	0
pop1	NC_091016.1	119000001	120000000	0.0031510759425084	950469	2995	950469	0
pop1	NC_091016.1	120000001	121000000	0.0028305434230154	968012	2740	968012	0
pop1	NC_091016.1	121000001	122000000	0.0038630533481711	957015	3697	957015	0
pop1	NC_091016.1	122000001	123000000	0.0045343066727463	903556	4097	903556	0
pop1	NC_091016.1	123000001	124000000	0.004091586477275	946821	3874	946821	0
pop1	NC_091016.1	124000001	125000000	0.010568539749324	520034	5496	520034	0
pop1	NC_091016.1	125000001	126000000	0.0040683248564586	695618	2830	695618	0
pop1	NC_091016.1	126000001	127000000	0.00074001845693093	114862	85	114862	0
pop1	NC_091017.1	1	1000000	0.0023688361782078	572433	1356	572433	0
pop1	NC_091017.1	1000001	2000000	0.0023101192683727	930255	2149	930255	0
pop1	NC_091017.1	2000001	3000000	0.0037195460203374	953611	3547	953611	0
pop1	NC_091017.1	3000001	4000000	0.0037059569554203	951711	3527	951711	0
pop1	NC_091017.1	4000001	5000000	0.0037651040427276	945525	3560	945525	0
pop1	NC_091017.1	5000001	6000000	0.0035895131585943	959183	3443	959183	0
pop1	NC_091017.1	6000001	7000000	0.0040113509151024	960275	3852	960275	0
pop1	NC_091017.1	7000001	8000000	0.0038098414768063	923398	3518	923398	0
pop1	NC_091017.1	8000001	9000000	0.003625489380236	821958	2980	821958	0
pop1	NC_091017.1	9000001	10000000	0.0027727609954961	934087	2590	934087	0
pop1	NC_091017.1	10000001	11000000	0.00053121904575889	931819	495	931819	0
pop1	NC_091017.1	11000001	12000000	0.00041981305034037	188179	79	188179	0
pop1	NC_091017.1	12000001	13000000	0.00037380589782639	288920	108	288920	0
pop1	NC_091017.1	13000001	14000000	0.001276233386869	927730	1184	927730	0
pop1	NC_091017.1	14000001	15000000	0.0022478560808383	425739	957	425739	0
pop1	NC_091017.1	15000001	16000000	0.0033901741022616	927386	3144	927386	0
pop1	NC_091017.1	16000001	17000000	0.0033679821592462	963188	3244	963188	0
pop1	NC_091017.1	17000001	18000000	0.0036924284962001	962781	3555	962781	0
pop1	NC_091017.1	18000001	19000000	0.0038605775283635	969026	3741	969026	0
pop1	NC_091017.1	19000001	20000000	0.004263705027802	955507	4074	955507	0
pop1	NC_091017.1	20000001	21000000	0.0037469735375913	950367	3561	950367	0
pop1	NC_091017.1	21000001	22000000	0.0042520691428839	962355	4092	962355	0
pop1	NC_091017.1	22000001	23000000	0.0043636892065123	963405	4204	963405	0
pop1	NC_091017.1	23000001	24000000	0.0037893788435951	954510	3617	954510	0
pop1	NC_091017.1	24000001	25000000	0.0033839149437143	959835	3248	959835	0
pop1	NC_091017.1	25000001	26000000	0.0035205929691355	620066	2183	620066	0
pop1	NC_091017.1	26000001	27000000	0	4606	0	4606	0
pop1	NC_091017.1	27000001	28000000	0.0034940902914774	879485	3073	879485	0
pop1	NC_091017.1	28000001	29000000	0.0030240921607376	735758	2225	735758	0
pop1	NC_091017.1	29000001	30000000	0.0033120103350558	959840	3179	959840	0
pop1	NC_091017.1	30000001	31000000	0.0038054299874164	955214	3635	955214	0
pop1	NC_091017.1	31000001	32000000	0.0024011746872643	969109	2327	969109	0
pop1	NC_091017.1	32000001	33000000	0.0029741970888533	942103	2802	942103	0
pop1	NC_091017.1	33000001	34000000	0.00327041770702	970824	3175	970824	0
pop1	NC_091017.1	34000001	35000000	0.0029292604063208	953483	2793	953483	0
pop1	NC_091017.1	35000001	36000000	0.0030041563362129	965995	2902	965995	0
pop1	NC_091017.1	36000001	37000000	0.0035330360188706	961496	3397	961496	0
pop1	NC_091017.1	37000001	38000000	0.0037988118897668	369326	1403	369326	0
pop1	NC_091017.1	38000001	39000000	0.0041665250925894	235448	981	235448	0
pop1	NC_091017.1	39000001	40000000	0.0030478319186773	961011	2929	961011	0
pop1	NC_091017.1	40000001	41000000	0.0026596542242692	967043	2572	967043	0
pop1	NC_091017.1	41000001	42000000	0.0031391808023884	956619	3003	956619	0
pop1	NC_091017.1	42000001	43000000	0.0033873829824923	965347	3270	965347	0
pop1	NC_091017.1	43000001	44000000	0.0034041391519433	967058	3292	967058	0
pop1	NC_091017.1	44000001	45000000	0.0031573402706856	962519	3039	962519	0
pop1	NC_091017.1	45000001	46000000	0.0023518774487898	962210	2263	962210	0
pop1	NC_091017.1	46000001	47000000	0.0027459098581193	957424	2629	957424	0
pop1	NC_091017.1	47000001	48000000	0.0027138011820065	951433	2582	951433	0
pop1	NC_091017.1	48000001	49000000	0.0027192681792812	965701	2626	965701	0
pop1	NC_091017.1	49000001	50000000	0.0031935315597287	958500	3061	958500	0
pop1	NC_091017.1	50000001	51000000	0.0028887768939414	962345	2780	962345	0
pop1	NC_091017.1	51000001	52000000	0.0028666401411076	957567	2745	957567	0
pop1	NC_091017.1	52000001	53000000	0.0026024275410712	958336	2494	958336	0
pop1	NC_091017.1	53000001	54000000	0.0025090712175024	962109	2414	962109	0
pop1	NC_091017.1	54000001	55000000	0.0030326004548901	957594	2904	957594	0
pop1	NC_091017.1	55000001	56000000	0.0022076700231945	966177	2133	966177	0
pop1	NC_091017.1	56000001	57000000	0.0024323150427103	966980	2352	966980	0
pop1	NC_091017.1	57000001	58000000	0.0031840210867887	952255	3032	952255	0
pop1	NC_091017.1	58000001	59000000	0.0025019719461961	958444	2398	958444	0
pop1	NC_091017.1	59000001	60000000	0.0030151247094013	957506	2887	957506	0
pop1	NC_091017.1	60000001	61000000	0.002022849144078	950145	1922	950145	0
pop1	NC_091017.1	61000001	62000000	0.0024887778183295	969954	2414	969954	0
pop1	NC_091017.1	62000001	63000000	0.0028422985418584	965064	2743	965064	0
pop1	NC_091017.1	63000001	64000000	0.0025781348527858	967366	2494	967366	0
pop1	NC_091017.1	64000001	65000000	0.0026995358488852	946459	2555	946459	0
pop1	NC_091017.1	65000001	66000000	0.0031734938008983	950057	3015	950057	0
pop1	NC_091017.1	66000001	67000000	0.0034612170320116	963245	3334	963245	0
pop1	NC_091017.1	67000001	68000000	0.0027562883376312	957447	2639	957447	0
pop1	NC_091017.1	68000001	69000000	0.0037324044531446	963454	3596	963454	0
pop1	NC_091017.1	69000001	70000000	0.0035098305530645	957881	3362	957881	0
pop1	NC_091017.1	70000001	71000000	0.0030098941264782	957841	2883	957841	0
pop1	NC_091017.1	71000001	72000000	0.003080909339453	965624	2975	965624	0
pop1	NC_091017.1	72000001	73000000	0.00313994260365	955113	2999	955113	0
pop1	NC_091017.1	73000001	74000000	0.0039682664527326	953565	3784	953565	0
pop1	NC_091017.1	74000001	75000000	0.004425165743735	937592	4149	937592	0
pop1	NC_091017.1	75000001	76000000	0.0040250794227779	940851	3787	940851	0
pop1	NC_091017.1	76000001	77000000	0.0046425115901889	932254	4328	932254	0
pop1	NC_091017.1	77000001	78000000	0.0053469972775461	735366	3932	735366	0
pop1	NC_091017.1	78000001	79000000	0.0056029580760597	839735	4705	839735	0
pop1	NC_091017.1	79000001	80000000	0.0020760605353807	518771	1077	518771	0
pop1	NC_091018.1	1	1000000	0.0018208067207419	880379	1603	880379	0
pop1	NC_091018.1	1000001	2000000	0.0035942298665241	950134	3415	950134	0
pop1	NC_091018.1	2000001	3000000	0.0038890310469823	965279	3754	965279	0
pop1	NC_091018.1	3000001	4000000	0.004719150322484	954621	4505	954621	0
pop1	NC_091018.1	4000001	5000000	0.0035917707846405	960529	3450	960529	0
pop1	NC_091018.1	5000001	6000000	0.0036889058692241	926562	3418	926562	0
pop1	NC_091018.1	6000001	7000000	0.0033131843127925	916339	3036	916339	0
pop1	NC_091018.1	7000001	8000000	0.001140903162735	924706	1055	924706	0
pop1	NC_091018.1	8000001	9000000	0.00052565247404987	157899	83	157899	0
pop1	NC_091018.1	9000001	10000000	0.00082541874127682	866227	715	866227	0
pop1	NC_091018.1	10000001	11000000	0.0017166842982454	939602	1613	939602	0
pop1	NC_091018.1	11000001	12000000	0.0024920238532723	957856	2387	957856	0
pop1	NC_091018.1	12000001	13000000	0.0023747618198372	958833	2277	958833	0
pop1	NC_091018.1	13000001	14000000	0.0020334796099736	796664	1620	796664	0
pop1	NC_091018.1	14000001	15000000	0.0029175285641817	760918	2220	760918	0
pop1	NC_091018.1	15000001	16000000	0.0033946967176903	952957	3235	952957	0
pop1	NC_091018.1	16000001	17000000	0.0041703064981965	957004	3991	957004	0
pop1	NC_091018.1	17000001	18000000	0.0038158243091589	932957	3560	932957	0
pop1	NC_091018.1	18000001	19000000	0.0040063092180507	904074	3622	904074	0
pop1	NC_091018.1	19000001	20000000	0.0037480380113966	937824	3515	937824	0
pop1	NC_091018.1	20000001	21000000	0.0038182069104507	912994	3486	912994	0
pop1	NC_091018.1	21000001	22000000	0.0028570328545502	753229	2152	753229	0
pop1	NC_091019.1	1	1000000	0.00042034468263976	2379	1	2379	0
pop1	NC_091019.1	1000001	2000000	0.0043627139694557	570058	2487	570058	0
pop1	NC_091019.1	2000001	3000000	0.0045828526911578	798411	3659	798411	0
pop1	NC_091019.1	3000001	4000000	0.0038213525486434	961178	3673	961178	0
pop1	NC_091019.1	4000001	5000000	0.0035170985827605	211538	744	211538	0
pop1	NC_091019.1	5000001	6000000	0.0016400687793054	289622	475	289622	0
pop1	NC_091019.1	6000001	7000000	0.0019528320817887	946830	1849	946830	0
pop1	NC_091019.1	7000001	8000000	0.00044795718349117	683101	306	683101	0
pop1	NC_091019.1	8000001	9000000	0.00045172451926952	533511	241	533511	0
pop1	NC_091019.1	9000001	10000000	0.0011706390713797	922573	1080	922573	0
pop1	NC_091019.1	10000001	11000000	0.0034861736663013	958931	3343	958931	0
pop1	NC_091019.1	11000001	12000000	0.004108722477594	961126	3949	961126	0
pop1	NC_091019.1	12000001	13000000	0.0037118722775188	962587	3573	962587	0
pop1	NC_091019.1	13000001	14000000	0.0038169949253638	930313	3551	930313	0
pop1	NC_091019.1	14000001	15000000	0.0037894777859318	923874	3501	923874	0
pop1	NC_091019.1	15000001	16000000	0.0039636028430326	958976	3801	958976	0
pop1	NC_091019.1	16000001	17000000	0.0033573171416626	961482	3228	961482	0
pop1	NC_091019.1	17000001	18000000	0.003805667596941	965665	3675	965665	0
pop1	NC_091019.1	18000001	19000000	0.0038428326507686	954244	3667	954244	0
pop1	NC_091019.1	19000001	20000000	0.0030497717345577	962695	2936	962695	0
pop1	NC_091019.1	20000001	21000000	0.0021844891522839	923328	2017	923328	0
pop1	NC_091019.1	21000001	22000000	0.0033065435751832	952354	3149	952354	0
pop1	NC_091019.1	22000001	23000000	0.0033695797954132	961841	3241	961841	0
pop1	NC_091019.1	23000001	24000000	0.0035304648306584	960780	3392	960780	0
pop1	NC_091019.1	24000001	25000000	0.0043023167044714	956229	4114	956229	0
pop1	NC_091019.1	25000001	26000000	0.0035862143912526	956998	3432	956998	0
pop1	NC_091019.1	26000001	27000000	0.0034099660154354	955728	3259	955728	0
pop1	NC_091019.1	27000001	28000000	0.0031236259424151	962023	3005	962023	0
pop1	NC_091019.1	28000001	29000000	0.0026874344113094	954814	2566	954814	0
pop1	NC_091019.1	29000001	30000000	0.0028712157742189	956041	2745	956041	0
pop1	NC_091019.1	30000001	31000000	0.0029035693059499	969152	2814	969152	0
pop1	NC_091019.1	31000001	32000000	0.0020543155648332	965285	1983	965285	0
pop1	NC_091019.1	32000001	33000000	0.0023063046605622	963446	2222	963446	0
pop1	NC_091019.1	33000001	34000000	0.0021165461926923	969504	2052	969504	0
pop1	NC_091019.1	34000001	35000000	0.0024164379822278	967126	2337	967126	0
pop1	NC_091019.1	35000001	36000000	0.0023683249795359	961439	2277	961439	0
pop1	NC_091019.1	36000001	37000000	0.0021663411407307	956913	2073	956913	0
pop1	NC_091019.1	37000001	38000000	0.0027008209498078	962300	2599	962300	0
pop1	NC_091019.1	38000001	39000000	0.0029986423592226	963436	2889	963436	0
pop1	NC_091019.1	39000001	40000000	0.002390147350816	961447	2298	961447	0
pop1	NC_091019.1	40000001	41000000	0.0023716039400635	962218	2282	962218	0
pop1	NC_091019.1	41000001	42000000	0.0019525787559019	968975	1892	968975	0
pop1	NC_091019.1	42000001	43000000	0.0024961677093259	965480	2410	965480	0
pop1	NC_091019.1	43000001	44000000	0.0028448533032195	968767	2756	968767	0
pop1	NC_091019.1	44000001	45000000	0.002240528556318	959595	2150	959595	0
pop1	NC_091019.1	45000001	46000000	0.0014729508393523	957941	1411	957941	0
pop1	NC_091019.1	46000001	47000000	0.0025099137984394	969356	2433	969356	0
pop1	NC_091019.1	47000001	48000000	0.0025178127415951	957180	2410	957180	0
pop1	NC_091019.1	48000001	49000000	0.0029884020551745	964395	2882	964395	0
pop1	NC_091019.1	49000001	50000000	0.0028108906839799	955569	2686	955569	0
pop1	NC_091019.1	50000001	51000000	0.0023820184284746	955912	2277	955912	0
pop1	NC_091019.1	51000001	52000000	0.0023583467596502	967627	2282	967627	0
pop1	NC_091019.1	52000001	53000000	0.0029434286615335	970297	2856	970297	0
pop1	NC_091019.1	53000001	54000000	0.0033424390385286	966061	3229	966061	0
pop1	NC_091019.1	54000001	55000000	0.0022708655212103	964390	2190	964390	0
pop1	NC_091019.1	55000001	56000000	0.0030884295715311	961330	2969	961330	0
pop1	NC_091019.1	56000001	57000000	0.0029955725748841	963088	2885	963088	0
pop1	NC_091019.1	57000001	58000000	0.0027639336530147	954075	2637	954075	0
pop1	NC_091019.1	58000001	59000000	0.0037040060934207	967601	3584	967601	0
pop1	NC_091019.1	59000001	60000000	0.0040725028596652	942418	3838	942418	0
pop1	NC_091019.1	60000001	61000000	0.0035385608535791	961973	3404	961973	0
pop1	NC_091019.1	61000001	62000000	0.0041950834250735	954689	4005	954689	0
pop1	NC_091019.1	62000001	63000000	0.003439941016835	896527	3084	896527	0
pop1	NC_091019.1	63000001	64000000	0.0041118214581617	876254	3603	876254	0
pop1	NC_091019.1	64000001	65000000	0.0039490380021074	948079	3744	948079	0
pop1	NC_091019.1	65000001	66000000	0.0042469403147167	916189	3891	916189	0
pop1	NC_091019.1	66000001	67000000	0.0039967354129373	880969	3521	880969	0
pop1	NC_091019.1	67000001	68000000	0.0027241643204684	854574	2328	854574	0
pop1	NC_091019.1	68000001	69000000	0	526	0	526	0
pop1	NC_091020.1	1	1000000	0.00042927748904514	785040	337	785040	0
pop1	NC_091020.1	1000001	2000000	0.00038202722469955	903077	345	903077	0
pop1	NC_091020.1	2000001	3000000	0.00049887100739873	841901	420	841901	0
pop1	NC_091020.1	3000001	4000000	0.00040606259415079	627982	255	627982	0
pop1	NC_091020.1	4000001	5000000	0.0012784059367099	945709	1209	945709	0
pop1	NC_091020.1	5000001	6000000	0.0026476336708427	952171	2521	952171	0
pop1	NC_091020.1	6000001	7000000	0.0020944038889296	969727	2031	969727	0
pop1	NC_091020.1	7000001	8000000	0.0018746142260425	960731	1801	960731	0
pop1	NC_091020.1	8000001	9000000	0.0040737174593381	962757	3922	962757	0
pop1	NC_091020.1	9000001	10000000	0.0036782664968791	958060	3524	958060	0
pop1	NC_091020.1	10000001	11000000	0.0032473051039872	953098	3095	953098	0
pop1	NC_091020.1	11000001	12000000	0.003881815196827	959345	3724	959345	0
pop1	NC_091020.1	12000001	13000000	0.0028605531774778	971840	2780	971840	0
pop1	NC_091020.1	13000001	14000000	0.0020693056121982	961192	1989	961192	0
pop1	NC_091020.1	14000001	15000000	0.0026905627204738	974889	2623	974889	0
pop1	NC_091020.1	15000001	16000000	0.002627882882743	966177	2539	966177	0
pop1	NC_091020.1	16000001	17000000	0.0018421614416553	960285	1769	960285	0
pop1	NC_091020.1	17000001	18000000	0.0025951067889585	954874	2478	954874	0
pop1	NC_091020.1	18000001	19000000	0.0032489213874067	955394	3104	955394	0
pop1	NC_091020.1	19000001	20000000	0.0040792113245279	954106	3892	954106	0
pop1	NC_091020.1	20000001	21000000	0.0031538181033085	968033	3053	968033	0
pop1	NC_091020.1	21000001	22000000	0.003073164803612	970986	2984	970986	0
pop1	NC_091020.1	22000001	23000000	0.0035411408113046	946870	3353	946870	0
pop1	NC_091020.1	23000001	24000000	0.0025491246472766	935223	2384	935223	0
pop1	NC_091020.1	24000001	25000000	0.002686557860727	962570	2586	962570	0
pop1	NC_091020.1	25000001	26000000	0.0037197153264173	957869	3563	957869	0
pop1	NC_091020.1	26000001	27000000	0.003742317652471	967315	3620	967315	0
pop1	NC_091020.1	27000001	28000000	0.0030426495532201	972179	2958	972179	0
pop1	NC_091020.1	28000001	29000000	0.0028663603434476	853347	2446	853347	0
pop1	NC_091020.1	29000001	30000000	0.0035554257771453	972598	3458	972598	0
pop1	NC_091020.1	30000001	31000000	0.0036243811679426	950783	3446	950783	0
pop1	NC_091020.1	31000001	32000000	0.0037843744761172	966342	3657	966342	0
pop1	NC_091020.1	32000001	33000000	0.0043737930505288	938316	4104	938316	0
pop1	NC_091020.1	33000001	34000000	0.00376142028541	952034	3581	952034	0
pop1	NC_091020.1	34000001	35000000	0.0039308799725578	932870	3667	932870	0
pop1	NC_091020.1	35000001	36000000	0.0040121763521749	936898	3759	936898	0
pop1	NC_091020.1	36000001	37000000	0.003286255891983	912893	3000	912893	0
pop1	NC_091020.1	37000001	38000000	0.00072748435908628	123714	90	123714	0
pop1	NC_091021.1	1	1000000	0.0011320843499718	722561	818	722561	0
pop1	NC_091021.1	1000001	2000000	0.0032118544440495	914425	2937	914425	0
pop1	NC_091021.1	2000001	3000000	0.0037221924701842	941112	3503	941112	0
pop1	NC_091021.1	3000001	4000000	0.002120789150226	960020	2036	960020	0
pop1	NC_091021.1	4000001	5000000	0.0012959817007384	925939	1200	925939	0
pop1	NC_091021.1	5000001	6000000	0.0015242067656782	888987	1355	888987	0
pop1	NC_091021.1	6000001	7000000	0.0022227092726106	871459	1937	871459	0
pop1	NC_091021.1	7000001	8000000	0.004333484452921	959505	4158	959505	0
pop1	NC_091021.1	8000001	9000000	0.0033101965468113	963689	3190	963689	0
pop1	NC_091021.1	9000001	10000000	0.0036155512977862	813154	2940	813154	0
pop1	NC_091021.1	10000001	11000000	0.0034020853159005	966760	3289	966760	0
pop1	NC_091021.1	11000001	12000000	0.0025760003156405	963121	2481	963121	0
pop1	NC_091021.1	12000001	13000000	0.0029703225673326	969255	2879	969255	0
pop1	NC_091021.1	13000001	14000000	0.0022796211176657	967266	2205	967266	0
pop1	NC_091021.1	14000001	15000000	0.0028171611635839	965156	2719	965156	0
pop1	NC_091021.1	15000001	16000000	0.0032319843023882	956069	3090	956069	0
pop1	NC_091021.1	16000001	17000000	0.002728059223648	965155	2633	965155	0
pop1	NC_091021.1	17000001	18000000	0.0027717737596467	968333	2684	968333	0
pop1	NC_091021.1	18000001	19000000	0.0024497024770133	966648	2368	966648	0
pop1	NC_091021.1	19000001	20000000	0.0028145313748412	967479	2723	967479	0
pop1	NC_091021.1	20000001	21000000	0.0027517450979984	960118	2642	960118	0
pop1	NC_091021.1	21000001	22000000	0.0023077225436874	966754	2231	966754	0
pop1	NC_091021.1	22000001	23000000	0.0018258024604219	963412	1759	963412	0
pop1	NC_091021.1	23000001	24000000	0.0029231838496513	929466	2717	929466	0
pop1	NC_091021.1	24000001	25000000	0.0027417654123426	941729	2582	941729	0
pop1	NC_091021.1	25000001	26000000	0.0022815756616497	691189	1577	691189	0
pop1	NC_091021.1	26000001	27000000	0.0039120488159771	951164	3721	951164	0
pop1	NC_091021.1	27000001	28000000	0.0029944263798738	968132	2899	968132	0
pop1	NC_091021.1	28000001	29000000	0.0028138994411556	965564	2717	965564	0
pop1	NC_091021.1	29000001	30000000	0.0034190941513596	970140	3317	970140	0
pop1	NC_091021.1	30000001	31000000	0.0033854245382825	959407	3248	959407	0
pop1	NC_091021.1	31000001	32000000	0.0040433011038191	958128	3874	958128	0
pop1	NC_091021.1	32000001	33000000	0.0044964761110533	970093	4362	970093	0
pop1	NC_091021.1	33000001	34000000	0.0037536702782617	971316	3646	971316	0
pop1	NC_091021.1	34000001	35000000	0.0038926521536791	966950	3764	966950	0
pop1	NC_091021.1	35000001	36000000	0.004220928771827	955240	4032	955240	0
pop1	NC_091021.1	36000001	37000000	0.0032787257098493	969889	3180	969889	0
pop1	NC_091021.1	37000001	38000000	0.0040587907148098	955457	3878	955457	0
pop1	NC_091021.1	38000001	39000000	0.0045247574844372	909220	4114	909220	0
pop1	NC_091021.1	39000001	40000000	0.0026083765904406	926630	2417	926630	0
pop1	NC_091021.1	40000001	41000000	0.0012352296828023	42907	53	42907	0
pop1	NC_091022.1	1	1000000	0.0023490144827553	411662	967	411662	0
pop1	NC_091022.1	1000001	2000000	0.0023566238450444	952634	2245	952634	0
pop1	NC_091022.1	2000001	3000000	0.0045686614404112	927624	4238	927624	0
pop1	NC_091022.1	3000001	4000000	0.0043643187801099	849388	3707	849388	0
pop1	NC_091022.1	4000001	5000000	0.0034723493383122	901407	3130	901407	0
pop1	NC_091022.1	5000001	6000000	0.00019031481754334	814440	155	814440	0
pop1	NC_091022.1	6000001	7000000	0.00014392834061912	354343	51	354343	0
pop1	NC_091022.1	7000001	8000000	0.0011500989400184	952092	1095	952092	0
pop1	NC_091022.1	8000001	9000000	0.0021101504929171	941639	1987	941639	0
pop1	NC_091022.1	9000001	10000000	0.0029146451302028	935963	2728	935963	0
pop1	NC_091022.1	10000001	11000000	0.0027600805196422	963740	2660	963740	0
pop1	NC_091022.1	11000001	12000000	0.0027642890038683	961911	2659	961911	0
pop1	NC_091022.1	12000001	13000000	0.0034220456740049	955861	3271	955861	0
pop1	NC_091022.1	13000001	14000000	0.0038105499195585	959704	3657	959704	0
pop1	NC_091022.1	14000001	15000000	0.0026972248207047	962100	2595	962100	0
pop1	NC_091022.1	15000001	16000000	0.0029424110184971	955339	2811	955339	0
pop1	NC_091022.1	16000001	17000000	0.0026851758556466	962693	2585	962693	0
pop1	NC_091022.1	17000001	18000000	0.0025185363445125	964052	2428	964052	0
pop1	NC_091022.1	18000001	19000000	0.0029483937978209	966628	2850	966628	0
pop1	NC_091022.1	19000001	20000000	0.0030068221064602	973453	2927	973453	0
pop1	NC_091022.1	20000001	21000000	0.0030917924067553	972575	3007	972575	0
pop1	NC_091022.1	21000001	22000000	0.0033739999275966	966805	3262	966805	0
pop1	NC_091022.1	22000001	23000000	0.002590610851512	949969	2461	949969	0
pop1	NC_091022.1	23000001	24000000	0.0029218731678873	946653	2766	946653	0
pop1	NC_091022.1	24000001	25000000	0.0034493697233232	948869	3273	948869	0
pop1	NC_091022.1	25000001	26000000	0.0036376372240707	953641	3469	953641	0
pop1	NC_091022.1	26000001	27000000	0.0027799841143765	964394	2681	964394	0
pop1	NC_091022.1	27000001	28000000	0.003331945887538	963401	3210	963401	0
pop1	NC_091022.1	28000001	29000000	0.003772849449758	959487	3620	959487	0
pop1	NC_091022.1	29000001	30000000	0.0037689094568575	962878	3629	962878	0
pop1	NC_091022.1	30000001	31000000	0.0032278822385259	960382	3100	960382	0
pop1	NC_091022.1	31000001	32000000	0.0040952441049983	934987	3829	934987	0
pop1	NC_091022.1	32000001	33000000	0.0037809933185795	900557	3405	900557	0
pop1	NC_091022.1	33000001	34000000	0.00088747899318341	264795	235	264795	0
pop1	NC_091023.1	1	1000000	0.0032356729538211	513958	1663	513958	0
pop1	NC_091023.1	1000001	2000000	0.0037492872982999	682263	2558	682263	0
pop1	NC_091023.1	2000001	3000000	0.0046732968904302	900221	4207	900221	0
pop1	NC_091023.1	3000001	4000000	0.0037841930140166	842716	3189	842716	0
pop1	NC_091023.1	4000001	5000000	0.0043219600518169	943322	4077	943322	0
pop1	NC_091023.1	5000001	6000000	0.0032414020437315	964706	3127	964706	0
pop1	NC_091023.1	6000001	7000000	0.002702016918799	953732	2577	953732	0
pop1	NC_091023.1	7000001	8000000	0.0021656478613326	971072	2103	971072	0
pop1	NC_091023.1	8000001	9000000	0.0021801936761008	971932	2119	971932	0
pop1	NC_091023.1	9000001	10000000	0.0016515046461634	861033	1422	861033	0
pop1	NC_091023.1	10000001	11000000	0.0016467554897861	970393	1598	970393	0
pop1	NC_091023.1	11000001	12000000	0.0019756799769264	970805	1918	970805	0
pop1	NC_091023.1	12000001	13000000	0.0023709343828724	971347	2303	971347	0
pop1	NC_091023.1	13000001	14000000	0.0023326192308492	961580	2243	961580	0
pop1	NC_091023.1	14000001	15000000	0.0022826360129812	915170	2089	915170	0
pop1	NC_091023.1	15000001	16000000	0.0032069105368126	956684	3068	956684	0
pop1	NC_091023.1	16000001	17000000	0.0028133042735876	963991	2712	963991	0
pop1	NC_091023.1	17000001	18000000	0.002760718614737	942146	2601	942146	0
pop1	NC_091023.1	18000001	19000000	0.0031705438529586	936117	2968	936117	0
pop1	NC_091023.1	19000001	20000000	0.0033896836432807	969412	3286	969412	0
pop1	NC_091023.1	20000001	21000000	0.0035090721473068	970057	3404	970057	0
pop1	NC_091023.1	21000001	22000000	0.0039121285254736	970827	3798	970827	0
pop1	NC_091023.1	22000001	23000000	0.0039654340119875	965342	3828	965342	0
pop1	NC_091023.1	23000001	24000000	0.0039079511574152	955232	3733	955232	0
pop1	NC_091023.1	24000001	25000000	0.0049660205671416	941599	4676	941599	0
pop1	NC_091023.1	25000001	26000000	0.0044645376371158	921484	4114	921484	0
pop1	NC_091023.1	26000001	27000000	0.0022468821206338	945755	2125	945755	0
pop1	NC_091023.1	27000001	28000000	0.0011821546052632	19456	23	19456	0
pop1	NC_091024.1	1	1000000	0.0017849981792788	867788	1549	867788	0
pop1	NC_091024.1	1000001	2000000	0.0034702833720069	967068	3356	967068	0
pop1	NC_091024.1	2000001	3000000	0.0031964777966863	970756	3103	970756	0
pop1	NC_091024.1	3000001	4000000	0.0038519382779643	966786	3724	966786	0
pop1	NC_091024.1	4000001	5000000	0.0038286437813622	962743	3686	962743	0
pop1	NC_091024.1	5000001	6000000	0.0035585608444129	945888	3366	945888	0
pop1	NC_091024.1	6000001	7000000	0.0037485180460326	953977	3576	953977	0
pop1	NC_091024.1	7000001	8000000	0.0032170470327301	964860	3104	964860	0
pop1	NC_091024.1	8000001	9000000	0.0027985055403403	970518	2716	970518	0
pop1	NC_091024.1	9000001	10000000	0.0024096484966517	969436	2336	969436	0
pop1	NC_091024.1	10000001	11000000	0.0022363119592716	960510	2148	960510	0
pop1	NC_091024.1	11000001	12000000	0.0028414916674466	950909	2702	950909	0
pop1	NC_091024.1	12000001	13000000	0.0041173893004638	880898	3627	880898	0
pop1	NC_091024.1	13000001	14000000	0.0029157225776031	958596	2795	958596	0
pop1	NC_091024.1	14000001	15000000	0.0023729279867941	959574	2277	959574	0
pop1	NC_091024.1	15000001	16000000	0.002129596378851	957928	2040	957928	0
pop1	NC_091024.1	16000001	17000000	0.0011617225061638	950313	1104	950313	0
pop1	NC_091024.1	17000001	18000000	0.00032510708329354	544436	177	544436	0
pop1	NC_091024.1	18000001	19000000	0.00054055296160651	913879	494	913879	0
pop1	NC_091024.1	19000001	20000000	0.0042273155077858	817067	3454	817067	0
pop1	NC_091024.1	20000001	21000000	0.0032737018396428	923114	3022	923114	0
pop1	NC_091024.1	21000001	22000000	0.0029327743317771	302444	887	302444	0
pop1	NC_091025.1	1	1000000	0.0011680900320638	852674	996	852674	0
pop1	NC_091025.1	1000001	2000000	0.0036018175049228	891772	3212	891772	0
pop1	NC_091025.1	2000001	3000000	0.0042539252865859	925028	3935	925028	0
pop1	NC_091025.1	3000001	4000000	0.0044992575705464	962381	4330	962381	0
pop1	NC_091025.1	4000001	5000000	0.0035824208573763	973085	3486	973085	0
pop1	NC_091025.1	5000001	6000000	0.0032460178886162	971344	3153	971344	0
pop1	NC_091025.1	6000001	7000000	0.0037626275103895	951197	3579	951197	0
pop1	NC_091025.1	7000001	8000000	0.0034745891496429	921260	3201	921260	0
pop1	NC_091025.1	8000001	9000000	0.00267007111346	942297	2516	942297	0
pop1	NC_091025.1	9000001	10000000	0.0033211482448225	971953	3228	971953	0
pop1	NC_091025.1	10000001	11000000	0.0026824939988718	971484	2606	971484	0
pop1	NC_091025.1	11000001	12000000	0.0032802114462115	973108	3192	973108	0
pop1	NC_091025.1	12000001	13000000	0.0035684046253331	963736	3439	963736	0
pop1	NC_091025.1	13000001	14000000	0.0029315304799632	968095	2838	968095	0
pop1	NC_091025.1	14000001	15000000	0.0035190397042183	965036	3396	965036	0
pop1	NC_091025.1	15000001	16000000	0.0029665734663809	955648	2835	955648	0
pop1	NC_091025.1	16000001	17000000	0.0036304653364868	942028	3420	942028	0
pop1	NC_091025.1	17000001	18000000	0.0041357260281065	927044	3834	927044	0
pop1	NC_091025.1	18000001	19000000	0.0039631827508136	904576	3585	904576	0
pop1	NC_091025.1	19000001	20000000	0.0036633111425355	929214	3404	929214	0
pop1	NC_091025.1	20000001	21000000	0.0033953742763845	923315	3135	923315	0
pop1	NC_091025.1	21000001	22000000	0.0026021164985788	241342	628	241342	0
pop1	NC_091025.1	22000001	23000000	0	1244	0	1244	0
pop1	NC_091025.1	23000001	24000000	0	584	0	584	0
pop1	NC_091025.1	24000001	25000000	0.0057471264367816	348	2	348	0
pop1	NC_091025.1	25000001	26000000	0.0049728752260398	2212	11	2212	0
pop1	NC_091025.1	26000001	27000000	0.0038000584624379	3421	13	3421	0
pop1	NC_091025.1	27000001	28000000	0	598	0	598	0
pop1	NC_091026.1	1	1000000	0.002091255696655	805736	1685	805736	0
pop1	NC_091026.1	1000001	2000000	0.0035082367297132	924396	3243	924396	0
pop1	NC_091026.1	2000001	3000000	0.0042362397891275	957925	4058	957925	0
pop1	NC_091026.1	3000001	4000000	0.0030980966987574	618767	1917	618767	0
pop1	NC_091026.1	4000001	5000000	0.0025869702787525	933911	2416	933911	0
pop1	NC_091026.1	5000001	6000000	0.0029757583797001	957403	2849	957403	0
pop1	NC_091026.1	6000001	7000000	0.0026556449969431	942144	2502	942144	0
pop1	NC_091026.1	7000001	8000000	0.0038606054164057	969019	3741	969019	0
pop1	NC_091026.1	8000001	9000000	0.0034493555687364	785654	2710	785654	0
pop1	NC_091026.1	9000001	10000000	0.002502637295176	850303	2128	850303	0
pop1	NC_091026.1	10000001	11000000	0.0029321880337753	952531	2793	952531	0
pop1	NC_091026.1	11000001	12000000	0.0030860361823383	957539	2955	957539	0
pop1	NC_091026.1	12000001	13000000	0.0028831998245192	948252	2734	948252	0
pop1	NC_091026.1	13000001	14000000	0.0034980146823336	964833	3375	964833	0
pop1	NC_091026.1	14000001	15000000	0.0029957870105613	953005	2855	953005	0
pop1	NC_091026.1	15000001	16000000	0.0034028753154511	963303	3278	963303	0
pop1	NC_091026.1	16000001	17000000	0.0036481674177193	964868	3520	964868	0
pop1	NC_091026.1	17000001	18000000	0.0025554209507243	965790	2468	965790	0
pop1	NC_091026.1	18000001	19000000	0.00410562706262	956005	3925	956005	0
pop1	NC_091026.1	19000001	20000000	0.0043762837365158	939153	4110	939153	0
pop1	NC_091026.1	20000001	21000000	0.0039569774192563	916356	3626	916356	0
pop1	NC_091026.1	21000001	22000000	0.0032744797416613	773558	2533	773558	0
pop1	NC_091026.1	22000001	23000000	0.0025608194622279	1562	4	1562	0
pop1	NC_091026.1	23000001	24000000	0.00083612040133779	1196	1	1196	0
pop1	NC_091027.1	1	1000000	0.00058344198549796	868981	507	868981	0
pop1	NC_091027.1	1000001	2000000	0.0034577244973645	912739	3156	912739	0
pop1	NC_091027.1	2000001	3000000	0.0039004074475218	930672	3630	930672	0
pop1	NC_091027.1	3000001	4000000	0.0034808692765437	924769	3219	924769	0
pop1	NC_091027.1	4000001	5000000	0.0035008342524545	958343	3355	958343	0
pop1	NC_091027.1	5000001	6000000	0.0035346548257478	953417	3370	953417	0
pop1	NC_091027.1	6000001	7000000	0.003564579760137	938119	3344	938119	0
pop1	NC_091027.1	7000001	8000000	0.003059356759764	954449	2920	954449	0
pop1	NC_091027.1	8000001	9000000	0.0034772053384585	949038	3300	949038	0
pop1	NC_091027.1	9000001	10000000	0.0027964223415894	953361	2666	953361	0
pop1	NC_091027.1	10000001	11000000	0.0010428375303414	948374	989	948374	0
pop1	NC_091027.1	11000001	12000000	0.00048590562991886	804683	391	804683	0
pop1	NC_091027.1	12000001	13000000	0.0012820498843866	917281	1176	917281	0
pop1	NC_091027.1	13000001	14000000	0.002337799073905	930790	2176	930790	0
pop1	NC_091027.1	14000001	15000000	0.0031447295772619	958111	3013	958111	0
pop1	NC_091027.1	15000001	16000000	0.003861473951582	952745	3679	952745	0
pop1	NC_091027.1	16000001	17000000	0.0039859774493115	830662	3311	830662	0
pop1	NC_091027.1	17000001	18000000	0.0050637265205511	784995	3975	784995	0
pop1	NC_091027.1	18000001	19000000	0.0025364528118572	790474	2005	790474	0
pop1	NC_091027.1	19000001	20000000	0.0021014495799202	475862	1000	475862	0
pop1	NC_091028.1	1	1000000	0.0025747681501399	455575	1173	455575	0
pop1	NC_091028.1	1000001	2000000	0.0037039732704367	879326	3257	879326	0
pop1	NC_091028.1	2000001	3000000	0.0036891686055654	871199	3214	871199	0
pop1	NC_091028.1	3000001	4000000	0.0033484399530393	944619	3163	944619	0
pop1	NC_091028.1	4000001	5000000	0.0039913097970211	963844	3847	963844	0
pop1	NC_091028.1	5000001	6000000	0.004053331765205	952303	3860	952303	0
pop1	NC_091028.1	6000001	7000000	0.0037692931565422	965433	3639	965433	0
pop1	NC_091028.1	7000001	8000000	0.0028394070534788	970273	2755	970273	0
pop1	NC_091028.1	8000001	9000000	0.0033712383645833	915094	3085	915094	0
pop1	NC_091028.1	9000001	10000000	0.0043023170613009	914391	3934	914391	0
pop1	NC_091028.1	10000001	11000000	0.0031709345702883	929379	2947	929379	0
pop1	NC_091028.1	11000001	12000000	0.0031829516254695	947234	3015	947234	0
pop1	NC_091028.1	12000001	13000000	0.0033349938823706	959522	3200	959522	0
pop1	NC_091028.1	13000001	14000000	0.0033702856311803	948881	3198	948881	0
pop1	NC_091028.1	14000001	15000000	0.0037059030185078	964947	3576	964947	0
pop1	NC_091028.1	15000001	16000000	0.0037180073246216	951585	3538	951585	0
pop1	NC_091028.1	16000001	17000000	0.0027354373703637	951219	2602	951219	0
pop1	NC_091028.1	17000001	18000000	0.00085986659641938	201194	173	201194	0
pop1	NC_091029.1	1	1000000	0.0029439592790761	909999	2679	909999	0
pop1	NC_091029.1	1000001	2000000	0.0038436455402685	952221	3660	952221	0
pop1	NC_091029.1	2000001	3000000	0.0033263950546965	955088	3177	955088	0
pop1	NC_091029.1	3000001	4000000	0.0033894626379439	949118	3217	949118	0
pop1	NC_091029.1	4000001	5000000	0.0040394338831114	905820	3659	905820	0
pop1	NC_091029.1	5000001	6000000	0.0039363940651951	930039	3661	930039	0
pop1	NC_091029.1	6000001	7000000	0.003338121007148	955927	3191	955927	0
pop1	NC_091029.1	7000001	8000000	0.0030983475826131	961803	2980	961803	0
pop1	NC_091029.1	8000001	9000000	0.0027000332066952	942581	2545	942581	0
pop1	NC_091029.1	9000001	10000000	0.002247823059353	881742	1982	881742	0
pop1	NC_091029.1	10000001	11000000	0.00047675984925308	924994	441	924994	0
pop1	NC_091029.1	11000001	12000000	0.00080572172799717	181204	146	181204	0
pop1	NC_091029.1	12000001	13000000	0.0033230474264566	838688	2787	838688	0
pop1	NC_091029.1	13000001	14000000	0.0033789332075406	858555	2901	858555	0
pop1	NC_091029.1	14000001	15000000	0.0028668545509197	884942	2537	884942	0
pop1	NC_091029.1	15000001	16000000	0.0015616344403704	379090	592	379090	0
pop1	NC_091030.1	1	1000000	0.0036439016891178	832624	3034	832624	0
pop1	NC_091030.1	1000001	2000000	0.0040199740390474	905976	3642	905976	0
pop1	NC_091030.1	2000001	3000000	0.0044731898640418	896452	4010	896452	0
pop1	NC_091030.1	3000001	4000000	0.0033637820477975	919798	3094	919798	0
pop1	NC_091030.1	4000001	5000000	0.0037579684531531	935878	3517	935878	0
pop1	NC_091030.1	5000001	6000000	0.0030352673202531	941268	2857	941268	0
pop1	NC_091030.1	6000001	7000000	0.0036097657703374	938011	3386	938011	0
pop1	NC_091030.1	7000001	8000000	0.0037836040191252	917115	3470	917115	0
pop1	NC_091030.1	8000001	9000000	0.0034430678415087	925628	3187	925628	0
pop1	NC_091030.1	9000001	10000000	0.0019984977172016	953216	1905	953216	0
pop1	NC_091030.1	10000001	11000000	0.0017360664316168	932568	1619	932568	0
pop1	NC_091030.1	11000001	12000000	0.00047225299022007	116463	55	116463	0
pop1	NC_091031.1	1	1000000	0.0021081998234312	884641	1865	884641	0
pop1	NC_091031.1	1000001	2000000	0.0043412216273438	870953	3781	870953	0
pop1	NC_091031.1	2000001	3000000	0.0029891660173146	931698	2785	931698	0
pop1	NC_091031.1	3000001	4000000	0.00057895581592644	697808	404	697808	0
pop1	NC_091031.1	4000001	5000000	0.00064680254795888	947739	613	947739	0
pop1	NC_091031.1	5000001	6000000	0.0034784222377346	926857	3224	926857	0
pop1	NC_091031.1	6000001	7000000	0.0034471473294836	928884	3202	928884	0
pop1	NC_091031.1	7000001	8000000	0.0037198106394929	934725	3477	934725	0
pop1	NC_091031.1	8000001	9000000	0.0041399246832979	922239	3818	922239	0
pop1	NC_091031.1	9000001	10000000	0.0045248970288678	891512	4034	891512	0
pop1	NC_091031.1	10000001	11000000	0.0044478281775926	873460	3885	873460	0
pop1	NC_091031.1	11000001	12000000	0.0040920257252477	869496	3558	869496	0
pop1	NC_091031.1	12000001	13000000	0.002069954884574	500494	1036	500494	0
pop1	NC_091032.1	1	1000000	0.0026783185274865	836719	2241	836719	0
pop1	NC_091032.1	1000001	2000000	0.0034848149162739	916261	3193	916261	0
pop1	NC_091032.1	2000001	3000000	0.0041908884947049	911024	3818	911024	0
pop1	NC_091032.1	3000001	4000000	0.0039857263025078	913008	3639	913008	0
pop1	NC_091032.1	4000001	5000000	0.0033205321672616	952257	3162	952257	0
pop1	NC_091032.1	5000001	6000000	0.004083226503673	914228	3733	914228	0
pop1	NC_091032.1	6000001	7000000	0.0032047141431895	921143	2952	921143	0
pop1	NC_091032.1	7000001	8000000	0.0033050362811286	942501	3115	942501	0
pop1	NC_091032.1	8000001	9000000	0.0032885301529743	944799	3107	944799	0
pop1	NC_091032.1	9000001	10000000	0.0032385615966525	937762	3037	937762	0
pop1	NC_091032.1	10000001	11000000	0.0021129679831811	943223	1993	943223	0
pop1	NC_091032.1	11000001	12000000	0.0012953695598274	197627	256	197627	0
pop1	NC_091033.1	1	1000000	0.0011169395120117	271277	303	271277	0
pop1	NC_091033.1	1000001	2000000	0.0016435333966431	899282	1478	899282	0
pop1	NC_091033.1	2000001	3000000	0.0031163405915396	477804	1489	477804	0
pop1	NC_091033.1	3000001	4000000	0.00433325011591	897248	3888	897248	0
pop1	NC_091033.1	4000001	5000000	0.0045138686440903	943315	4258	943315	0
pop1	NC_091033.1	5000001	6000000	0.0040840146114183	957881	3912	957881	0
pop1	NC_091033.1	6000001	7000000	0.0035040068670848	936642	3282	936642	0
pop1	NC_091033.1	7000001	8000000	0.0033079386205615	925652	3062	925652	0
pop1	NC_091033.1	8000001	9000000	0.0031339523692414	902694	2829	902694	0
pop1	NC_091033.1	9000001	10000000	0.0035537006754038	897093	3188	897093	0
pop1	NC_091033.1	10000001	11000000	0.0035176341318466	935572	3291	935572	0
pop1	NC_091033.1	11000001	12000000	0.003351436516259	958395	3212	958395	0
pop1	NC_091033.1	12000001	13000000	0.0028625865610071	969403	2775	969403	0
pop1	NC_091033.1	13000001	14000000	0.0040258824740687	951841	3832	951841	0
pop1	NC_091033.1	14000001	15000000	0.0030124076024041	955382	2878	955382	0
pop1	NC_091033.1	15000001	16000000	0.0016965322626706	945458	1604	945458	0
pop1	NC_091033.1	16000001	17000000	0.0015146310233909	192126	291	192126	0
pop1	NC_091034.1	1	1000000	0.0034306612201075	715314	2454	715314	0
pop1	NC_091034.1	1000001	2000000	0.0055400842144276	777064	4305	777064	0
pop1	NC_091034.1	2000001	3000000	0.0020557241988857	760316	1563	760316	0
pop1	NC_091034.1	3000001	4000000	0.00085476895884795	414147	354	414147	0
pop1	NC_091034.1	4000001	5000000	0.0022258642054527	950642	2116	950642	0
pop1	NC_091034.1	5000001	6000000	0.003833939922791	905335	3471	905335	0
pop1	NC_091034.1	6000001	7000000	0.0033333723450322	939889	3133	939889	0
pop1	NC_091034.1	7000001	8000000	0.0042037930647514	891100	3746	891100	0
pop1	NC_091034.1	8000001	9000000	0.0019609862520782	951562	1866	951562	0
pop1	NC_091034.1	9000001	10000000	0.00025093840507732	95641	24	95641	0
pop1	NC_091035.1	1	1000000	0.0020209362988308	731839	1479	731839	0
pop1	NC_091035.1	1000001	2000000	0.0054149568279201	772490	4183	772490	0
pop1	NC_091035.1	2000001	3000000	0.0039923146841912	908746	3628	908746	0
pop1	NC_091035.1	3000001	4000000	0.0050980026713882	804825	4103	804825	0
pop1	NC_091035.1	4000001	5000000	0.0035990014382668	899694	3238	899694	0
pop1	NC_091035.1	5000001	6000000	0.002315891047853	227990	528	227990	0
pop1	NC_091036.1	1	1000000	0.0038437155750506	799747	3074	799747	0
pop1	NC_091036.1	1000001	2000000	0.0054765468224619	595996	3264	595996	0
pop1	NC_091036.1	2000001	3000000	0.0019944474045823	891475	1778	891475	0
pop1	NC_091036.1	3000001	4000000	0.00059612259239356	459637	274	459637	0
pop1	NC_091036.1	4000001	5000000	0.0031652182328888	909258	2878	909258	0
pop1	NC_091036.1	5000001	6000000	0.004508597191984	816662	3682	816662	0
pop1	NC_091036.1	6000001	7000000	0.0039491497811958	890065	3515	890065	0
pop1	NC_091036.1	7000001	8000000	0.002963989753064	897439	2660	897439	0
pop1	NC_091036.1	8000001	9000000	0.0011169024571854	51034	57	51034	0
pop1	NC_091037.1	1	1000000	0.0020419654516484	751237	1534	751237	0
pop1	NC_091037.1	1000001	2000000	0.0035431708257395	913024	3235	913024	0
pop1	NC_091037.1	2000001	3000000	0.0040747743445142	917106	3737	917106	0
pop1	NC_091037.1	3000001	4000000	0.0038641535357005	931640	3600	931640	0
pop1	NC_091037.1	4000001	5000000	0.0039079232069415	908155	3549	908155	0
pop1	NC_091037.1	5000001	6000000	0.0038369325979585	895507	3436	895507	0
pop1	NC_091037.1	6000001	7000000	0.0042173911144309	915732	3862	915732	0
pop1	NC_091037.1	7000001	8000000	0.0036244412853319	78081	283	78081	0
pop1	NC_091038.1	1	1000000	0.0033712614333779	295735	997	295735	0
pop1	NC_091038.1	1000001	2000000	0.0059951579672206	731924	4388	731924	0
pop1	NC_091038.1	2000001	3000000	0.0063057426229431	634501	4001	634501	0
pop1	NC_091038.1	3000001	4000000	0.0031889036119627	642227	2048	642227	0
pop1	NC_091038.1	4000001	5000000	0.0075614366729679	529	4	529	0
pop1	NC_091039.1	1	1000000	0.0021054742330058	9974	21	9974	0
pop1	NC_091039.1	1000001	2000000	0.0038463846092725	616683	2372	616683	0
pop1	NC_091039.1	2000001	3000000	0.0039028914806923	856032	3341	856032	0
pop1	NC_091039.1	3000001	4000000	0.0040386179003846	858462	3467	858462	0
pop1	NC_091039.1	4000001	5000000	0.0036555316566599	900553	3292	900553	0
pop1	NC_091039.1	5000001	6000000	0.0050480433210363	822695	4153	822695	0
pop1	NC_091039.1	6000001	7000000	0.0039456447268288	896178	3536	896178	0
pop1	NC_091039.1	7000001	8000000	0.0016287442882355	918499	1496	918499	0
pop1	NC_091039.1	8000001	9000000	0.0015057245944487	35199	53	35199	0
pop1	NC_091040.1	1	1000000	0.0022316919969456	811940	1812	811940	0
pop1	NC_091040.1	1000001	2000000	0.0058383138854631	758952	4431	758952	0
pop1	NC_091040.1	2000001	3000000	0.004072679081261	836059	3405	836059	0
pop1	NC_091040.1	3000001	4000000	0.0037835410742194	574594	2174	574594	0
pop1	NC_091040.1	4000001	5000000	0.0039879640617054	471920	1882	471920	0
pop1	NC_091040.1	5000001	6000000	0.0038144997225818	692096	2640	692096	0
pop1	NC_091040.1	6000001	7000000	0.0035346822077735	637964	2255	637964	0
pop1	NC_091041.1	1	1000000	0.0021739130434783	3220	7	3220	0
pop1	NC_091041.1	1000001	2000000	0.0036275482007283	510262	1851	510262	0
pop1	NC_091041.1	2000001	3000000	0.0041260476540146	789860	3259	789860	0
pop1	NC_091041.1	3000001	4000000	0.0036450806372962	902312	3289	902312	0
pop1	NC_091041.1	4000001	5000000	0.0034838923945533	903300	3147	903300	0
pop1	NC_091041.1	5000001	6000000	0.0044031778271291	806463	3551	806463	0
pop1	NC_091041.1	6000001	7000000	0.0027489211615834	684996	1883	684996	0
pop1	NC_091042.1	1	1000000	0.0043030761179275	103182	444	103182	0
pop1	NC_091042.1	1000001	2000000	0.0048510810886038	754471	3660	754471	0
pop1	NC_091042.1	2000001	3000000	0.0047277915729709	742207	3509	742207	0
pop1	NC_091042.1	3000001	4000000	0.0039907520971402	375869	1500	375869	0
pop1	NC_091043.1	1	1000000	0.0074494229531593	599778	4468	599778	0
pop1	NC_091043.1	1000001	2000000	0.0091935238075219	380594	3499	380594	0
pop1	NC_091043.1	2000001	3000000	0.0017106200997862	7015	12	7015	0
pop1	NC_091044.1	1	1000000	0.0065213704477602	312511	2038	312511	0
pop1	NC_091044.1	1000001	2000000	0.0092142642212182	422063	3889	422063	0
pop1	NC_091044.1	2000001	3000000	0.0045819696518893	252075	1155	252075	0
pop1	NC_091045.1	1	1000000	0.0069709090259361	391771	2731	391771	0
pop1	NC_138417.1	1	1000000	0.0022558814050918	3103	7	3103	0
pop1	NC_138417.1	1000001	2000000	0.0014603870025557	5478	8	5478	0
pop1	NC_138417.1	2000001	3000000	0.0030349013657056	6590	20	6590	0
pop1	NC_138417.1	3000001	4000000	0.00078472403871305	3823	3	3823	0
pop1	NC_138417.1	4000001	5000000	0.0014391940513313	4169	6	4169	0
pop1	NC_138417.1	5000001	6000000	0.0014873574615766	6051	9	6051	0
pop1	NC_138417.1	6000001	7000000	0.0047064096817571	4462	21	4462	0
pop1	NC_138417.1	7000001	8000000	0.0026771372479029	5603	15	5603	0
pop1	NC_138417.1	8000001	9000000	0.0017782088587132	6186	11	6186	0
pop1	NC_138417.1	9000001	10000000	0.00074183976261128	5392	4	5392	0
pop1	NC_138417.1	10000001	11000000	0.003953726753551	6829	27	6829	0
pop1	NC_138417.1	11000001	12000000	0.0033840947546531	7092	24	7092	0
pop1	NC_138417.1	12000001	13000000	0.0023966446974236	6676	16	6676	0
pop1	NC_138417.1	13000001	14000000	0.0028236316246742	4604	13	4604	0
pop1	NC_138417.1	14000001	15000000	0.0028500178126113	2807	8	2807	0
pop1	NC_138417.1	15000001	16000000	0	41	0	41	0
pop1	NC_138417.1	16000001	17000000	0.016757436112275	4774	80	4774	0
pop1	NC_138417.1	17000001	18000000	0.0030752026838133	3577	11	3577	0
pop1	NC_138417.1	18000001	19000000	0.0063091482649842	4755	30	4755	0
pop1	NC_138417.1	19000001	20000000	0.012449155676075	8113	101	8113	0
pop1	NC_138417.1	20000001	21000000	0.010569427929713	7569	80	7569	0
pop1	NW_027184081.1	1	1000000	0	291	0	291	0
pop1	NW_027184081.1	1000001	2000000	0.0045428733674049	1761	8	1761	0
pop1	NW_027184081.1	2000001	3000000	0	151	0	151	0
pop1	NW_027184081.1	3000001	4000000	0	107	0	107	0
pop1	NW_027184081.1	4000001	5000000	0.0021938571998404	5014	11	5014	0
pop1	NW_027184081.1	5000001	6000000	0.0013120899718838	5335	7	5335	0
pop1	NW_027184081.1	6000001	7000000	0.0014643968515468	5463	8	5463	0
pop1	NW_027184081.1	7000001	8000000	0.0010190217391304	2944	3	2944	0
pop1	NW_027184081.1	8000001	9000000	0.0065789473684211	5320	35	5320	0
pop1	NW_027184081.1	9000001	10000000	0.0045427013930951	3302	15	3302	0
pop1	NW_027184082.1	1	1000000	0.0020545934840035	3407	7	3407	0
pop1	NW_027184082.1	1000001	2000000	0.0015077902496231	5969	9	5969	0
pop1	NW_027184082.1	2000001	3000000	0.0031559317171138	6971	22	6971	0
pop1	NW_027184082.1	3000001	4000000	0.0031441048034934	5725	18	5725	0
pop1	NW_027184082.1	4000001	5000000	0.0009976057462091	5012	5	5012	0
pop1	NW_027184083.1	1	1000000	0.0027452415812592	5464	15	5464	0
pop1	NW_027184083.1	1000001	2000000	0.0019021739130435	3680	7	3680	0
pop1	NW_027184083.1	2000001	3000000	0.0032319670926987	6807	22	6807	0
pop1	NW_027184083.1	3000001	4000000	0.0017740981667652	1691	3	1691	0
pop1	NW_027184084.1	1	1000000	0.003992628992629	6512	26	6512	0
pop1	NW_027184084.1	1000001	2000000	0.0015228426395939	1970	3	1970	0
pop1	NW_027184084.1	2000001	3000000	0.0020651675080312	4358	9	4358	0
pop1	NC_138418.1	1	1000000	0.002065054782858	449867	929	449867	0
pop1	NC_138418.1	1000001	2000000	0.003318271280133	894743	2969	894743	0
pop1	NC_138418.1	2000001	3000000	0.0029085001851834	936909	2725	936909	0
pop1	NC_138418.1	3000001	4000000	0.0029356023858193	953467	2799	953467	0
pop1	NC_138418.1	4000001	5000000	0.0030499751471578	931483	2841	931483	0
pop1	NC_138418.1	5000001	6000000	0.0027605999891699	923350	2549	923350	0
pop1	NC_138418.1	6000001	7000000	0.0029527420865108	925919	2734	925919	0
pop1	NC_138418.1	7000001	8000000	0.0022763264139409	958562	2182	958562	0
pop1	NC_138418.1	8000001	9000000	0.0023211945631159	850855	1975	850855	0
pop1	NC_138418.1	9000001	10000000	0.002696653628857	920400	2482	920400	0
pop1	NC_138418.1	10000001	11000000	0.0026699432353887	926986	2475	926986	0
pop1	NC_138418.1	11000001	12000000	0.0032614561829299	943137	3076	943137	0
pop1	NC_138418.1	12000001	13000000	0.0020005097247593	937761	1876	937761	0
pop1	NC_138418.1	13000001	14000000	0.0020676900857934	952754	1970	952754	0
pop1	NC_138418.1	14000001	15000000	0.0025688172943442	847861	2178	847861	0
pop1	NC_138418.1	15000001	16000000	0.0024639980133882	934254	2302	934254	0
pop1	NC_138418.1	16000001	17000000	0.0016373988208623	949677	1555	949677	0
pop1	NC_138418.1	17000001	18000000	0.0023602372405575	953294	2250	953294	0
pop1	NC_138418.1	18000001	19000000	0.0020385583550451	952634	1942	952634	0
pop1	NC_138418.1	19000001	20000000	0.0024791665984678	916437	2272	916437	0
pop1	NC_138418.1	20000001	21000000	0.0019414658337746	923529	1793	923529	0
pop1	NC_138418.1	21000001	22000000	0.0014855981316495	924880	1374	924880	0
pop1	NC_138418.1	22000001	23000000	0.0014898761953379	938333	1398	938333	0
pop1	NC_138418.1	23000001	24000000	0.001277435447489	892413	1140	892413	0
pop1	NC_138418.1	24000001	25000000	0.0013894618006557	921220	1280	921220	0
pop1	NC_138418.1	25000001	26000000	0.0015813033010106	937834	1483	937834	0
pop1	NC_138418.1	26000001	27000000	0.0019983067701747	947302	1893	947302	0
pop1	NC_138418.1	27000001	28000000	0.001595595604097	941968	1503	941968	0
pop1	NC_138418.1	28000001	29000000	0.0016752345919815	930019	1558	930019	0
pop1	NC_138418.1	29000001	30000000	0.0013809701890112	957298	1322	957298	0
pop1	NC_138418.1	30000001	31000000	0.0018713267283605	945853	1770	945853	0
pop1	NC_138418.1	31000001	32000000	0.0018460188362873	957195	1767	957195	0
pop1	NC_138418.1	32000001	33000000	0.0018248175182482	902556	1647	902556	0
pop1	NC_138418.1	33000001	34000000	0.0019963305958413	915680	1828	915680	0
pop1	NC_138418.1	34000001	35000000	0.0022520645683262	948019	2135	948019	0
pop1	NC_138418.1	35000001	36000000	0.001658257435489	946777	1570	946777	0
pop1	NC_138418.1	36000001	37000000	0.0024332477923277	909895	2214	909895	0
pop1	NC_138418.1	37000001	38000000	0.0019962754336691	955279	1907	955279	0
pop1	NC_138418.1	38000001	39000000	0.0011688012723924	955680	1117	955680	0
pop1	NC_138418.1	39000001	40000000	0.0015914074932871	914285	1455	914285	0
pop1	NC_138418.1	40000001	41000000	0.0033190190804272	63573	211	63573	0
pop1	NC_138418.1	41000001	42000000	0.0025753801237908	950151	2447	950151	0
pop1	NC_138418.1	42000001	43000000	0.0023610932346977	947866	2238	947866	0
pop1	NC_138418.1	43000001	44000000	0.001904157078858	957379	1823	957379	0
pop1	NC_138418.1	44000001	45000000	0.0018662101979014	938801	1752	938801	0
pop1	NC_138418.1	45000001	46000000	0.0010913126404941	704656	769	704656	0
pop1	NC_138418.1	46000001	47000000	0.0012425845759179	923076	1147	923076	0
pop1	NC_138418.1	47000001	48000000	0.0018271127195853	881719	1611	881719	0
pop1	NC_138418.1	48000001	49000000	0.0023502535062528	927985	2181	927985	0
pop1	NC_138418.1	49000001	50000000	0.0028202794582151	933950	2634	933950	0
pop1	NC_138418.1	50000001	51000000	0.0022475976763966	552590	1242	552590	0
pop1	NC_138418.1	51000001	52000000	NA	0	NA	NA	NA
pop1	NC_138418.1	52000001	53000000	NA	0	NA	NA	NA
pop1	NC_138418.1	53000001	54000000	0.0017943457562734	657064	1179	657064	0
pop1	NC_138418.1	54000001	55000000	0.0016450271690008	940410	1547	940410	0
pop1	NC_138418.1	55000001	56000000	0.0022498099932214	924967	2081	924967	0
pop1	NC_138418.1	56000001	57000000	0.0016588940568047	964498	1600	964498	0
pop1	NC_138418.1	57000001	58000000	0.0013354863501116	952462	1272	952462	0
pop1	NC_138418.1	58000001	59000000	0.0015668461640043	954146	1495	954146	0
pop1	NC_138418.1	59000001	60000000	0.0021601439190795	736525	1591	736525	0
pop1	NC_138418.1	60000001	61000000	0.0012401332464335	883776	1096	883776	0
pop1	NC_138418.1	61000001	62000000	0.0018631887143998	958035	1785	958035	0
pop1	NC_138418.1	62000001	63000000	0.0019930254676107	946300	1886	946300	0
pop1	NC_138418.1	63000001	64000000	0.0010228456913828	935625	957	935625	0
pop1	NC_138418.1	64000001	65000000	0.0012904024687094	920643	1188	920643	0
pop1	NC_138418.1	65000001	66000000	0.0012319192799558	954608	1176	954608	0
pop1	NC_138418.1	66000001	67000000	0.00065430505558197	883380	578	883380	0
pop1	NC_138418.1	67000001	68000000	0.00054853244523318	867770	476	867770	0
pop1	NC_138418.1	68000001	69000000	0.00050410638882909	938294	473	938294	0
pop1	NC_138418.1	69000001	70000000	0.0034098436803087	378903	1292	378903	0
pop1	NC_138418.1	70000001	71000000	0.0046100272400909	928411	4280	928411	0
pop1	NC_138418.1	71000001	72000000	0.0033529455154489	921876	3091	921876	0
pop1	NC_138418.1	72000001	73000000	0.0013683831472812	263815	361	263815	0
pop1	NW_027184086.1	1	1000000	0.00036734951584482	696884	256	696884	0
pop1	NW_027184086.1	1000001	2000000	0.0004262792285284	959465	409	959465	0
pop1	NW_027184086.1	2000001	3000000	0.00061743532255522	913456	564	913456	0
pop1	NW_027184086.1	3000001	4000000	0.0012874049147192	637717	821	637717	0
pop1	NW_027184086.1	4000001	5000000	0	225	0	225	0
pop1	NW_027184087.1	1	1000000	0.0028299730049903	866086	2451	866086	0
pop1	NW_027184087.1	1000001	2000000	0.0016367934154139	235216	385	235216	0
pop1	NW_027184088.1	1	1000000	0.0019616607071911	40272	79	40272	0
pop1	NW_027184088.1	1000001	2000000	0	244	0	244	0
pop1	NW_027183733.1	1	1000000	0.00074321813452248	5382	4	5382	0
pop1	NW_027183733.1	1000001	2000000	0	2608	0	2608	0
pop1	NW_027183733.1	2000001	3000000	0.0012198097096853	4099	5	4099	0
pop1	NW_027183733.1	3000001	4000000	0.0010416666666667	960	1	960	0
pop1	NW_027183733.1	4000001	5000000	0	762	0	762	0
pop1	NW_027183804.1	1	1000000	0.00066365808335546	7534	5	7534	0
pop1	NW_027183804.1	1000001	2000000	0.0051669655820309	117090	605	117090	0
pop1	NW_027183804.1	2000001	3000000	0.0031719091275859	71881	228	71881	0
pop1	NW_027183804.1	3000001	4000000	0.0034554577298116	21126	73	21126	0
pop1	NW_027183804.1	4000001	5000000	0.0011526048870447	4338	5	4338	0
pop1	NW_027183894.1	1	1000000	0.0017667844522968	1698	3	1698	0
pop1	NW_027183894.1	1000001	2000000	0.003208292201382	4052	13	4052	0
pop1	NW_027183894.1	2000001	3000000	0	292	0	292	0
pop1	NW_027183894.1	3000001	4000000	0	326	0	326	0
pop1	NW_027183905.1	1	1000000	0.0028782700720579	296706	854	296706	0
pop1	NW_027183905.1	1000001	2000000	0.0027319345231431	89314	244	89314	0
pop1	NW_027183905.1	2000001	3000000	0.0015249662618084	74100	113	74100	0
pop1	NW_027183916.1	1	1000000	0	562	0	562	0
pop1	NW_027183916.1	1000001	2000000	0.0035919540229885	1392	5	1392	0
pop1	NW_027183916.1	2000001	3000000	0	1253	0	1253	0
pop1	NW_027183927.1	1	1000000	0.0014204545454545	704	1	704	0
pop1	NW_027183927.1	1000001	2000000	0.0016233766233766	616	1	616	0
pop1	NW_027183927.1	2000001	3000000	0.001119023397762	9830	11	9830	0
pop1	NW_027183938.1	1	1000000	0.0030211480362538	2979	9	2979	0
pop1	NW_027183938.1	1000001	2000000	0	250	0	250	0
pop1	NW_027183938.1	2000001	3000000	0	112	0	112	0
pop1	NW_027183949.1	1	1000000	0.0071912464504124	206362	1484	206362	0
pop1	NW_027183949.1	1000001	2000000	0.0012987012987013	6160	8	6160	0
pop1	NW_027183949.1	2000001	3000000	0.00074183976261128	5392	4	5392	0
pop1	NW_027183960.1	1	1000000	0.0020060180541625	1994	4	1994	0
pop1	NW_027183960.1	1000001	2000000	0.0017401392111369	1724	3	1724	0
pop1	NW_027183960.1	2000001	3000000	0	1044	0	1044	0
pop1	NW_027183981.1	1	1000000	0.00083341238328839	147586	123	147586	0
pop1	NW_027183981.1	1000001	2000000	0.0010360635263061	70459	73	70459	0
pop1	NW_027183981.1	2000001	3000000	0.00064320613519698	80845	52	80845	0
pop1	NW_027183992.1	1	1000000	0.0059623295707602	208811	1245	208811	0
pop1	NW_027183992.1	1000001	2000000	0	346	0	346	0
pop1	NW_027183992.1	2000001	3000000	0.001953125	512	1	512	0
pop1	NW_027184003.1	1	1000000	0.0023795359904819	1681	4	1681	0
pop1	NW_027184003.1	1000001	2000000	0.0010531858873091	1899	2	1899	0
pop1	NW_027184003.1	2000001	3000000	0	213	0	213	0
pop1	NW_027184024.1	1	1000000	0.0018541409147095	3236	6	3236	0
pop1	NW_027184024.1	1000001	2000000	0	320	0	320	0
pop1	NW_027184024.1	2000001	3000000	0	442	0	442	0
pop1	NW_027184055.1	1	1000000	0.0014361467079099	9052	13	9052	0
pop1	NW_027184055.1	1000001	2000000	0.0013909888116117	16535	23	16535	0
pop1	NW_027184055.1	2000001	3000000	0.0019913707268503	3013	6	3013	0
pop1	NW_027184058.1	1	1000000	0.0035694673256452	3642	13	3642	0
pop1	NW_027184058.1	1000001	2000000	0.0016260162601626	615	1	615	0
pop1	NW_027184058.1	2000001	3000000	0	1139	0	1139	0
pop1	NW_027184059.1	1	1000000	0.0026525198938992	1508	4	1508	0
pop1	NW_027184059.1	1000001	2000000	0.004492362982929	1113	5	1113	0
pop1	NW_027184059.1	2000001	3000000	0	99	0	99	0
pop1	NW_027184060.1	1	1000000	0.0014853783072876	32315	48	32315	0
pop1	NW_027184060.1	1000001	2000000	0.001980198019802	505	1	505	0
pop1	NW_027184061.1	1	1000000	0.0019141988514807	79929	153	79929	0
pop1	NW_027184061.1	1000001	2000000	0.0066307548992947	172831	1146	172831	0
pop1	NW_027184062.1	1	1000000	0.00029205607476636	3424	1	3424	0
pop1	NW_027184062.1	1000001	2000000	0.0061728395061728	3402	21	3402	0
pop1	NW_027184063.1	1	1000000	0.0044201040938398	128730	569	128730	0
pop1	NW_027184063.1	1000001	2000000	0.0082715542494937	216767	1793	216767	0
pop1	NW_027184064.1	1	1000000	0.00045166268325272	743918	336	743918	0
pop1	NW_027184064.1	1000001	2000000	0.00062928927572392	724627	456	724627	0
pop1	NW_027184065.1	1	1000000	0.0029182879377432	1028	3	1028	0
pop1	NW_027184065.1	1000001	2000000	0.0012722646310433	786	1	786	0
pop1	NW_027184066.1	1	1000000	0.001123595505618	890	1	890	0
pop1	NW_027184066.1	1000001	2000000	0.0027543150936467	5446	15	5446	0
pop1	NW_027184067.1	1	1000000	0	239	0	239	0
pop1	NW_027184067.1	1000001	2000000	0.0040733197556008	1473	6	1473	0
pop1	NW_027184068.1	1	1000000	0.00094428706326723	1059	1	1059	0
pop1	NW_027184068.1	1000001	2000000	0	671	0	671	0
pop1	NW_027184069.1	1	1000000	0.002864782276547	5236	15	5236	0
pop1	NW_027184069.1	1000001	2000000	0	526	0	526	0
pop1	NW_027184070.1	1	1000000	0	604	0	604	0
pop1	NW_027184070.1	1000001	2000000	0	430	0	430	0
pop1	NW_027184071.1	1	1000000	0.0024772464369121	91634	227	91634	0
pop1	NW_027184071.1	1000001	2000000	0.0024897298643097	8033	20	8033	0
pop1	NW_027184072.1	1	1000000	0	2441	0	2441	0
pop1	NW_027184072.1	1000001	2000000	0.0010640561821664	4699	5	4699	0
pop1	NW_027184073.1	1	1000000	0.013114754098361	305	4	305	0
pop1	NW_027184073.1	1000001	2000000	0	265	0	265	0
pop1	NW_027184074.1	1	1000000	0.002	15000	30	15000	0
pop1	NW_027184074.1	1000001	2000000	0	244	0	244	0
pop1	NW_027184075.1	1	1000000	0.0028257456828885	3185	9	3185	0
pop1	NW_027184075.1	1000001	2000000	0	198	0	198	0
pop1	NW_027184076.1	1	1000000	0.0022188193381043	31999	71	31999	0
pop1	NW_027184076.1	1000001	2000000	0.0034145494530934	34558	118	34558	0
pop1	NW_027184077.1	1	1000000	0.001568873548792	3187	5	3187	0
pop1	NW_027184077.1	1000001	2000000	0	701	0	701	0
pop1	NW_027184078.1	1	1000000	0.0086301541832624	438115	3781	438115	0
pop1	NW_027184078.1	1000001	2000000	0.0092841725555128	33821	314	33821	0
pop1	NW_027184079.1	1	1000000	0.0034423407917384	1743	6	1743	0
pop1	NW_027184079.1	1000001	2000000	0	85	0	85	0
pop1	NW_027183463.1	1	1000000	0.0011479441364102	220394	253	220394	0
pop1	NW_027183463.1	1000001	2000000	0	438	0	438	0
pop1	NW_027183464.1	1	1000000	0.001372683596431	1457	2	1457	0
pop1	NW_027183465.1	1	1000000	0.0028827674567585	3122	9	3122	0
pop1	NW_027183465.1	1000001	2000000	0	380	0	380	0
pop1	NW_027183466.1	1	1000000	0.0015183723048892	13172	20	13172	0
pop1	NW_027183467.1	1	1000000	0.000235131073895	642195	151	642195	0
pop1	NW_027183468.1	1	1000000	0.0021853146853147	4576	10	4576	0
pop1	NW_027183469.1	1	1000000	0	926	0	926	0
pop1	NW_027183470.1	1	1000000	0.0020272227048943	3453	7	3453	0
pop1	NW_027183471.1	1	1000000	0	1692	0	1692	0
pop1	NW_027183472.1	1	1000000	0.0030522701259061	5242	16	5242	0
pop1	NW_027183473.1	1	1000000	0.00067590402162893	2959	2	2959	0
pop1	NW_027183474.1	1	1000000	0.012488353011529	71907	898	71907	0
pop1	NW_027183475.1	1	1000000	0.0011614401858304	1722	2	1722	0
pop1	NW_027183476.1	1	1000000	0.01113814964916	218618	2435	218618	0
pop1	NW_027183477.1	1	1000000	0	1331	0	1331	0
pop1	NW_027183478.1	1	1000000	0.00056148231330713	1781	1	1781	0
pop1	NW_027183479.1	1	1000000	0.0018969794250693	6853	13	6853	0
pop1	NW_027183480.1	1	1000000	0	2993	0	2993	0
pop1	NW_027183481.1	1	1000000	0.001998909685626	22012	44	22012	0
pop1	NW_027183482.1	1	1000000	0	875	0	875	0
pop1	NW_027183483.1	1	1000000	0.00082236842105263	1216	1	1216	0
pop1	NW_027183484.1	1	1000000	0	1151	0	1151	0
pop1	NW_027183485.1	1	1000000	0	227	0	227	0
pop1	NW_027183486.1	1	1000000	0	1035	0	1035	0
pop1	NW_027183487.1	1	1000000	0	630	0	630	0
pop1	NW_027183488.1	1	1000000	0.0098522167487685	203	2	203	0
pop1	NW_027183489.1	1	1000000	0	608	0	608	0
pop1	NW_027183490.1	1	1000000	0.0040816326530612	735	3	735	0
pop1	NW_027183491.1	1	1000000	0.01072522693425	176593	1894	176593	0
pop1	NW_027183492.1	1	1000000	0.0061389323633589	230659	1416	230659	0
pop1	NW_027183493.1	1	1000000	0.00057077625570776	1752	1	1752	0
pop1	NW_027183494.1	1	1000000	0.011399183500345	207471	2365	207471	0
pop1	NW_027183495.1	1	1000000	0	217	0	217	0
pop1	NW_027183496.1	1	1000000	0.0095742884238149	76977	737	76977	0
pop1	NW_027183497.1	1	1000000	0	107	0	107	0
pop1	NW_027183498.1	1	1000000	0	170	0	170	0
pop1	NW_027183499.1	1	1000000	0.00039093041438624	2558	1	2558	0
pop1	NW_027183500.1	1	1000000	0.01013945672076	159476	1617	159476	0
pop1	NW_027183501.1	1	1000000	0.0010757314974182	4648	5	4648	0
pop1	NW_027183502.1	1	1000000	0	502	0	502	0
pop1	NW_027183503.1	1	1000000	0	931	0	931	0
pop1	NW_027183504.1	1	1000000	0	620	0	620	0
pop1	NW_027183505.1	1	1000000	0	268	0	268	0
pop1	NW_027183506.1	1	1000000	0.0016949152542373	590	1	590	0
pop1	NW_027183507.1	1	1000000	0	502	0	502	0
pop1	NW_027183508.1	1	1000000	0.0024660912453761	811	2	811	0
pop1	NW_027183509.1	1	1000000	0.0036496350364964	274	1	274	0
pop1	NW_027183510.1	1	1000000	0	26	0	26	0
pop1	NW_027183511.1	1	1000000	0	729	0	729	0
pop1	NW_027183512.1	1	1000000	0.00033222591362126	3010	1	3010	0
pop1	NW_027183513.1	1	1000000	0	340	0	340	0
pop1	NW_027183514.1	1	1000000	0	442	0	442	0
pop1	NW_027183515.1	1	1000000	0	194	0	194	0
pop1	NW_027183516.1	1	1000000	0.0076329521483291	36028	275	36028	0
pop1	NW_027183517.1	1	1000000	0	46	0	46	0
pop1	NW_027183518.1	1	1000000	0	686	0	686	0
pop1	NW_027183519.1	1	1000000	0	422	0	422	0
pop1	NW_027183520.1	1	1000000	0.0028771531326898	26415	76	26415	0
pop1	NW_027183521.1	1	1000000	0.0033003300330033	303	1	303	0
pop1	NW_027183523.1	1	1000000	0.010339053527078	88983	920	88983	0
pop1	NW_027183524.1	1	1000000	0	300	0	300	0
pop1	NW_027183525.1	1	1000000	0	76	0	76	0
pop1	NW_027183526.1	1	1000000	0	655	0	655	0
pop1	NW_027183527.1	1	1000000	0	93	0	93	0
pop1	NW_027183528.1	1	1000000	0.011721039265482	76785	900	76785	0
pop1	NW_027183529.1	1	1000000	0.015131230735702	128476	1944	128476	0
pop1	NW_027183530.1	1	1000000	0.011038021312985	76010	839	76010	0
pop1	NW_027183531.1	1	1000000	0.00079145231499802	2527	2	2527	0
pop1	NW_027183532.1	1	1000000	0	122	0	122	0
pop1	NW_027183533.1	1	1000000	0	506	0	506	0
pop1	NW_027183534.1	1	1000000	0.010115810838679	92133	932	92133	0
pop1	NW_027183535.1	1	1000000	0.01177941628874	100769	1187	100769	0
pop1	NW_027183536.1	1	1000000	0.012181047897727	134307	1636	134307	0
pop1	NW_027183537.1	1	1000000	0	284	0	284	0
pop1	NW_027183538.1	1	1000000	0.0018083182640145	553	1	553	0
pop1	NW_027183539.1	1	1000000	0	778	0	778	0
pop1	NW_027183540.1	1	1000000	0	163	0	163	0
pop1	NW_027183541.1	1	1000000	0.0050791487152026	123249	626	123249	0
pop1	NW_027183542.1	1	1000000	0	25	0	25	0
pop1	NW_027183543.1	1	1000000	0.00083752093802345	1194	1	1194	0
pop1	NW_027183544.1	1	1000000	0	274	0	274	0
pop1	NW_027183546.1	1	1000000	0	284	0	284	0
pop1	NW_027183547.1	1	1000000	0	48	0	48	0
pop1	NW_027183548.1	1	1000000	0	238	0	238	0
pop1	NW_027183549.1	1	1000000	0	835	0	835	0
pop1	NW_027183550.1	1	1000000	0.010540261689256	85292	899	85292	0
pop1	NW_027183551.1	1	1000000	0.013143142405866	122193	1606	122193	0
pop1	NW_027183552.1	1	1000000	0.0021810250817884	917	2	917	0
pop1	NW_027183553.1	1	1000000	0.0071501532175689	69509	497	69509	0
pop1	NW_027183554.1	1	1000000	0	372	0	372	0
pop1	NW_027183555.1	1	1000000	0.00418410041841	239	1	239	0
pop1	NW_027183556.1	1	1000000	0	302	0	302	0
pop1	NW_027183557.1	1	1000000	0.010428276772102	78057	814	78057	0
pop1	NW_027183558.1	1	1000000	0	210	0	210	0
pop1	NW_027183559.1	1	1000000	0.00085763293310463	1166	1	1166	0
pop1	NW_027183560.1	1	1000000	0	241	0	241	0
pop1	NW_027183561.1	1	1000000	0	162	0	162	0
pop1	NW_027183562.1	1	1000000	0.0008130081300813	1230	1	1230	0
pop1	NW_027183563.1	1	1000000	0.0088819226750261	22968	204	22968	0
pop1	NW_027183565.1	1	1000000	0	53	0	53	0
pop1	NW_027183567.1	1	1000000	0.012519494021833	46168	578	46168	0
pop1	NW_027183568.1	1	1000000	0.0048543689320388	206	1	206	0
pop1	NW_027183569.1	1	1000000	0.001186881832379	144075	171	144075	0
pop1	NW_027183570.1	1	1000000	0	123	0	123	0
pop1	NW_027183571.1	1	1000000	0	512	0	512	0
pop1	NW_027183572.1	1	1000000	0.0016251354279523	1846	3	1846	0
pop1	NW_027183573.1	1	1000000	0	53	0	53	0
pop1	NW_027183574.1	1	1000000	0.0012771392081737	783	1	783	0
pop1	NW_027183575.1	1	1000000	0	22	0	22	0
pop1	NW_027183576.1	1	1000000	0	348	0	348	0
pop1	NW_027183577.1	1	1000000	0.0094456554259093	23397	221	23397	0
pop1	NW_027183578.1	1	1000000	0	62	0	62	0
pop1	NW_027183579.1	1	1000000	0.012243168820165	70815	867	70815	0
pop1	NW_027183580.1	1	1000000	0	155	0	155	0
pop1	NW_027183583.1	1	1000000	0.012329456497428	35768	441	35768	0
pop1	NW_027183584.1	1	1000000	0	206	0	206	0
pop1	NW_027183585.1	1	1000000	0	164	0	164	0
pop1	NW_027183586.1	1	1000000	0	62	0	62	0
pop1	NW_027183587.1	1	1000000	0	378	0	378	0
pop1	NW_027183588.1	1	1000000	0	107	0	107	0
pop1	NW_027183589.1	1	1000000	0.01291055225411	90701	1171	90701	0
pop1	NW_027183590.1	1	1000000	0	551	0	551	0
pop1	NW_027183591.1	1	1000000	0	104	0	104	0
pop1	NW_027183592.1	1	1000000	0	268	0	268	0
pop1	NW_027183593.1	1	1000000	0	400	0	400	0
pop1	NW_027183595.1	1	1000000	0.014252755703666	58515	834	58515	0
pop1	NW_027183596.1	1	1000000	0	423	0	423	0
pop1	NW_027183597.1	1	1000000	0	90	0	90	0
pop1	NW_027183598.1	1	1000000	0	98	0	98	0
pop1	NW_027183599.1	1	1000000	0	880	0	880	0
pop1	NW_027183600.1	1	1000000	0	35	0	35	0
pop1	NW_027183601.1	1	1000000	0	671	0	671	0
pop1	NW_027183602.1	1	1000000	0	56	0	56	0
pop1	NW_027183603.1	1	1000000	0	472	0	472	0
pop1	NW_027183604.1	1	1000000	0	129	0	129	0
pop1	NW_027183605.1	1	1000000	0	44	0	44	0
pop1	NW_027183607.1	1	1000000	0	40	0	40	0
pop1	NW_027183608.1	1	1000000	0	387	0	387	0
pop1	NW_027183609.1	1	1000000	0	1550	0	1550	0
pop1	NW_027183610.1	1	1000000	0	204	0	204	0
pop1	NW_027183611.1	1	1000000	0	12	0	12	0
pop1	NW_027183613.1	1	1000000	0.0012064805239573	5802	7	5802	0
pop1	NW_027183614.1	1	1000000	0	117	0	117	0
pop1	NW_027183615.1	1	1000000	0.013055352028242	75065	980	75065	0
pop1	NW_027183616.1	1	1000000	0	19	0	19	0
pop1	NW_027183617.1	1	1000000	0	248	0	248	0
pop1	NW_027183618.1	1	1000000	0.0091244725738397	18960	173	18960	0
pop1	NW_027183619.1	1	1000000	0	297	0	297	0
pop1	NW_027183620.1	1	1000000	0	48	0	48	0
pop1	NW_027183622.1	1	1000000	0	92	0	92	0
pop1	NW_027183623.1	1	1000000	0	253	0	253	0
pop1	NW_027183624.1	1	1000000	0.011122073728586	11149	124	11149	0
pop1	NW_027183626.1	1	1000000	0	183	0	183	0
pop1	NW_027183627.1	1	1000000	0.001219512195122	2460	3	2460	0
pop1	NW_027183628.1	1	1000000	0.0093808630393996	17589	165	17589	0
pop1	NW_027183631.1	1	1000000	0	237	0	237	0
pop1	NW_027183632.1	1	1000000	0	13	0	13	0
pop1	NW_027183633.1	1	1000000	0.012159316705715	33719	410	33719	0
pop1	NW_027183634.1	1	1000000	0.012048192771084	83	1	83	0
pop1	NW_027183635.1	1	1000000	0.0010277492291881	1946	2	1946	0
pop1	NW_027183636.1	1	1000000	0.0060975609756098	164	1	164	0
pop1	NW_027183637.1	1	1000000	0	405	0	405	0
pop1	NW_027183642.1	1	1000000	0.0099781125273593	15534	155	15534	0
pop1	NW_027183644.1	1	1000000	0.0014450867052023	692	1	692	0
pop1	NW_027183645.1	1	1000000	0	596	0	596	0
pop1	NW_027183646.1	1	1000000	0	124	0	124	0
pop1	NW_027183648.1	1	1000000	0	140	0	140	0
pop1	NW_027183649.1	1	1000000	0	807	0	807	0
pop1	NW_027183650.1	1	1000000	0.012139940403929	9061	110	9061	0
pop1	NW_027183651.1	1	1000000	0.0033979993412042	57681	196	57681	0
pop1	NW_027183653.1	1	1000000	0	64	0	64	0
pop1	NW_027183654.1	1	1000000	0	222	0	222	0
pop1	NW_027183655.1	1	1000000	0	154	0	154	0
pop1	NW_027183656.1	1	1000000	0	235	0	235	0
pop1	NW_027183657.1	1	1000000	0	98	0	98	0
pop1	NW_027183658.1	1	1000000	0.0077898366974338	49295	384	49295	0
pop1	NW_027183660.1	1	1000000	0	39	0	39	0
pop1	NW_027183661.1	1	1000000	0	78	0	78	0
pop1	NW_027183662.1	1	1000000	0	84	0	84	0
pop1	NW_027183664.1	1	1000000	0.0097138703495672	15133	147	15133	0
pop1	NW_027183666.1	1	1000000	0	284	0	284	0
pop1	NW_027183667.1	1	1000000	0	141	0	141	0
pop1	NW_027183668.1	1	1000000	0	13	0	13	0
pop1	NW_027183669.1	1	1000000	0.01191024544318	15197	181	15197	0
pop1	NW_027183670.1	1	1000000	0	105	0	105	0
pop1	NW_027183671.1	1	1000000	0	102	0	102	0
pop1	NW_027183672.1	1	1000000	0.0063643595863166	6285	40	6285	0
pop1	NW_027183675.1	1	1000000	0	336	0	336	0
pop1	NW_027183676.1	1	1000000	0.011198860693941	15448	173	15448	0
pop1	NW_027183677.1	1	1000000	0	86	0	86	0
pop1	NW_027183678.1	1	1000000	0	400	0	400	0
pop1	NW_027183679.1	1	1000000	0.012925253017925	32804	424	32804	0
pop1	NW_027183681.1	1	1000000	0	66	0	66	0
pop1	NW_027183682.1	1	1000000	0.0084995315218846	14942	127	14942	0
pop1	NW_027183683.1	1	1000000	0.010968294772922	11670	128	11670	0
pop1	NW_027183684.1	1	1000000	0	520	0	520	0
pop1	NW_027183686.1	1	1000000	0	246	0	246	0
pop1	NW_027183688.1	1	1000000	0.013993642086891	32086	449	32086	0
pop1	NW_027183690.1	1	1000000	0.014897993218078	17989	268	17989	0
pop1	NW_027183691.1	1	1000000	0.0027047103864688	52501	142	52501	0
pop1	NW_027183692.1	1	1000000	0.0027457440966502	1821	5	1821	0
pop1	NW_027183694.1	1	1000000	0	253	0	253	0
pop1	NW_027183695.1	1	1000000	0.014910667367315	30448	454	30448	0
pop1	NW_027183699.1	1	1000000	0	191	0	191	0
pop1	NW_027183700.1	1	1000000	0	66	0	66	0
pop1	NW_027183701.1	1	1000000	0	60	0	60	0
pop1	NW_027183702.1	1	1000000	0	292	0	292	0
pop1	NW_027183703.1	1	1000000	0	103	0	103	0
pop1	NW_027183706.1	1	1000000	0.008799601527478	18069	159	18069	0
pop1	NW_027183707.1	1	1000000	0	95	0	95	0
pop1	NW_027183708.1	1	1000000	0	3101	0	3101	0
pop1	NW_027183709.1	1	1000000	0	139	0	139	0
pop1	NW_027183710.1	1	1000000	0.0025380710659898	394	1	394	0
pop1	NW_027183712.1	1	1000000	0	316	0	316	0
pop1	NW_027183713.1	1	1000000	0	502	0	502	0
pop1	NW_027183714.1	1	1000000	0	97	0	97	0
pop1	NW_027183715.1	1	1000000	0	420	0	420	0
pop1	NW_027183716.1	1	1000000	0	317	0	317	0
pop1	NW_027183717.1	1	1000000	0.0019862906994859	25676	51	25676	0
pop1	NW_027183718.1	1	1000000	0.0099024756189047	13330	132	13330	0
pop1	NW_027183719.1	1	1000000	0	498	0	498	0
pop1	NW_027183720.1	1	1000000	0.010339602460112	11219	116	11219	0
pop1	NW_027183722.1	1	1000000	0.011021647307286	15152	167	15152	0
pop1	NW_027183723.1	1	1000000	0	98	0	98	0
pop1	NW_027183724.1	1	1000000	0	79	0	79	0
pop1	NW_027183725.1	1	1000000	0	128	0	128	0
pop1	NW_027183727.1	1	1000000	0.013993672426381	16436	230	16436	0
pop1	NW_027183728.1	1	1000000	0.013475102642383	28497	384	28497	0
pop1	NW_027183729.1	1	1000000	0.013470465095112	10987	148	10987	0
pop1	NW_027183730.1	1	1000000	0	253	0	253	0
pop1	NW_027183731.1	1	1000000	0	63	0	63	0
pop1	NW_027183732.1	1	1000000	0	149	0	149	0
pop1	NW_027183734.1	1	1000000	0.01075464346019	38495	414	38495	0
pop1	NW_027183735.1	1	1000000	0	271	0	271	0
pop1	NW_027183736.1	1	1000000	0.013406231276213	40056	537	40056	0
pop1	NW_027183738.1	1	1000000	0	110	0	110	0
pop1	NW_027183739.1	1	1000000	0	38	0	38	0
pop1	NW_027183740.1	1	1000000	0	140	0	140	0
pop1	NW_027183743.1	1	1000000	0	195	0	195	0
pop1	NW_027183744.1	1	1000000	0.010989010989011	9646	106	9646	0
pop1	NW_027183745.1	1	1000000	0	67	0	67	0
pop1	NW_027183746.1	1	1000000	0	301	0	301	0
pop1	NW_027183747.1	1	1000000	0	534	0	534	0
pop1	NW_027183748.1	1	1000000	0	9	0	9	0
pop1	NW_027183752.1	1	1000000	0	566	0	566	0
pop1	NW_027183753.1	1	1000000	0	77	0	77	0
pop1	NW_027183754.1	1	1000000	0	128	0	128	0
pop1	NW_027183756.1	1	1000000	0.0085496866606983	22340	191	22340	0
pop1	NW_027183757.1	1	1000000	0.03125	64	2	64	0
pop1	NW_027183758.1	1	1000000	0	75	0	75	0
pop1	NW_027183759.1	1	1000000	0.01203810321365	9553	115	9553	0
pop1	NW_027183761.1	1	1000000	0.0078740157480315	11938	94	11938	0
pop1	NW_027183764.1	1	1000000	0.008130081300813	123	1	123	0
pop1	NW_027183765.1	1	1000000	0	402	0	402	0
pop1	NW_027183767.1	1	1000000	0	101	0	101	0
pop1	NW_027183770.1	1	1000000	0	77	0	77	0
pop1	NW_027183771.1	1	1000000	0	258	0	258	0
pop1	NW_027183775.1	1	1000000	0.008349813227862	13653	114	13653	0
pop1	NW_027183776.1	1	1000000	0	218	0	218	0
pop1	NW_027183777.1	1	1000000	0.016073059360731	5475	88	5475	0
pop1	NW_027183779.1	1	1000000	0	2	0	2	0
pop1	NW_027183781.1	1	1000000	0.0077024234454255	10646	82	10646	0
pop1	NW_027183782.1	1	1000000	0	749	0	749	0
pop1	NW_027183785.1	1	1000000	0.0097179676771945	9467	92	9467	0
pop1	NW_027183786.1	1	1000000	0.01215075669383	13744	167	13744	0
pop1	NW_027183787.1	1	1000000	0	61	0	61	0
pop1	NW_027183788.1	1	1000000	0	164	0	164	0
pop1	NW_027183789.1	1	1000000	0	76	0	76	0
pop1	NW_027183790.1	1	1000000	0	184	0	184	0
pop1	NW_027183791.1	1	1000000	0	10	0	10	0
pop1	NW_027183792.1	1	1000000	0	371	0	371	0
pop1	NW_027183793.1	1	1000000	0	63	0	63	0
pop1	NW_027183794.1	1	1000000	0	100	0	100	0
pop1	NW_027183795.1	1	1000000	0.0049751243781095	201	1	201	0
pop1	NW_027183796.1	1	1000000	0.008632649915215	6487	56	6487	0
pop1	NW_027183797.1	1	1000000	0.010275824770146	5547	57	5547	0
pop1	NW_027183800.1	1	1000000	0	77	0	77	0
pop1	NW_027183803.1	1	1000000	0.015293118096856	22363	342	22363	0
pop1	NW_027183807.1	1	1000000	0.014285714285714	70	1	70	0
pop1	NW_027183810.1	1	1000000	0	76	0	76	0
pop1	NW_027183811.1	1	1000000	0	310	0	310	0
pop1	NW_027183813.1	1	1000000	0.008781558726674	4555	40	4555	0
pop1	NW_027183815.1	1	1000000	0.0084916201117318	4475	38	4475	0
pop1	NW_027183816.1	1	1000000	0.014545031417268	8594	125	8594	0
pop1	NW_027183819.1	1	1000000	0	30	0	30	0
pop1	NW_027183821.1	1	1000000	0.011095130470516	14601	162	14601	0
pop1	NW_027183822.1	1	1000000	0.0026881720430108	372	1	372	0
pop1	NW_027183823.1	1	1000000	0	139	0	139	0
pop1	NW_027183825.1	1	1000000	0.0059171597633136	338	2	338	0
pop1	NW_027183826.1	1	1000000	0	75	0	75	0
pop1	NW_027183828.1	1	1000000	0	50	0	50	0
pop1	NW_027183830.1	1	1000000	0.0079672695951766	4644	37	4644	0
pop1	NW_027183831.1	1	1000000	0.011881455478296	14813	176	14813	0
pop1	NW_027183832.1	1	1000000	0	37	0	37	0
pop1	NW_027183835.1	1	1000000	0	29	0	29	0
pop1	NW_027183836.1	1	1000000	0.0099577549788775	6628	66	6628	0
pop1	NW_027183838.1	1	1000000	0.01123595505618	178	2	178	0
pop1	NW_027183841.1	1	1000000	0	75	0	75	0
pop1	NW_027183845.1	1	1000000	0.0046826222684703	1922	9	1922	0
pop1	NW_027183846.1	1	1000000	0	59	0	59	0
pop1	NW_027183847.1	1	1000000	0	88	0	88	0
pop1	NW_027183849.1	1	1000000	0	76	0	76	0
pop1	NW_027183852.1	1	1000000	0.0011682242990654	4280	5	4280	0
pop1	NW_027183853.1	1	1000000	0	196	0	196	0
pop1	NW_027183854.1	1	1000000	0	5	0	5	0
pop1	NW_027183858.1	1	1000000	0	63	0	63	0
pop1	NW_027183862.1	1	1000000	0	237	0	237	0
pop1	NW_027183865.1	1	1000000	0	86	0	86	0
pop1	NW_027183869.1	1	1000000	0	84	0	84	0
pop1	NW_027183870.1	1	1000000	0	187	0	187	0
pop1	NW_027183871.1	1	1000000	0	62	0	62	0
pop1	NW_027183872.1	1	1000000	0.015645131603166	16299	255	16299	0
pop1	NW_027183873.1	1	1000000	0.0062176165803109	4825	30	4825	0
pop1	NW_027183874.1	1	1000000	0	126	0	126	0
pop1	NW_027183875.1	1	1000000	0.010916179337232	2565	28	2565	0
pop1	NW_027183876.1	1	1000000	0	62	0	62	0
pop1	NW_027183880.1	1	1000000	0.012774832710524	11507	147	11507	0
pop1	NW_027183882.1	1	1000000	0	44	0	44	0
pop1	NW_027183883.1	1	1000000	0	124	0	124	0
pop1	NW_027183892.1	1	1000000	0.011926605504587	3270	39	3270	0
pop1	NW_027183893.1	1	1000000	0.013827044762128	4267	59	4267	0
pop1	NW_027183895.1	1	1000000	0	278	0	278	0
pop1	NW_027183896.1	1	1000000	0.013078712990452	12463	163	12463	0
pop1	NW_027183897.1	1	1000000	0.010181901384281	8741	89	8741	0
pop1	NW_027183899.1	1	1000000	0	56	0	56	0
pop1	NW_027183900.1	1	1000000	0	32	0	32	0
pop1	NW_027183907.1	1	1000000	0	69	0	69	0
pop1	NW_027183908.1	1	1000000	0.013974698440718	6798	95	6798	0
pop1	NW_027183910.1	1	1000000	0	70	0	70	0
pop1	NW_027183912.1	1	1000000	0.0091526834003606	7211	66	7211	0
pop1	NW_027183915.1	1	1000000	0	49	0	49	0
pop1	NW_027183918.1	1	1000000	0	119	0	119	0
pop1	NW_027183922.1	1	1000000	0	113	0	113	0
pop1	NW_027183924.1	1	1000000	0.010383889238515	12712	132	12712	0
pop1	NW_027183928.1	1	1000000	0	137	0	137	0
pop1	NW_027183929.1	1	1000000	0.015034083481184	10709	161	10709	0
pop1	NW_027183930.1	1	1000000	0	68	0	68	0
pop1	NW_027183932.1	1	1000000	0.0084745762711864	3422	29	3422	0
pop1	NW_027183933.1	1	1000000	0	35	0	35	0
pop1	NW_027183936.1	1	1000000	0	148	0	148	0
pop1	NW_027183943.1	1	1000000	0	249	0	249	0
pop1	NW_027183945.1	1	1000000	0	80	0	80	0
pop1	NW_027183946.1	1	1000000	0.0079840319361277	21543	172	21543	0
pop1	NW_027183950.1	1	1000000	0	132	0	132	0
pop1	NW_027183951.1	1	1000000	0	49	0	49	0
pop1	NW_027183953.1	1	1000000	0	104	0	104	0
pop1	NW_027183955.1	1	1000000	0.014514896867838	9163	133	9163	0
pop1	NW_027183956.1	1	1000000	0.008760402978537	2283	20	2283	0
pop1	NW_027183957.1	1	1000000	0	83	0	83	0
pop1	NW_027183958.1	1	1000000	0.0058794708476237	2041	12	2041	0
pop1	NW_027183963.1	1	1000000	0.012247974373469	5307	65	5307	0
pop1	NW_027183967.1	1	1000000	0.012101485561676	11982	145	11982	0
pop1	NW_027183969.1	1	1000000	0	187	0	187	0
pop1	NW_027183971.1	1	1000000	0.0046713380046713	2997	14	2997	0
pop1	NW_027183974.1	1	1000000	0	44	0	44	0
pop1	NW_027183975.1	1	1000000	0.0027472527472527	2184	6	2184	0
pop1	NW_027183977.1	1	1000000	0.015864714086471	5736	91	5736	0
pop1	NW_027183979.1	1	1000000	0	189	0	189	0
pop1	NW_027183980.1	1	1000000	0.0097195223549014	3601	35	3601	0
pop1	NW_027183982.1	1	1000000	0	35	0	35	0
pop1	NW_027183983.1	1	1000000	0.014240837696335	9550	136	9550	0
pop1	NW_027183985.1	1	1000000	0	58	0	58	0
pop1	NW_027183987.1	1	1000000	0.010262257696693	2631	27	2631	0
pop1	NW_027183991.1	1	1000000	0.013938669852648	2511	35	2511	0
pop1	NW_027183995.1	1	1000000	0.015513586432839	10378	161	10378	0
pop1	NW_027183999.1	1	1000000	0.0053496369889186	2617	14	2617	0
pop1	NW_027184007.1	1	1000000	0.0041811846689895	4305	18	4305	0
pop1	NW_027184010.1	1	1000000	0.014635316698656	8336	122	8336	0
pop1	NW_027184011.1	1	1000000	0.0012610340479193	793	1	793	0
pop1	NW_027184012.1	1	1000000	0.0036549707602339	1368	5	1368	0
pop1	NW_027184014.1	1	1000000	0.0095969289827255	3126	30	3126	0
pop1	NW_027184015.1	1	1000000	0	130	0	130	0
pop1	NW_027184016.1	1	1000000	0.013653741125068	3662	50	3662	0
pop1	NW_027184019.1	1	1000000	0.0057943022694351	2071	12	2071	0
pop1	NW_027184020.1	1	1000000	0.010017678255745	1697	17	1697	0
pop1	NW_027184021.1	1	1000000	0.010975609756098	4100	45	4100	0
pop1	NW_027184022.1	1	1000000	0.0095182595182595	10296	98	10296	0
pop1	NW_027184025.1	1	1000000	0.012642614862781	6486	82	6486	0
pop1	NW_027184026.1	1	1000000	0.016039206950323	4489	72	4489	0
pop1	NW_027184027.1	1	1000000	0	20	0	20	0
pop1	NW_027184028.1	1	1000000	0.011563314816914	8821	102	8821	0
pop1	NW_027184030.1	1	1000000	0.0098067493510239	3467	34	3467	0
pop1	NW_027184033.1	1	1000000	0.014401175606172	6805	98	6805	0
pop1	NW_027184036.1	1	1000000	0.008772684269373	11627	102	11627	0
pop1	NW_027184038.1	1	1000000	0	21	0	21	0
pop1	NW_027184040.1	1	1000000	0	34	0	34	0
pop1	NW_027184042.1	1	1000000	0.011331444759207	2471	28	2471	0
pop1	NW_027184043.1	1	1000000	0.0086853533359653	7599	66	7599	0
pop1	NW_027184044.1	1	1000000	0.0058167716917111	2063	12	2063	0
pop1	NW_027184047.1	1	1000000	0	35	0	35	0
pop1	NW_027184048.1	1	1000000	0.00080645161290323	1240	1	1240	0
pop1	NW_027184049.1	1	1000000	0	155	0	155	0
pop1	NW_027184050.1	1	1000000	0.0080924855491329	865	7	865	0
pop1	NW_027184051.1	1	1000000	0	33	0	33	0
pop1	NW_027184054.1	1	1000000	0	38	0	38	0
pop1	NC_051467.1	1	1000000	0.012224938875306	409	5	409	0
