pop	chromosome	window_pos_1	window_pos_2	avg_pi	no_sites	count_diffs	count_comparisons	count_missing
pop1	NC_091013.1	1	1000000	0.0048916656698814	718978	3517	718978	0
pop1	NC_091013.1	1000001	2000000	0.0062727539914293	843808	5293	843808	0
pop1	NC_091013.1	2000001	3000000	0.0061821714487581	962445	5950	962445	0
pop1	NC_091013.1	3000001	4000000	0.0055962706844806	957602	5359	957602	0
pop1	NC_091013.1	4000001	5000000	0.0057096231280637	977998	5584	977998	0
pop1	NC_091013.1	5000001	6000000	0.0051387274656854	990323	5089	990323	0
pop1	NC_091013.1	6000001	7000000	0.0045229539659502	983207	4447	983207	0
pop1	NC_091013.1	7000001	8000000	0.0042506225428939	986679	4194	986679	0
pop1	NC_091013.1	8000001	9000000	0.0051985041039211	980282	5096	980282	0
pop1	NC_091013.1	9000001	10000000	0.0051243942368659	980994	5027	980994	0
pop1	NC_091013.1	10000001	11000000	0.0052155521600842	986281	5144	986281	0
pop1	NC_091013.1	11000001	12000000	0.00518109188843	974312	5048	974312	0
pop1	NC_091013.1	12000001	13000000	0.0051440148160878	965977	4969	965977	0
pop1	NC_091013.1	13000001	14000000	0.00371152771139	987464	3665	987464	0
pop1	NC_091013.1	14000001	15000000	0.0040558376611471	987219	4004	987219	0
pop1	NC_091013.1	15000001	16000000	0.0040642902320852	991317	4029	991317	0
pop1	NC_091013.1	16000001	17000000	0.0038077541026523	974065	3709	974065	0
pop1	NC_091013.1	17000001	18000000	0.0046725085003712	973781	4550	973781	0
pop1	NC_091013.1	18000001	19000000	0.0040102893969543	978483	3924	978483	0
pop1	NC_091013.1	19000001	20000000	0.0044821705614764	987468	4426	987468	0
pop1	NC_091013.1	20000001	21000000	0.0036203400628506	979466	3546	979466	0
pop1	NC_091013.1	21000001	22000000	0.0045105154238366	987692	4455	987692	0
pop1	NC_091013.1	22000001	23000000	0.0038176391050335	979925	3741	979925	0
pop1	NC_091013.1	23000001	24000000	0.0043104551574442	976695	4210	976695	0
pop1	NC_091013.1	24000001	25000000	0.0035120012826263	985478	3461	985478	0
pop1	NC_091013.1	25000001	26000000	0.0031019414432723	989058	3068	989058	0
pop1	NC_091013.1	26000001	27000000	0.0040072013473489	981483	3933	981483	0
pop1	NC_091013.1	27000001	28000000	0.0033504752204649	979861	3283	979861	0
pop1	NC_091013.1	28000001	29000000	0.0039794330698925	970490	3862	970490	0
pop1	NC_091013.1	29000001	30000000	0.0025119342197355	987287	2480	987287	0
pop1	NC_091013.1	30000001	31000000	0.0031927228946816	990064	3161	990064	0
pop1	NC_091013.1	31000001	32000000	0.0026222029578941	975897	2559	975897	0
pop1	NC_091013.1	32000001	33000000	0.0029788624840868	991318	2953	991318	0
pop1	NC_091013.1	33000001	34000000	0.0025909257537191	965678	2502	965678	0
pop1	NC_091013.1	34000001	35000000	0.0032015023991031	988286	3164	988286	0
pop1	NC_091013.1	35000001	36000000	0.003842118319757	983572	3779	983572	0
pop1	NC_091013.1	36000001	37000000	0.0033780603232288	987845	3337	987845	0
pop1	NC_091013.1	37000001	38000000	0.003686407177922	979002	3609	979002	0
pop1	NC_091013.1	38000001	39000000	0.0037744596936519	979213	3696	979213	0
pop1	NC_091013.1	39000001	40000000	0.0034179697401694	986258	3371	986258	0
pop1	NC_091013.1	40000001	41000000	0.0034378098379232	988420	3398	988420	0
pop1	NC_091013.1	41000001	42000000	0.0035218610489659	987830	3479	987830	0
pop1	NC_091013.1	42000001	43000000	0.0034736495509922	977934	3397	977934	0
pop1	NC_091013.1	43000001	44000000	0.0036944449241252	984451	3637	984451	0
pop1	NC_091013.1	44000001	45000000	0.0045881619886613	975772	4477	975772	0
pop1	NC_091013.1	45000001	46000000	0.0047486666126455	962586	4571	962586	0
pop1	NC_091013.1	46000001	47000000	0.0047583994135863	965871	4596	965871	0
pop1	NC_091013.1	47000001	48000000	0.0045000247084404	971328	4371	971328	0
pop1	NC_091013.1	48000001	49000000	0.0043452629686126	978767	4253	978767	0
pop1	NC_091013.1	49000001	50000000	0.0034174076403619	965059	3298	965059	0
pop1	NC_091013.1	50000001	51000000	0.0039325962335098	986117	3878	986117	0
pop1	NC_091013.1	51000001	52000000	0.0033839065208465	988798	3346	988798	0
pop1	NC_091013.1	52000001	53000000	0.0026186280136315	984485	2578	984485	0
pop1	NC_091013.1	53000001	54000000	0.0041667558741878	980859	4087	980859	0
pop1	NC_091013.1	54000001	55000000	0.0039977527245167	984303	3935	984303	0
pop1	NC_091013.1	55000001	56000000	0.004573167616046	978534	4475	978534	0
pop1	NC_091013.1	56000001	57000000	0.0050467940885404	973093	4911	973093	0
pop1	NC_091013.1	57000001	58000000	0.0039733721655918	96140	382	96140	0
pop1	NC_091013.1	58000001	59000000	0.002813165185209	467445	1315	467445	0
pop1	NC_091013.1	59000001	60000000	0.0032576590451969	986905	3215	986905	0
pop1	NC_091013.1	60000001	61000000	0.0037192166747975	969559	3606	969559	0
pop1	NC_091013.1	61000001	62000000	0.0034342962232902	984190	3380	984190	0
pop1	NC_091013.1	62000001	63000000	0.0033954005552621	990163	3362	990163	0
pop1	NC_091013.1	63000001	64000000	0.0034743633635495	984353	3420	984353	0
pop1	NC_091013.1	64000001	65000000	0.0034321845910887	982756	3373	982756	0
pop1	NC_091013.1	65000001	66000000	0.0035690760661898	976163	3484	976163	0
pop1	NC_091013.1	66000001	67000000	0.0034827484246293	977389	3404	977389	0
pop1	NC_091013.1	67000001	68000000	0.0037651047925265	980318	3691	980318	0
pop1	NC_091013.1	68000001	69000000	0.0045104049499533	983282	4435	983282	0
pop1	NC_091013.1	69000001	70000000	0.0032714361027715	988251	3233	988251	0
pop1	NC_091013.1	70000001	71000000	0.0036010388623063	989159	3562	989159	0
pop1	NC_091013.1	71000001	72000000	0.0038048772534778	981372	3734	981372	0
pop1	NC_091013.1	72000001	73000000	0.0043512306959547	990984	4312	990984	0
pop1	NC_091013.1	73000001	74000000	0.0035096158732202	590378	2072	590378	0
pop1	NC_091013.1	74000001	75000000	0.0035147704839312	449816	1581	449816	0
pop1	NC_091013.1	75000001	76000000	0.003974947893462	976365	3881	976365	0
pop1	NC_091013.1	76000001	77000000	0.003869955636597	981665	3799	981665	0
pop1	NC_091013.1	77000001	78000000	0.0040527433721498	987726	4003	987726	0
pop1	NC_091013.1	78000001	79000000	0.0042804907972982	990307	4239	990307	0
pop1	NC_091013.1	79000001	80000000	0.0044452384988717	985099	4379	985099	0
pop1	NC_091013.1	80000001	81000000	0.0049097950259136	989247	4857	989247	0
pop1	NC_091013.1	81000001	82000000	0.004432212614759	973780	4316	973780	0
pop1	NC_091013.1	82000001	83000000	0.0040051408967692	983486	3939	983486	0
pop1	NC_091013.1	83000001	84000000	0.0046396759087085	553918	2570	553918	0
pop1	NC_091013.1	84000001	85000000	0.0042738892392077	799272	3416	799272	0
pop1	NC_091013.1	85000001	86000000	0.0052190822120103	981207	5121	981207	0
pop1	NC_091013.1	86000001	87000000	0.0051453463472731	980692	5046	980692	0
pop1	NC_091013.1	87000001	88000000	0.0043445706637941	980304	4259	980304	0
pop1	NC_091013.1	88000001	89000000	0.0046837407720244	983829	4608	983829	0
pop1	NC_091013.1	89000001	90000000	0.0043785437122241	983432	4306	983432	0
pop1	NC_091013.1	90000001	91000000	0.0038824926009042	983904	3820	983904	0
pop1	NC_091013.1	91000001	92000000	0.0048261544874053	990851	4782	990851	0
pop1	NC_091013.1	92000001	93000000	0.0047246567454944	878794	4152	878794	0
pop1	NC_091013.1	93000001	94000000	0.0047902948179108	982403	4706	982403	0
pop1	NC_091013.1	94000001	95000000	0.0046948024287508	988327	4640	988327	0
pop1	NC_091013.1	95000001	96000000	0.0051534157295817	981679	5059	981679	0
pop1	NC_091013.1	96000001	97000000	0.0044294310187187	992001	4394	992001	0
pop1	NC_091013.1	97000001	98000000	0.0037340098256987	982322	3668	982322	0
pop1	NC_091013.1	98000001	99000000	0.0041255025557104	989940	4084	989940	0
pop1	NC_091013.1	99000001	100000000	0.0040866185452526	990550	4048	990550	0
pop1	NC_091013.1	100000001	101000000	0.0046283166995843	990857	4586	990857	0
pop1	NC_091013.1	101000001	102000000	0.0054906254388125	982766	5396	982766	0
pop1	NC_091013.1	102000001	103000000	0.0046222146001958	979617	4528	979617	0
pop1	NC_091013.1	103000001	104000000	0.0036113567989913	980241	3540	980241	0
pop1	NC_091013.1	104000001	105000000	0.0021081123820027	973857	2053	973857	0
pop1	NC_091013.1	105000001	106000000	0.00036997321636519	824384	305	824384	0
pop1	NC_091013.1	106000001	107000000	0.0027443248713967	931741	2557	931741	0
pop1	NC_091013.1	107000001	108000000	0.004112735680943	920312	3785	920312	0
pop1	NC_091013.1	108000001	109000000	0.0046765059666689	933603	4366	933603	0
pop1	NC_091013.1	109000001	110000000	0.0051578619902051	986843	5090	986843	0
pop1	NC_091013.1	110000001	111000000	0.0050196862342035	988508	4962	988508	0
pop1	NC_091013.1	111000001	112000000	0.0059567272587525	988798	5890	988798	0
pop1	NC_091013.1	112000001	113000000	0.0055188143713185	982095	5420	982095	0
pop1	NC_091013.1	113000001	114000000	0.0054668381272093	978262	5348	978262	0
pop1	NC_091013.1	114000001	115000000	0.0050251970053762	985633	4953	985633	0
pop1	NC_091013.1	115000001	116000000	0.0041486333526207	986831	4094	986831	0
pop1	NC_091013.1	116000001	117000000	0.0049677043604169	988988	4913	988988	0
pop1	NC_091013.1	117000001	118000000	0.004893772204315	977569	4784	977569	0
pop1	NC_091013.1	118000001	119000000	0.0035671594701363	900156	3211	900156	0
pop1	NC_091013.1	119000001	120000000	0.0037457907279118	975228	3653	975228	0
pop1	NC_091013.1	120000001	121000000	0.0039823886398794	252110	1004	252110	0
pop1	NC_091014.1	1	1000000	0.0013372013961289	176488	236	176488	0
pop1	NC_091014.1	1000001	2000000	0.0092145265354186	893372	8232	893372	0
pop1	NC_091014.1	2000001	3000000	0.0072937074739013	953973	6958	953973	0
pop1	NC_091014.1	3000001	4000000	0.0058086893250516	978534	5684	978534	0
pop1	NC_091014.1	4000001	5000000	0.0054982881427685	973212	5351	973212	0
pop1	NC_091014.1	5000001	6000000	0.0050299274584431	983712	4948	983712	0
pop1	NC_091014.1	6000001	7000000	0.0043561936888119	991921	4321	991921	0
pop1	NC_091014.1	7000001	8000000	0.0046060203837794	958311	4414	958311	0
pop1	NC_091014.1	8000001	9000000	0.0037827256394546	770344	2914	770344	0
pop1	NC_091014.1	9000001	10000000	0.0040468084358318	853265	3453	853265	0
pop1	NC_091014.1	10000001	11000000	0.0035048785780675	976924	3424	976924	0
pop1	NC_091014.1	11000001	12000000	0.0014954267408751	982997	1470	982997	0
pop1	NC_091014.1	12000001	13000000	0.0041999095874009	982164	4125	982164	0
pop1	NC_091014.1	13000001	14000000	0.004159685829465	989017	4114	989017	0
pop1	NC_091014.1	14000001	15000000	0.0037489333020335	992549	3721	992549	0
pop1	NC_091014.1	15000001	16000000	0.0033315394274878	975525	3250	975525	0
pop1	NC_091014.1	16000001	17000000	0.004231388073043	978875	4142	978875	0
pop1	NC_091014.1	17000001	18000000	0.0038355947656606	986027	3782	986027	0
pop1	NC_091014.1	18000001	19000000	0.0040728936233315	984558	4010	984558	0
pop1	NC_091014.1	19000001	20000000	0.0037001410539845	989692	3662	989692	0
pop1	NC_091014.1	20000001	21000000	0.003482852424277	973053	3389	973053	0
pop1	NC_091014.1	21000001	22000000	0.0031543378218872	987846	3116	987846	0
pop1	NC_091014.1	22000001	23000000	0.0038214086334549	983407	3758	983407	0
pop1	NC_091014.1	23000001	24000000	0.0038327913591756	962223	3688	962223	0
pop1	NC_091014.1	24000001	25000000	0.0037567739298304	988348	3713	988348	0
pop1	NC_091014.1	25000001	26000000	0.0030562770744573	952466	2911	952466	0
pop1	NC_091014.1	26000001	27000000	0.0026831308082295	981689	2634	981689	0
pop1	NC_091014.1	27000001	28000000	0.0027909676383598	971706	2712	971706	0
pop1	NC_091014.1	28000001	29000000	0.0033640304522513	977399	3288	977399	0
pop1	NC_091014.1	29000001	30000000	0.0034611415095389	989269	3424	989269	0
pop1	NC_091014.1	30000001	31000000	0.0030833009720582	983686	3033	983686	0
pop1	NC_091014.1	31000001	32000000	0.0032121961738451	983128	3158	983128	0
pop1	NC_091014.1	32000001	33000000	0.0030613453581509	979308	2998	979308	0
pop1	NC_091014.1	33000001	34000000	0.0034855572987286	986069	3437	986069	0
pop1	NC_091014.1	34000001	35000000	0.0031255614169756	979664	3062	979664	0
pop1	NC_091014.1	35000001	36000000	0.0029647969905014	979831	2905	979831	0
pop1	NC_091014.1	36000001	37000000	0.0028127734430587	990837	2787	990837	0
pop1	NC_091014.1	37000001	38000000	0.0031593140811687	992304	3135	992304	0
pop1	NC_091014.1	38000001	39000000	0.0036854202225676	956743	3526	956743	0
pop1	NC_091014.1	39000001	40000000	0.0036650491084209	988527	3623	988527	0
pop1	NC_091014.1	40000001	41000000	0.0031368424685834	985067	3090	985067	0
pop1	NC_091014.1	41000001	42000000	0.0038870401041715	979923	3809	979923	0
pop1	NC_091014.1	42000001	43000000	0.0042314877484731	985469	4170	985469	0
pop1	NC_091014.1	43000001	44000000	0.0040015961821268	987356	3951	987356	0
pop1	NC_091014.1	44000001	45000000	0.0032324808734774	989333	3198	989333	0
pop1	NC_091014.1	45000001	46000000	0.0040229112433749	981876	3950	981876	0
pop1	NC_091014.1	46000001	47000000	0.0029327971350692	990181	2904	990181	0
pop1	NC_091014.1	47000001	48000000	0.0022093668056195	571657	1263	571657	0
pop1	NC_091014.1	48000001	49000000	0.0082917404604734	12422	103	12422	0
pop1	NC_091014.1	49000001	50000000	0.0025465246223247	731978	1864	731978	0
pop1	NC_091014.1	50000001	51000000	0.0037559881448712	965658	3627	965658	0
pop1	NC_091014.1	51000001	52000000	0.0038422888218951	981186	3770	981186	0
pop1	NC_091014.1	52000001	53000000	0.003186307337671	992999	3164	992999	0
pop1	NC_091014.1	53000001	54000000	0.0032829807432343	983862	3230	983862	0
pop1	NC_091014.1	54000001	55000000	0.0034055293449501	991329	3376	991329	0
pop1	NC_091014.1	55000001	56000000	0.0032099795403532	755145	2424	755145	0
pop1	NC_091014.1	56000001	57000000	0.0038856019157015	992639	3857	992639	0
pop1	NC_091014.1	57000001	58000000	0.0039158140597629	984725	3856	984725	0
pop1	NC_091014.1	58000001	59000000	0.0048243729967287	453945	2190	453945	0
pop1	NC_091014.1	59000001	60000000	0.0043639066291428	680812	2971	680812	0
pop1	NC_091014.1	60000001	61000000	0.0041976129015769	978175	4106	978175	0
pop1	NC_091014.1	61000001	62000000	0.0054280631780634	984329	5343	984329	0
pop1	NC_091014.1	62000001	63000000	0.0052132517363879	978468	5101	978468	0
pop1	NC_091014.1	63000001	64000000	0.0049406684969184	988935	4886	988935	0
pop1	NC_091014.1	64000001	65000000	0.0052929167930277	982634	5201	982634	0
pop1	NC_091014.1	65000001	66000000	0.0052615195543374	989448	5206	989448	0
pop1	NC_091014.1	66000001	67000000	0.0053137064217765	986129	5240	986129	0
pop1	NC_091014.1	67000001	68000000	0.0058701950561504	977821	5740	977821	0
pop1	NC_091014.1	68000001	69000000	0.0047238260315983	747699	3532	747699	0
pop1	NC_091014.1	69000001	70000000	0.0040986496221701	978615	4011	978615	0
pop1	NC_091014.1	70000001	71000000	0.0032251572481246	978867	3157	978867	0
pop1	NC_091014.1	71000001	72000000	0.0014032437976516	924287	1297	924287	0
pop1	NC_091014.1	72000001	73000000	NA	0	NA	NA	NA
pop1	NC_091014.1	73000001	74000000	0.0004006300931496	806230	323	806230	0
pop1	NC_091014.1	74000001	75000000	0.0022211748610239	982363	2182	982363	0
pop1	NC_091014.1	75000001	76000000	0.0048343738062258	986891	4771	986891	0
pop1	NC_091014.1	76000001	77000000	0.005031182586411	986448	4963	986448	0
pop1	NC_091014.1	77000001	78000000	0.0055999287870328	988584	5536	988584	0
pop1	NC_091014.1	78000001	79000000	0.0047681244123701	983825	4691	983825	0
pop1	NC_091014.1	79000001	80000000	0.002864150628093	945481	2708	945481	0
pop1	NC_091014.1	80000001	81000000	0.00089451153280941	15651	14	15651	0
pop1	NC_091015.1	1	1000000	0.0037598619329389	876096	3294	876096	0
pop1	NC_091015.1	1000001	2000000	0.0080706853137729	950353	7670	950353	0
pop1	NC_091015.1	2000001	3000000	0.0064105894421371	981657	6293	981657	0
pop1	NC_091015.1	3000001	4000000	0.0058443391626159	974105	5693	974105	0
pop1	NC_091015.1	4000001	5000000	0.0053784192573547	987093	5309	987093	0
pop1	NC_091015.1	5000001	6000000	0.0048794874669592	990063	4831	990063	0
pop1	NC_091015.1	6000001	7000000	0.0046655442166118	980593	4575	980593	0
pop1	NC_091015.1	7000001	8000000	0.0054596899533735	978627	5343	978627	0
pop1	NC_091015.1	8000001	9000000	0.0042537369230427	989718	4210	989718	0
pop1	NC_091015.1	9000001	10000000	0.0043971597937251	980633	4312	980633	0
pop1	NC_091015.1	10000001	11000000	0.0039387153681678	989155	3896	989155	0
pop1	NC_091015.1	11000001	12000000	0.0048687660056887	987930	4810	987930	0
pop1	NC_091015.1	12000001	13000000	0.0044338264876546	964404	4276	964404	0
pop1	NC_091015.1	13000001	14000000	0.0039747956540887	989988	3935	989988	0
pop1	NC_091015.1	14000001	15000000	0.0038758708043065	986875	3825	986875	0
pop1	NC_091015.1	15000001	16000000	0.0042395658393034	987837	4188	987837	0
pop1	NC_091015.1	16000001	17000000	0.0031601378591985	963882	3046	963882	0
pop1	NC_091015.1	17000001	18000000	0.0038169131756426	959938	3664	959938	0
pop1	NC_091015.1	18000001	19000000	0.0034917648397466	984316	3437	984316	0
pop1	NC_091015.1	19000001	20000000	0.0043544952209972	987026	4298	987026	0
pop1	NC_091015.1	20000001	21000000	0.0037760758331147	975616	3684	975616	0
pop1	NC_091015.1	21000001	22000000	0.0034186627491738	984303	3365	984303	0
pop1	NC_091015.1	22000001	23000000	0.0041372614077477	982534	4065	982534	0
pop1	NC_091015.1	23000001	24000000	0.0035428621777435	976047	3458	976047	0
pop1	NC_091015.1	24000001	25000000	0.0049377428881335	784569	3874	784569	0
pop1	NC_091015.1	25000001	26000000	0.0056338028169014	5680	32	5680	0
pop1	NC_091015.1	26000001	27000000	NA	0	NA	NA	NA
pop1	NC_091015.1	27000001	28000000	NA	0	NA	NA	NA
pop1	NC_091015.1	28000001	29000000	NA	0	NA	NA	NA
pop1	NC_091015.1	29000001	30000000	NA	0	NA	NA	NA
pop1	NC_091015.1	30000001	31000000	NA	0	NA	NA	NA
pop1	NC_091015.1	31000001	32000000	NA	0	NA	NA	NA
pop1	NC_091015.1	32000001	33000000	0	64	0	64	0
pop1	NC_091015.1	33000001	34000000	NA	0	NA	NA	NA
pop1	NC_091015.1	34000001	35000000	NA	0	NA	NA	NA
pop1	NC_091015.1	35000001	36000000	NA	0	NA	NA	NA
pop1	NC_091015.1	36000001	37000000	NA	0	NA	NA	NA
pop1	NC_091015.1	37000001	38000000	NA	0	NA	NA	NA
pop1	NC_091015.1	38000001	39000000	NA	0	NA	NA	NA
pop1	NC_091015.1	39000001	40000000	0.0043550690626933	496433	2162	496433	0
pop1	NC_091015.1	40000001	41000000	0.0036451881691546	986506	3596	986506	0
pop1	NC_091015.1	41000001	42000000	0.0034561839199476	988952	3418	988952	0
pop1	NC_091015.1	42000001	43000000	0.0030757907971603	978285	3009	978285	0
pop1	NC_091015.1	43000001	44000000	0.0037090137754678	986246	3658	986246	0
pop1	NC_091015.1	44000001	45000000	0.0034094547820297	983735	3354	983735	0
pop1	NC_091015.1	45000001	46000000	0.0034361806245133	979867	3367	979867	0
pop1	NC_091015.1	46000001	47000000	0.0032863543389462	980722	3223	980722	0
pop1	NC_091015.1	47000001	48000000	0.003333072642255	971776	3239	971776	0
pop1	NC_091015.1	48000001	49000000	0.0036265558653618	987714	3582	987714	0
pop1	NC_091015.1	49000001	50000000	0.0027380209059515	989766	2710	989766	0
pop1	NC_091015.1	50000001	51000000	0.0033730752736894	988712	3335	988712	0
pop1	NC_091015.1	51000001	52000000	0.0036186697380371	985445	3566	985445	0
pop1	NC_091015.1	52000001	53000000	0.0040490823812927	980963	3972	980963	0
pop1	NC_091015.1	53000001	54000000	0.0039984956355232	989122	3955	989122	0
pop1	NC_091015.1	54000001	55000000	0.0036064690407741	990997	3574	990997	0
pop1	NC_091015.1	55000001	56000000	0.0033208871758694	987989	3281	987989	0
pop1	NC_091015.1	56000001	57000000	0.0039011029232346	983568	3837	983568	0
pop1	NC_091015.1	57000001	58000000	0.0031975479733352	988570	3161	988570	0
pop1	NC_091015.1	58000001	59000000	0.0036808758680116	986450	3631	986450	0
pop1	NC_091015.1	59000001	60000000	0.0042181016292469	977691	4124	977691	0
pop1	NC_091015.1	60000001	61000000	0.0032180819136636	949634	3056	949634	0
pop1	NC_091015.1	61000001	62000000	0.0026634791140193	989683	2636	989683	0
pop1	NC_091015.1	62000001	63000000	0.0012579585130417	895896	1127	895896	0
pop1	NC_091015.1	63000001	64000000	0.0011249469744565	372462	419	372462	0
pop1	NC_091015.1	64000001	65000000	0.0012220369930965	981967	1200	981967	0
pop1	NC_091015.1	65000001	66000000	0.00027897455604248	541268	151	541268	0
pop1	NC_091015.1	66000001	67000000	0.00069096562446018	5789	4	5789	0
pop1	NC_091015.1	67000001	68000000	0.00044045392376121	819609	361	819609	0
pop1	NC_091015.1	68000001	69000000	0.00021569606875854	968956	209	968956	0
pop1	NC_091015.1	69000001	70000000	0.00099303559136737	987880	981	987880	0
pop1	NC_091015.1	70000001	71000000	0.0022188907368398	987881	2192	987881	0
pop1	NC_091015.1	71000001	72000000	0.003125248784909	979762	3062	979762	0
pop1	NC_091015.1	72000001	73000000	0.002979436917849	986428	2939	986428	0
pop1	NC_091015.1	73000001	74000000	0.0032159804009344	982904	3161	982904	0
pop1	NC_091015.1	74000001	75000000	0.0029472470195038	984987	2903	984987	0
pop1	NC_091015.1	75000001	76000000	0.0026247920302324	983316	2581	983316	0
pop1	NC_091015.1	76000001	77000000	0.0038268659130892	989060	3785	989060	0
pop1	NC_091015.1	77000001	78000000	0.00346705085886	987006	3422	987006	0
pop1	NC_091015.1	78000001	79000000	0.003220752886615	982379	3164	982379	0
pop1	NC_091015.1	79000001	80000000	0.0035751915099382	982325	3512	982325	0
pop1	NC_091015.1	80000001	81000000	0.0035360485845188	988957	3497	988957	0
pop1	NC_091015.1	81000001	82000000	0.0033792227480384	976260	3299	976260	0
pop1	NC_091015.1	82000001	83000000	0.0037841431996242	983578	3722	983578	0
pop1	NC_091015.1	83000001	84000000	0.0040287132912702	975994	3932	975994	0
pop1	NC_091015.1	84000001	85000000	0.0041324218922067	976183	4034	976183	0
pop1	NC_091015.1	85000001	86000000	0.0044582748298423	971452	4331	971452	0
pop1	NC_091015.1	86000001	87000000	0.004844585333998	976967	4733	976967	0
pop1	NC_091015.1	87000001	88000000	0.005128544691382	966551	4957	966551	0
pop1	NC_091015.1	88000001	89000000	0.0050893158419918	969089	4932	969089	0
pop1	NC_091015.1	89000001	90000000	0.0047258835115449	983943	4650	983943	0
pop1	NC_091015.1	90000001	91000000	0.0037370582129385	826586	3089	826586	0
pop1	NC_091015.1	91000001	92000000	0.0033453900810614	979258	3276	979258	0
pop1	NC_091015.1	92000001	93000000	0.0041316164329197	987749	4081	987749	0
pop1	NC_091015.1	93000001	94000000	0.0047378340362796	974707	4618	974707	0
pop1	NC_091015.1	94000001	95000000	0.0045005321897885	942333	4241	942333	0
pop1	NC_091015.1	95000001	96000000	0.0032253150943724	978199	3155	978199	0
pop1	NC_091015.1	96000001	97000000	0.0042168519804144	272241	1148	272241	0
pop1	NC_091015.1	97000001	98000000	0.0042945231201618	660376	2836	660376	0
pop1	NC_091015.1	98000001	99000000	0.0045537852063242	979405	4460	979405	0
pop1	NC_091015.1	99000001	100000000	0.0041520961290375	986008	4094	986008	0
pop1	NC_091015.1	100000001	101000000	0.0040863732396869	984981	4025	984981	0
pop1	NC_091015.1	101000001	102000000	0.0046903064625279	982665	4609	982665	0
pop1	NC_091015.1	102000001	103000000	0.0036143269483608	984969	3560	984969	0
pop1	NC_091015.1	103000001	104000000	0.0043668077748142	980808	4283	980808	0
pop1	NC_091015.1	104000001	105000000	0.0045192730112758	983344	4444	983344	0
pop1	NC_091015.1	105000001	106000000	0.0040784243176305	978319	3990	978319	0
pop1	NC_091015.1	106000001	107000000	0.004194787580505	985032	4132	985032	0
pop1	NC_091015.1	107000001	108000000	0.003208709647657	975470	3130	975470	0
pop1	NC_091015.1	108000001	109000000	0.0046858279112252	816718	3827	816718	0
pop1	NC_091015.1	109000001	110000000	0.0046502396873378	982530	4569	982530	0
pop1	NC_091015.1	110000001	111000000	0.0052600313669709	972998	5118	972998	0
pop1	NC_091015.1	111000001	112000000	0.0047007645367474	981117	4612	981117	0
pop1	NC_091015.1	112000001	113000000	0.0039325802232989	971881	3822	971881	0
pop1	NC_091015.1	113000001	114000000	0.0038400546141101	984361	3780	984361	0
pop1	NC_091015.1	114000001	115000000	0.0041940573231659	988780	4147	988780	0
pop1	NC_091015.1	115000001	116000000	0.0042238365932793	972102	4106	972102	0
pop1	NC_091015.1	116000001	117000000	0.0040493148334624	979178	3965	979178	0
pop1	NC_091015.1	117000001	118000000	0.004139156234833	982809	4068	982809	0
pop1	NC_091015.1	118000001	119000000	0.0040064776114264	987401	3956	987401	0
pop1	NC_091015.1	119000001	120000000	0.0044269907967871	982157	4348	982157	0
pop1	NC_091015.1	120000001	121000000	0.0030877438071003	990691	3059	990691	0
pop1	NC_091015.1	121000001	122000000	0.003836180325948	981445	3765	981445	0
pop1	NC_091015.1	122000001	123000000	0.0044406177002862	376299	1671	376299	0
pop1	NC_091015.1	123000001	124000000	0.0041951002947107	977569	4101	977569	0
pop1	NC_091015.1	124000001	125000000	0.0038229985659892	970704	3711	970704	0
pop1	NC_091015.1	125000001	126000000	0.0041305854802855	976617	4034	976617	0
pop1	NC_091015.1	126000001	127000000	0.0045447612609085	970348	4410	970348	0
pop1	NC_091015.1	127000001	128000000	0.0050297919223587	987516	4967	987516	0
pop1	NC_091015.1	128000001	129000000	0.0045635109733124	986302	4501	986302	0
pop1	NC_091015.1	129000001	130000000	0.0035342535512452	985781	3484	985781	0
pop1	NC_091015.1	130000001	131000000	0.0040613809706852	988580	4015	988580	0
pop1	NC_091015.1	131000001	132000000	0.0040742417383431	985214	4014	985214	0
pop1	NC_091015.1	132000001	133000000	0.0036327965967283	989871	3596	989871	0
pop1	NC_091015.1	133000001	134000000	0.0038044454183825	985689	3750	985689	0
pop1	NC_091015.1	134000001	135000000	0.0040100572603142	980784	3933	980784	0
pop1	NC_091015.1	135000001	136000000	0.003770903367547	982258	3704	982258	0
pop1	NC_091015.1	136000001	137000000	0.0032310293296917	978326	3161	978326	0
pop1	NC_091015.1	137000001	138000000	0.0031276430517573	982529	3073	982529	0
pop1	NC_091015.1	138000001	139000000	0.0035671879857109	981165	3500	981165	0
pop1	NC_091015.1	139000001	140000000	0.0039154267815192	980736	3840	980736	0
pop1	NC_091015.1	140000001	141000000	0.0040121956160609	987240	3961	987240	0
pop1	NC_091015.1	141000001	142000000	0.0038940478476847	963265	3751	963265	0
pop1	NC_091015.1	142000001	143000000	0.0035585957687503	982972	3498	982972	0
pop1	NC_091015.1	143000001	144000000	0.0027106498238993	983528	2666	983528	0
pop1	NC_091015.1	144000001	145000000	0.0032428199447739	978161	3172	978161	0
pop1	NC_091015.1	145000001	146000000	0.0028776547887312	969192	2789	969192	0
pop1	NC_091015.1	146000001	147000000	0.0023929176915168	989169	2367	989169	0
pop1	NC_091015.1	147000001	148000000	0.0028125832839987	983082	2765	983082	0
pop1	NC_091015.1	148000001	149000000	0.0027960935619035	988522	2764	988522	0
pop1	NC_091015.1	149000001	150000000	0.0030835159862695	976807	3012	976807	0
pop1	NC_091015.1	150000001	151000000	0.0035992276034894	970486	3493	970486	0
pop1	NC_091015.1	151000001	152000000	0.003208314412767	977772	3137	977772	0
pop1	NC_091015.1	152000001	153000000	0.003215919837921	966442	3108	966442	0
pop1	NC_091015.1	153000001	154000000	0.0024884969560076	979306	2437	979306	0
pop1	NC_091015.1	154000001	155000000	0.003249744062139	974846	3168	974846	0
pop1	NC_091015.1	155000001	156000000	0.0036635999299424	970630	3556	970630	0
pop1	NC_091015.1	156000001	157000000	0.0029636112906263	982585	2912	982585	0
pop1	NC_091015.1	157000001	158000000	0.0035526807426328	979542	3480	979542	0
pop1	NC_091015.1	158000001	159000000	0.0031962213921433	984913	3148	984913	0
pop1	NC_091015.1	159000001	160000000	0.0038377103664	982096	3769	982096	0
pop1	NC_091015.1	160000001	161000000	0.0045726527896742	983018	4495	983018	0
pop1	NC_091015.1	161000001	162000000	0.0042884876984839	963743	4133	963743	0
pop1	NC_091015.1	162000001	163000000	0.0048887019307789	967537	4730	967537	0
pop1	NC_091015.1	163000001	164000000	0.0040894114077048	975446	3989	975446	0
pop1	NC_091015.1	164000001	165000000	0.0039298587136709	986295	3876	986295	0
pop1	NC_091015.1	165000001	166000000	0.0052193781162104	968123	5053	968123	0
pop1	NC_091015.1	166000001	167000000	0.0060206416167157	979962	5900	979962	0
pop1	NC_091015.1	167000001	168000000	0.0095397975177977	754733	7200	754733	0
pop1	NC_091015.1	168000001	169000000	0.0094169987028196	602846	5677	602846	0
pop1	NC_091016.1	1	1000000	0.0010664281537033	29069	31	29069	0
pop1	NC_091016.1	1000001	2000000	0.0037501951774442	358648	1345	358648	0
pop1	NC_091016.1	2000001	3000000	0.0053469319580741	969902	5186	969902	0
pop1	NC_091016.1	3000001	4000000	0.0040709458778777	992644	4041	992644	0
pop1	NC_091016.1	4000001	5000000	0.0036031014139749	990258	3568	990258	0
pop1	NC_091016.1	5000001	6000000	0.0042429245901904	990826	4204	990826	0
pop1	NC_091016.1	6000001	7000000	0.0042882497659978	977555	4192	977555	0
pop1	NC_091016.1	7000001	8000000	0.0045187276155623	985897	4455	985897	0
pop1	NC_091016.1	8000001	9000000	0.0013485274916878	979587	1321	979587	0
pop1	NC_091016.1	9000001	10000000	0.00038064409776859	333645	127	333645	0
pop1	NC_091016.1	10000001	11000000	0	394	0	394	0
pop1	NC_091016.1	11000001	12000000	0.00041069506599445	776732	319	776732	0
pop1	NC_091016.1	12000001	13000000	0.0018250610712957	989008	1805	989008	0
pop1	NC_091016.1	13000001	14000000	0.0035957692526656	983656	3537	983656	0
pop1	NC_091016.1	14000001	15000000	0.0049385643807184	986724	4873	986724	0
pop1	NC_091016.1	15000001	16000000	0.0027005636746999	165521	447	165521	0
pop1	NC_091016.1	16000001	17000000	0.002643840926531	632035	1671	632035	0
pop1	NC_091016.1	17000001	18000000	0.0051343988620046	745170	3826	745170	0
pop1	NC_091016.1	18000001	19000000	0.0050709939148073	991916	5030	991916	0
pop1	NC_091016.1	19000001	20000000	0.004899940468013	982665	4815	982665	0
pop1	NC_091016.1	20000001	21000000	0.0047285297411358	987622	4670	987622	0
pop1	NC_091016.1	21000001	22000000	0.005028648618687	974218	4899	974218	0
pop1	NC_091016.1	22000001	23000000	0.0052402680735776	981820	5145	981820	0
pop1	NC_091016.1	23000001	24000000	0.0053470638635089	979229	5236	979229	0
pop1	NC_091016.1	24000001	25000000	0.0050077779723702	970690	4861	970690	0
pop1	NC_091016.1	25000001	26000000	0.0044020796522255	983626	4330	983626	0
pop1	NC_091016.1	26000001	27000000	0.0054258482115287	340039	1845	340039	0
pop1	NC_091016.1	27000001	28000000	0.0044921285424117	195453	878	195453	0
pop1	NC_091016.1	28000001	29000000	0.0039961040261431	988713	3951	988713	0
pop1	NC_091016.1	29000001	30000000	0.0038892490993884	976281	3797	976281	0
pop1	NC_091016.1	30000001	31000000	0.004546160901188	984567	4476	984567	0
pop1	NC_091016.1	31000001	32000000	0.0045349183664194	990095	4490	990095	0
pop1	NC_091016.1	32000001	33000000	0.0035195619557063	981088	3453	981088	0
pop1	NC_091016.1	33000001	34000000	0.0043113946745281	989471	4266	989471	0
pop1	NC_091016.1	34000001	35000000	0.0036275426405559	989375	3589	989375	0
pop1	NC_091016.1	35000001	36000000	0.0036823664965786	212635	783	212635	0
pop1	NC_091016.1	36000001	37000000	0.007639054666985	4189	32	4189	0
pop1	NC_091016.1	37000001	38000000	0.0038882827573029	811155	3154	811155	0
pop1	NC_091016.1	38000001	39000000	0.0041320178696094	986927	4078	986927	0
pop1	NC_091016.1	39000001	40000000	0.0031983318662549	991767	3172	991767	0
pop1	NC_091016.1	40000001	41000000	0.0032281964436918	982592	3172	982592	0
pop1	NC_091016.1	41000001	42000000	0.0035579538875386	986241	3509	986241	0
pop1	NC_091016.1	42000001	43000000	0.0044092097598399	980221	4322	980221	0
pop1	NC_091016.1	43000001	44000000	0.003630805089804	988486	3589	988486	0
pop1	NC_091016.1	44000001	45000000	0.0027571928090143	987236	2722	987236	0
pop1	NC_091016.1	45000001	46000000	0.0032025726619996	980774	3141	980774	0
pop1	NC_091016.1	46000001	47000000	0.0030573789672032	974364	2979	974364	0
pop1	NC_091016.1	47000001	48000000	0.003576513249425	986156	3527	986156	0
pop1	NC_091016.1	48000001	49000000	0.0038533539763011	988230	3808	988230	0
pop1	NC_091016.1	49000001	50000000	0.004306190661718	975340	4200	975340	0
pop1	NC_091016.1	50000001	51000000	0.0034984993088103	963556	3371	963556	0
pop1	NC_091016.1	51000001	52000000	0.0038007367300021	982178	3733	982178	0
pop1	NC_091016.1	52000001	53000000	0.0036842180420605	980398	3612	980398	0
pop1	NC_091016.1	53000001	54000000	0.0032734642786234	992221	3248	992221	0
pop1	NC_091016.1	54000001	55000000	0.003448608992731	341587	1178	341587	0
pop1	NC_091016.1	55000001	56000000	0.0035609898774619	488909	1741	488909	0
pop1	NC_091016.1	56000001	57000000	0.0035283160254718	988857	3489	988857	0
pop1	NC_091016.1	57000001	58000000	0.0033941373622588	986996	3350	986996	0
pop1	NC_091016.1	58000001	59000000	0.003672524327823	990327	3637	990327	0
pop1	NC_091016.1	59000001	60000000	0.0037856013539092	987954	3740	987954	0
pop1	NC_091016.1	60000001	61000000	0.0037310305621386	990343	3695	990343	0
pop1	NC_091016.1	61000001	62000000	0.0034877357736694	988607	3448	988607	0
pop1	NC_091016.1	62000001	63000000	0.0034714343358841	973949	3381	973949	0
pop1	NC_091016.1	63000001	64000000	0.0030013073800185	988236	2966	988236	0
pop1	NC_091016.1	64000001	65000000	0.0034898238846876	985150	3438	985150	0
pop1	NC_091016.1	65000001	66000000	0.0045148371390382	988297	4462	988297	0
pop1	NC_091016.1	66000001	67000000	0.0038244782780954	989416	3784	989416	0
pop1	NC_091016.1	67000001	68000000	0.0039211524902838	980069	3843	980069	0
pop1	NC_091016.1	68000001	69000000	0.0043406361978351	963914	4184	963914	0
pop1	NC_091016.1	69000001	70000000	0.0038751467322896	989898	3836	989898	0
pop1	NC_091016.1	70000001	71000000	0.0037639248511189	987533	3717	987533	0
pop1	NC_091016.1	71000001	72000000	0.0033599684623899	989295	3324	989295	0
pop1	NC_091016.1	72000001	73000000	0.0040633781448304	985387	4004	985387	0
pop1	NC_091016.1	73000001	74000000	0.0029680774658089	987171	2930	987171	0
pop1	NC_091016.1	74000001	75000000	0.0044437257765403	989485	4397	989485	0
pop1	NC_091016.1	75000001	76000000	0.0042171599186365	986683	4161	986683	0
pop1	NC_091016.1	76000001	77000000	0.004042785722114	976307	3947	976307	0
pop1	NC_091016.1	77000001	78000000	0.0040385846089561	985989	3982	985989	0
pop1	NC_091016.1	78000001	79000000	0.003708274345704	991027	3675	991027	0
pop1	NC_091016.1	79000001	80000000	0.0033230944243112	970481	3225	970481	0
pop1	NC_091016.1	80000001	81000000	0.0029712084433359	987477	2934	987477	0
pop1	NC_091016.1	81000001	82000000	0.0041731851142611	967127	4036	967127	0
pop1	NC_091016.1	82000001	83000000	0.0041271521935824	980337	4046	980337	0
pop1	NC_091016.1	83000001	84000000	0.0041499189840335	988694	4103	988694	0
pop1	NC_091016.1	84000001	85000000	0.0029449790238744	985406	2902	985406	0
pop1	NC_091016.1	85000001	86000000	0.0041399715434784	972712	4027	972712	0
pop1	NC_091016.1	86000001	87000000	0.0035694938372364	983893	3512	983893	0
pop1	NC_091016.1	87000001	88000000	0.0033089733544311	983991	3256	983991	0
pop1	NC_091016.1	88000001	89000000	0.0032844090084338	989828	3251	989828	0
pop1	NC_091016.1	89000001	90000000	0.0037546539097927	983313	3692	983313	0
pop1	NC_091016.1	90000001	91000000	0.003869412437689	978960	3788	978960	0
pop1	NC_091016.1	91000001	92000000	0.0038927366292849	987737	3845	987737	0
pop1	NC_091016.1	92000001	93000000	0.0035819749465971	979348	3508	979348	0
pop1	NC_091016.1	93000001	94000000	0.0037042711230202	985619	3651	985619	0
pop1	NC_091016.1	94000001	95000000	0.0032542195057978	983646	3201	983646	0
pop1	NC_091016.1	95000001	96000000	0.003701488991782	976634	3615	976634	0
pop1	NC_091016.1	96000001	97000000	0.0030230311021023	973857	2944	973857	0
pop1	NC_091016.1	97000001	98000000	0.0043025822717923	968953	4169	968953	0
pop1	NC_091016.1	98000001	99000000	0.0036661544458117	980046	3593	980046	0
pop1	NC_091016.1	99000001	100000000	0.0040700733857381	980572	3991	980572	0
pop1	NC_091016.1	100000001	101000000	0.002972477286836	989074	2940	989074	0
pop1	NC_091016.1	101000001	102000000	0.0033185199897382	966696	3208	966696	0
pop1	NC_091016.1	102000001	103000000	0.0030837993387485	979960	3022	979960	0
pop1	NC_091016.1	103000001	104000000	0.0035628582614615	968043	3449	968043	0
pop1	NC_091016.1	104000001	105000000	0.0031108687324314	973683	3029	973683	0
pop1	NC_091016.1	105000001	106000000	0.0013828587416604	807747	1117	807747	0
pop1	NC_091016.1	106000001	107000000	0.0028993081991366	971956	2818	971956	0
pop1	NC_091016.1	107000001	108000000	0.0037889927284772	969123	3672	969123	0
pop1	NC_091016.1	108000001	109000000	0.0034834739178464	979482	3412	979482	0
pop1	NC_091016.1	109000001	110000000	0.0026020820772208	971914	2529	971914	0
pop1	NC_091016.1	110000001	111000000	0.0031457468590655	987047	3105	987047	0
pop1	NC_091016.1	111000001	112000000	0.0033152637913122	972170	3223	972170	0
pop1	NC_091016.1	112000001	113000000	0.004148224967129	971982	4032	971982	0
pop1	NC_091016.1	113000001	114000000	0.0036488972548956	984407	3592	984407	0
pop1	NC_091016.1	114000001	115000000	0.0042887761992844	953652	4090	953652	0
pop1	NC_091016.1	115000001	116000000	0.0034230496812709	988300	3383	988300	0
pop1	NC_091016.1	116000001	117000000	0.0037752776148364	985358	3720	985358	0
pop1	NC_091016.1	117000001	118000000	0.0035831143937504	974013	3490	974013	0
pop1	NC_091016.1	118000001	119000000	0.0037876490496003	989268	3747	989268	0
pop1	NC_091016.1	119000001	120000000	0.0043579066618212	985106	4293	985106	0
pop1	NC_091016.1	120000001	121000000	0.0036465125299625	989987	3610	989987	0
pop1	NC_091016.1	121000001	122000000	0.0048026212437442	980298	4708	980298	0
pop1	NC_091016.1	122000001	123000000	0.0064428487861648	976121	6289	976121	0
pop1	NC_091016.1	123000001	124000000	0.0058009500928031	988114	5732	988114	0
pop1	NC_091016.1	124000001	125000000	0.017855036137495	517053	9232	517053	0
pop1	NC_091016.1	125000001	126000000	0.00668913052023	839571	5616	839571	0
pop1	NC_091016.1	126000001	127000000	0.0015025029500363	136439	205	136439	0
pop1	NC_091017.1	1	1000000	0.0033118780992414	609020	2017	609020	0
pop1	NC_091017.1	1000001	2000000	0.004340488587952	971780	4218	971780	0
pop1	NC_091017.1	2000001	3000000	0.0037693705171524	985841	3716	985841	0
pop1	NC_091017.1	3000001	4000000	0.0047108094888726	981360	4623	981360	0
pop1	NC_091017.1	4000001	5000000	0.0048370822589358	981170	4746	981170	0
pop1	NC_091017.1	5000001	6000000	0.0042577540270874	978685	4167	978685	0
pop1	NC_091017.1	6000001	7000000	0.0051325387667228	980996	5035	980996	0
pop1	NC_091017.1	7000001	8000000	0.0048448821681972	955854	4631	955854	0
pop1	NC_091017.1	8000001	9000000	0.0045784656112795	846135	3874	846135	0
pop1	NC_091017.1	9000001	10000000	0.0032767147114748	975062	3195	975062	0
pop1	NC_091017.1	10000001	11000000	0.0012196621739055	983879	1200	983879	0
pop1	NC_091017.1	11000001	12000000	0.00090912905436592	214491	195	214491	0
pop1	NC_091017.1	12000001	13000000	0.00052420059409401	314765	165	314765	0
pop1	NC_091017.1	13000001	14000000	0.0010700121424896	977559	1046	977559	0
pop1	NC_091017.1	14000001	15000000	0.0021205823052395	450348	955	450348	0
pop1	NC_091017.1	15000001	16000000	0.0043837242731539	966986	4239	966986	0
pop1	NC_091017.1	16000001	17000000	0.0041722375904821	986521	4116	986521	0
pop1	NC_091017.1	17000001	18000000	0.0045925130510485	989001	4542	989001	0
pop1	NC_091017.1	18000001	19000000	0.0049810683016862	989346	4928	989346	0
pop1	NC_091017.1	19000001	20000000	0.0052301668807463	986393	5159	986393	0
pop1	NC_091017.1	20000001	21000000	0.0047608977050634	978807	4660	978807	0
pop1	NC_091017.1	21000001	22000000	0.0049903168426229	988314	4932	988314	0
pop1	NC_091017.1	22000001	23000000	0.0050546283215368	986027	4984	986027	0
pop1	NC_091017.1	23000001	24000000	0.005125030973501	980677	5026	980677	0
pop1	NC_091017.1	24000001	25000000	0.0041918577939688	983812	4124	983812	0
pop1	NC_091017.1	25000001	26000000	0.0040001426499608	672976	2692	672976	0
pop1	NC_091017.1	26000001	27000000	0.0011390818999886	52674	60	52674	0
pop1	NC_091017.1	27000001	28000000	0.0035397730419137	920963	3260	920963	0
pop1	NC_091017.1	28000001	29000000	0.0039509616684048	784366	3099	784366	0
pop1	NC_091017.1	29000001	30000000	0.0044384124422273	981432	4356	981432	0
pop1	NC_091017.1	30000001	31000000	0.0042429972695905	980439	4160	980439	0
pop1	NC_091017.1	31000001	32000000	0.0040321929151351	990280	3993	990280	0
pop1	NC_091017.1	32000001	33000000	0.0038506709596004	971519	3741	971519	0
pop1	NC_091017.1	33000001	34000000	0.0031065983705735	991760	3081	991760	0
pop1	NC_091017.1	34000001	35000000	0.0041580951547249	982421	4085	982421	0
pop1	NC_091017.1	35000001	36000000	0.0046960660923306	984441	4623	984441	0
pop1	NC_091017.1	36000001	37000000	0.0041461850822825	982590	4074	982590	0
pop1	NC_091017.1	37000001	38000000	0.0045841536327794	385022	1765	385022	0
pop1	NC_091017.1	38000001	39000000	0.0055497050968396	249743	1386	249743	0
pop1	NC_091017.1	39000001	40000000	0.003908768373036	986500	3856	986500	0
pop1	NC_091017.1	40000001	41000000	0.0036912398354229	987744	3646	987744	0
pop1	NC_091017.1	41000001	42000000	0.0038292059710276	978793	3748	978793	0
pop1	NC_091017.1	42000001	43000000	0.0041455391584566	985879	4087	985879	0
pop1	NC_091017.1	43000001	44000000	0.00411457059371	985279	4054	985279	0
pop1	NC_091017.1	44000001	45000000	0.0035014624113086	985017	3449	985017	0
pop1	NC_091017.1	45000001	46000000	0.002571561021085	981505	2524	981505	0
pop1	NC_091017.1	46000001	47000000	0.002820323066323	979675	2763	979675	0
pop1	NC_091017.1	47000001	48000000	0.003215735376796	971162	3123	971162	0
pop1	NC_091017.1	48000001	49000000	0.0032883543442331	987424	3247	987424	0
pop1	NC_091017.1	49000001	50000000	0.0033411122327621	978716	3270	978716	0
pop1	NC_091017.1	50000001	51000000	0.003649389148401	979616	3575	979616	0
pop1	NC_091017.1	51000001	52000000	0.0032286761816934	982446	3172	982446	0
pop1	NC_091017.1	52000001	53000000	0.0026020278224689	977699	2544	977699	0
pop1	NC_091017.1	53000001	54000000	0.0029645302082582	984979	2920	984979	0
pop1	NC_091017.1	54000001	55000000	0.0031956121045112	984162	3145	984162	0
pop1	NC_091017.1	55000001	56000000	0.002524315244093	988783	2496	988783	0
pop1	NC_091017.1	56000001	57000000	0.0019531764977903	986086	1926	986086	0
pop1	NC_091017.1	57000001	58000000	0.0036737519792377	976386	3587	976386	0
pop1	NC_091017.1	58000001	59000000	0.0034344276462275	983570	3378	983570	0
pop1	NC_091017.1	59000001	60000000	0.0031339954200954	978623	3067	978623	0
pop1	NC_091017.1	60000001	61000000	0.0026340530126338	971127	2558	971127	0
pop1	NC_091017.1	61000001	62000000	0.0025184363882754	990297	2494	990297	0
pop1	NC_091017.1	62000001	63000000	0.0030421198643933	985497	2998	985497	0
pop1	NC_091017.1	63000001	64000000	0.0023989481068048	987933	2370	987933	0
pop1	NC_091017.1	64000001	65000000	0.0031803983443767	969061	3082	969061	0
pop1	NC_091017.1	65000001	66000000	0.0039916916875745	972520	3882	972520	0
pop1	NC_091017.1	66000001	67000000	0.0044610139569912	987892	4407	987892	0
pop1	NC_091017.1	67000001	68000000	0.0033275405721544	985713	3280	985713	0
pop1	NC_091017.1	68000001	69000000	0.0045900833064046	984078	4517	984078	0
pop1	NC_091017.1	69000001	70000000	0.0046145694773835	987091	4555	987091	0
pop1	NC_091017.1	70000001	71000000	0.0032353690215454	981650	3176	981650	0
pop1	NC_091017.1	71000001	72000000	0.0042420834464858	990551	4202	990551	0
pop1	NC_091017.1	72000001	73000000	0.0042108412256724	976052	4110	976052	0
pop1	NC_091017.1	73000001	74000000	0.0048542702122294	983464	4774	983464	0
pop1	NC_091017.1	74000001	75000000	0.0053118720545988	972915	5168	972915	0
pop1	NC_091017.1	75000001	76000000	0.0055708725602282	969148	5399	969148	0
pop1	NC_091017.1	76000001	77000000	0.0060895550339847	982502	5983	982502	0
pop1	NC_091017.1	77000001	78000000	0.0099168457921916	817397	8106	817397	0
pop1	NC_091017.1	78000001	79000000	0.0084414981444501	936919	7909	936919	0
pop1	NC_091017.1	79000001	80000000	0.0021920624265816	572064	1254	572064	0
pop1	NC_091018.1	1	1000000	0.0021282571587821	918592	1955	918592	0
pop1	NC_091018.1	1000001	2000000	0.0044047905138821	986199	4344	986199	0
pop1	NC_091018.1	2000001	3000000	0.0050437333160239	985976	4973	985976	0
pop1	NC_091018.1	3000001	4000000	0.0056986928572159	978470	5576	978470	0
pop1	NC_091018.1	4000001	5000000	0.0047038444141087	986002	4638	986002	0
pop1	NC_091018.1	5000001	6000000	0.0052177716045508	987778	5154	987778	0
pop1	NC_091018.1	6000001	7000000	0.0039252121275098	981603	3853	981603	0
pop1	NC_091018.1	7000001	8000000	0.00084683802763539	976574	827	976574	0
pop1	NC_091018.1	8000001	9000000	0.00082284335822307	195663	161	195663	0
pop1	NC_091018.1	9000001	10000000	0.00074554256726242	932207	695	932207	0
pop1	NC_091018.1	10000001	11000000	0.0020583994415827	981345	2020	981345	0
pop1	NC_091018.1	11000001	12000000	0.0031847487267564	990973	3156	990973	0
pop1	NC_091018.1	12000001	13000000	0.0036688357338734	988597	3627	988597	0
pop1	NC_091018.1	13000001	14000000	0.0028988068293226	826202	2395	826202	0
pop1	NC_091018.1	14000001	15000000	0.0032774662933858	799398	2620	799398	0
pop1	NC_091018.1	15000001	16000000	0.0041328647035985	978740	4045	978740	0
pop1	NC_091018.1	16000001	17000000	0.0053094856606461	988608	5249	988608	0
pop1	NC_091018.1	17000001	18000000	0.0048646291139665	983631	4785	983631	0
pop1	NC_091018.1	18000001	19000000	0.0054365557331604	974698	5299	974698	0
pop1	NC_091018.1	19000001	20000000	0.0048159130645183	987767	4757	987767	0
pop1	NC_091018.1	20000001	21000000	0.0055710788254232	982754	5475	982754	0
pop1	NC_091018.1	21000001	22000000	0.0043071776055117	846494	3646	846494	0
pop1	NC_091019.1	1	1000000	0.00085780270537776	30310	26	30310	0
pop1	NC_091019.1	1000001	2000000	0.0054460145936856	685639	3734	685639	0
pop1	NC_091019.1	2000001	3000000	0.0070030818705614	932875	6533	932875	0
pop1	NC_091019.1	3000001	4000000	0.0047267035975185	987792	4669	987792	0
pop1	NC_091019.1	4000001	5000000	0.0050542826415044	225947	1142	225947	0
pop1	NC_091019.1	5000001	6000000	0.0028630034476308	299336	857	299336	0
pop1	NC_091019.1	6000001	7000000	0.0022584987673544	986496	2228	986496	0
pop1	NC_091019.1	7000001	8000000	0.00057947825038666	729967	423	729967	0
pop1	NC_091019.1	8000001	9000000	0.00051660304795798	557488	288	557488	0
pop1	NC_091019.1	9000001	10000000	0.0012716434856656	968825	1232	968825	0
pop1	NC_091019.1	10000001	11000000	0.0018302855569413	987824	1808	987824	0
pop1	NC_091019.1	11000001	12000000	0.00055938878130543	983216	550	983216	0
pop1	NC_091019.1	12000001	13000000	0.00045578061351945	980735	447	980735	0
pop1	NC_091019.1	13000001	14000000	0.00052002981504273	980713	510	980713	0
pop1	NC_091019.1	14000001	15000000	0.00073609488648313	960474	707	960474	0
pop1	NC_091019.1	15000001	16000000	0.0042892596654923	989215	4243	989215	0
pop1	NC_091019.1	16000001	17000000	0.0044842228381093	983225	4409	983225	0
pop1	NC_091019.1	17000001	18000000	0.0049342171824477	988404	4877	988404	0
pop1	NC_091019.1	18000001	19000000	0.0048849262095586	987323	4823	987323	0
pop1	NC_091019.1	19000001	20000000	0.0042330576641687	989592	4189	989592	0
pop1	NC_091019.1	20000001	21000000	0.0029501081880383	957592	2825	957592	0
pop1	NC_091019.1	21000001	22000000	0.0037319331699401	980457	3659	980457	0
pop1	NC_091019.1	22000001	23000000	0.00399038578458	986872	3938	986872	0
pop1	NC_091019.1	23000001	24000000	0.0040700906050767	987693	4020	987693	0
pop1	NC_091019.1	24000001	25000000	0.0048221702744785	973628	4695	973628	0
pop1	NC_091019.1	25000001	26000000	0.0042151803357928	984774	4151	984774	0
pop1	NC_091019.1	26000001	27000000	0.0043127489736267	984291	4245	984291	0
pop1	NC_091019.1	27000001	28000000	0.0032583655103282	983622	3205	983622	0
pop1	NC_091019.1	28000001	29000000	0.0026301750054711	991569	2608	991569	0
pop1	NC_091019.1	29000001	30000000	0.0029658736303819	982847	2915	982847	0
pop1	NC_091019.1	30000001	31000000	0.0036493404551132	991138	3617	991138	0
pop1	NC_091019.1	31000001	32000000	0.002788001574639	988163	2755	988163	0
pop1	NC_091019.1	32000001	33000000	0.0031775264970572	990393	3147	990393	0
pop1	NC_091019.1	33000001	34000000	0.0025725557690093	990066	2547	990066	0
pop1	NC_091019.1	34000001	35000000	0.0028469786906732	988065	2813	988065	0
pop1	NC_091019.1	35000001	36000000	0.0029731020148185	978103	2908	978103	0
pop1	NC_091019.1	36000001	37000000	0.0026664472906201	972455	2593	972455	0
pop1	NC_091019.1	37000001	38000000	0.0029689990493503	982486	2917	982486	0
pop1	NC_091019.1	38000001	39000000	0.0037093046480441	981316	3640	981316	0
pop1	NC_091019.1	39000001	40000000	0.0030023631306967	985557	2959	985557	0
pop1	NC_091019.1	40000001	41000000	0.0025616812460866	980606	2512	980606	0
pop1	NC_091019.1	41000001	42000000	0.0014917790223888	988082	1474	988082	0
pop1	NC_091019.1	42000001	43000000	0.0029146601245823	990510	2887	990510	0
pop1	NC_091019.1	43000001	44000000	0.0030446224960857	990599	3016	990599	0
pop1	NC_091019.1	44000001	45000000	0.0025155644872177	990235	2491	990235	0
pop1	NC_091019.1	45000001	46000000	0.0023869289628526	989975	2363	989975	0
pop1	NC_091019.1	46000001	47000000	0.0028579917655881	989506	2828	989506	0
pop1	NC_091019.1	47000001	48000000	0.0027787067405882	977793	2717	977793	0
pop1	NC_091019.1	48000001	49000000	0.0037029775190152	984343	3645	984343	0
pop1	NC_091019.1	49000001	50000000	0.0033140320893809	980075	3248	980075	0
pop1	NC_091019.1	50000001	51000000	0.0030784166863414	982648	3025	982648	0
pop1	NC_091019.1	51000001	52000000	0.0030456175936692	989947	3015	989947	0
pop1	NC_091019.1	52000001	53000000	0.0036021987918129	992727	3576	992727	0
pop1	NC_091019.1	53000001	54000000	0.0038579116982588	990173	3820	990173	0
pop1	NC_091019.1	54000001	55000000	0.0031773009225571	982595	3122	982595	0
pop1	NC_091019.1	55000001	56000000	0.0034404428692011	982141	3379	982141	0
pop1	NC_091019.1	56000001	57000000	0.0036649331790346	983374	3604	983374	0
pop1	NC_091019.1	57000001	58000000	0.0031703212293348	981604	3112	981604	0
pop1	NC_091019.1	58000001	59000000	0.0024685367702805	989250	2442	989250	0
pop1	NC_091019.1	59000001	60000000	0.0034077777271541	965732	3291	965732	0
pop1	NC_091019.1	60000001	61000000	0.0045540593454336	988349	4501	988349	0
pop1	NC_091019.1	61000001	62000000	0.0051041310155647	978815	4996	978815	0
pop1	NC_091019.1	62000001	63000000	0.0046800544588155	928408	4345	928408	0
pop1	NC_091019.1	63000001	64000000	0.0048929274957107	912746	4466	912746	0
pop1	NC_091019.1	64000001	65000000	0.0050329967883531	988278	4974	988278	0
pop1	NC_091019.1	65000001	66000000	0.0027237322366397	981374	2673	981374	0
pop1	NC_091019.1	66000001	67000000	0.0076934693516219	960165	7387	960165	0
pop1	NC_091019.1	67000001	68000000	0.0052977144778547	948711	5026	948711	0
pop1	NC_091019.1	68000001	69000000	0	1092	0	1092	0
pop1	NC_091020.1	1	1000000	0.00080029889865778	885919	709	885919	0
pop1	NC_091020.1	1000001	2000000	0.0007431588214782	983639	731	983639	0
pop1	NC_091020.1	2000001	3000000	0.00075814698135619	968150	734	968150	0
pop1	NC_091020.1	3000001	4000000	0.00095456875529983	834932	797	834932	0
pop1	NC_091020.1	4000001	5000000	0.0015800517456844	989841	1564	989841	0
pop1	NC_091020.1	5000001	6000000	0.0031345760330663	982270	3079	982270	0
pop1	NC_091020.1	6000001	7000000	0.0021666056142029	990951	2147	990951	0
pop1	NC_091020.1	7000001	8000000	0.0017873835688599	985239	1761	985239	0
pop1	NC_091020.1	8000001	9000000	0.0052470268701571	988941	5189	988941	0
pop1	NC_091020.1	9000001	10000000	0.0044487908270414	977569	4349	977569	0
pop1	NC_091020.1	10000001	11000000	0.0046539976213583	977869	4551	977869	0
pop1	NC_091020.1	11000001	12000000	0.0049106229803248	977880	4802	977880	0
pop1	NC_091020.1	12000001	13000000	0.0036483260235469	989769	3611	989769	0
pop1	NC_091020.1	13000001	14000000	0.0036799888998394	980166	3607	980166	0
pop1	NC_091020.1	14000001	15000000	0.0029028398842913	987998	2868	987998	0
pop1	NC_091020.1	15000001	16000000	0.0026161388598885	982746	2571	982746	0
pop1	NC_091020.1	16000001	17000000	0.0029331708307942	984600	2888	984600	0
pop1	NC_091020.1	17000001	18000000	0.0029507300687058	991619	2926	991619	0
pop1	NC_091020.1	18000001	19000000	0.0043107004582666	981743	4232	981743	0
pop1	NC_091020.1	19000001	20000000	0.0044163360464641	977960	4319	977960	0
pop1	NC_091020.1	20000001	21000000	0.003257984641652	988648	3221	988648	0
pop1	NC_091020.1	21000001	22000000	0.0034156865277654	991016	3385	991016	0
pop1	NC_091020.1	22000001	23000000	0.0041024821281512	988426	4055	988426	0
pop1	NC_091020.1	23000001	24000000	0.0036602046121001	990655	3626	990655	0
pop1	NC_091020.1	24000001	25000000	0.0035381459510405	992045	3510	992045	0
pop1	NC_091020.1	25000001	26000000	0.004437350099815	984822	4370	984822	0
pop1	NC_091020.1	26000001	27000000	0.0047851481607939	989938	4737	989938	0
pop1	NC_091020.1	27000001	28000000	0.0039745531534556	989042	3931	989042	0
pop1	NC_091020.1	28000001	29000000	0.0036725004494719	873247	3207	873247	0
pop1	NC_091020.1	29000001	30000000	0.0044970371214926	991097	4457	991097	0
pop1	NC_091020.1	30000001	31000000	0.0044954721530475	972979	4374	972979	0
pop1	NC_091020.1	31000001	32000000	0.0049088585566361	990658	4863	990658	0
pop1	NC_091020.1	32000001	33000000	0.0054450054450054	959595	5225	959595	0
pop1	NC_091020.1	33000001	34000000	0.0047736774503233	983309	4694	983309	0
pop1	NC_091020.1	34000001	35000000	0.0054996160432331	974068	5357	974068	0
pop1	NC_091020.1	35000001	36000000	0.0049786266447704	981596	4887	981596	0
pop1	NC_091020.1	36000001	37000000	0.0045420236773539	979079	4447	979079	0
pop1	NC_091020.1	37000001	38000000	0.001493489647242	142619	213	142619	0
pop1	NC_091021.1	1	1000000	0.0016704798028042	858436	1434	858436	0
pop1	NC_091021.1	1000001	2000000	0.0037273287375207	978717	3648	978717	0
pop1	NC_091021.1	2000001	3000000	0.0044529674612218	971487	4326	971487	0
pop1	NC_091021.1	3000001	4000000	0.0028540467170888	990173	2826	990173	0
pop1	NC_091021.1	4000001	5000000	0.001412716687754	983212	1389	983212	0
pop1	NC_091021.1	5000001	6000000	0.0021209162441717	957605	2031	957605	0
pop1	NC_091021.1	6000001	7000000	0.0030543989429672	920312	2811	920312	0
pop1	NC_091021.1	7000001	8000000	0.0050229169307259	978316	4914	978316	0
pop1	NC_091021.1	8000001	9000000	0.0041487555759032	987284	4096	987284	0
pop1	NC_091021.1	9000001	10000000	0.0042653754579942	847991	3617	847991	0
pop1	NC_091021.1	10000001	11000000	0.00395950169013	987498	3910	987498	0
pop1	NC_091021.1	11000001	12000000	0.0034917172515427	992062	3464	992062	0
pop1	NC_091021.1	12000001	13000000	0.0035606019295514	990282	3526	990282	0
pop1	NC_091021.1	13000001	14000000	0.0031875720030816	990409	3157	990409	0
pop1	NC_091021.1	14000001	15000000	0.0032800186967136	988409	3242	988409	0
pop1	NC_091021.1	15000001	16000000	0.0036634980424876	978027	3583	978027	0
pop1	NC_091021.1	16000001	17000000	0.0034795140201272	989506	3443	989506	0
pop1	NC_091021.1	17000001	18000000	0.0031133603238866	988000	3076	988000	0
pop1	NC_091021.1	18000001	19000000	0.0028588273246048	988867	2827	988867	0
pop1	NC_091021.1	19000001	20000000	0.0028109259117361	991844	2788	991844	0
pop1	NC_091021.1	20000001	21000000	0.0026762228597091	981981	2628	981981	0
pop1	NC_091021.1	21000001	22000000	0.0025298460150881	988993	2502	988993	0
pop1	NC_091021.1	22000001	23000000	0.0023796406041299	983762	2341	983762	0
pop1	NC_091021.1	23000001	24000000	0.0036025639341413	989573	3565	989573	0
pop1	NC_091021.1	24000001	25000000	0.0034957208957836	982916	3436	982916	0
pop1	NC_091021.1	25000001	26000000	0.0046109938085744	713729	3291	713729	0
pop1	NC_091021.1	26000001	27000000	0.0047459219219958	975153	4628	975153	0
pop1	NC_091021.1	27000001	28000000	0.00366924559141	991757	3639	991757	0
pop1	NC_091021.1	28000001	29000000	0.0037965416224828	993009	3770	993009	0
pop1	NC_091021.1	29000001	30000000	0.0031553571951125	991013	3127	991013	0
pop1	NC_091021.1	30000001	31000000	0.0041631004627466	988446	4115	988446	0
pop1	NC_091021.1	31000001	32000000	0.0049368802102155	979566	4836	979566	0
pop1	NC_091021.1	32000001	33000000	0.0052746042281566	991354	5229	991354	0
pop1	NC_091021.1	33000001	34000000	0.0043135836982693	990128	4271	990128	0
pop1	NC_091021.1	34000001	35000000	0.0047170668200672	990870	4674	990870	0
pop1	NC_091021.1	35000001	36000000	0.0054296078798348	977787	5309	977787	0
pop1	NC_091021.1	36000001	37000000	0.0039818084223487	989249	3939	989249	0
pop1	NC_091021.1	37000001	38000000	0.0051233803980823	987434	5059	987434	0
pop1	NC_091021.1	38000001	39000000	0.0065470288677668	963185	6306	963185	0
pop1	NC_091021.1	39000001	40000000	0.003328998540699	981977	3269	981977	0
pop1	NC_091021.1	40000001	41000000	0.0012857602057216	49776	64	49776	0
pop1	NC_091022.1	1	1000000	0.0024811700675687	474776	1178	474776	0
pop1	NC_091022.1	1000001	2000000	0.0030921895522268	992824	3070	992824	0
pop1	NC_091022.1	2000001	3000000	0.0059326789942404	976456	5793	976456	0
pop1	NC_091022.1	3000001	4000000	0.0062582753171315	936520	5861	936520	0
pop1	NC_091022.1	4000001	5000000	0.0039761286596565	960985	3821	960985	0
pop1	NC_091022.1	5000001	6000000	0.00076968565991629	869186	669	869186	0
pop1	NC_091022.1	6000001	7000000	0.00042406922073988	379655	161	379655	0
pop1	NC_091022.1	7000001	8000000	0.0016148879589728	993877	1605	993877	0
pop1	NC_091022.1	8000001	9000000	0.0025733531546993	992868	2555	992868	0
pop1	NC_091022.1	9000001	10000000	0.0038785535691508	964277	3740	964277	0
pop1	NC_091022.1	10000001	11000000	0.0037321973679146	987354	3685	987354	0
pop1	NC_091022.1	11000001	12000000	0.0032986199134024	986170	3253	986170	0
pop1	NC_091022.1	12000001	13000000	0.0042250314222673	979401	4138	979401	0
pop1	NC_091022.1	13000001	14000000	0.0043258136661601	985017	4261	985017	0
pop1	NC_091022.1	14000001	15000000	0.0035563135173254	989789	3520	989789	0
pop1	NC_091022.1	15000001	16000000	0.0037113905506043	982920	3648	982920	0
pop1	NC_091022.1	16000001	17000000	0.0030454298690465	981799	2990	981799	0
pop1	NC_091022.1	17000001	18000000	0.0029493633641953	989027	2917	989027	0
pop1	NC_091022.1	18000001	19000000	0.003636676658835	987440	3591	987440	0
pop1	NC_091022.1	19000001	20000000	0.0035859899778251	989406	3548	989406	0
pop1	NC_091022.1	20000001	21000000	0.0035059066796163	989473	3469	989473	0
pop1	NC_091022.1	21000001	22000000	0.0040833656684429	984482	4020	984482	0
pop1	NC_091022.1	22000001	23000000	0.0034937430238573	991773	3465	991773	0
pop1	NC_091022.1	23000001	24000000	0.0036031962470238	990787	3570	990787	0
pop1	NC_091022.1	24000001	25000000	0.0047420190306304	991139	4700	991139	0
pop1	NC_091022.1	25000001	26000000	0.0044909475183167	977522	4390	977522	0
pop1	NC_091022.1	26000001	27000000	0.0037984575898338	981451	3728	981451	0
pop1	NC_091022.1	27000001	28000000	0.0040965389044915	989860	4055	989860	0
pop1	NC_091022.1	28000001	29000000	0.0045785912089427	986548	4517	986548	0
pop1	NC_091022.1	29000001	30000000	0.0045615798140256	991104	4521	991104	0
pop1	NC_091022.1	30000001	31000000	0.0037798048400953	987088	3731	987088	0
pop1	NC_091022.1	31000001	32000000	0.0055496624683501	984204	5462	984204	0
pop1	NC_091022.1	32000001	33000000	0.0052438519296145	975428	5115	975428	0
pop1	NC_091022.1	33000001	34000000	0.0021975080821812	283958	624	283958	0
pop1	NC_091023.1	1	1000000	0.0040186687362456	564366	2268	564366	0
pop1	NC_091023.1	1000001	2000000	0.005067706625552	716695	3632	716695	0
pop1	NC_091023.1	2000001	3000000	0.0065894138190706	978691	6449	978691	0
pop1	NC_091023.1	3000001	4000000	0.0051313897595074	924311	4743	924311	0
pop1	NC_091023.1	4000001	5000000	0.0052342032591529	969393	5074	969393	0
pop1	NC_091023.1	5000001	6000000	0.0040235336858677	990920	3987	990920	0
pop1	NC_091023.1	6000001	7000000	0.0031299873704045	984988	3083	984988	0
pop1	NC_091023.1	7000001	8000000	0.0025693476622065	990913	2546	990913	0
pop1	NC_091023.1	8000001	9000000	0.0025313139252497	992370	2512	992370	0
pop1	NC_091023.1	9000001	10000000	0.0019289452464148	885458	1708	885458	0
pop1	NC_091023.1	10000001	11000000	0.0013651126444946	991127	1353	991127	0
pop1	NC_091023.1	11000001	12000000	0.0018773365666364	989700	1858	989700	0
pop1	NC_091023.1	12000001	13000000	0.0024702271034771	991002	2448	991002	0
pop1	NC_091023.1	13000001	14000000	0.0027822761872829	981211	2730	981211	0
pop1	NC_091023.1	14000001	15000000	0.0031462609323046	945249	2974	945249	0
pop1	NC_091023.1	15000001	16000000	0.0039316112706866	985601	3875	985601	0
pop1	NC_091023.1	16000001	17000000	0.0030293468607196	991963	3005	991963	0
pop1	NC_091023.1	17000001	18000000	0.0036631297586263	987680	3618	987680	0
pop1	NC_091023.1	18000001	19000000	0.0037265349835591	983219	3664	983219	0
pop1	NC_091023.1	19000001	20000000	0.004326024377541	990748	4286	990748	0
pop1	NC_091023.1	20000001	21000000	0.0042643254207643	987964	4213	987964	0
pop1	NC_091023.1	21000001	22000000	0.0048248709357135	989042	4772	989042	0
pop1	NC_091023.1	22000001	23000000	0.0047262367743636	990217	4680	990217	0
pop1	NC_091023.1	23000001	24000000	0.0044358949030997	981989	4356	981989	0
pop1	NC_091023.1	24000001	25000000	0.0061348564889084	978670	6004	978670	0
pop1	NC_091023.1	25000001	26000000	0.0060819455675084	976990	5942	976990	0
pop1	NC_091023.1	26000001	27000000	0.0024837613847501	987615	2453	987615	0
pop1	NC_091023.1	27000001	28000000	0.0054545454545455	29150	159	29150	0
pop1	NC_091024.1	1	1000000	0.0017714624406593	899257	1593	899257	0
pop1	NC_091024.1	1000001	2000000	0.0041082029346911	987293	4056	987293	0
pop1	NC_091024.1	2000001	3000000	0.0038854847013456	990610	3849	990610	0
pop1	NC_091024.1	3000001	4000000	0.0047537223307424	987016	4692	987016	0
pop1	NC_091024.1	4000001	5000000	0.0048916487650409	987806	4832	987806	0
pop1	NC_091024.1	5000001	6000000	0.0045871142963548	990819	4545	990819	0
pop1	NC_091024.1	6000001	7000000	0.0050663739790381	982162	4976	982162	0
pop1	NC_091024.1	7000001	8000000	0.0041778103548716	990471	4138	990471	0
pop1	NC_091024.1	8000001	9000000	0.0033967892062075	990347	3364	990347	0
pop1	NC_091024.1	9000001	10000000	0.0029870072244834	991628	2962	991628	0
pop1	NC_091024.1	10000001	11000000	0.002841440951777	993510	2823	993510	0
pop1	NC_091024.1	11000001	12000000	0.0036009358592775	989465	3563	989465	0
pop1	NC_091024.1	12000001	13000000	0.0058189544034076	969590	5642	969590	0
pop1	NC_091024.1	13000001	14000000	0.0039699963964182	990681	3933	990681	0
pop1	NC_091024.1	14000001	15000000	0.0031739869259789	983936	3123	983936	0
pop1	NC_091024.1	15000001	16000000	0.0027520579277615	981084	2700	981084	0
pop1	NC_091024.1	16000001	17000000	0.001224773062795	974058	1193	974058	0
pop1	NC_091024.1	17000001	18000000	0.00087089632578318	559194	487	559194	0
pop1	NC_091024.1	18000001	19000000	0.0009306112952946	962808	896	962808	0
pop1	NC_091024.1	19000001	20000000	0.0072206851719142	901438	6509	901438	0
pop1	NC_091024.1	20000001	21000000	0.0044302227262831	987535	4375	987535	0
pop1	NC_091024.1	21000001	22000000	0.0041562415425317	362106	1505	362106	0
pop1	NC_091025.1	1	1000000	0.0012253048635772	905897	1110	905897	0
pop1	NC_091025.1	1000001	2000000	0.0046706290039815	976528	4561	976528	0
pop1	NC_091025.1	2000001	3000000	0.0056070875536263	984825	5522	984825	0
pop1	NC_091025.1	3000001	4000000	0.0055259013348951	988617	5463	988617	0
pop1	NC_091025.1	4000001	5000000	0.0041068382788779	992004	4074	992004	0
pop1	NC_091025.1	5000001	6000000	0.0039924951581666	991360	3958	991360	0
pop1	NC_091025.1	6000001	7000000	0.0042502462556513	989825	4207	989825	0
pop1	NC_091025.1	7000001	8000000	0.0040339054353058	988868	3989	988868	0
pop1	NC_091025.1	8000001	9000000	0.0034860192067623	980488	3418	980488	0
pop1	NC_091025.1	9000001	10000000	0.003883912272598	991526	3851	991526	0
pop1	NC_091025.1	10000001	11000000	0.0037786551377	991358	3746	991358	0
pop1	NC_091025.1	11000001	12000000	0.0039581580576645	990107	3919	990107	0
pop1	NC_091025.1	12000001	13000000	0.0041772964398437	978384	4087	978384	0
pop1	NC_091025.1	13000001	14000000	0.0036723990115487	991450	3641	991450	0
pop1	NC_091025.1	14000001	15000000	0.0041911445367824	987797	4140	987797	0
pop1	NC_091025.1	15000001	16000000	0.0037922423600627	978313	3710	978313	0
pop1	NC_091025.1	16000001	17000000	0.0048103910130243	985159	4739	985159	0
pop1	NC_091025.1	17000001	18000000	0.0052491607088624	974632	5116	974632	0
pop1	NC_091025.1	18000001	19000000	0.0053575185440548	960146	5144	960146	0
pop1	NC_091025.1	19000001	20000000	0.0051975192056316	964691	5014	964691	0
pop1	NC_091025.1	20000001	21000000	0.0038208165925535	969688	3705	969688	0
pop1	NC_091025.1	21000001	22000000	0.0042736451555865	333673	1426	333673	0
pop1	NC_091025.1	22000001	23000000	0.003524364082133	6526	23	6526	0
pop1	NC_091025.1	23000001	24000000	0.00017513134851138	5710	1	5710	0
pop1	NC_091025.1	24000001	25000000	0.00035178236397749	8528	3	8528	0
pop1	NC_091025.1	25000001	26000000	0.0026284662899198	7609	20	7609	0
pop1	NC_091025.1	26000001	27000000	0.0066650410468991	12303	82	12303	0
pop1	NC_091025.1	27000001	28000000	0.0018386577798207	4351	8	4351	0
pop1	NC_091026.1	1	1000000	0.0024335306827756	872395	2123	872395	0
pop1	NC_091026.1	1000001	2000000	0.0048034894407898	980329	4709	980329	0
pop1	NC_091026.1	2000001	3000000	0.0054066572069633	984527	5323	984527	0
pop1	NC_091026.1	3000001	4000000	0.0023162745009939	645433	1495	645433	0
pop1	NC_091026.1	4000001	5000000	0.003468784544901	970657	3367	970657	0
pop1	NC_091026.1	5000001	6000000	0.0036814555146505	989011	3641	989011	0
pop1	NC_091026.1	6000001	7000000	0.0036637615628012	990785	3630	990785	0
pop1	NC_091026.1	7000001	8000000	0.004791375120618	989695	4742	989695	0
pop1	NC_091026.1	8000001	9000000	0.0040358242442209	812969	3281	812969	0
pop1	NC_091026.1	9000001	10000000	0.0029315520579518	895089	2624	895089	0
pop1	NC_091026.1	10000001	11000000	0.0040304545619386	992692	4001	992692	0
pop1	NC_091026.1	11000001	12000000	0.0041433537223963	981572	4067	981572	0
pop1	NC_091026.1	12000001	13000000	0.003351127886395	989816	3317	989816	0
pop1	NC_091026.1	13000001	14000000	0.004145743491213	989931	4104	989931	0
pop1	NC_091026.1	14000001	15000000	0.0046574231212403	991106	4616	991106	0
pop1	NC_091026.1	15000001	16000000	0.0048262616313207	992901	4792	992901	0
pop1	NC_091026.1	16000001	17000000	0.0045850374708582	991704	4547	991704	0
pop1	NC_091026.1	17000001	18000000	0.0032711977243842	991380	3243	991380	0
pop1	NC_091026.1	18000001	19000000	0.005064528310269	990418	5016	990418	0
pop1	NC_091026.1	19000001	20000000	0.0057282777012203	985462	5645	985462	0
pop1	NC_091026.1	20000001	21000000	0.0052550726690043	974487	5121	974487	0
pop1	NC_091026.1	21000001	22000000	0.0045274958945889	844617	3824	844617	0
pop1	NC_091026.1	22000001	23000000	0.0040998881848677	10732	44	10732	0
pop1	NC_091026.1	23000001	24000000	0.011122123114194	9081	101	9081	0
pop1	NC_091027.1	1	1000000	0.0026164697636951	935994	2449	935994	0
pop1	NC_091027.1	1000001	2000000	0.004818057214049	985667	4749	985667	0
pop1	NC_091027.1	2000001	3000000	0.0054302779132131	984480	5346	984480	0
pop1	NC_091027.1	3000001	4000000	0.0044275435336294	987455	4372	987455	0
pop1	NC_091027.1	4000001	5000000	0.0044475383451156	989761	4402	989761	0
pop1	NC_091027.1	5000001	6000000	0.0046310277851567	990061	4585	990061	0
pop1	NC_091027.1	6000001	7000000	0.0046171728586853	991949	4580	991949	0
pop1	NC_091027.1	7000001	8000000	0.0038984255967496	984500	3838	984500	0
pop1	NC_091027.1	8000001	9000000	0.0042443673665704	983421	4174	983421	0
pop1	NC_091027.1	9000001	10000000	0.0033577561337403	989649	3323	989649	0
pop1	NC_091027.1	10000001	11000000	0.0015545901479751	986112	1533	986112	0
pop1	NC_091027.1	11000001	12000000	0.00077815482574407	886713	690	886713	0
pop1	NC_091027.1	12000001	13000000	0.0013668900356611	967159	1322	967159	0
pop1	NC_091027.1	13000001	14000000	0.0021501097851237	965067	2075	965067	0
pop1	NC_091027.1	14000001	15000000	0.0038890508339267	984559	3829	984559	0
pop1	NC_091027.1	15000001	16000000	0.004947225201222	985603	4876	985603	0
pop1	NC_091027.1	16000001	17000000	0.0054772710939616	904465	4954	904465	0
pop1	NC_091027.1	17000001	18000000	0.0082908841328942	949959	7876	949959	0
pop1	NC_091027.1	18000001	19000000	0.0036095865583985	857993	3097	857993	0
pop1	NC_091027.1	19000001	20000000	0.0025430224336566	504911	1284	504911	0
pop1	NC_091028.1	1	1000000	0.0039526361259649	531291	2100	531291	0
pop1	NC_091028.1	1000001	2000000	0.0059613295410297	978473	5833	978473	0
pop1	NC_091028.1	2000001	3000000	0.0054771098530711	977888	5356	977888	0
pop1	NC_091028.1	3000001	4000000	0.0045119347952649	989376	4464	989376	0
pop1	NC_091028.1	4000001	5000000	0.005549954652933	987936	5483	987936	0
pop1	NC_091028.1	5000001	6000000	0.0050390567835385	977167	4924	977167	0
pop1	NC_091028.1	6000001	7000000	0.004221065569304	990982	4183	990982	0
pop1	NC_091028.1	7000001	8000000	0.0033885447214261	991281	3359	991281	0
pop1	NC_091028.1	8000001	9000000	0.004442794469166	988567	4392	988567	0
pop1	NC_091028.1	9000001	10000000	0.0055518190032049	987244	5481	987244	0
pop1	NC_091028.1	10000001	11000000	0.0041280013232196	991521	4093	991521	0
pop1	NC_091028.1	11000001	12000000	0.0040395748286533	984262	3976	984262	0
pop1	NC_091028.1	12000001	13000000	0.0043523512158199	993486	4324	993486	0
pop1	NC_091028.1	13000001	14000000	0.0045956969955024	988751	4544	988751	0
pop1	NC_091028.1	14000001	15000000	0.0047114955430568	988009	4655	988009	0
pop1	NC_091028.1	15000001	16000000	0.0044434414255609	983697	4371	983697	0
pop1	NC_091028.1	16000001	17000000	0.002880240224291	979085	2820	979085	0
pop1	NC_091028.1	17000001	18000000	0.00053354050929718	213667	114	213667	0
pop1	NC_091029.1	1	1000000	0.0027963490866325	938724	2625	938724	0
pop1	NC_091029.1	1000001	2000000	0.0048839281460434	986501	4818	986501	0
pop1	NC_091029.1	2000001	3000000	0.0042376989577442	990160	4196	990160	0
pop1	NC_091029.1	3000001	4000000	0.0040973684663687	987219	4045	987219	0
pop1	NC_091029.1	4000001	5000000	0.0057059058252093	987398	5634	987398	0
pop1	NC_091029.1	5000001	6000000	0.0050310942476664	978316	4922	978316	0
pop1	NC_091029.1	6000001	7000000	0.0040658457781935	984543	4003	984543	0
pop1	NC_091029.1	7000001	8000000	0.0039763378120552	990610	3939	990610	0
pop1	NC_091029.1	8000001	9000000	0.0035887310161145	976947	3506	976947	0
pop1	NC_091029.1	9000001	10000000	0.0024072672218017	924700	2226	924700	0
pop1	NC_091029.1	10000001	11000000	0.00082612548165249	984112	813	984112	0
pop1	NC_091029.1	11000001	12000000	0.0014083066855061	215152	303	215152	0
pop1	NC_091029.1	12000001	13000000	0.0049569735935468	965105	4784	965105	0
pop1	NC_091029.1	13000001	14000000	0.005542279154924	966209	5355	966209	0
pop1	NC_091029.1	14000001	15000000	0.0039396930339919	957435	3772	957435	0
pop1	NC_091029.1	15000001	16000000	0.0018329031956483	406459	745	406459	0
pop1	NC_091030.1	1	1000000	0.0049528144741059	945523	4683	945523	0
pop1	NC_091030.1	1000001	2000000	0.0052421713985171	981082	5143	981082	0
pop1	NC_091030.1	2000001	3000000	0.0061075254786063	980921	5991	980921	0
pop1	NC_091030.1	3000001	4000000	0.0047107740623324	974999	4593	974999	0
pop1	NC_091030.1	4000001	5000000	0.0047672692882415	984421	4693	984421	0
pop1	NC_091030.1	5000001	6000000	0.0038458005573887	990691	3810	990691	0
pop1	NC_091030.1	6000001	7000000	0.0041013334622871	992604	4071	992604	0
pop1	NC_091030.1	7000001	8000000	0.0048772297662533	976784	4764	976784	0
pop1	NC_091030.1	8000001	9000000	0.0043098776724027	987267	4255	987267	0
pop1	NC_091030.1	9000001	10000000	0.0022181045343544	991387	2199	991387	0
pop1	NC_091030.1	10000001	11000000	0.0020191812088556	987529	1994	987529	0
pop1	NC_091030.1	11000001	12000000	0.00082788110662787	124414	103	124414	0
pop1	NC_091031.1	1	1000000	0.0026969313099455	967025	2608	967025	0
pop1	NC_091031.1	1000001	2000000	0.0058185293456263	960552	5589	960552	0
pop1	NC_091031.1	2000001	3000000	0.0043257122297452	978336	4232	978336	0
pop1	NC_091031.1	3000001	4000000	0.00044227297809154	721274	319	721274	0
pop1	NC_091031.1	4000001	5000000	0.00080861460427402	979453	792	979453	0
pop1	NC_091031.1	5000001	6000000	0.0047045098688745	972046	4573	972046	0
pop1	NC_091031.1	6000001	7000000	0.0046522819427636	980809	4563	980809	0
pop1	NC_091031.1	7000001	8000000	0.0048217934165721	991125	4779	991125	0
pop1	NC_091031.1	8000001	9000000	0.0054580000364609	987358	5389	987358	0
pop1	NC_091031.1	9000001	10000000	0.0055673093472028	952884	5305	952884	0
pop1	NC_091031.1	10000001	11000000	0.0058857182923694	984077	5792	984077	0
pop1	NC_091031.1	11000001	12000000	0.0061383945753054	974359	5981	974359	0
pop1	NC_091031.1	12000001	13000000	0.0025012524613389	544927	1363	544927	0
pop1	NC_091032.1	1	1000000	0.0043164689566254	943132	4071	943132	0
pop1	NC_091032.1	1000001	2000000	0.0052890797733106	983725	5203	983725	0
pop1	NC_091032.1	2000001	3000000	0.0055200051577356	977173	5394	977173	0
pop1	NC_091032.1	3000001	4000000	0.0056142086816128	982329	5515	982329	0
pop1	NC_091032.1	4000001	5000000	0.0041786232663562	990039	4137	990039	0
pop1	NC_091032.1	5000001	6000000	0.0051396144728608	981202	5043	981202	0
pop1	NC_091032.1	6000001	7000000	0.0043365627461649	985112	4272	985112	0
pop1	NC_091032.1	7000001	8000000	0.0040814387046159	989112	4037	989112	0
pop1	NC_091032.1	8000001	9000000	0.0035698935244881	981822	3505	981822	0
pop1	NC_091032.1	9000001	10000000	0.0040422410135575	987571	3992	987571	0
pop1	NC_091032.1	10000001	11000000	0.0024411356640415	988884	2414	988884	0
pop1	NC_091032.1	11000001	12000000	0.00043677146050741	212926	93	212926	0
pop1	NC_091033.1	1	1000000	0.0015511356740484	337817	524	337817	0
pop1	NC_091033.1	1000001	2000000	0.0019615507694302	987484	1937	987484	0
pop1	NC_091033.1	2000001	3000000	0.0041213458678758	547394	2256	547394	0
pop1	NC_091033.1	3000001	4000000	0.0058331861853004	979739	5715	979739	0
pop1	NC_091033.1	4000001	5000000	0.0057735774639341	988815	5709	988815	0
pop1	NC_091033.1	5000001	6000000	0.00505772768347	991552	5015	991552	0
pop1	NC_091033.1	6000001	7000000	0.0044396563485671	989491	4393	989491	0
pop1	NC_091033.1	7000001	8000000	0.0042068276328938	992672	4176	992672	0
pop1	NC_091033.1	8000001	9000000	0.0040269501337599	989086	3983	989086	0
pop1	NC_091033.1	9000001	10000000	0.0046599583371633	968249	4512	968249	0
pop1	NC_091033.1	10000001	11000000	0.0043721064311978	978247	4277	978247	0
pop1	NC_091033.1	11000001	12000000	0.0044584181895393	991383	4420	991383	0
pop1	NC_091033.1	12000001	13000000	0.0037895650681647	990615	3754	990615	0
pop1	NC_091033.1	13000001	14000000	0.0049606561641386	984144	4882	984144	0
pop1	NC_091033.1	14000001	15000000	0.0037058152793615	989256	3666	989256	0
pop1	NC_091033.1	15000001	16000000	0.0017791984253586	983589	1750	983589	0
pop1	NC_091033.1	16000001	17000000	0.0015039073480632	213444	321	213444	0
pop1	NC_091034.1	1	1000000	0.0051637369410303	785284	4055	785284	0
pop1	NC_091034.1	1000001	2000000	0.010054080018551	845229	8498	845229	0
pop1	NC_091034.1	2000001	3000000	0.0026573664753174	845574	2247	845574	0
pop1	NC_091034.1	3000001	4000000	0.001420463716837	464637	660	464637	0
pop1	NC_091034.1	4000001	5000000	0.0025529974925917	987075	2520	987075	0
pop1	NC_091034.1	5000001	6000000	0.0051750277471755	974874	5045	974874	0
pop1	NC_091034.1	6000001	7000000	0.0042034644139336	979906	4119	979906	0
pop1	NC_091034.1	7000001	8000000	0.006277558355798	957060	6008	957060	0
pop1	NC_091034.1	8000001	9000000	0.0023785810296523	987984	2350	987984	0
pop1	NC_091034.1	9000001	10000000	0.0006507496812206	113715	74	113715	0
pop1	NC_091035.1	1	1000000	0.0026455895885369	851984	2254	851984	0
pop1	NC_091035.1	1000001	2000000	0.0095908912573245	864049	8287	864049	0
pop1	NC_091035.1	2000001	3000000	0.0050137512078067	969733	4862	969733	0
pop1	NC_091035.1	3000001	4000000	0.0089973312169128	917272	8253	917272	0
pop1	NC_091035.1	4000001	5000000	0.0050967929174063	975123	4970	975123	0
pop1	NC_091035.1	5000001	6000000	0.0034901322597795	246409	860	246409	0
pop1	NC_091036.1	1	1000000	0.0056949747233712	905184	5155	905184	0
pop1	NC_091036.1	1000001	2000000	0.0086160762067858	691382	5957	691382	0
pop1	NC_091036.1	2000001	3000000	0.002918301863255	977966	2854	977966	0
pop1	NC_091036.1	3000001	4000000	0.00040074067932454	506562	203	506562	0
pop1	NC_091036.1	4000001	5000000	0.004194892723193	983577	4126	983577	0
pop1	NC_091036.1	5000001	6000000	0.0073749903957388	924069	6815	924069	0
pop1	NC_091036.1	6000001	7000000	0.0055359323013262	965691	5346	965691	0
pop1	NC_091036.1	7000001	8000000	0.0037394319847574	983037	3676	983037	0
pop1	NC_091036.1	8000001	9000000	0.0015149729829818	59407	90	59407	0
pop1	NC_091037.1	1	1000000	0.0026961344127539	827481	2231	827481	0
pop1	NC_091037.1	1000001	2000000	0.0047935375861758	987371	4733	987371	0
pop1	NC_091037.1	2000001	3000000	0.0052465619659858	983120	5158	983120	0
pop1	NC_091037.1	3000001	4000000	0.0053939767090748	984246	5309	984246	0
pop1	NC_091037.1	4000001	5000000	0.0051279188384026	985195	5052	985195	0
pop1	NC_091037.1	5000001	6000000	0.0058634386230376	978095	5735	978095	0
pop1	NC_091037.1	6000001	7000000	0.0059375222517216	983070	5837	983070	0
pop1	NC_091037.1	7000001	8000000	0.005463715326422	92794	507	92794	0
pop1	NC_091038.1	1	1000000	0.0055540143626468	349657	1942	349657	0
pop1	NC_091038.1	1000001	2000000	0.010254533854973	852696	8744	852696	0
pop1	NC_091038.1	2000001	3000000	0.011427856254419	775036	8857	775036	0
pop1	NC_091038.1	3000001	4000000	0.0044184650252502	769498	3400	769498	0
pop1	NC_091038.1	4000001	5000000	0	5015	0	5015	0
pop1	NC_091039.1	1	1000000	0.0057425742574257	35350	203	35350	0
pop1	NC_091039.1	1000001	2000000	0.0054297133971529	785861	4267	785861	0
pop1	NC_091039.1	2000001	3000000	0.0056126829881254	954980	5360	954980	0
pop1	NC_091039.1	3000001	4000000	0.0055977079133748	958428	5365	958428	0
pop1	NC_091039.1	4000001	5000000	0.0051702877395277	979636	5065	979636	0
pop1	NC_091039.1	5000001	6000000	0.0085318609181907	937779	8001	937779	0
pop1	NC_091039.1	6000001	7000000	0.0050965538856102	976346	4976	976346	0
pop1	NC_091039.1	7000001	8000000	0.0019513520081771	979321	1911	979321	0
pop1	NC_091039.1	8000001	9000000	0.0065353965509972	47434	310	47434	0
pop1	NC_091040.1	1	1000000	0.0032250509175961	926497	2988	926497	0
pop1	NC_091040.1	1000001	2000000	0.01020417719237	854258	8717	854258	0
pop1	NC_091040.1	2000001	3000000	0.0060890421383549	952695	5801	952695	0
pop1	NC_091040.1	3000001	4000000	0.0051221025689433	646219	3310	646219	0
pop1	NC_091040.1	4000001	5000000	0.0060341812206649	614665	3709	614665	0
pop1	NC_091040.1	5000001	6000000	0.0051115299175568	807586	4128	807586	0
pop1	NC_091040.1	6000001	7000000	0.0066652672785809	733654	4890	733654	0
pop1	NC_091041.1	1	1000000	0.0037533054678836	11723	44	11723	0
pop1	NC_091041.1	1000001	2000000	0.0050188867817358	644366	3234	644366	0
pop1	NC_091041.1	2000001	3000000	0.0063197058149936	925676	5850	925676	0
pop1	NC_091041.1	3000001	4000000	0.0048823576976971	976987	4770	976987	0
pop1	NC_091041.1	4000001	5000000	0.0045399737663248	981944	4458	981944	0
pop1	NC_091041.1	5000001	6000000	0.0074625724298861	915368	6831	915368	0
pop1	NC_091041.1	6000001	7000000	0.0046897700249804	799826	3751	799826	0
pop1	NC_091042.1	1	1000000	0.0064298483363128	138728	892	138728	0
pop1	NC_091042.1	1000001	2000000	0.0075334991925276	916440	6904	916440	0
pop1	NC_091042.1	2000001	3000000	0.0082523535468687	870176	7181	870176	0
pop1	NC_091042.1	3000001	4000000	0.0061734434312997	408848	2524	408848	0
pop1	NC_091043.1	1	1000000	0.012262791935833	689321	8453	689321	0
pop1	NC_091043.1	1000001	2000000	0.01745934431805	446924	7803	446924	0
pop1	NC_091043.1	2000001	3000000	0.003805148949299	29171	111	29171	0
pop1	NC_091044.1	1	1000000	0.010356146153006	402756	4171	402756	0
pop1	NC_091044.1	1000001	2000000	0.015042683315283	502304	7556	502304	0
pop1	NC_091044.1	2000001	3000000	0.0073874958291365	320677	2369	320677	0
pop1	NC_091045.1	1	1000000	0.011775428968837	421301	4961	421301	0
pop1	NC_138417.1	1	1000000	0.0015118690705984	389584	589	389584	0
pop1	NC_138417.1	1000001	2000000	0.0013904982618772	599785	834	599785	0
pop1	NC_138417.1	2000001	3000000	0.0015976654385066	598999	957	598999	0
pop1	NC_138417.1	3000001	4000000	0.0015319696688135	661893	1014	661893	0
pop1	NC_138417.1	4000001	5000000	0.001648493982997	636945	1050	636945	0
pop1	NC_138417.1	5000001	6000000	0.0020074975076326	514571	1033	514571	0
pop1	NC_138417.1	6000001	7000000	0.0012590573437667	635396	800	635396	0
pop1	NC_138417.1	7000001	8000000	0.0014580537316135	707107	1031	707107	0
pop1	NC_138417.1	8000001	9000000	0.0018785892495977	541896	1018	541896	0
pop1	NC_138417.1	9000001	10000000	0.0015654970769481	632387	990	632387	0
pop1	NC_138417.1	10000001	11000000	0.0018634969442002	656293	1223	656293	0
pop1	NC_138417.1	11000001	12000000	0.0019446884287278	664888	1293	664888	0
pop1	NC_138417.1	12000001	13000000	0.0017062857200779	591929	1010	591929	0
pop1	NC_138417.1	13000001	14000000	0.0016679076108844	509021	849	509021	0
pop1	NC_138417.1	14000001	15000000	0.0010502288413767	516078	542	516078	0
pop1	NC_138417.1	15000001	16000000	0	2257	0	2257	0
pop1	NC_138417.1	16000001	17000000	0.0024209524441936	361428	875	361428	0
pop1	NC_138417.1	17000001	18000000	0.0012782847901641	684511	875	684511	0
pop1	NC_138417.1	18000001	19000000	0.0020130890732002	500723	1008	500723	0
pop1	NC_138417.1	19000001	20000000	0.0016821873397621	604570	1017	604570	0
pop1	NC_138417.1	20000001	21000000	0.002508446232246	442505	1110	442505	0
pop1	NW_027184081.1	1	1000000	0.0016110746464586	16759	27	16759	0
pop1	NW_027184081.1	1000001	2000000	0.005068423720223	11838	60	11838	0
pop1	NW_027184081.1	2000001	3000000	0.0023692810457516	12240	29	12240	0
pop1	NW_027184081.1	3000001	4000000	0.00027374760470846	3653	1	3653	0
pop1	NW_027184081.1	4000001	5000000	0.0022111949372556	426014	942	426014	0
pop1	NW_027184081.1	5000001	6000000	0.0014311132387181	597437	855	597437	0
pop1	NW_027184081.1	6000001	7000000	0.0014248157730581	575513	820	575513	0
pop1	NW_027184081.1	7000001	8000000	0.0015371644947707	275182	423	275182	0
pop1	NW_027184081.1	8000001	9000000	0.0015473542124249	637863	987	637863	0
pop1	NW_027184081.1	9000001	10000000	0.0021044868167571	157283	331	157283	0
pop1	NW_027184082.1	1	1000000	0.0016963636595538	470418	798	470418	0
pop1	NW_027184082.1	1000001	2000000	0.0019087784348724	565283	1079	565283	0
pop1	NW_027184082.1	2000001	3000000	0.0014877262583685	600917	894	600917	0
pop1	NW_027184082.1	3000001	4000000	0.0016535617343949	585403	968	585403	0
pop1	NW_027184082.1	4000001	5000000	0.0021965206924894	427039	938	427039	0
pop1	NW_027184083.1	1	1000000	0.0016710695484754	625348	1045	625348	0
pop1	NW_027184083.1	1000001	2000000	0.00099812700865544	665246	664	665246	0
pop1	NW_027184083.1	2000001	3000000	0.0015136061550212	644157	975	644157	0
pop1	NW_027184083.1	3000001	4000000	0.00073947873998623	137935	102	137935	0
pop1	NW_027184084.1	1	1000000	0.001463739863813	590952	865	590952	0
pop1	NW_027184084.1	1000001	2000000	0.0015512937863699	272031	422	272031	0
pop1	NW_027184084.1	2000001	3000000	0.0015991827201629	554033	886	554033	0
pop1	NW_027184084.1	3000001	4000000	0	470	0	470	0
pop1	NC_138418.1	1	1000000	0.0021726568341345	482819	1049	482819	0
pop1	NC_138418.1	1000001	2000000	0.0021417166701359	831109	1780	831109	0
pop1	NC_138418.1	2000001	3000000	0.00083810537391231	826865	693	826865	0
pop1	NC_138418.1	3000001	4000000	0.0020610018009689	830664	1712	830664	0
pop1	NC_138418.1	4000001	5000000	0.00096579569765593	779668	753	779668	0
pop1	NC_138418.1	5000001	6000000	0.00085700245179527	754957	647	754957	0
pop1	NC_138418.1	6000001	7000000	0.00086170507370872	743874	641	743874	0
pop1	NC_138418.1	7000001	8000000	0.00062917540865438	807406	508	807406	0
pop1	NC_138418.1	8000001	9000000	0.00062603557276222	745964	467	745964	0
pop1	NC_138418.1	9000001	10000000	0.00062088662610207	845565	525	845565	0
pop1	NC_138418.1	10000001	11000000	0.00068061126506834	840421	572	840421	0
pop1	NC_138418.1	11000001	12000000	0.0015431982784321	798342	1232	798342	0
pop1	NC_138418.1	12000001	13000000	0.0006232874143788	773319	482	773319	0
pop1	NC_138418.1	13000001	14000000	0.00078134480461427	807582	631	807582	0
pop1	NC_138418.1	14000001	15000000	0.00099544878609019	725301	722	725301	0
pop1	NC_138418.1	15000001	16000000	0.0009341441392213	768618	718	768618	0
pop1	NC_138418.1	16000001	17000000	0.00065425749920725	797851	522	797851	0
pop1	NC_138418.1	17000001	18000000	0.00067817287581254	806579	547	806579	0
pop1	NC_138418.1	18000001	19000000	0.00074227180851671	788121	585	788121	0
pop1	NC_138418.1	19000001	20000000	0.00092393214274304	782525	723	782525	0
pop1	NC_138418.1	20000001	21000000	0.00058777326875245	763900	449	763900	0
pop1	NC_138418.1	21000001	22000000	0.00064800282207146	782404	507	782404	0
pop1	NC_138418.1	22000001	23000000	0.00057784080988158	796067	460	796067	0
pop1	NC_138418.1	23000001	24000000	0.00037967474530153	758544	288	758544	0
pop1	NC_138418.1	24000001	25000000	0.00058086734231845	772982	449	772982	0
pop1	NC_138418.1	25000001	26000000	0.00029508955713672	786202	232	786202	0
pop1	NC_138418.1	26000001	27000000	0.00038182418954144	817130	312	817130	0
pop1	NC_138418.1	27000001	28000000	0.00038972239194004	795438	310	795438	0
pop1	NC_138418.1	28000001	29000000	0.00074335913150875	774861	576	774861	0
pop1	NC_138418.1	29000001	30000000	0.0005509412238189	767777	423	767777	0
pop1	NC_138418.1	30000001	31000000	0.0006196540134363	764943	474	764943	0
pop1	NC_138418.1	31000001	32000000	0.00071150300641226	801121	570	801121	0
pop1	NC_138418.1	32000001	33000000	0.0005588051042043	739077	413	739077	0
pop1	NC_138418.1	33000001	34000000	0.00061923863631919	767071	475	767071	0
pop1	NC_138418.1	34000001	35000000	0.00054607732354009	792928	433	792928	0
pop1	NC_138418.1	35000001	36000000	0.00062586103114698	794106	497	794106	0
pop1	NC_138418.1	36000001	37000000	0.00080449882113044	753264	606	753264	0
pop1	NC_138418.1	37000001	38000000	0.00065268112534899	789053	515	789053	0
pop1	NC_138418.1	38000001	39000000	0.0006222682794406	806726	502	806726	0
pop1	NC_138418.1	39000001	40000000	0.00070249019765993	768694	540	768694	0
pop1	NC_138418.1	40000001	41000000	0.0015707807463257	219636	345	219636	0
pop1	NC_138418.1	41000001	42000000	0.00052506594652849	797995	419	797995	0
pop1	NC_138418.1	42000001	43000000	0.00060705289672544	794000	482	794000	0
pop1	NC_138418.1	43000001	44000000	0.00071444430249274	806221	576	806221	0
pop1	NC_138418.1	44000001	45000000	0.00053178143034225	801081	426	801081	0
pop1	NC_138418.1	45000001	46000000	0.00057066987737195	606305	346	606305	0
pop1	NC_138418.1	46000001	47000000	0.00066104650500154	789657	522	789657	0
pop1	NC_138418.1	47000001	48000000	0.00061830065359477	765000	473	765000	0
pop1	NC_138418.1	48000001	49000000	0.00063849194283977	789360	504	789360	0
pop1	NC_138418.1	49000001	50000000	0.00077349132830277	756311	585	756311	0
pop1	NC_138418.1	50000001	51000000	0.00083584723937053	471378	394	471378	0
pop1	NC_138418.1	51000001	52000000	NA	0	NA	NA	NA
pop1	NC_138418.1	52000001	53000000	NA	0	NA	NA	NA
pop1	NC_138418.1	53000001	54000000	0.00062327091153815	563158	351	563158	0
pop1	NC_138418.1	54000001	55000000	0.00052266529289888	799747	418	799747	0
pop1	NC_138418.1	55000001	56000000	0.00074361066833439	786702	585	786702	0
pop1	NC_138418.1	56000001	57000000	0.00046677681073154	786243	367	786243	0
pop1	NC_138418.1	57000001	58000000	0.00031892479652849	796426	254	796426	0
pop1	NC_138418.1	58000001	59000000	0.00037750478236277	786745	297	786745	0
pop1	NC_138418.1	59000001	60000000	0.00036729356877123	612589	225	612589	0
pop1	NC_138418.1	60000001	61000000	0.00033559299281831	744950	250	744950	0
pop1	NC_138418.1	61000001	62000000	0.00040749277337035	785290	320	785290	0
pop1	NC_138418.1	62000001	63000000	0.00035061737771111	790035	277	790035	0
pop1	NC_138418.1	63000001	64000000	0.00028070722626172	769485	216	769485	0
pop1	NC_138418.1	64000001	65000000	0.000455357360662	737882	336	737882	0
pop1	NC_138418.1	65000001	66000000	0.00032604324322953	788239	257	788239	0
pop1	NC_138418.1	66000001	67000000	0.00082626657969124	758835	627	758835	0
pop1	NC_138418.1	67000001	68000000	0.00062518382910587	758177	474	758177	0
pop1	NC_138418.1	68000001	69000000	0.0002228250948895	794345	177	794345	0
pop1	NC_138418.1	69000001	70000000	0.0061348291738748	481513	2954	481513	0
pop1	NC_138418.1	70000001	71000000	0.0025610682959798	807866	2069	807866	0
pop1	NC_138418.1	71000001	72000000	0.00094280017798887	813534	767	813534	0
pop1	NC_138418.1	72000001	73000000	0.00043435676872631	234830	102	234830	0
pop1	NW_027184086.1	1	1000000	0.00049748331967693	615096	306	615096	0
pop1	NW_027184086.1	1000001	2000000	0.00026011768082664	780416	203	780416	0
pop1	NW_027184086.1	2000001	3000000	0.00030601652758867	741790	227	741790	0
pop1	NW_027184086.1	3000001	4000000	0.0011968893587003	472057	565	472057	0
pop1	NW_027184086.1	4000001	5000000	0	798	0	798	0
pop1	NW_027184087.1	1	1000000	0.00069167338938911	738788	511	738788	0
pop1	NW_027184087.1	1000001	2000000	0.00082756393436005	198172	164	198172	0
pop1	NW_027184088.1	1	1000000	0.0026676829268293	157440	420	157440	0
pop1	NW_027184088.1	1000001	2000000	0.024767801857585	323	8	323	0
pop1	NW_027183733.1	1	1000000	0.0020930829532216	50643	106	50643	0
pop1	NW_027183733.1	1000001	2000000	0.0010604903707474	23574	25	23574	0
pop1	NW_027183733.1	2000001	3000000	0.0021046301864101	36586	77	36586	0
pop1	NW_027183733.1	3000001	4000000	0.0019299696719052	3627	7	3627	0
pop1	NW_027183733.1	4000001	5000000	0.00097465886939571	8208	8	8208	0
pop1	NW_027183804.1	1	1000000	0.00079546584468529	20114	16	20114	0
pop1	NW_027183804.1	1000001	2000000	0.010024610513051	371386	3723	371386	0
pop1	NW_027183804.1	2000001	3000000	0.008567098196651	356947	3058	356947	0
pop1	NW_027183804.1	3000001	4000000	0.0079018549097872	98711	780	98711	0
pop1	NW_027183804.1	4000001	5000000	0.006376290974405	33405	213	33405	0
pop1	NW_027183894.1	1	1000000	0.0028144239226033	17055	48	17055	0
pop1	NW_027183894.1	1000001	2000000	0.006940646952425	23773	165	23773	0
pop1	NW_027183894.1	2000001	3000000	0	3040	0	3040	0
pop1	NW_027183894.1	3000001	4000000	0	950	0	950	0
pop1	NW_027183905.1	1	1000000	0.0051426061784833	462217	2377	462217	0
pop1	NW_027183905.1	1000001	2000000	0.006297186491191	383187	2413	383187	0
pop1	NW_027183905.1	2000001	3000000	0.0056940418960919	457847	2607	457847	0
pop1	NW_027183916.1	1	1000000	0.0011037527593819	906	1	906	0
pop1	NW_027183916.1	1000001	2000000	0.0059061957151129	8635	51	8635	0
pop1	NW_027183916.1	2000001	3000000	0.00068807339449541	4360	3	4360	0
pop1	NW_027183927.1	1	1000000	0.0022061140876142	6346	14	6346	0
pop1	NW_027183927.1	1000001	2000000	0.00077700077700078	1287	1	1287	0
pop1	NW_027183927.1	2000001	3000000	0.0055558092454754	65697	365	65697	0
pop1	NW_027183938.1	1	1000000	0.0049243334134038	16652	82	16652	0
pop1	NW_027183938.1	1000001	2000000	0.0035273368606702	567	2	567	0
pop1	NW_027183938.1	2000001	3000000	0.0034602076124567	867	3	867	0
pop1	NW_027183949.1	1	1000000	0.013500286792294	380066	5131	380066	0
pop1	NW_027183949.1	1000001	2000000	0.0025730367193782	37310	96	37310	0
pop1	NW_027183949.1	2000001	3000000	0.0031969496993694	34095	109	34095	0
pop1	NW_027183960.1	1	1000000	0.0034273963212613	8753	30	8753	0
pop1	NW_027183960.1	1000001	2000000	0.0064557779212395	12392	80	12392	0
pop1	NW_027183960.1	2000001	3000000	0.00060827250608273	1644	1	1644	0
pop1	NW_027183981.1	1	1000000	0.0023892909133104	189596	453	189596	0
pop1	NW_027183981.1	1000001	2000000	0.0018168096821981	107331	195	107331	0
pop1	NW_027183981.1	2000001	3000000	0.001808838643371	145950	264	145950	0
pop1	NW_027183992.1	1	1000000	0.0074079428736658	318172	2357	318172	0
pop1	NW_027183992.1	1000001	2000000	0.0006765899864682	1478	1	1478	0
pop1	NW_027183992.1	2000001	3000000	0	233	0	233	0
pop1	NW_027184003.1	1	1000000	0.0060803474484256	4605	28	4605	0
pop1	NW_027184003.1	1000001	2000000	0.0044549831141769	13917	62	13917	0
pop1	NW_027184003.1	2000001	3000000	0	1607	0	1607	0
pop1	NW_027184024.1	1	1000000	0.0039528755231747	12902	51	12902	0
pop1	NW_027184024.1	1000001	2000000	0.0010214504596527	979	1	979	0
pop1	NW_027184024.1	2000001	3000000	0.0024713547517412	4451	11	4451	0
pop1	NW_027184055.1	1	1000000	0.0061823802163833	62759	388	62759	0
pop1	NW_027184055.1	1000001	2000000	0.0063082889483079	139499	880	139499	0
pop1	NW_027184055.1	2000001	3000000	0.0056472394319864	18239	103	18239	0
pop1	NW_027184058.1	1	1000000	0.00636483727633	16654	106	16654	0
pop1	NW_027184058.1	1000001	2000000	0.0019858781994704	4532	9	4532	0
pop1	NW_027184058.1	2000001	3000000	0.0027615334632878	12312	34	12312	0
pop1	NW_027184059.1	1	1000000	0.0037729658792651	6096	23	6096	0
pop1	NW_027184059.1	1000001	2000000	0.0064429127959245	6674	43	6674	0
pop1	NW_027184060.1	1	1000000	0.0039131137821377	92765	363	92765	0
pop1	NW_027184060.1	1000001	2000000	0.0048543689320388	206	1	206	0
pop1	NW_027184061.1	1	1000000	0.0058971711748916	484300	2856	484300	0
pop1	NW_027184061.1	1000001	2000000	0.0091656815946436	443284	4063	443284	0
pop1	NW_027184062.1	1	1000000	0.0019421912487147	17506	34	17506	0
pop1	NW_027184062.1	1000001	2000000	0.0050613059595096	14028	71	14028	0
pop1	NW_027184063.1	1	1000000	0.0077251864932347	259929	2008	259929	0
pop1	NW_027184063.1	1000001	2000000	0.01284840523788	292332	3756	292332	0
pop1	NW_027184064.1	1	1000000	0.00081403536808881	800948	652	800948	0
pop1	NW_027184064.1	1000001	2000000	0.0008084126076551	781779	632	781779	0
pop1	NW_027184065.1	1	1000000	0.0058769513314968	10890	64	10890	0
pop1	NW_027184065.1	1000001	2000000	0.007068880486602	6083	43	6083	0
pop1	NW_027184066.1	1	1000000	0.0021238186258893	9417	20	9417	0
pop1	NW_027184066.1	1000001	2000000	0.0061352420753123	22493	138	22493	0
pop1	NW_027184067.1	1	1000000	0	926	0	926	0
pop1	NW_027184067.1	1000001	2000000	0.002232454304451	7167	16	7167	0
pop1	NW_027184068.1	1	1000000	0.0015593989225971	7054	11	7054	0
pop1	NW_027184068.1	1000001	2000000	0	2202	0	2202	0
pop1	NW_027184069.1	1	1000000	0.0068900535893057	16981	117	16981	0
pop1	NW_027184069.1	1000001	2000000	0.0023665278303673	10564	25	10564	0
pop1	NW_027184070.1	1	1000000	0.0035448422545197	2821	10	2821	0
pop1	NW_027184070.1	1000001	2000000	0.00028785261945884	3474	1	3474	0
pop1	NW_027184071.1	1	1000000	0.0044678363430448	272839	1219	272839	0
pop1	NW_027184071.1	1000001	2000000	0.0039324590031014	49333	194	49333	0
pop1	NW_027184072.1	1	1000000	0.0056991178077914	12809	73	12809	0
pop1	NW_027184072.1	1000001	2000000	0.010588012856873	5289	56	5289	0
pop1	NW_027184073.1	1	1000000	0	237	0	237	0
pop1	NW_027184074.1	1	1000000	0.0054626479467152	41738	228	41738	0
pop1	NW_027184074.1	1000001	2000000	0.00074128984432913	1349	1	1349	0
pop1	NW_027184075.1	1	1000000	0.0076026977314531	16310	124	16310	0
pop1	NW_027184075.1	1000001	2000000	0.0012106537530266	2478	3	2478	0
pop1	NW_027184076.1	1	1000000	0.0024995048150838	106021	265	106021	0
pop1	NW_027184076.1	1000001	2000000	0.0038411850831108	58055	223	58055	0
pop1	NW_027184077.1	1	1000000	0.004259914801704	16667	71	16667	0
pop1	NW_027184077.1	1000001	2000000	0.0054622698765932	4943	27	4943	0
pop1	NW_027184078.1	1	1000000	0.013582413779251	647234	8791	647234	0
pop1	NW_027184078.1	1000001	2000000	0.020253689558635	28933	586	28933	0
pop1	NW_027184079.1	1	1000000	0.007482058329516	6549	49	6549	0
pop1	NW_027184079.1	1000001	2000000	0	98	0	98	0
pop1	NW_027183463.1	1	1000000	0.0034109570212181	276462	943	276462	0
pop1	NW_027183463.1	1000001	2000000	0.0027272727272727	3300	9	3300	0
pop1	NW_027183464.1	1	1000000	0.008482086340043	7899	67	7899	0
pop1	NW_027183465.1	1	1000000	0.0032727272727273	5500	18	5500	0
pop1	NW_027183465.1	1000001	2000000	0.0042260961436873	1893	8	1893	0
pop1	NW_027183466.1	1	1000000	0.003567539149048	53258	190	53258	0
pop1	NW_027183467.1	1	1000000	0.00041607674304372	692180	288	692180	0
pop1	NW_027183468.1	1	1000000	0.0057067603160667	20502	117	20502	0
pop1	NW_027183469.1	1	1000000	0.0021001050052503	2857	6	2857	0
pop1	NW_027183470.1	1	1000000	0.0058402782334799	15239	89	15239	0
pop1	NW_027183471.1	1	1000000	0.0056295237244214	11191	63	11191	0
pop1	NW_027183472.1	1	1000000	0.0062035752183495	24502	152	24502	0
pop1	NW_027183473.1	1	1000000	0.0038947550631816	11554	45	11554	0
pop1	NW_027183474.1	1	1000000	0.016013162773452	43152	691	43152	0
pop1	NW_027183475.1	1	1000000	0.0013003901170351	6152	8	6152	0
pop1	NW_027183476.1	1	1000000	0.023746119172263	153962	3656	153962	0
pop1	NW_027183477.1	1	1000000	0.00072542618788538	2757	2	2757	0
pop1	NW_027183478.1	1	1000000	0.0010047726701834	15924	16	15924	0
pop1	NW_027183479.1	1	1000000	0.0018685767673622	22477	42	22477	0
pop1	NW_027183480.1	1	1000000	0.0012834910957805	31165	40	31165	0
pop1	NW_027183481.1	1	1000000	0.0043727410625667	106798	467	106798	0
pop1	NW_027183482.1	1	1000000	0.00093955527716881	3193	3	3193	0
pop1	NW_027183483.1	1	1000000	0.00063751115644524	15686	10	15686	0
pop1	NW_027183484.1	1	1000000	0.0014930944382232	5358	8	5358	0
pop1	NW_027183485.1	1	1000000	0.0026525198938992	754	2	754	0
pop1	NW_027183486.1	1	1000000	0.00097418412079883	4106	4	4106	0
pop1	NW_027183489.1	1	1000000	0.0019710906701708	3044	6	3044	0
pop1	NW_027183490.1	1	1000000	0.005963537229511	5869	35	5869	0
pop1	NW_027183491.1	1	1000000	0.016525336091003	145050	2397	145050	0
pop1	NW_027183492.1	1	1000000	0.0091496390914375	271814	2487	271814	0
pop1	NW_027183493.1	1	1000000	0.0064097841302586	13573	87	13573	0
pop1	NW_027183494.1	1	1000000	0.023883977219964	211062	5041	211062	0
pop1	NW_027183495.1	1	1000000	0	1781	0	1781	0
pop1	NW_027183496.1	1	1000000	0.012322683737391	102007	1257	102007	0
pop1	NW_027183497.1	1	1000000	0	1005	0	1005	0
pop1	NW_027183498.1	1	1000000	0	249	0	249	0
pop1	NW_027183499.1	1	1000000	0.0055637982195846	8088	45	8088	0
pop1	NW_027183500.1	1	1000000	0.019535967248777	116759	2281	116759	0
pop1	NW_027183501.1	1	1000000	0.0023693976591493	35030	83	35030	0
pop1	NW_027183502.1	1	1000000	0.0030786453960257	3573	11	3573	0
pop1	NW_027183503.1	1	1000000	0.0040707141195627	8598	35	8598	0
pop1	NW_027183504.1	1	1000000	0.0006568144499179	3045	2	3045	0
pop1	NW_027183505.1	1	1000000	0.002865329512894	349	1	349	0
pop1	NW_027183506.1	1	1000000	0.0016761649346296	2983	5	2983	0
pop1	NW_027183507.1	1	1000000	0.00085470085470085	3510	3	3510	0
pop1	NW_027183508.1	1	1000000	0.001105379513633	2714	3	2714	0
pop1	NW_027183509.1	1	1000000	0.0019723865877712	3549	7	3549	0
pop1	NW_027183510.1	1	1000000	0.0065645514223195	457	3	457	0
pop1	NW_027183511.1	1	1000000	0.0081008100810081	6666	54	6666	0
pop1	NW_027183512.1	1	1000000	0.0051546391752577	12222	63	12222	0
pop1	NW_027183513.1	1	1000000	0.00098231827111984	1018	1	1018	0
pop1	NW_027183514.1	1	1000000	0.0011961722488038	836	1	836	0
pop1	NW_027183515.1	1	1000000	0.0067252974650802	1933	13	1933	0
pop1	NW_027183516.1	1	1000000	0.017841341701821	48595	867	48595	0
pop1	NW_027183518.1	1	1000000	0	54	0	54	0
pop1	NW_027183519.1	1	1000000	0.00052994170641229	3774	2	3774	0
pop1	NW_027183520.1	1	1000000	0.0077546012269939	61125	474	61125	0
pop1	NW_027183521.1	1	1000000	0.00069348127600555	1442	1	1442	0
pop1	NW_027183523.1	1	1000000	0.019137022738799	96619	1849	96619	0
pop1	NW_027183524.1	1	1000000	0.0010357327809425	1931	2	1931	0
pop1	NW_027183525.1	1	1000000	0	1005	0	1005	0
pop1	NW_027183526.1	1	1000000	0.00052742616033755	1896	1	1896	0
pop1	NW_027183528.1	1	1000000	0.022931273922027	59046	1354	59046	0
pop1	NW_027183529.1	1	1000000	0.025662039645546	78092	2004	78092	0
pop1	NW_027183530.1	1	1000000	0.015632524106503	85143	1331	85143	0
pop1	NW_027183531.1	1	1000000	0.00070561670900367	7086	5	7086	0
pop1	NW_027183532.1	1	1000000	0.00068752148504641	2909	2	2909	0
pop1	NW_027183533.1	1	1000000	0.0012752599568374	10194	13	10194	0
pop1	NW_027183534.1	1	1000000	0.023391520698648	100079	2341	100079	0
pop1	NW_027183535.1	1	1000000	0.019231932264893	82675	1590	82675	0
pop1	NW_027183536.1	1	1000000	0.018816756666746	126111	2373	126111	0
pop1	NW_027183537.1	1	1000000	0.0013404825737265	2984	4	2984	0
pop1	NW_027183538.1	1	1000000	0.0029411764705882	1020	3	1020	0
pop1	NW_027183539.1	1	1000000	0.0019337016574586	3620	7	3620	0
pop1	NW_027183540.1	1	1000000	0	388	0	388	0
pop1	NW_027183541.1	1	1000000	0.006572881450644	143164	941	143164	0
pop1	NW_027183542.1	1	1000000	0	309	0	309	0
pop1	NW_027183544.1	1	1000000	0.0012610340479193	793	1	793	0
pop1	NW_027183546.1	1	1000000	0	204	0	204	0
pop1	NW_027183547.1	1	1000000	0.00088652482269504	1128	1	1128	0
pop1	NW_027183549.1	1	1000000	0	2056	0	2056	0
pop1	NW_027183550.1	1	1000000	0.021405370508605	49567	1061	49567	0
pop1	NW_027183551.1	1	1000000	0.021164021164021	71820	1520	71820	0
pop1	NW_027183553.1	1	1000000	0.0130958617077	70633	925	70633	0
pop1	NW_027183555.1	1	1000000	0	905	0	905	0
pop1	NW_027183556.1	1	1000000	0.0013895321908291	2159	3	2159	0
pop1	NW_027183557.1	1	1000000	0.019351563355466	100457	1944	100457	0
pop1	NW_027183558.1	1	1000000	0	2146	0	2146	0
pop1	NW_027183559.1	1	1000000	0.0023536963731679	9347	22	9347	0
pop1	NW_027183560.1	1	1000000	0.0012474012474012	2405	3	2405	0
pop1	NW_027183561.1	1	1000000	0	122	0	122	0
pop1	NW_027183562.1	1	1000000	0.0031737635546152	7562	24	7562	0
pop1	NW_027183563.1	1	1000000	0.021808937650522	7474	163	7474	0
pop1	NW_027183565.1	1	1000000	0	567	0	567	0
pop1	NW_027183566.1	1	1000000	0	630	0	630	0
pop1	NW_027183567.1	1	1000000	0.02528753337441	38952	985	38952	0
pop1	NW_027183568.1	1	1000000	0.00098716683119447	2026	2	2026	0
pop1	NW_027183569.1	1	1000000	0.00054954969733755	121918	67	121918	0
pop1	NW_027183570.1	1	1000000	0	940	0	940	0
pop1	NW_027183571.1	1	1000000	0.0023684210526316	3800	9	3800	0
pop1	NW_027183572.1	1	1000000	0.0044006948465547	8635	38	8635	0
pop1	NW_027183573.1	1	1000000	0	509	0	509	0
pop1	NW_027183574.1	1	1000000	0.0010456605088881	2869	3	2869	0
pop1	NW_027183576.1	1	1000000	0	256	0	256	0
pop1	NW_027183577.1	1	1000000	0.01483453784709	7887	117	7887	0
pop1	NW_027183578.1	1	1000000	0	455	0	455	0
pop1	NW_027183579.1	1	1000000	0.019002584070174	56887	1081	56887	0
pop1	NW_027183580.1	1	1000000	0.0011160714285714	896	1	896	0
pop1	NW_027183581.1	1	1000000	0	347	0	347	0
pop1	NW_027183583.1	1	1000000	0.02062723637129	4751	98	4751	0
pop1	NW_027183584.1	1	1000000	0	389	0	389	0
pop1	NW_027183585.1	1	1000000	0	1113	0	1113	0
pop1	NW_027183586.1	1	1000000	0.0078125	128	1	128	0
pop1	NW_027183587.1	1	1000000	0.00034176349965824	2926	1	2926	0
pop1	NW_027183589.1	1	1000000	0.02023775319638	55688	1127	55688	0
pop1	NW_027183590.1	1	1000000	0.00044091710758377	2268	1	2268	0
pop1	NW_027183591.1	1	1000000	0	97	0	97	0
pop1	NW_027183592.1	1	1000000	0	1677	0	1677	0
pop1	NW_027183593.1	1	1000000	0	517	0	517	0
pop1	NW_027183595.1	1	1000000	0.022002516627719	27815	612	27815	0
pop1	NW_027183596.1	1	1000000	0.0018441678192716	2169	4	2169	0
pop1	NW_027183597.1	1	1000000	0	966	0	966	0
pop1	NW_027183598.1	1	1000000	0	140	0	140	0
pop1	NW_027183599.1	1	1000000	0.00093495392012822	7487	7	7487	0
pop1	NW_027183600.1	1	1000000	0.0026109660574413	766	2	766	0
pop1	NW_027183601.1	1	1000000	0.001038062283737	11560	12	11560	0
pop1	NW_027183603.1	1	1000000	0	146	0	146	0
pop1	NW_027183604.1	1	1000000	0	237	0	237	0
pop1	NW_027183607.1	1	1000000	0	235	0	235	0
pop1	NW_027183608.1	1	1000000	0	1273	0	1273	0
pop1	NW_027183609.1	1	1000000	0.0013037809647979	10738	14	10738	0
pop1	NW_027183612.1	1	1000000	0	533	0	533	0
pop1	NW_027183613.1	1	1000000	0.0051367349933956	20441	105	20441	0
pop1	NW_027183615.1	1	1000000	0.019154818325434	25320	485	25320	0
pop1	NW_027183616.1	1	1000000	0	337	0	337	0
pop1	NW_027183617.1	1	1000000	0	849	0	849	0
pop1	NW_027183618.1	1	1000000	0.01726986033939	6659	115	6659	0
pop1	NW_027183619.1	1	1000000	0	1594	0	1594	0
pop1	NW_027183620.1	1	1000000	0	135	0	135	0
pop1	NW_027183623.1	1	1000000	0	2396	0	2396	0
pop1	NW_027183624.1	1	1000000	0.019083969465649	12314	235	12314	0
pop1	NW_027183627.1	1	1000000	0.004075746175069	15948	65	15948	0
pop1	NW_027183628.1	1	1000000	0.018368846436444	6805	125	6805	0
pop1	NW_027183631.1	1	1000000	0	1205	0	1205	0
pop1	NW_027183633.1	1	1000000	0.020059478686804	17149	344	17149	0
pop1	NW_027183634.1	1	1000000	0	234	0	234	0
pop1	NW_027183635.1	1	1000000	0.0046639231824417	7290	34	7290	0
pop1	NW_027183636.1	1	1000000	0.0010559662090813	947	1	947	0
pop1	NW_027183637.1	1	1000000	0.00024937655860349	4010	1	4010	0
pop1	NW_027183639.1	1	1000000	0	148	0	148	0
pop1	NW_027183641.1	1	1000000	0	323	0	323	0
pop1	NW_027183642.1	1	1000000	0.024493670886076	15800	387	15800	0
pop1	NW_027183644.1	1	1000000	0.071428571428571	14	1	14	0
pop1	NW_027183645.1	1	1000000	0.0018503832936823	3783	7	3783	0
pop1	NW_027183646.1	1	1000000	0.010558069381599	663	7	663	0
pop1	NW_027183648.1	1	1000000	0	329	0	329	0
pop1	NW_027183649.1	1	1000000	0.00060606060606061	1650	1	1650	0
pop1	NW_027183650.1	1	1000000	0.024271844660194	8858	215	8858	0
pop1	NW_027183651.1	1	1000000	0.0052984665936473	73040	387	73040	0
pop1	NW_027183653.1	1	1000000	0	1114	0	1114	0
pop1	NW_027183654.1	1	1000000	0.00043994720633524	2273	1	2273	0
pop1	NW_027183656.1	1	1000000	0	190	0	190	0
pop1	NW_027183657.1	1	1000000	0	605	0	605	0
pop1	NW_027183658.1	1	1000000	0.015604298542617	61137	954	61137	0
pop1	NW_027183660.1	1	1000000	0.0092307692307692	325	3	325	0
pop1	NW_027183661.1	1	1000000	0.00085984522785899	1163	1	1163	0
pop1	NW_027183664.1	1	1000000	0.016418676244228	7796	128	7796	0
pop1	NW_027183665.1	1	1000000	0	94	0	94	0
pop1	NW_027183666.1	1	1000000	0.0046296296296296	1080	5	1080	0
pop1	NW_027183667.1	1	1000000	0.0035778175313059	559	2	559	0
pop1	NW_027183669.1	1	1000000	0.01799379524302	9670	174	9670	0
pop1	NW_027183670.1	1	1000000	0	134	0	134	0
pop1	NW_027183672.1	1	1000000	0.015896427400852	6102	97	6102	0
pop1	NW_027183674.1	1	1000000	0.0033519553072626	895	3	895	0
pop1	NW_027183675.1	1	1000000	0	1081	0	1081	0
pop1	NW_027183676.1	1	1000000	0.02584	12500	323	12500	0
pop1	NW_027183678.1	1	1000000	0.00038513383400732	5193	2	5193	0
pop1	NW_027183679.1	1	1000000	0.024346205370144	17169	418	17169	0
pop1	NW_027183681.1	1	1000000	0.002865329512894	349	1	349	0
pop1	NW_027183682.1	1	1000000	0.016492198301402	10126	167	10126	0
pop1	NW_027183683.1	1	1000000	0.017021885281076	6991	119	6991	0
pop1	NW_027183685.1	1	1000000	0	890	0	890	0
pop1	NW_027183686.1	1	1000000	0.0028409090909091	352	1	352	0
pop1	NW_027183687.1	1	1000000	0.0051993067590988	577	3	577	0
pop1	NW_027183688.1	1	1000000	0.019565736101169	8382	164	8382	0
pop1	NW_027183690.1	1	1000000	0.022100456621005	5475	121	5475	0
pop1	NW_027183691.1	1	1000000	0.0038539006867239	63053	243	63053	0
pop1	NW_027183692.1	1	1000000	0.0046019328117809	2173	10	2173	0
pop1	NW_027183694.1	1	1000000	0.0036101083032491	277	1	277	0
pop1	NW_027183695.1	1	1000000	0.034196481518087	5059	173	5059	0
pop1	NW_027183696.1	1	1000000	0	153	0	153	0
pop1	NW_027183700.1	1	1000000	0.0041666666666667	240	1	240	0
pop1	NW_027183703.1	1	1000000	0	711	0	711	0
pop1	NW_027183704.1	1	1000000	0	1207	0	1207	0
pop1	NW_027183706.1	1	1000000	0.018962455606291	15768	299	15768	0
pop1	NW_027183708.1	1	1000000	0.001887614345869	13774	26	13774	0
pop1	NW_027183710.1	1	1000000	0.0007097232079489	2818	2	2818	0
pop1	NW_027183712.1	1	1000000	0.012121212121212	825	10	825	0
pop1	NW_027183713.1	1	1000000	0.0030211480362538	331	1	331	0
pop1	NW_027183715.1	1	1000000	0.0011716461628588	1707	2	1707	0
pop1	NW_027183717.1	1	1000000	0.0036581167154416	46472	170	46472	0
pop1	NW_027183718.1	1	1000000	0.020279796117558	18442	374	18442	0
pop1	NW_027183719.1	1	1000000	0.0027855153203343	718	2	718	0
pop1	NW_027183720.1	1	1000000	0.023052232273125	3427	79	3427	0
pop1	NW_027183721.1	1	1000000	0	85	0	85	0
pop1	NW_027183722.1	1	1000000	0.018346545866365	13245	243	13245	0
pop1	NW_027183724.1	1	1000000	0	438	0	438	0
pop1	NW_027183725.1	1	1000000	0	1266	0	1266	0
pop1	NW_027183727.1	1	1000000	0.025818216719455	10419	269	10419	0
pop1	NW_027183728.1	1	1000000	0.026646867136905	24243	646	24243	0
pop1	NW_027183729.1	1	1000000	0.023060344827586	4640	107	4640	0
pop1	NW_027183730.1	1	1000000	0.0079893475366178	751	6	751	0
pop1	NW_027183732.1	1	1000000	0	776	0	776	0
pop1	NW_027183734.1	1	1000000	0.024632417550231	34142	841	34142	0
pop1	NW_027183735.1	1	1000000	0.0011792452830189	1696	2	1696	0
pop1	NW_027183736.1	1	1000000	0.024853569732468	12634	314	12634	0
pop1	NW_027183738.1	1	1000000	0	643	0	643	0
pop1	NW_027183740.1	1	1000000	0.0020953378732321	1909	4	1909	0
pop1	NW_027183742.1	1	1000000	0	569	0	569	0
pop1	NW_027183743.1	1	1000000	0	458	0	458	0
pop1	NW_027183744.1	1	1000000	0.020969245107176	4292	90	4292	0
pop1	NW_027183747.1	1	1000000	0	433	0	433	0
pop1	NW_027183748.1	1	1000000	0	613	0	613	0
pop1	NW_027183754.1	1	1000000	0	327	0	327	0
pop1	NW_027183755.1	1	1000000	0	228	0	228	0
pop1	NW_027183756.1	1	1000000	0.024678744056274	25447	628	25447	0
pop1	NW_027183759.1	1	1000000	0.029033443586917	5442	158	5442	0
pop1	NW_027183761.1	1	1000000	0.012253917235838	9956	122	9956	0
pop1	NW_027183765.1	1	1000000	0	745	0	745	0
pop1	NW_027183767.1	1	1000000	0	182	0	182	0
pop1	NW_027183768.1	1	1000000	0	39	0	39	0
pop1	NW_027183769.1	1	1000000	0	304	0	304	0
pop1	NW_027183770.1	1	1000000	0	300	0	300	0
pop1	NW_027183775.1	1	1000000	0.022315020227065	7663	171	7663	0
pop1	NW_027183777.1	1	1000000	0.02287166454892	2361	54	2361	0
pop1	NW_027183780.1	1	1000000	0	341	0	341	0
pop1	NW_027183781.1	1	1000000	0.012149613815847	11523	140	11523	0
pop1	NW_027183785.1	1	1000000	0.01625677365569	4798	78	4798	0
pop1	NW_027183786.1	1	1000000	0.017380660954712	8170	142	8170	0
pop1	NW_027183790.1	1	1000000	0	333	0	333	0
pop1	NW_027183792.1	1	1000000	0	22	0	22	0
pop1	NW_027183796.1	1	1000000	0.017615522083227	7834	138	7834	0
pop1	NW_027183797.1	1	1000000	0.020414673046252	3135	64	3135	0
pop1	NW_027183803.1	1	1000000	0.01978527607362	6520	129	6520	0
pop1	NW_027183806.1	1	1000000	0.0051546391752577	194	1	194	0
pop1	NW_027183807.1	1	1000000	0	325	0	325	0
pop1	NW_027183811.1	1	1000000	0.0057903879559931	1727	10	1727	0
pop1	NW_027183813.1	1	1000000	0.021105527638191	2985	63	2985	0
pop1	NW_027183815.1	1	1000000	0.020193278523006	6933	140	6933	0
pop1	NW_027183816.1	1	1000000	0.016984402079723	2885	49	2885	0
pop1	NW_027183818.1	1	1000000	0	593	0	593	0
pop1	NW_027183819.1	1	1000000	0.0075987841945289	658	5	658	0
pop1	NW_027183821.1	1	1000000	0.025997660210581	15386	400	15386	0
pop1	NW_027183823.1	1	1000000	0.0015015015015015	666	1	666	0
pop1	NW_027183824.1	1	1000000	0	95	0	95	0
pop1	NW_027183830.1	1	1000000	0.015571776155718	2055	32	2055	0
pop1	NW_027183831.1	1	1000000	0.025295109612142	9488	240	9488	0
pop1	NW_027183832.1	1	1000000	0	345	0	345	0
pop1	NW_027183836.1	1	1000000	0.020085209981741	6572	132	6572	0
pop1	NW_027183837.1	1	1000000	0	149	0	149	0
pop1	NW_027183843.1	1	1000000	0	406	0	406	0
pop1	NW_027183845.1	1	1000000	0.0073906795319236	4871	36	4871	0
pop1	NW_027183846.1	1	1000000	0	875	0	875	0
pop1	NW_027183847.1	1	1000000	0.0026246719160105	381	1	381	0
pop1	NW_027183851.1	1	1000000	0	4	0	4	0
pop1	NW_027183852.1	1	1000000	0.010921310557267	10713	117	10713	0
pop1	NW_027183860.1	1	1000000	0	230	0	230	0
pop1	NW_027183861.1	1	1000000	0	103	0	103	0
pop1	NW_027183872.1	1	1000000	0.016064257028112	2241	36	2241	0
pop1	NW_027183873.1	1	1000000	0.018018018018018	777	14	777	0
pop1	NW_027183874.1	1	1000000	0	507	0	507	0
pop1	NW_027183875.1	1	1000000	0.020285087719298	1824	37	1824	0
pop1	NW_027183880.1	1	1000000	0.024737906933971	10874	269	10874	0
pop1	NW_027183881.1	1	1000000	0	101	0	101	0
pop1	NW_027183892.1	1	1000000	0.015777018143571	3803	60	3803	0
pop1	NW_027183893.1	1	1000000	0.021932995902627	4149	91	4149	0
pop1	NW_027183896.1	1	1000000	0.024113631358732	9082	219	9082	0
pop1	NW_027183897.1	1	1000000	0.016939420040195	6966	118	6966	0
pop1	NW_027183908.1	1	1000000	0.022591779102604	3187	72	3187	0
pop1	NW_027183912.1	1	1000000	0.021594032194739	5094	110	5094	0
pop1	NW_027183918.1	1	1000000	0	879	0	879	0
pop1	NW_027183921.1	1	1000000	0	1145	0	1145	0
pop1	NW_027183924.1	1	1000000	0.019796458943259	14346	284	14346	0
pop1	NW_027183929.1	1	1000000	0.022088353413655	6474	143	6474	0
pop1	NW_027183930.1	1	1000000	0	130	0	130	0
pop1	NW_027183932.1	1	1000000	0.012844036697248	1635	21	1635	0
pop1	NW_027183946.1	1	1000000	0.017220024771265	25029	431	25029	0
pop1	NW_027183953.1	1	1000000	0	124	0	124	0
pop1	NW_027183955.1	1	1000000	0.021025641025641	7800	164	7800	0
pop1	NW_027183956.1	1	1000000	0.01921470342523	1197	23	1197	0
pop1	NW_027183957.1	1	1000000	0	216	0	216	0
pop1	NW_027183958.1	1	1000000	0.019799366420275	3788	75	3788	0
pop1	NW_027183961.1	1	1000000	0	235	0	235	0
pop1	NW_027183963.1	1	1000000	0.02996493465094	3137	94	3137	0
pop1	NW_027183967.1	1	1000000	0.023113111065658	4889	113	4889	0
pop1	NW_027183971.1	1	1000000	0.0088691796008869	451	4	451	0
pop1	NW_027183974.1	1	1000000	0	174	0	174	0
pop1	NW_027183975.1	1	1000000	0.0032707322219878	9478	31	9478	0
pop1	NW_027183976.1	1	1000000	0	112	0	112	0
pop1	NW_027183977.1	1	1000000	0.016793409378961	3156	53	3156	0
pop1	NW_027183980.1	1	1000000	0.022036474164134	1316	29	1316	0
pop1	NW_027183983.1	1	1000000	0.029498525073746	339	10	339	0
pop1	NW_027183985.1	1	1000000	0.011904761904762	672	8	672	0
pop1	NW_027183987.1	1	1000000	0.018937987374675	2693	51	2693	0
pop1	NW_027183991.1	1	1000000	0.0039370078740157	254	1	254	0
pop1	NW_027183995.1	1	1000000	0.020911398525323	8273	173	8273	0
pop1	NW_027183999.1	1	1000000	0.038095238095238	210	8	210	0
pop1	NW_027184007.1	1	1000000	0.0091964593631452	8699	80	8699	0
pop1	NW_027184010.1	1	1000000	0.026779882429784	4593	123	4593	0
pop1	NW_027184011.1	1	1000000	0.015151515151515	132	2	132	0
pop1	NW_027184012.1	1	1000000	0.010162162162162	4625	47	4625	0
pop1	NW_027184014.1	1	1000000	0.01304681504221	1303	17	1303	0
pop1	NW_027184016.1	1	1000000	0.033070866141732	635	21	635	0
pop1	NW_027184019.1	1	1000000	0.01297192642788	5165	67	5165	0
pop1	NW_027184020.1	1	1000000	0.028436018957346	844	24	844	0
pop1	NW_027184021.1	1	1000000	0.024311183144246	1851	45	1851	0
pop1	NW_027184022.1	1	1000000	0.019673262770364	8692	171	8692	0
pop1	NW_027184025.1	1	1000000	0.017514595496247	3597	63	3597	0
pop1	NW_027184026.1	1	1000000	0.023549934583515	2293	54	2293	0
pop1	NW_027184028.1	1	1000000	0.013355848940743	6514	87	6514	0
pop1	NW_027184030.1	1	1000000	0.029154518950437	686	20	686	0
pop1	NW_027184033.1	1	1000000	0.024346793349169	1684	41	1684	0
pop1	NW_027184036.1	1	1000000	0.015868782504334	14998	238	14998	0
pop1	NW_027184040.1	1	1000000	0	215	0	215	0
pop1	NW_027184042.1	1	1000000	0.030736240171551	1399	43	1399	0
pop1	NW_027184043.1	1	1000000	0.018762130687945	4637	87	4637	0
pop1	NW_027184044.1	1	1000000	0.0076335877862595	5502	42	5502	0
pop1	NW_027184045.1	1	1000000	0.0014556040756914	687	1	687	0
pop1	NW_027184048.1	1	1000000	0.0012176560121766	3285	4	3285	0
pop1	NW_027184050.1	1	1000000	0.0085592011412268	701	6	701	0
pop1	NW_027184051.1	1	1000000	0	503	0	503	0
pop1	NW_027184054.1	1	1000000	0.0042553191489362	470	2	470	0
pop1	NW_027184057.1	1	1000000	0	147	0	147	0
pop1	NC_051467.1	1	1000000	0	76	0	76	0
