pop	chromosome	window_pos_1	window_pos_2	avg_pi	no_sites	count_diffs	count_comparisons	count_missing
pop1	NC_091013.1	1	1000000	0.0049677546537498	710180	3528	710180	0
pop1	NC_091013.1	1000001	2000000	0.0058504607342923	832584	4871	832584	0
pop1	NC_091013.1	2000001	3000000	0.005913802578204	953532	5639	953532	0
pop1	NC_091013.1	3000001	4000000	0.0051791603924491	959615	4970	959615	0
pop1	NC_091013.1	4000001	5000000	0.0053783058643158	978375	5262	978375	0
pop1	NC_091013.1	5000001	6000000	0.0049215536016778	991760	4881	991760	0
pop1	NC_091013.1	6000001	7000000	0.0043525571273123	985168	4288	985168	0
pop1	NC_091013.1	7000001	8000000	0.0041237696058197	990841	4086	990841	0
pop1	NC_091013.1	8000001	9000000	0.0045348429131636	983055	4458	983055	0
pop1	NC_091013.1	9000001	10000000	0.0047720508897413	988883	4719	988883	0
pop1	NC_091013.1	10000001	11000000	0.0046943421249479	989276	4644	989276	0
pop1	NC_091013.1	11000001	12000000	0.0041641861609737	979303	4078	979303	0
pop1	NC_091013.1	12000001	13000000	0.0045022480254249	968183	4359	968183	0
pop1	NC_091013.1	13000001	14000000	0.0036248758621456	989827	3588	989827	0
pop1	NC_091013.1	14000001	15000000	0.003702516639587	989057	3662	989057	0
pop1	NC_091013.1	15000001	16000000	0.0035960217311226	993598	3573	993598	0
pop1	NC_091013.1	16000001	17000000	0.0035877152730684	985028	3534	985028	0
pop1	NC_091013.1	17000001	18000000	0.0039840759957115	975634	3887	975634	0
pop1	NC_091013.1	18000001	19000000	0.0037466256385134	979815	3671	979815	0
pop1	NC_091013.1	19000001	20000000	0.0039345070202068	990213	3896	990213	0
pop1	NC_091013.1	20000001	21000000	0.0027699531474052	980522	2716	980522	0
pop1	NC_091013.1	21000001	22000000	0.0037836094805548	989267	3743	989267	0
pop1	NC_091013.1	22000001	23000000	0.0028987601161539	982834	2849	982834	0
pop1	NC_091013.1	23000001	24000000	0.0038891525198871	979905	3811	979905	0
pop1	NC_091013.1	24000001	25000000	0.0035532629971556	987543	3509	987543	0
pop1	NC_091013.1	25000001	26000000	0.0031973380067539	991137	3169	991137	0
pop1	NC_091013.1	26000001	27000000	0.0036659873658177	983364	3605	983364	0
pop1	NC_091013.1	27000001	28000000	0.0036154320899642	981902	3550	981902	0
pop1	NC_091013.1	28000001	29000000	0.0035872032769087	972624	3489	972624	0
pop1	NC_091013.1	29000001	30000000	0.0024498899925583	989024	2423	989024	0
pop1	NC_091013.1	30000001	31000000	0.0029320011740108	991473	2907	991473	0
pop1	NC_091013.1	31000001	32000000	0.0026025269697351	976743	2542	976743	0
pop1	NC_091013.1	32000001	33000000	0.0024097430683322	991392	2389	991392	0
pop1	NC_091013.1	33000001	34000000	0.0031813471074721	968772	3082	968772	0
pop1	NC_091013.1	34000001	35000000	0.002824297029643	990689	2798	990689	0
pop1	NC_091013.1	35000001	36000000	0.0040308262331406	985654	3973	985654	0
pop1	NC_091013.1	36000001	37000000	0.0030952123679233	990239	3065	990239	0
pop1	NC_091013.1	37000001	38000000	0.0037004351352592	980155	3627	980155	0
pop1	NC_091013.1	38000001	39000000	0.0037975225831722	980376	3723	980376	0
pop1	NC_091013.1	39000001	40000000	0.0028468194486768	987769	2812	987769	0
pop1	NC_091013.1	40000001	41000000	0.0032473205817502	990047	3215	990047	0
pop1	NC_091013.1	41000001	42000000	0.0034669067532433	989643	3431	989643	0
pop1	NC_091013.1	42000001	43000000	0.0033243297278109	980348	3259	980348	0
pop1	NC_091013.1	43000001	44000000	0.0029383861276551	986596	2899	986596	0
pop1	NC_091013.1	44000001	45000000	0.0047048934573246	977918	4601	977918	0
pop1	NC_091013.1	45000001	46000000	0.0049462381168699	966391	4780	966391	0
pop1	NC_091013.1	46000001	47000000	0.0049539942093495	970530	4808	970530	0
pop1	NC_091013.1	47000001	48000000	0.0043898048143134	974303	4277	974303	0
pop1	NC_091013.1	48000001	49000000	0.0038834183010781	985472	3827	985472	0
pop1	NC_091013.1	49000001	50000000	0.0032461390071157	967303	3140	967303	0
pop1	NC_091013.1	50000001	51000000	0.0034871019666608	989647	3451	989647	0
pop1	NC_091013.1	51000001	52000000	0.0031346097617535	991830	3109	991830	0
pop1	NC_091013.1	52000001	53000000	0.0032435157524116	987817	3204	987817	0
pop1	NC_091013.1	53000001	54000000	0.0045187909010983	984998	4451	984998	0
pop1	NC_091013.1	54000001	55000000	0.0041116720394137	986460	4056	986460	0
pop1	NC_091013.1	55000001	56000000	0.0036026128616741	982065	3538	982065	0
pop1	NC_091013.1	56000001	57000000	0.005201749177582	978517	5090	978517	0
pop1	NC_091013.1	57000001	58000000	0.0045876781567324	87844	403	87844	0
pop1	NC_091013.1	58000001	59000000	0.0033058384505361	464935	1537	464935	0
pop1	NC_091013.1	59000001	60000000	0.0035118800237429	988929	3473	988929	0
pop1	NC_091013.1	60000001	61000000	0.0030911328909496	972459	3006	972459	0
pop1	NC_091013.1	61000001	62000000	0.0040167564235661	986368	3962	986368	0
pop1	NC_091013.1	62000001	63000000	0.0032759686031169	992073	3250	992073	0
pop1	NC_091013.1	63000001	64000000	0.003871419013442	986460	3819	986460	0
pop1	NC_091013.1	64000001	65000000	0.0034845081611651	984357	3430	984357	0
pop1	NC_091013.1	65000001	66000000	0.0037317962712643	980225	3658	980225	0
pop1	NC_091013.1	66000001	67000000	0.0032450453560715	979031	3177	979031	0
pop1	NC_091013.1	67000001	68000000	0.0032963483389359	981389	3235	981389	0
pop1	NC_091013.1	68000001	69000000	0.0047622236834628	985464	4693	985464	0
pop1	NC_091013.1	69000001	70000000	0.0028772697705143	991565	2853	991565	0
pop1	NC_091013.1	70000001	71000000	0.0031737897026363	991244	3146	991244	0
pop1	NC_091013.1	71000001	72000000	0.0030082061420342	982313	2955	982313	0
pop1	NC_091013.1	72000001	73000000	0.004005947889387	991276	3971	991276	0
pop1	NC_091013.1	73000001	74000000	0.002991210389899	576021	1723	576021	0
pop1	NC_091013.1	74000001	75000000	0.0034796598696229	431364	1501	431364	0
pop1	NC_091013.1	75000001	76000000	0.0037350190480862	978576	3655	978576	0
pop1	NC_091013.1	76000001	77000000	0.0032070237478279	984090	3156	984090	0
pop1	NC_091013.1	77000001	78000000	0.0023972547338451	989048	2371	989048	0
pop1	NC_091013.1	78000001	79000000	0.0038472369383368	987202	3798	987202	0
pop1	NC_091013.1	79000001	80000000	0.0043977163872907	987558	4343	987558	0
pop1	NC_091013.1	80000001	81000000	0.0046139252437255	991997	4577	991997	0
pop1	NC_091013.1	81000001	82000000	0.0048140644429103	976306	4700	976306	0
pop1	NC_091013.1	82000001	83000000	0.003371870447797	983727	3317	983727	0
pop1	NC_091013.1	83000001	84000000	0.0044000203469149	550452	2422	550452	0
pop1	NC_091013.1	84000001	85000000	0.0039451155921385	794907	3136	794907	0
pop1	NC_091013.1	85000001	86000000	0.0050449022715267	984360	4966	984360	0
pop1	NC_091013.1	86000001	87000000	0.0048904161893853	982125	4803	982125	0
pop1	NC_091013.1	87000001	88000000	0.003349021157179	982078	3289	982078	0
pop1	NC_091013.1	88000001	89000000	0.0038076199030253	986443	3756	986443	0
pop1	NC_091013.1	89000001	90000000	0.0043119482728387	986561	4254	986561	0
pop1	NC_091013.1	90000001	91000000	0.0037616931877866	986258	3710	986258	0
pop1	NC_091013.1	91000001	92000000	0.0042993994953624	991999	4265	991999	0
pop1	NC_091013.1	92000001	93000000	0.0043611677897742	881186	3843	881186	0
pop1	NC_091013.1	93000001	94000000	0.0044201182351186	985494	4356	985494	0
pop1	NC_091013.1	94000001	95000000	0.003879475735606	990340	3842	990340	0
pop1	NC_091013.1	95000001	96000000	0.0044605534093114	984407	4391	984407	0
pop1	NC_091013.1	96000001	97000000	0.0040454134180771	992482	4015	992482	0
pop1	NC_091013.1	97000001	98000000	0.0037088723259579	983857	3649	983857	0
pop1	NC_091013.1	98000001	99000000	0.004127693261866	991595	4093	991595	0
pop1	NC_091013.1	99000001	100000000	0.0035957537206413	990891	3563	990891	0
pop1	NC_091013.1	100000001	101000000	0.0041828433858348	991909	4149	991909	0
pop1	NC_091013.1	101000001	102000000	0.0045539641710172	985515	4488	985515	0
pop1	NC_091013.1	102000001	103000000	0.003963736246936	981145	3889	981145	0
pop1	NC_091013.1	103000001	104000000	0.0031852450706107	988307	3148	988307	0
pop1	NC_091013.1	104000001	105000000	0.0020529374848747	975188	2002	975188	0
pop1	NC_091013.1	105000001	106000000	0.00020245933537571	824857	167	824857	0
pop1	NC_091013.1	106000001	107000000	0.0027407495676315	931497	2553	931497	0
pop1	NC_091013.1	107000001	108000000	0.0028593073593074	924000	2642	924000	0
pop1	NC_091013.1	108000001	109000000	0.0041551706232328	934017	3881	934017	0
pop1	NC_091013.1	109000001	110000000	0.0045924306234793	989672	4545	989672	0
pop1	NC_091013.1	110000001	111000000	0.0045891804818438	990155	4544	990155	0
pop1	NC_091013.1	111000001	112000000	0.0054065571419772	990279	5354	990279	0
pop1	NC_091013.1	112000001	113000000	0.0053447224164722	985271	5266	985271	0
pop1	NC_091013.1	113000001	114000000	0.0053160082926874	980623	5213	980623	0
pop1	NC_091013.1	114000001	115000000	0.0042769372590931	987155	4222	987155	0
pop1	NC_091013.1	115000001	116000000	0.0039878715304607	988748	3943	988748	0
pop1	NC_091013.1	116000001	117000000	0.0044670772768002	989909	4422	989909	0
pop1	NC_091013.1	117000001	118000000	0.0047997895312175	980668	4707	980668	0
pop1	NC_091013.1	118000001	119000000	0.0045712379045712	899100	4110	899100	0
pop1	NC_091013.1	119000001	120000000	0.0043152121722768	976777	4215	976777	0
pop1	NC_091013.1	120000001	121000000	0.0039877686769298	246253	982	246253	0
pop1	NC_091014.1	1	1000000	0.0016122183593854	150724	243	150724	0
pop1	NC_091014.1	1000001	2000000	0.0083353918823141	866306	7221	866306	0
pop1	NC_091014.1	2000001	3000000	0.0069852866953346	941121	6574	941121	0
pop1	NC_091014.1	3000001	4000000	0.0055637157174969	975607	5428	975607	0
pop1	NC_091014.1	4000001	5000000	0.004925779649898	974059	4798	974059	0
pop1	NC_091014.1	5000001	6000000	0.0047884662277493	984240	4713	984240	0
pop1	NC_091014.1	6000001	7000000	0.0039605773167667	994047	3937	994047	0
pop1	NC_091014.1	7000001	8000000	0.0043833522178158	960224	4209	960224	0
pop1	NC_091014.1	8000001	9000000	0.0038832339240971	773067	3002	773067	0
pop1	NC_091014.1	9000001	10000000	0.0040145836371591	857125	3441	857125	0
pop1	NC_091014.1	10000001	11000000	0.0044287801381853	980857	4344	980857	0
pop1	NC_091014.1	11000001	12000000	0.0046884251972489	987965	4632	987965	0
pop1	NC_091014.1	12000001	13000000	0.0037989153497703	985018	3742	985018	0
pop1	NC_091014.1	13000001	14000000	0.0039237294806508	990894	3888	990894	0
pop1	NC_091014.1	14000001	15000000	0.0033595751918823	993578	3338	993578	0
pop1	NC_091014.1	15000001	16000000	0.0031564294094122	977687	3086	977687	0
pop1	NC_091014.1	16000001	17000000	0.0035515200158481	979299	3478	979299	0
pop1	NC_091014.1	17000001	18000000	0.003418556112781	988429	3379	988429	0
pop1	NC_091014.1	18000001	19000000	0.0038126687161618	987235	3764	987235	0
pop1	NC_091014.1	19000001	20000000	0.0027083799513358	992106	2687	992106	0
pop1	NC_091014.1	20000001	21000000	0.0024417848381959	976335	2384	976335	0
pop1	NC_091014.1	21000001	22000000	0.0025303643724696	989976	2505	989976	0
pop1	NC_091014.1	22000001	23000000	0.0028972460956111	986454	2858	986454	0
pop1	NC_091014.1	23000001	24000000	0.0028303059174416	965620	2733	965620	0
pop1	NC_091014.1	24000001	25000000	0.0034526922622754	990821	3421	990821	0
pop1	NC_091014.1	25000001	26000000	0.0029833454322237	954633	2848	954633	0
pop1	NC_091014.1	26000001	27000000	0.0024792070600017	984589	2441	984589	0
pop1	NC_091014.1	27000001	28000000	0.0031520963494207	973955	3070	973955	0
pop1	NC_091014.1	28000001	29000000	0.0032726912887038	980233	3208	980233	0
pop1	NC_091014.1	29000001	30000000	0.0030369201131659	991465	3011	991465	0
pop1	NC_091014.1	30000001	31000000	0.0027836291743017	985045	2742	985045	0
pop1	NC_091014.1	31000001	32000000	0.0029512245652377	984676	2906	984676	0
pop1	NC_091014.1	32000001	33000000	0.0035706349675554	981058	3503	981058	0
pop1	NC_091014.1	33000001	34000000	0.0031510802117009	990454	3121	990454	0
pop1	NC_091014.1	34000001	35000000	0.0025548233109044	982064	2509	982064	0
pop1	NC_091014.1	35000001	36000000	0.0026097887435048	982455	2564	982455	0
pop1	NC_091014.1	36000001	37000000	0.0026677972997742	992954	2649	992954	0
pop1	NC_091014.1	37000001	38000000	0.0027888097625439	994331	2773	994331	0
pop1	NC_091014.1	38000001	39000000	0.0038577583284924	958847	3699	958847	0
pop1	NC_091014.1	39000001	40000000	0.00368739375413	991215	3655	991215	0
pop1	NC_091014.1	40000001	41000000	0.003401301958003	986975	3357	986975	0
pop1	NC_091014.1	41000001	42000000	0.0034011948827846	985536	3352	985536	0
pop1	NC_091014.1	42000001	43000000	0.0039595781701114	990257	3921	990257	0
pop1	NC_091014.1	43000001	44000000	0.003923384075095	991491	3890	991491	0
pop1	NC_091014.1	44000001	45000000	0.0035683199277874	992624	3542	992624	0
pop1	NC_091014.1	45000001	46000000	0.0036244324126652	984430	3568	984430	0
pop1	NC_091014.1	46000001	47000000	0.0028822657957343	991581	2858	991581	0
pop1	NC_091014.1	47000001	48000000	0.0018504056117244	568524	1052	568524	0
pop1	NC_091014.1	48000001	49000000	0.0078606330996388	4707	37	4707	0
pop1	NC_091014.1	49000001	50000000	0.001830169064945	731080	1338	731080	0
pop1	NC_091014.1	50000001	51000000	0.0035919149376509	937383	3367	937383	0
pop1	NC_091014.1	51000001	52000000	0.0033007563767155	983108	3245	983108	0
pop1	NC_091014.1	52000001	53000000	0.0028259191533514	993659	2808	993659	0
pop1	NC_091014.1	53000001	54000000	0.0033659233755055	985168	3316	985168	0
pop1	NC_091014.1	54000001	55000000	0.0035171796433021	991988	3489	991988	0
pop1	NC_091014.1	55000001	56000000	0.0031409459852471	756460	2376	756460	0
pop1	NC_091014.1	56000001	57000000	0.0029510778877363	994213	2934	994213	0
pop1	NC_091014.1	57000001	58000000	0.004010692479825	987610	3961	987610	0
pop1	NC_091014.1	58000001	59000000	0.0042745391651318	450107	1924	450107	0
pop1	NC_091014.1	59000001	60000000	0.0038331770629536	677245	2596	677245	0
pop1	NC_091014.1	60000001	61000000	0.0043042369640918	978106	4210	978106	0
pop1	NC_091014.1	61000001	62000000	0.0050274744298394	982004	4937	982004	0
pop1	NC_091014.1	62000001	63000000	0.0047721913527362	980472	4679	980472	0
pop1	NC_091014.1	63000001	64000000	0.0040300116267804	990816	3993	990816	0
pop1	NC_091014.1	64000001	65000000	0.0053927766086535	983167	5302	983167	0
pop1	NC_091014.1	65000001	66000000	0.0044549094333262	990817	4414	990817	0
pop1	NC_091014.1	66000001	67000000	0.0050520450804103	987125	4987	987125	0
pop1	NC_091014.1	67000001	68000000	0.0049859454516134	979754	4885	979754	0
pop1	NC_091014.1	68000001	69000000	0.0045464701970717	747393	3398	747393	0
pop1	NC_091014.1	69000001	70000000	0.0041456612350072	980302	4064	980302	0
pop1	NC_091014.1	70000001	71000000	0.0030839629842802	979908	3022	979908	0
pop1	NC_091014.1	71000001	72000000	0.0011527465439395	917808	1058	917808	0
pop1	NC_091014.1	72000001	73000000	NA	0	NA	NA	NA
pop1	NC_091014.1	73000001	74000000	0.00054235992344906	805738	437	805738	0
pop1	NC_091014.1	74000001	75000000	0.0020485284433413	987050	2022	987050	0
pop1	NC_091014.1	75000001	76000000	0.0046327417481499	989263	4583	989263	0
pop1	NC_091014.1	76000001	77000000	0.0044254900949706	989043	4377	989043	0
pop1	NC_091014.1	77000001	78000000	0.0052968368356245	990780	5248	990780	0
pop1	NC_091014.1	78000001	79000000	0.0045506476624742	984695	4481	984695	0
pop1	NC_091014.1	79000001	80000000	0.0031170838793334	947039	2952	947039	0
pop1	NC_091014.1	80000001	81000000	0.00062227753578096	12856	8	12856	0
pop1	NC_091015.1	1	1000000	0.0034542294547817	872843	3015	872843	0
pop1	NC_091015.1	1000001	2000000	0.0065100824509361	923337	6011	923337	0
pop1	NC_091015.1	2000001	3000000	0.0054457786534056	979107	5332	979107	0
pop1	NC_091015.1	3000001	4000000	0.0056180179476453	972941	5466	972941	0
pop1	NC_091015.1	4000001	5000000	0.0047210826098355	987909	4664	987909	0
pop1	NC_091015.1	5000001	6000000	0.0044882760178805	991472	4450	991472	0
pop1	NC_091015.1	6000001	7000000	0.0045675809631204	982577	4488	982577	0
pop1	NC_091015.1	7000001	8000000	0.0051347960588959	978812	5026	978812	0
pop1	NC_091015.1	8000001	9000000	0.0034739138723548	991389	3444	991389	0
pop1	NC_091015.1	9000001	10000000	0.004190603284131	983152	4120	983152	0
pop1	NC_091015.1	10000001	11000000	0.0040630078759845	991876	4030	991876	0
pop1	NC_091015.1	11000001	12000000	0.0046397506626052	990786	4597	990786	0
pop1	NC_091015.1	12000001	13000000	0.0041592923100157	966751	4021	966751	0
pop1	NC_091015.1	13000001	14000000	0.0037439825253948	992526	3716	992526	0
pop1	NC_091015.1	14000001	15000000	0.0032999963602981	989092	3264	989092	0
pop1	NC_091015.1	15000001	16000000	0.0036775678478387	988425	3635	988425	0
pop1	NC_091015.1	16000001	17000000	0.0031495676153106	936319	2949	936319	0
pop1	NC_091015.1	17000001	18000000	0.0034174845195532	962989	3291	962989	0
pop1	NC_091015.1	18000001	19000000	0.0028661025062677	986008	2826	986008	0
pop1	NC_091015.1	19000001	20000000	0.0037667844522968	990500	3731	990500	0
pop1	NC_091015.1	20000001	21000000	0.0037095265252571	980179	3636	980179	0
pop1	NC_091015.1	21000001	22000000	0.002267686533212	984704	2233	984704	0
pop1	NC_091015.1	22000001	23000000	0.0035726624260776	984140	3516	984140	0
pop1	NC_091015.1	23000001	24000000	0.0033902978254099	979265	3320	979265	0
pop1	NC_091015.1	24000001	25000000	0.0033991393098663	784022	2665	784022	0
pop1	NC_091015.1	25000001	26000000	0	209	0	209	0
pop1	NC_091015.1	26000001	27000000	NA	0	NA	NA	NA
pop1	NC_091015.1	27000001	28000000	NA	0	NA	NA	NA
pop1	NC_091015.1	28000001	29000000	NA	0	NA	NA	NA
pop1	NC_091015.1	29000001	30000000	NA	0	NA	NA	NA
pop1	NC_091015.1	30000001	31000000	NA	0	NA	NA	NA
pop1	NC_091015.1	31000001	32000000	NA	0	NA	NA	NA
pop1	NC_091015.1	32000001	33000000	NA	0	NA	NA	NA
pop1	NC_091015.1	33000001	34000000	NA	0	NA	NA	NA
pop1	NC_091015.1	34000001	35000000	NA	0	NA	NA	NA
pop1	NC_091015.1	35000001	36000000	NA	0	NA	NA	NA
pop1	NC_091015.1	36000001	37000000	NA	0	NA	NA	NA
pop1	NC_091015.1	37000001	38000000	NA	0	NA	NA	NA
pop1	NC_091015.1	38000001	39000000	NA	0	NA	NA	NA
pop1	NC_091015.1	39000001	40000000	0.0032708741606965	498032	1629	498032	0
pop1	NC_091015.1	40000001	41000000	0.0038476601833964	988133	3802	988133	0
pop1	NC_091015.1	41000001	42000000	0.0036498486377397	991000	3617	991000	0
pop1	NC_091015.1	42000001	43000000	0.0031761897962098	980420	3114	980420	0
pop1	NC_091015.1	43000001	44000000	0.0032405723293319	989640	3207	989640	0
pop1	NC_091015.1	44000001	45000000	0.0028023420804677	985961	2763	985961	0
pop1	NC_091015.1	45000001	46000000	0.0035331448447003	983260	3474	983260	0
pop1	NC_091015.1	46000001	47000000	0.0042642013680046	982599	4190	982599	0
pop1	NC_091015.1	47000001	48000000	0.0029349484792284	973782	2858	973782	0
pop1	NC_091015.1	48000001	49000000	0.0035075596396265	989862	3472	989862	0
pop1	NC_091015.1	49000001	50000000	0.0030110698426981	991342	2985	991342	0
pop1	NC_091015.1	50000001	51000000	0.0033848710280449	991766	3357	991766	0
pop1	NC_091015.1	51000001	52000000	0.0032260683370374	985410	3179	985410	0
pop1	NC_091015.1	52000001	53000000	0.0038072434255629	983126	3743	983126	0
pop1	NC_091015.1	53000001	54000000	0.0040589061242948	990661	4021	990661	0
pop1	NC_091015.1	54000001	55000000	0.0032133935047143	992720	3190	992720	0
pop1	NC_091015.1	55000001	56000000	0.0033399452196466	990136	3307	990136	0
pop1	NC_091015.1	56000001	57000000	0.002933836953356	985399	2891	985399	0
pop1	NC_091015.1	57000001	58000000	0.0032935509788801	990724	3263	990724	0
pop1	NC_091015.1	58000001	59000000	0.0033919516581075	987632	3350	987632	0
pop1	NC_091015.1	59000001	60000000	0.00406718508141	980039	3986	980039	0
pop1	NC_091015.1	60000001	61000000	0.0035966151715755	957567	3444	957567	0
pop1	NC_091015.1	61000001	62000000	0.0028011147972899	991391	2777	991391	0
pop1	NC_091015.1	62000001	63000000	0.0019194711284645	899727	1727	899727	0
pop1	NC_091015.1	63000001	64000000	0.0014243796065185	374198	533	374198	0
pop1	NC_091015.1	64000001	65000000	0.00063056275207401	992764	626	992764	0
pop1	NC_091015.1	65000001	66000000	0.00044042586942119	535845	236	535845	0
pop1	NC_091015.1	66000001	67000000	0	1788	0	1788	0
pop1	NC_091015.1	67000001	68000000	0.00061478186947898	811670	499	811670	0
pop1	NC_091015.1	68000001	69000000	0.00049956687037321	970841	485	970841	0
pop1	NC_091015.1	69000001	70000000	0.0018347605934981	991410	1819	991410	0
pop1	NC_091015.1	70000001	71000000	0.0021720945457191	989828	2150	989828	0
pop1	NC_091015.1	71000001	72000000	0.002987671013575	980697	2930	980697	0
pop1	NC_091015.1	72000001	73000000	0.0030111204772403	987008	2972	987008	0
pop1	NC_091015.1	73000001	74000000	0.003148968644269	985402	3103	985402	0
pop1	NC_091015.1	74000001	75000000	0.0026692132156974	986433	2633	986433	0
pop1	NC_091015.1	75000001	76000000	0.0024440390233596	984436	2406	984436	0
pop1	NC_091015.1	76000001	77000000	0.0034891588652912	990210	3455	990210	0
pop1	NC_091015.1	77000001	78000000	0.0036365474535574	989125	3597	989125	0
pop1	NC_091015.1	78000001	79000000	0.0030386021413555	983676	2989	983676	0
pop1	NC_091015.1	79000001	80000000	0.0033481892902735	982322	3289	982322	0
pop1	NC_091015.1	80000001	81000000	0.0032952539456197	990212	3263	990212	0
pop1	NC_091015.1	81000001	82000000	0.003137264513678	979197	3072	979197	0
pop1	NC_091015.1	82000001	83000000	0.0037076835501222	985521	3654	985521	0
pop1	NC_091015.1	83000001	84000000	0.0038124640056138	977583	3727	977583	0
pop1	NC_091015.1	84000001	85000000	0.0040951787279236	980177	4014	980177	0
pop1	NC_091015.1	85000001	86000000	0.0045469431585907	974061	4429	974061	0
pop1	NC_091015.1	86000001	87000000	0.0050821276305433	982069	4991	982069	0
pop1	NC_091015.1	87000001	88000000	0.0047306607042672	969632	4587	969632	0
pop1	NC_091015.1	88000001	89000000	0.0047018075015015	972392	4572	972392	0
pop1	NC_091015.1	89000001	90000000	0.0037578630852786	986731	3708	986731	0
pop1	NC_091015.1	90000001	91000000	0.003689765038661	827966	3055	827966	0
pop1	NC_091015.1	91000001	92000000	0.0035101634677927	980866	3443	980866	0
pop1	NC_091015.1	92000001	93000000	0.003605187509157	989685	3568	989685	0
pop1	NC_091015.1	93000001	94000000	0.0043403655012397	979641	4252	979641	0
pop1	NC_091015.1	94000001	95000000	0.0039276615966564	944837	3711	944837	0
pop1	NC_091015.1	95000001	96000000	0.0032149980218534	980716	3153	980716	0
pop1	NC_091015.1	96000001	97000000	0.0051450318634837	268803	1383	268803	0
pop1	NC_091015.1	97000001	98000000	0.0043067562997684	659429	2840	659429	0
pop1	NC_091015.1	98000001	99000000	0.0041733357408309	980271	4091	980271	0
pop1	NC_091015.1	99000001	100000000	0.0041008018559289	988831	4055	988831	0
pop1	NC_091015.1	100000001	101000000	0.0033917639299886	987097	3348	987097	0
pop1	NC_091015.1	101000001	102000000	0.0039726134593242	983987	3909	983987	0
pop1	NC_091015.1	102000001	103000000	0.0034408096642576	986977	3396	986977	0
pop1	NC_091015.1	103000001	104000000	0.0042988564167726	983750	4229	983750	0
pop1	NC_091015.1	104000001	105000000	0.0043913236124644	986263	4331	986263	0
pop1	NC_091015.1	105000001	106000000	0.0039483916470215	981159	3874	981159	0
pop1	NC_091015.1	106000001	107000000	0.0039904910904769	984340	3928	984340	0
pop1	NC_091015.1	107000001	108000000	0.0029350602692096	985329	2892	985329	0
pop1	NC_091015.1	108000001	109000000	0.0042519945495478	810208	3445	810208	0
pop1	NC_091015.1	109000001	110000000	0.0048877781174184	984701	4813	984701	0
pop1	NC_091015.1	110000001	111000000	0.0045324549569376	976954	4428	976954	0
pop1	NC_091015.1	111000001	112000000	0.0050353746501659	984038	4955	984038	0
pop1	NC_091015.1	112000001	113000000	0.0044658027799955	976980	4363	976980	0
pop1	NC_091015.1	113000001	114000000	0.0032626857172386	986917	3220	986917	0
pop1	NC_091015.1	114000001	115000000	0.0038582631050688	990342	3821	990342	0
pop1	NC_091015.1	115000001	116000000	0.0036908509581642	974572	3597	974572	0
pop1	NC_091015.1	116000001	117000000	0.0043321218624758	980351	4247	980351	0
pop1	NC_091015.1	117000001	118000000	0.0035259307047094	985839	3476	985839	0
pop1	NC_091015.1	118000001	119000000	0.0038882832793688	987068	3838	987068	0
pop1	NC_091015.1	119000001	120000000	0.0035157521979811	982720	3455	982720	0
pop1	NC_091015.1	120000001	121000000	0.0032157157283133	993247	3194	993247	0
pop1	NC_091015.1	121000001	122000000	0.0036406670733279	985259	3587	985259	0
pop1	NC_091015.1	122000001	123000000	0.0032699566690471	372482	1218	372482	0
pop1	NC_091015.1	123000001	124000000	0.0033775815576696	979399	3308	979399	0
pop1	NC_091015.1	124000001	125000000	0.0036458809663023	973153	3548	973153	0
pop1	NC_091015.1	125000001	126000000	0.0039786281494069	979232	3896	979232	0
pop1	NC_091015.1	126000001	127000000	0.0048131230771127	973796	4687	973796	0
pop1	NC_091015.1	127000001	128000000	0.0044963356833158	990362	4453	990362	0
pop1	NC_091015.1	128000001	129000000	0.0040616603541485	988512	4015	988512	0
pop1	NC_091015.1	129000001	130000000	0.0037602656161798	988494	3717	988494	0
pop1	NC_091015.1	130000001	131000000	0.0038656465879011	991296	3832	991296	0
pop1	NC_091015.1	131000001	132000000	0.0039118216955962	985730	3856	985730	0
pop1	NC_091015.1	132000001	133000000	0.0031436864465346	991193	3116	991193	0
pop1	NC_091015.1	133000001	134000000	0.0038321924387506	988990	3790	988990	0
pop1	NC_091015.1	134000001	135000000	0.0034907050186388	982896	3431	982896	0
pop1	NC_091015.1	135000001	136000000	0.0035463297061206	984962	3493	984962	0
pop1	NC_091015.1	136000001	137000000	0.002828165016394	980848	2774	980848	0
pop1	NC_091015.1	137000001	138000000	0.0031245014768985	984157	3075	984157	0
pop1	NC_091015.1	138000001	139000000	0.0036276989805126	980787	3558	980787	0
pop1	NC_091015.1	139000001	140000000	0.0043058734837239	984237	4238	984237	0
pop1	NC_091015.1	140000001	141000000	0.0042218591528816	990322	4181	990322	0
pop1	NC_091015.1	141000001	142000000	0.0031964299613419	963575	3080	963575	0
pop1	NC_091015.1	142000001	143000000	0.0030946371148992	983314	3043	983314	0
pop1	NC_091015.1	143000001	144000000	0.0027859197342411	984953	2744	984953	0
pop1	NC_091015.1	144000001	145000000	0.0025494933136988	980587	2500	980587	0
pop1	NC_091015.1	145000001	146000000	0.002288079855325	971557	2223	971557	0
pop1	NC_091015.1	146000001	147000000	0.0025788436102602	992693	2560	992693	0
pop1	NC_091015.1	147000001	148000000	0.0027037993845618	988239	2672	988239	0
pop1	NC_091015.1	148000001	149000000	0.0029650405487694	991892	2941	991892	0
pop1	NC_091015.1	149000001	150000000	0.0027637066568038	978758	2705	978758	0
pop1	NC_091015.1	150000001	151000000	0.003285731039151	972082	3194	972082	0
pop1	NC_091015.1	151000001	152000000	0.0040574863437187	977206	3965	977206	0
pop1	NC_091015.1	152000001	153000000	0.0030773780656156	967057	2976	967057	0
pop1	NC_091015.1	153000001	154000000	0.0018694330880488	981581	1835	981581	0
pop1	NC_091015.1	154000001	155000000	0.0024633423861166	974286	2400	974286	0
pop1	NC_091015.1	155000001	156000000	0.003237563948556	974807	3156	974807	0
pop1	NC_091015.1	156000001	157000000	0.0031231983499931	985208	3077	985208	0
pop1	NC_091015.1	157000001	158000000	0.0030981625113161	980904	3039	980904	0
pop1	NC_091015.1	158000001	159000000	0.0031483811364562	987174	3108	987174	0
pop1	NC_091015.1	159000001	160000000	0.002504075219818	983996	2464	983996	0
pop1	NC_091015.1	160000001	161000000	0.0043417692836843	984161	4273	984161	0
pop1	NC_091015.1	161000001	162000000	0.0039954326049722	963350	3849	963350	0
pop1	NC_091015.1	162000001	163000000	0.0044854195501998	969586	4349	969586	0
pop1	NC_091015.1	163000001	164000000	0.003617351436776	978893	3541	978893	0
pop1	NC_091015.1	164000001	165000000	0.003309566872241	984721	3259	984721	0
pop1	NC_091015.1	165000001	166000000	0.004887144788013	964776	4715	964776	0
pop1	NC_091015.1	166000001	167000000	0.004936363964131	970755	4792	970755	0
pop1	NC_091015.1	167000001	168000000	0.0076021041967916	706778	5373	706778	0
pop1	NC_091015.1	168000001	169000000	0.0078025931240669	551227	4301	551227	0
pop1	NC_091016.1	1	1000000	0.0011059681317331	24413	27	24413	0
pop1	NC_091016.1	1000001	2000000	0.0035974598805018	351637	1265	351637	0
pop1	NC_091016.1	2000001	3000000	0.0045915101669895	963953	4426	963953	0
pop1	NC_091016.1	3000001	4000000	0.0032539904675799	993242	3232	993242	0
pop1	NC_091016.1	4000001	5000000	0.0033200242815284	990053	3287	990053	0
pop1	NC_091016.1	5000001	6000000	0.0033384386270759	991781	3311	991781	0
pop1	NC_091016.1	6000001	7000000	0.0039735883452296	979719	3893	979719	0
pop1	NC_091016.1	7000001	8000000	0.0040220203844456	987812	3973	987812	0
pop1	NC_091016.1	8000001	9000000	0.0013391164684829	981244	1314	981244	0
pop1	NC_091016.1	9000001	10000000	0.00040032743198915	334726	134	334726	0
pop1	NC_091016.1	10000001	11000000	0	336	0	336	0
pop1	NC_091016.1	11000001	12000000	0.00063862068253714	775108	495	775108	0
pop1	NC_091016.1	12000001	13000000	0.0020742090184669	990257	2054	990257	0
pop1	NC_091016.1	13000001	14000000	0.0035150062949275	984920	3462	984920	0
pop1	NC_091016.1	14000001	15000000	0.0043254195747985	989037	4278	989037	0
pop1	NC_091016.1	15000001	16000000	0.0036275013469996	159614	579	159614	0
pop1	NC_091016.1	16000001	17000000	0.0026245967664968	628668	1650	628668	0
pop1	NC_091016.1	17000001	18000000	0.0042730979625451	746765	3191	746765	0
pop1	NC_091016.1	18000001	19000000	0.0044905019080853	992094	4455	992094	0
pop1	NC_091016.1	19000001	20000000	0.0043655262545938	984761	4299	984761	0
pop1	NC_091016.1	20000001	21000000	0.0040302766189356	989014	3986	989014	0
pop1	NC_091016.1	21000001	22000000	0.0045328346635513	977534	4431	977534	0
pop1	NC_091016.1	22000001	23000000	0.0046652192075419	969515	4523	969515	0
pop1	NC_091016.1	23000001	24000000	0.0047296945889969	980613	4638	980613	0
pop1	NC_091016.1	24000001	25000000	0.0043817746905821	974491	4270	974491	0
pop1	NC_091016.1	25000001	26000000	0.0037891703198571	985440	3734	985440	0
pop1	NC_091016.1	26000001	27000000	0.0045285809361828	338075	1531	338075	0
pop1	NC_091016.1	27000001	28000000	0.0037376879212027	192900	721	192900	0
pop1	NC_091016.1	28000001	29000000	0.0036388926461058	990686	3605	990686	0
pop1	NC_091016.1	29000001	30000000	0.0034234886064255	978534	3350	978534	0
pop1	NC_091016.1	30000001	31000000	0.0042783804982054	986822	4222	986822	0
pop1	NC_091016.1	31000001	32000000	0.0038346495100114	992268	3805	992268	0
pop1	NC_091016.1	32000001	33000000	0.0028372762554871	982985	2789	982985	0
pop1	NC_091016.1	33000001	34000000	0.0036171598790717	991662	3587	991662	0
pop1	NC_091016.1	34000001	35000000	0.0030515441439222	990646	3023	990646	0
pop1	NC_091016.1	35000001	36000000	0.0022088035136337	195581	432	195581	0
pop1	NC_091016.1	36000001	37000000	0.0039920159680639	501	2	501	0
pop1	NC_091016.1	37000001	38000000	0.0033341936636671	805892	2687	805892	0
pop1	NC_091016.1	38000001	39000000	0.0032039227580629	989100	3169	989100	0
pop1	NC_091016.1	39000001	40000000	0.0034444474641237	993483	3422	993483	0
pop1	NC_091016.1	40000001	41000000	0.0030739808102302	984066	3025	984066	0
pop1	NC_091016.1	41000001	42000000	0.0032697255574614	988768	3233	988768	0
pop1	NC_091016.1	42000001	43000000	0.0036354709508656	981716	3569	981716	0
pop1	NC_091016.1	43000001	44000000	0.0031313585208597	990305	3101	990305	0
pop1	NC_091016.1	44000001	45000000	0.0024344150368908	987917	2405	987917	0
pop1	NC_091016.1	45000001	46000000	0.002585994498144	982214	2540	982214	0
pop1	NC_091016.1	46000001	47000000	0.0033867997763299	976438	3307	976438	0
pop1	NC_091016.1	47000001	48000000	0.0034803382633911	988697	3441	988697	0
pop1	NC_091016.1	48000001	49000000	0.0033704347123465	990080	3337	990080	0
pop1	NC_091016.1	49000001	50000000	0.0030550626752905	978376	2989	978376	0
pop1	NC_091016.1	50000001	51000000	0.0031865189556494	966572	3080	966572	0
pop1	NC_091016.1	51000001	52000000	0.0032093993184477	983050	3155	983050	0
pop1	NC_091016.1	52000001	53000000	0.0031954965697801	982007	3138	982007	0
pop1	NC_091016.1	53000001	54000000	0.0031504984348131	993811	3131	993811	0
pop1	NC_091016.1	54000001	55000000	0.0040399449930061	338866	1369	338866	0
pop1	NC_091016.1	55000001	56000000	0.0030372228764528	488275	1483	488275	0
pop1	NC_091016.1	56000001	57000000	0.0030548564358531	992518	3032	992518	0
pop1	NC_091016.1	57000001	58000000	0.0027798176350742	989993	2752	989993	0
pop1	NC_091016.1	58000001	59000000	0.0037358708096167	992272	3707	992272	0
pop1	NC_091016.1	59000001	60000000	0.0034012163209924	990528	3369	990528	0
pop1	NC_091016.1	60000001	61000000	0.0031634496021234	991639	3137	991639	0
pop1	NC_091016.1	61000001	62000000	0.0032198086254592	992295	3195	992295	0
pop1	NC_091016.1	62000001	63000000	0.0031678195491807	974803	3088	974803	0
pop1	NC_091016.1	63000001	64000000	0.0024912498258044	990266	2467	990266	0
pop1	NC_091016.1	64000001	65000000	0.0031597785925507	986778	3118	986778	0
pop1	NC_091016.1	65000001	66000000	0.0042019394343232	990495	4162	990495	0
pop1	NC_091016.1	66000001	67000000	0.0038110847026427	992106	3781	992106	0
pop1	NC_091016.1	67000001	68000000	0.0042787597195952	982294	4203	982294	0
pop1	NC_091016.1	68000001	69000000	0.0043168819068816	965975	4170	965975	0
pop1	NC_091016.1	69000001	70000000	0.0033382871592396	991826	3311	991826	0
pop1	NC_091016.1	70000001	71000000	0.0034612274891515	990689	3429	990689	0
pop1	NC_091016.1	71000001	72000000	0.0030529538995879	989861	3022	989861	0
pop1	NC_091016.1	72000001	73000000	0.0037118395511717	986034	3660	986034	0
pop1	NC_091016.1	73000001	74000000	0.0039727484811714	989743	3932	989743	0
pop1	NC_091016.1	74000001	75000000	0.0036713438859171	988194	3628	988194	0
pop1	NC_091016.1	75000001	76000000	0.0038846876038467	990041	3846	990041	0
pop1	NC_091016.1	76000001	77000000	0.0036957106243246	978161	3615	978161	0
pop1	NC_091016.1	77000001	78000000	0.002848945099784	986681	2811	986681	0
pop1	NC_091016.1	78000001	79000000	0.0030646847968664	992598	3042	992598	0
pop1	NC_091016.1	79000001	80000000	0.0029328501868418	971410	2849	971410	0
pop1	NC_091016.1	80000001	81000000	0.0030170127119502	987732	2980	987732	0
pop1	NC_091016.1	81000001	82000000	0.0038967379884056	970812	3783	970812	0
pop1	NC_091016.1	82000001	83000000	0.0041856196025335	985995	4127	985995	0
pop1	NC_091016.1	83000001	84000000	0.0038434558804976	990775	3808	990775	0
pop1	NC_091016.1	84000001	85000000	0.0025131352323941	987611	2482	987611	0
pop1	NC_091016.1	85000001	86000000	0.0039561699361793	976955	3865	976955	0
pop1	NC_091016.1	86000001	87000000	0.0036599720816965	987166	3613	987166	0
pop1	NC_091016.1	87000001	88000000	0.0027288471329392	987963	2696	987963	0
pop1	NC_091016.1	88000001	89000000	0.0030794446314847	992062	3055	992062	0
pop1	NC_091016.1	89000001	90000000	0.0034341266077795	984821	3382	984821	0
pop1	NC_091016.1	90000001	91000000	0.0034442067095678	979616	3374	979616	0
pop1	NC_091016.1	91000001	92000000	0.0033727682068335	989395	3337	989395	0
pop1	NC_091016.1	92000001	93000000	0.0032683595928186	982756	3212	982756	0
pop1	NC_091016.1	93000001	94000000	0.0033518411350732	988412	3313	988412	0
pop1	NC_091016.1	94000001	95000000	0.0032604099436939	988526	3223	988526	0
pop1	NC_091016.1	95000001	96000000	0.0033180324384422	978592	3247	978592	0
pop1	NC_091016.1	96000001	97000000	0.0029577169290916	977105	2890	977105	0
pop1	NC_091016.1	97000001	98000000	0.0038443100523637	976248	3753	976248	0
pop1	NC_091016.1	98000001	99000000	0.0029402395547201	982573	2889	982573	0
pop1	NC_091016.1	99000001	100000000	0.0039958442405044	981770	3923	981770	0
pop1	NC_091016.1	100000001	101000000	0.0034542105374594	991833	3426	991833	0
pop1	NC_091016.1	101000001	102000000	0.0030188035382803	972902	2937	972902	0
pop1	NC_091016.1	102000001	103000000	0.0029066043663114	983622	2859	983622	0
pop1	NC_091016.1	103000001	104000000	0.0035020369305713	970578	3399	970578	0
pop1	NC_091016.1	104000001	105000000	0.0028673585356181	975811	2798	975811	0
pop1	NC_091016.1	105000001	106000000	0.002328724758287	811603	1890	811603	0
pop1	NC_091016.1	106000001	107000000	0.0028581566684169	975104	2787	975104	0
pop1	NC_091016.1	107000001	108000000	0.0028103590349691	969627	2725	969627	0
pop1	NC_091016.1	108000001	109000000	0.0031856085449264	981916	3128	981916	0
pop1	NC_091016.1	109000001	110000000	0.0027611186070254	974605	2691	974605	0
pop1	NC_091016.1	110000001	111000000	0.002821218313136	988580	2789	988580	0
pop1	NC_091016.1	111000001	112000000	0.00324289454789	973513	3157	973513	0
pop1	NC_091016.1	112000001	113000000	0.0038541041541642	974805	3757	974805	0
pop1	NC_091016.1	113000001	114000000	0.0031643231172733	987889	3126	987889	0
pop1	NC_091016.1	114000001	115000000	0.0036050233829456	955611	3445	955611	0
pop1	NC_091016.1	115000001	116000000	0.0029707179302315	990333	2942	990333	0
pop1	NC_091016.1	116000001	117000000	0.0033952492798492	989029	3358	989029	0
pop1	NC_091016.1	117000001	118000000	0.0030945454284799	976557	3022	976557	0
pop1	NC_091016.1	118000001	119000000	0.0038045408319747	991184	3771	991184	0
pop1	NC_091016.1	119000001	120000000	0.0035818578645845	986918	3535	986918	0
pop1	NC_091016.1	120000001	121000000	0.0037974913541963	990654	3762	990654	0
pop1	NC_091016.1	121000001	122000000	0.0044879165580716	978405	4391	978405	0
pop1	NC_091016.1	122000001	123000000	0.0060522764085977	969883	5870	969883	0
pop1	NC_091016.1	123000001	124000000	0.0051605188678283	980134	5058	980134	0
pop1	NC_091016.1	124000001	125000000	0.015001406462502	387497	5813	387497	0
pop1	NC_091016.1	125000001	126000000	0.0065272864668324	821781	5364	821781	0
pop1	NC_091016.1	126000001	127000000	0.0023348171423584	137484	321	137484	0
pop1	NC_091017.1	1	1000000	0.00041930174703559	605769	254	605769	0
pop1	NC_091017.1	1000001	2000000	0.0010296336606723	970248	999	970248	0
pop1	NC_091017.1	2000001	3000000	0.0024938918894827	987212	2462	987212	0
pop1	NC_091017.1	3000001	4000000	0.00016409516296382	981138	161	981138	0
pop1	NC_091017.1	4000001	5000000	0.00022011258351031	981316	216	981316	0
pop1	NC_091017.1	5000001	6000000	9.2829767548141e-05	980289	91	980289	0
pop1	NC_091017.1	6000001	7000000	0.00012798153815526	984517	126	984517	0
pop1	NC_091017.1	7000001	8000000	0.00014838810805162	956950	142	956950	0
pop1	NC_091017.1	8000001	9000000	0.00011108839445362	846173	94	846173	0
pop1	NC_091017.1	9000001	10000000	0.00031276565853578	975171	305	975171	0
pop1	NC_091017.1	10000001	11000000	0.00028276356984413	979617	277	979617	0
pop1	NC_091017.1	11000001	12000000	0.00058469722748077	208655	122	208655	0
pop1	NC_091017.1	12000001	13000000	7.5092723188633e-05	306288	23	306288	0
pop1	NC_091017.1	13000001	14000000	0.00043723255344835	976597	427	976597	0
pop1	NC_091017.1	14000001	15000000	0.0013717846032666	451966	620	451966	0
pop1	NC_091017.1	15000001	16000000	0.0042874336868314	967945	4150	967945	0
pop1	NC_091017.1	16000001	17000000	0.0034529058075648	987574	3410	987574	0
pop1	NC_091017.1	17000001	18000000	0.0040598951075528	986725	4006	986725	0
pop1	NC_091017.1	18000001	19000000	0.0041585766230098	991445	4123	991445	0
pop1	NC_091017.1	19000001	20000000	0.0047434313149525	987260	4683	987260	0
pop1	NC_091017.1	20000001	21000000	0.0039276527987588	979720	3848	979720	0
pop1	NC_091017.1	21000001	22000000	0.0044507998384839	988137	4398	988137	0
pop1	NC_091017.1	22000001	23000000	0.0046404581149315	988049	4585	988049	0
pop1	NC_091017.1	23000001	24000000	0.0044559535954287	983179	4381	983179	0
pop1	NC_091017.1	24000001	25000000	0.004250669810201	985727	4190	985727	0
pop1	NC_091017.1	25000001	26000000	0.0041030461050434	663897	2724	663897	0
pop1	NC_091017.1	26000001	27000000	0.00064354665713264	41955	27	41955	0
pop1	NC_091017.1	27000001	28000000	0.0035892522318761	920526	3304	920526	0
pop1	NC_091017.1	28000001	29000000	0.0035306762088029	776905	2743	776905	0
pop1	NC_091017.1	29000001	30000000	0.0043139286263104	982631	4239	982631	0
pop1	NC_091017.1	30000001	31000000	0.0038877778366115	982052	3818	982052	0
pop1	NC_091017.1	31000001	32000000	0.0035409052629034	992684	3515	992684	0
pop1	NC_091017.1	32000001	33000000	0.0033068217745615	971023	3211	971023	0
pop1	NC_091017.1	33000001	34000000	0.003415559772296	993395	3393	993395	0
pop1	NC_091017.1	34000001	35000000	0.0035205758097324	984214	3465	984214	0
pop1	NC_091017.1	35000001	36000000	0.0039596173616636	989237	3917	989237	0
pop1	NC_091017.1	36000001	37000000	0.0043872222531744	987185	4331	987185	0
pop1	NC_091017.1	37000001	38000000	0.0042430609129557	365538	1551	365538	0
pop1	NC_091017.1	38000001	39000000	0.004293643313436	238725	1025	238725	0
pop1	NC_091017.1	39000001	40000000	0.003566030200545	989055	3527	989055	0
pop1	NC_091017.1	40000001	41000000	0.0029885224583424	990456	2960	990456	0
pop1	NC_091017.1	41000001	42000000	0.0038558251374134	981891	3786	981891	0
pop1	NC_091017.1	42000001	43000000	0.003732480889394	987279	3685	987279	0
pop1	NC_091017.1	43000001	44000000	0.0041109917224216	989299	4067	989299	0
pop1	NC_091017.1	44000001	45000000	0.0034921939194741	988204	3451	988204	0
pop1	NC_091017.1	45000001	46000000	0.0028234907117207	984951	2781	984951	0
pop1	NC_091017.1	46000001	47000000	0.0028164421528868	981380	2764	981380	0
pop1	NC_091017.1	47000001	48000000	0.0033604658315051	975460	3278	975460	0
pop1	NC_091017.1	48000001	49000000	0.0035066799428197	991251	3476	991251	0
pop1	NC_091017.1	49000001	50000000	0.003306247963506	982080	3247	982080	0
pop1	NC_091017.1	50000001	51000000	0.0031758969241057	983974	3125	983974	0
pop1	NC_091017.1	51000001	52000000	0.0031892073238921	983630	3137	983630	0
pop1	NC_091017.1	52000001	53000000	0.0019506614200366	980693	1913	980693	0
pop1	NC_091017.1	53000001	54000000	0.0022003815479831	987556	2173	987556	0
pop1	NC_091017.1	54000001	55000000	0.0034047289140445	986569	3359	986569	0
pop1	NC_091017.1	55000001	56000000	0.0020614603776821	991045	2043	991045	0
pop1	NC_091017.1	56000001	57000000	0.0024918111037287	988839	2464	988839	0
pop1	NC_091017.1	57000001	58000000	0.0033820089765472	980778	3317	980778	0
pop1	NC_091017.1	58000001	59000000	0.0032768236709955	986321	3232	986321	0
pop1	NC_091017.1	59000001	60000000	0.0033949844600082	982626	3336	982626	0
pop1	NC_091017.1	60000001	61000000	0.0022379019207117	973233	2178	973233	0
pop1	NC_091017.1	61000001	62000000	0.0024028463558005	992989	2386	992989	0
pop1	NC_091017.1	62000001	63000000	0.0030600355117727	989531	3028	989531	0
pop1	NC_091017.1	63000001	64000000	0.0026720248594283	989886	2645	989886	0
pop1	NC_091017.1	64000001	65000000	0.0029041835468692	972046	2823	972046	0
pop1	NC_091017.1	65000001	66000000	0.0038418721963884	973744	3741	973744	0
pop1	NC_091017.1	66000001	67000000	0.0041230695848837	989554	4080	989554	0
pop1	NC_091017.1	67000001	68000000	0.0030522932627196	989420	3020	989420	0
pop1	NC_091017.1	68000001	69000000	0.0037435315469677	985166	3688	985166	0
pop1	NC_091017.1	69000001	70000000	0.0039189312189646	988790	3875	988790	0
pop1	NC_091017.1	70000001	71000000	0.0031134122307984	985414	3068	985414	0
pop1	NC_091017.1	71000001	72000000	0.0035337115679848	990743	3501	990743	0
pop1	NC_091017.1	72000001	73000000	0.0034476412490031	978060	3372	978060	0
pop1	NC_091017.1	73000001	74000000	0.0045785437309756	985903	4514	985903	0
pop1	NC_091017.1	74000001	75000000	0.0050605832912473	974196	4930	974196	0
pop1	NC_091017.1	75000001	76000000	0.0050187341397308	972556	4881	972556	0
pop1	NC_091017.1	76000001	77000000	0.005661885881182	980592	5552	980592	0
pop1	NC_091017.1	77000001	78000000	0.0092151970448645	790759	7287	790759	0
pop1	NC_091017.1	78000001	79000000	0.0073715981287908	902518	6653	902518	0
pop1	NC_091017.1	79000001	80000000	0.0023069843686794	566107	1306	566107	0
pop1	NC_091018.1	1	1000000	0.0021341978404647	923532	1971	923532	0
pop1	NC_091018.1	1000001	2000000	0.0042247224649642	988704	4177	988704	0
pop1	NC_091018.1	2000001	3000000	0.0042008215389786	987902	4150	987902	0
pop1	NC_091018.1	3000001	4000000	0.0051056156672844	980489	5006	980489	0
pop1	NC_091018.1	4000001	5000000	0.003916598536493	987081	3866	987081	0
pop1	NC_091018.1	5000001	6000000	0.0047578008342139	985119	4687	985119	0
pop1	NC_091018.1	6000001	7000000	0.0040341152254988	981380	3959	981380	0
pop1	NC_091018.1	7000001	8000000	0.0010214431415415	977049	998	977049	0
pop1	NC_091018.1	8000001	9000000	0.0005995792044129	183462	110	183462	0
pop1	NC_091018.1	9000001	10000000	0.0014175629720962	931881	1321	931881	0
pop1	NC_091018.1	10000001	11000000	0.0021033638565197	983187	2068	983187	0
pop1	NC_091018.1	11000001	12000000	0.0031058839637724	993276	3085	993276	0
pop1	NC_091018.1	12000001	13000000	0.0035699482962573	991611	3540	991611	0
pop1	NC_091018.1	13000001	14000000	0.0030447052732553	826681	2517	826681	0
pop1	NC_091018.1	14000001	15000000	0.0033275663855749	799383	2660	799383	0
pop1	NC_091018.1	15000001	16000000	0.0036260989185068	978462	3548	978462	0
pop1	NC_091018.1	16000001	17000000	0.0048260122159381	990673	4781	990673	0
pop1	NC_091018.1	17000001	18000000	0.0046165241124606	985590	4550	985590	0
pop1	NC_091018.1	18000001	19000000	0.0048700464919435	973502	4741	973502	0
pop1	NC_091018.1	19000001	20000000	0.0042698729659685	988554	4221	988554	0
pop1	NC_091018.1	20000001	21000000	0.0047141227814243	980246	4621	980246	0
pop1	NC_091018.1	21000001	22000000	0.0039146406371776	841712	3295	841712	0
pop1	NC_091019.1	1	1000000	0.0016650242957627	29429	49	29429	0
pop1	NC_091019.1	1000001	2000000	0.0063169327685457	690525	4362	690525	0
pop1	NC_091019.1	2000001	3000000	0.0060025429807443	938269	5632	938269	0
pop1	NC_091019.1	3000001	4000000	0.0038067240322342	988514	3763	988514	0
pop1	NC_091019.1	4000001	5000000	0.0041211959897081	225420	929	225420	0
pop1	NC_091019.1	5000001	6000000	0.0021188632215397	299689	635	299689	0
pop1	NC_091019.1	6000001	7000000	0.0020959268581237	988107	2071	988107	0
pop1	NC_091019.1	7000001	8000000	0.00053451654205977	733373	392	733373	0
pop1	NC_091019.1	8000001	9000000	0.00059303265353248	571638	339	571638	0
pop1	NC_091019.1	9000001	10000000	0.0012354214600642	970519	1199	970519	0
pop1	NC_091019.1	10000001	11000000	0.0037606889380218	990510	3725	990510	0
pop1	NC_091019.1	11000001	12000000	0.0047733446863723	986520	4709	986520	0
pop1	NC_091019.1	12000001	13000000	0.0037779529460221	985719	3724	985719	0
pop1	NC_091019.1	13000001	14000000	0.0043561534097956	983666	4285	983666	0
pop1	NC_091019.1	14000001	15000000	0.0040516192473697	964059	3906	964059	0
pop1	NC_091019.1	15000001	16000000	0.0043081701550274	989051	4261	989051	0
pop1	NC_091019.1	16000001	17000000	0.0040696955632617	986806	4016	986806	0
pop1	NC_091019.1	17000001	18000000	0.0040874285835395	990843	4050	990843	0
pop1	NC_091019.1	18000001	19000000	0.004465369857691	988272	4413	988272	0
pop1	NC_091019.1	19000001	20000000	0.0035743531077183	990389	3540	990389	0
pop1	NC_091019.1	20000001	21000000	0.0030354553704612	958670	2910	958670	0
pop1	NC_091019.1	21000001	22000000	0.003582727226489	983050	3522	983050	0
pop1	NC_091019.1	22000001	23000000	0.0036181291797859	986145	3568	986145	0
pop1	NC_091019.1	23000001	24000000	0.0041948268521506	988837	4148	988837	0
pop1	NC_091019.1	24000001	25000000	0.0048395472437114	976331	4725	976331	0
pop1	NC_091019.1	25000001	26000000	0.0045203293469489	988866	4470	988866	0
pop1	NC_091019.1	26000001	27000000	0.0043059226498236	984458	4239	984458	0
pop1	NC_091019.1	27000001	28000000	0.0033338034070537	985661	3286	985661	0
pop1	NC_091019.1	28000001	29000000	0.002729336284657	992549	2709	992549	0
pop1	NC_091019.1	29000001	30000000	0.0029438412705192	983409	2895	983409	0
pop1	NC_091019.1	30000001	31000000	0.0035828470442519	993065	3558	993065	0
pop1	NC_091019.1	31000001	32000000	0.0025984540510747	990589	2574	990589	0
pop1	NC_091019.1	32000001	33000000	0.0019884644859436	991720	1972	991720	0
pop1	NC_091019.1	33000001	34000000	0.0024480631352154	991396	2427	991396	0
pop1	NC_091019.1	34000001	35000000	0.0026545071592937	990391	2629	990391	0
pop1	NC_091019.1	35000001	36000000	0.0026899654409211	981797	2641	981797	0
pop1	NC_091019.1	36000001	37000000	0.0025347318863725	973673	2468	973673	0
pop1	NC_091019.1	37000001	38000000	0.0027579983476399	984047	2714	984047	0
pop1	NC_091019.1	38000001	39000000	0.0036795016021671	984916	3624	984916	0
pop1	NC_091019.1	39000001	40000000	0.0027121698371078	987770	2679	987770	0
pop1	NC_091019.1	40000001	41000000	0.0025022232385598	983925	2462	983925	0
pop1	NC_091019.1	41000001	42000000	0.0017928646407363	991709	1778	991709	0
pop1	NC_091019.1	42000001	43000000	0.0027591460956773	992336	2738	992336	0
pop1	NC_091019.1	43000001	44000000	0.00305475707432	993205	3034	993205	0
pop1	NC_091019.1	44000001	45000000	0.0023873064284807	991494	2367	991494	0
pop1	NC_091019.1	45000001	46000000	0.0021802061872296	992108	2163	992108	0
pop1	NC_091019.1	46000001	47000000	0.001544223183117	991437	1531	991437	0
pop1	NC_091019.1	47000001	48000000	0.0023911964763035	979426	2342	979426	0
pop1	NC_091019.1	48000001	49000000	0.0038305415369921	988372	3786	988372	0
pop1	NC_091019.1	49000001	50000000	0.0032381304057605	985754	3192	985754	0
pop1	NC_091019.1	50000001	51000000	0.00290669960791	985998	2866	985998	0
pop1	NC_091019.1	51000001	52000000	0.0024124637575963	991932	2393	991932	0
pop1	NC_091019.1	52000001	53000000	0.0026383049719737	994957	2625	994957	0
pop1	NC_091019.1	53000001	54000000	0.0033036882108955	991619	3276	991619	0
pop1	NC_091019.1	54000001	55000000	0.0031246002887058	985086	3078	985086	0
pop1	NC_091019.1	55000001	56000000	0.0034817710080062	983982	3426	983982	0
pop1	NC_091019.1	56000001	57000000	0.0031075896275564	984686	3060	984686	0
pop1	NC_091019.1	57000001	58000000	0.0031113402250536	983499	3060	983499	0
pop1	NC_091019.1	58000001	59000000	0.0045982880282053	991021	4557	991021	0
pop1	NC_091019.1	59000001	60000000	0.0043227829582476	967201	4181	967201	0
pop1	NC_091019.1	60000001	61000000	0.0042623834812192	990291	4221	990291	0
pop1	NC_091019.1	61000001	62000000	0.0044485818169954	980762	4363	980762	0
pop1	NC_091019.1	62000001	63000000	0.0045267786813615	928033	4201	928033	0
pop1	NC_091019.1	63000001	64000000	0.0045041340889928	912051	4108	912051	0
pop1	NC_091019.1	64000001	65000000	0.0044601026948015	987197	4403	987197	0
pop1	NC_091019.1	65000001	66000000	0.0056053124885137	979428	5490	979428	0
pop1	NC_091019.1	66000001	67000000	0.0066568449140923	920406	6127	920406	0
pop1	NC_091019.1	67000001	68000000	0.0049355859690016	938693	4633	938693	0
pop1	NC_091019.1	68000001	69000000	0.0023837902264601	1678	4	1678	0
pop1	NC_091020.1	1	1000000	0.00072942273507434	881519	643	881519	0
pop1	NC_091020.1	1000001	2000000	0.00067962121896533	974072	662	974072	0
pop1	NC_091020.1	2000001	3000000	0.0010152696110947	912073	926	912073	0
pop1	NC_091020.1	3000001	4000000	0.0014337441093489	780474	1119	780474	0
pop1	NC_091020.1	4000001	5000000	0.0017455863404337	991071	1730	991071	0
pop1	NC_091020.1	5000001	6000000	0.0030713798435741	983597	3021	983597	0
pop1	NC_091020.1	6000001	7000000	0.0025065814140062	992188	2487	992188	0
pop1	NC_091020.1	7000001	8000000	0.0021270616018877	989158	2104	989158	0
pop1	NC_091020.1	8000001	9000000	0.0048226904559158	991148	4780	991148	0
pop1	NC_091020.1	9000001	10000000	0.0038212930086988	978988	3741	978988	0
pop1	NC_091020.1	10000001	11000000	0.0038854688968776	980834	3811	980834	0
pop1	NC_091020.1	11000001	12000000	0.0041621822893023	980255	4080	980255	0
pop1	NC_091020.1	12000001	13000000	0.0029410370961871	991827	2917	991827	0
pop1	NC_091020.1	13000001	14000000	0.0033019683637658	983050	3246	983050	0
pop1	NC_091020.1	14000001	15000000	0.0029811219143724	991573	2956	991573	0
pop1	NC_091020.1	15000001	16000000	0.0026711971469341	985326	2632	985326	0
pop1	NC_091020.1	16000001	17000000	0.0025491908626774	985803	2513	985803	0
pop1	NC_091020.1	17000001	18000000	0.0031036648243592	992053	3079	992053	0
pop1	NC_091020.1	18000001	19000000	0.0037978663969218	982657	3732	982657	0
pop1	NC_091020.1	19000001	20000000	0.0041801345152391	980112	4097	980112	0
pop1	NC_091020.1	20000001	21000000	0.0037156456627933	991214	3683	991214	0
pop1	NC_091020.1	21000001	22000000	0.0028889423691744	993097	2869	993097	0
pop1	NC_091020.1	22000001	23000000	0.0035705087091121	990055	3535	990055	0
pop1	NC_091020.1	23000001	24000000	0.0032852756345249	992002	3259	992002	0
pop1	NC_091020.1	24000001	25000000	0.0029831071479682	992254	2960	992254	0
pop1	NC_091020.1	25000001	26000000	0.0042443305768353	985550	4183	985550	0
pop1	NC_091020.1	26000001	27000000	0.0043614096349977	992569	4329	992569	0
pop1	NC_091020.1	27000001	28000000	0.003828197286359	991067	3794	991067	0
pop1	NC_091020.1	28000001	29000000	0.0035331084610575	874867	3091	874867	0
pop1	NC_091020.1	29000001	30000000	0.0043754872130158	994175	4350	994175	0
pop1	NC_091020.1	30000001	31000000	0.003892649358261	975942	3799	975942	0
pop1	NC_091020.1	31000001	32000000	0.004225105224664	992638	4194	992638	0
pop1	NC_091020.1	32000001	33000000	0.004838858735438	963037	4660	963037	0
pop1	NC_091020.1	33000001	34000000	0.004388136439251	987663	4334	987663	0
pop1	NC_091020.1	34000001	35000000	0.0049522593138113	970870	4808	970870	0
pop1	NC_091020.1	35000001	36000000	0.0041397874698215	980002	4057	980002	0
pop1	NC_091020.1	36000001	37000000	0.0040269546823632	972447	3916	972447	0
pop1	NC_091020.1	37000001	38000000	0.0010638223416689	142881	152	142881	0
pop1	NC_091021.1	1	1000000	0.00145626258563	837761	1220	837761	0
pop1	NC_091021.1	1000001	2000000	0.0037659182348592	975061	3672	975061	0
pop1	NC_091021.1	2000001	3000000	0.0040812259497351	973482	3973	973482	0
pop1	NC_091021.1	3000001	4000000	0.0026770550378729	992135	2656	992135	0
pop1	NC_091021.1	4000001	5000000	0.0016083850881318	986704	1587	986704	0
pop1	NC_091021.1	5000001	6000000	0.0021000069757297	960473	2017	960473	0
pop1	NC_091021.1	6000001	7000000	0.0029441979410286	915020	2694	915020	0
pop1	NC_091021.1	7000001	8000000	0.004054166929814	981706	3980	981706	0
pop1	NC_091021.1	8000001	9000000	0.0040898369522377	989526	4047	989526	0
pop1	NC_091021.1	9000001	10000000	0.0037668214138802	850850	3205	850850	0
pop1	NC_091021.1	10000001	11000000	0.0040604766817503	966389	3924	966389	0
pop1	NC_091021.1	11000001	12000000	0.003222374320323	918267	2959	918267	0
pop1	NC_091021.1	12000001	13000000	0.0032893908076442	992281	3264	992281	0
pop1	NC_091021.1	13000001	14000000	0.0027903721571886	991624	2767	991624	0
pop1	NC_091021.1	14000001	15000000	0.0033708829633071	990245	3338	990245	0
pop1	NC_091021.1	15000001	16000000	0.0033791780598294	980120	3312	980120	0
pop1	NC_091021.1	16000001	17000000	0.0025979476717849	991167	2575	991167	0
pop1	NC_091021.1	17000001	18000000	0.0033013445016183	988991	3265	988991	0
pop1	NC_091021.1	18000001	19000000	0.0025825607012778	990877	2559	990877	0
pop1	NC_091021.1	19000001	20000000	0.0026426076950723	993337	2625	993337	0
pop1	NC_091021.1	20000001	21000000	0.0027089908882163	985976	2671	985976	0
pop1	NC_091021.1	21000001	22000000	0.0020378351330848	991248	2020	991248	0
pop1	NC_091021.1	22000001	23000000	0.0022965673109082	986690	2266	986690	0
pop1	NC_091021.1	23000001	24000000	0.0030839388786338	990292	3054	990292	0
pop1	NC_091021.1	24000001	25000000	0.0032001951834419	983690	3148	983690	0
pop1	NC_091021.1	25000001	26000000	0.003355183968931	715311	2400	715311	0
pop1	NC_091021.1	26000001	27000000	0.0049785506248296	975786	4858	975786	0
pop1	NC_091021.1	27000001	28000000	0.0034698203164726	993135	3446	993135	0
pop1	NC_091021.1	28000001	29000000	0.0034171393977669	994399	3398	994399	0
pop1	NC_091021.1	29000001	30000000	0.003832177804993	992908	3805	992908	0
pop1	NC_091021.1	30000001	31000000	0.0035415334930911	990249	3507	990249	0
pop1	NC_091021.1	31000001	32000000	0.0043662556349884	980703	4282	980703	0
pop1	NC_091021.1	32000001	33000000	0.0046968213878584	993012	4664	993012	0
pop1	NC_091021.1	33000001	34000000	0.0043560029590987	992194	4322	992194	0
pop1	NC_091021.1	34000001	35000000	0.004331768552025	992897	4301	992897	0
pop1	NC_091021.1	35000001	36000000	0.0048153438073862	980200	4720	980200	0
pop1	NC_091021.1	36000001	37000000	0.003663377028103	990889	3630	990889	0
pop1	NC_091021.1	37000001	38000000	0.0048255634298682	987035	4763	987035	0
pop1	NC_091021.1	38000001	39000000	0.0060667351377604	951253	5771	951253	0
pop1	NC_091021.1	39000001	40000000	0.0023660796843857	973340	2303	973340	0
pop1	NC_091021.1	40000001	41000000	0.0014982063726525	47390	71	47390	0
pop1	NC_091022.1	1	1000000	0.0028986255182261	465048	1348	465048	0
pop1	NC_091022.1	1000001	2000000	0.003053109196988	993086	3032	993086	0
pop1	NC_091022.1	2000001	3000000	0.0055349837128225	978684	5417	978684	0
pop1	NC_091022.1	3000001	4000000	0.0061532649757151	926500	5701	926500	0
pop1	NC_091022.1	4000001	5000000	0.0042446391064533	957443	4064	957443	0
pop1	NC_091022.1	5000001	6000000	0.00095064959125541	863620	821	863620	0
pop1	NC_091022.1	6000001	7000000	0.00024574829033179	378436	93	378436	0
pop1	NC_091022.1	7000001	8000000	0.0011179126399527	994711	1112	994711	0
pop1	NC_091022.1	8000001	9000000	0.0028063319058505	993824	2789	993824	0
pop1	NC_091022.1	9000001	10000000	0.0035450125483505	965864	3424	965864	0
pop1	NC_091022.1	10000001	11000000	0.0029747069187162	991022	2948	991022	0
pop1	NC_091022.1	11000001	12000000	0.0031677385782058	989665	3135	989665	0
pop1	NC_091022.1	12000001	13000000	0.0038316905744483	982595	3765	982595	0
pop1	NC_091022.1	13000001	14000000	0.0042392044460048	988393	4190	988393	0
pop1	NC_091022.1	14000001	15000000	0.003128357486217	991255	3101	991255	0
pop1	NC_091022.1	15000001	16000000	0.0034170655452519	980666	3351	980666	0
pop1	NC_091022.1	16000001	17000000	0.002771442358977	984325	2728	984325	0
pop1	NC_091022.1	17000001	18000000	0.0028798305982001	991725	2856	991725	0
pop1	NC_091022.1	18000001	19000000	0.003143935410279	988888	3109	988888	0
pop1	NC_091022.1	19000001	20000000	0.0033147780920649	993430	3293	993430	0
pop1	NC_091022.1	20000001	21000000	0.0033319529959869	992511	3307	992511	0
pop1	NC_091022.1	21000001	22000000	0.0035417498717712	986518	3494	986518	0
pop1	NC_091022.1	22000001	23000000	0.0030833408905414	992430	3060	992430	0
pop1	NC_091022.1	23000001	24000000	0.0032669892003938	992351	3242	992351	0
pop1	NC_091022.1	24000001	25000000	0.0040440808856578	990089	4004	990089	0
pop1	NC_091022.1	25000001	26000000	0.0037743641750274	978178	3692	978178	0
pop1	NC_091022.1	26000001	27000000	0.0032863725761097	984368	3235	984368	0
pop1	NC_091022.1	27000001	28000000	0.0037666586703705	992126	3737	992126	0
pop1	NC_091022.1	28000001	29000000	0.0044710368195897	989256	4423	989256	0
pop1	NC_091022.1	29000001	30000000	0.0043259275389495	991926	4291	991926	0
pop1	NC_091022.1	30000001	31000000	0.0033764732205682	987717	3335	987717	0
pop1	NC_091022.1	31000001	32000000	0.005055211033468	984133	4975	984133	0
pop1	NC_091022.1	32000001	33000000	0.0049406880739138	971727	4801	971727	0
pop1	NC_091022.1	33000001	34000000	0.0015387547380235	283346	436	283346	0
pop1	NC_091023.1	1	1000000	0.0041718344796482	549878	2294	549878	0
pop1	NC_091023.1	1000001	2000000	0.0047240026252217	716130	3383	716130	0
pop1	NC_091023.1	2000001	3000000	0.0059425086766811	970129	5765	970129	0
pop1	NC_091023.1	3000001	4000000	0.0045131455089555	925297	4176	925297	0
pop1	NC_091023.1	4000001	5000000	0.0049375398126452	971739	4798	971739	0
pop1	NC_091023.1	5000001	6000000	0.0037194275850324	992357	3691	992357	0
pop1	NC_091023.1	6000001	7000000	0.0031643291591766	986307	3121	986307	0
pop1	NC_091023.1	7000001	8000000	0.0022171162989261	993182	2202	993182	0
pop1	NC_091023.1	8000001	9000000	0.0022140592764052	993650	2200	993650	0
pop1	NC_091023.1	9000001	10000000	0.0016322064628142	884692	1444	884692	0
pop1	NC_091023.1	10000001	11000000	0.0019016702718956	994389	1891	994389	0
pop1	NC_091023.1	11000001	12000000	0.001379776050958	992190	1369	992190	0
pop1	NC_091023.1	12000001	13000000	0.0024621857036068	992614	2444	992614	0
pop1	NC_091023.1	13000001	14000000	0.0025286096003759	983149	2486	983149	0
pop1	NC_091023.1	14000001	15000000	0.0026109081695137	947180	2473	947180	0
pop1	NC_091023.1	15000001	16000000	0.0035142593736403	985983	3465	985983	0
pop1	NC_091023.1	16000001	17000000	0.0033713948718568	993654	3350	993654	0
pop1	NC_091023.1	17000001	18000000	0.0035955296962247	989284	3557	989284	0
pop1	NC_091023.1	18000001	19000000	0.0034316071648137	984087	3377	984087	0
pop1	NC_091023.1	19000001	20000000	0.0036172560241419	992465	3590	992465	0
pop1	NC_091023.1	20000001	21000000	0.0012264868627497	989819	1214	989819	0
pop1	NC_091023.1	21000001	22000000	0.0043066053087929	992429	4274	992429	0
pop1	NC_091023.1	22000001	23000000	0.0042158107537995	990794	4177	990794	0
pop1	NC_091023.1	23000001	24000000	0.0043828868791462	981773	4303	981773	0
pop1	NC_091023.1	24000001	25000000	0.0057982584648812	972016	5636	972016	0
pop1	NC_091023.1	25000001	26000000	0.00532283147517	973542	5182	973542	0
pop1	NC_091023.1	26000001	27000000	0.0030977146761825	987825	3060	987825	0
pop1	NC_091023.1	27000001	28000000	0.0039818942926182	29383	117	29383	0
pop1	NC_091024.1	1	1000000	0.0019301896160262	896285	1730	896285	0
pop1	NC_091024.1	1000001	2000000	0.0041876961402828	989088	4142	989088	0
pop1	NC_091024.1	2000001	3000000	0.0036756669638225	992745	3649	992745	0
pop1	NC_091024.1	3000001	4000000	0.0042501487249049	990083	4208	990083	0
pop1	NC_091024.1	4000001	5000000	0.0042943662726458	989203	4248	989203	0
pop1	NC_091024.1	5000001	6000000	0.0040180509424248	990530	3980	990530	0
pop1	NC_091024.1	6000001	7000000	0.0043556884681496	983771	4285	983771	0
pop1	NC_091024.1	7000001	8000000	0.0037948979705063	991331	3762	991331	0
pop1	NC_091024.1	8000001	9000000	0.0031137031179394	991424	3087	991424	0
pop1	NC_091024.1	9000001	10000000	0.0024618964654776	993543	2446	993543	0
pop1	NC_091024.1	10000001	11000000	0.0026029042296188	994274	2588	994274	0
pop1	NC_091024.1	11000001	12000000	0.0033854345516319	990124	3352	990124	0
pop1	NC_091024.1	12000001	13000000	0.0058007393688522	964877	5597	964877	0
pop1	NC_091024.1	13000001	14000000	0.0034541148011893	992150	3427	992150	0
pop1	NC_091024.1	14000001	15000000	0.0026119232468278	984715	2572	984715	0
pop1	NC_091024.1	15000001	16000000	0.0024354142187905	982995	2394	982995	0
pop1	NC_091024.1	16000001	17000000	0.0010747427270624	976978	1050	976978	0
pop1	NC_091024.1	17000001	18000000	0.00019094799433224	560362	107	560362	0
pop1	NC_091024.1	18000001	19000000	0.00059580033422946	963410	574	963410	0
pop1	NC_091024.1	19000001	20000000	0.0062988998860518	866183	5456	866183	0
pop1	NC_091024.1	20000001	21000000	0.0041211655044683	988070	4072	988070	0
pop1	NC_091024.1	21000001	22000000	0.0042016926737447	350097	1471	350097	0
pop1	NC_091025.1	1	1000000	0.0013553618582478	898653	1218	898653	0
pop1	NC_091025.1	1000001	2000000	0.0044400076254979	975674	4332	975674	0
pop1	NC_091025.1	2000001	3000000	0.0051245663026981	983693	5041	983693	0
pop1	NC_091025.1	3000001	4000000	0.004936290588571	988394	4879	988394	0
pop1	NC_091025.1	4000001	5000000	0.003952453802488	993560	3927	993560	0
pop1	NC_091025.1	5000001	6000000	0.0033641614072267	992818	3340	992818	0
pop1	NC_091025.1	6000001	7000000	0.0043244017507422	991351	4287	991351	0
pop1	NC_091025.1	7000001	8000000	0.004118376085183	991653	4084	991653	0
pop1	NC_091025.1	8000001	9000000	0.0033984213981466	982515	3339	982515	0
pop1	NC_091025.1	9000001	10000000	0.0036691409538155	993148	3644	993148	0
pop1	NC_091025.1	10000001	11000000	0.0031685295000675	992574	3145	992574	0
pop1	NC_091025.1	11000001	12000000	0.0031718180591173	992806	3149	992806	0
pop1	NC_091025.1	12000001	13000000	0.0038464284621426	980390	3771	980390	0
pop1	NC_091025.1	13000001	14000000	0.0030391863836399	993687	3020	993687	0
pop1	NC_091025.1	14000001	15000000	0.0038812040420285	989899	3842	989899	0
pop1	NC_091025.1	15000001	16000000	0.0034662539785459	980886	3400	980886	0
pop1	NC_091025.1	16000001	17000000	0.0043007578599527	975642	4196	975642	0
pop1	NC_091025.1	17000001	18000000	0.0048099620475907	978594	4707	978594	0
pop1	NC_091025.1	18000001	19000000	0.0052374022401788	962691	5042	962691	0
pop1	NC_091025.1	19000001	20000000	0.0047246813424712	967261	4570	967261	0
pop1	NC_091025.1	20000001	21000000	0.0040499805822849	973338	3942	973338	0
pop1	NC_091025.1	21000001	22000000	0.0048190789473684	304000	1465	304000	0
pop1	NC_091025.1	22000001	23000000	0.0021249468763281	4706	10	4706	0
pop1	NC_091025.1	23000001	24000000	0	1346	0	1346	0
pop1	NC_091025.1	24000001	25000000	0.00032216494845361	6208	2	6208	0
pop1	NC_091025.1	25000001	26000000	0.0012905604719764	5424	7	5424	0
pop1	NC_091025.1	26000001	27000000	0.0053529608564737	5978	32	5978	0
pop1	NC_091025.1	27000001	28000000	0.0021186440677966	2360	5	2360	0
pop1	NC_091026.1	1	1000000	0.0023580533024334	863000	2035	863000	0
pop1	NC_091026.1	1000001	2000000	0.0045585802053913	979691	4466	979691	0
pop1	NC_091026.1	2000001	3000000	0.004881037392885	985856	4812	985856	0
pop1	NC_091026.1	3000001	4000000	0.0039253456549443	645803	2535	645803	0
pop1	NC_091026.1	4000001	5000000	0.0031248809115506	970917	3034	970917	0
pop1	NC_091026.1	5000001	6000000	0.0033468944613286	991068	3317	991068	0
pop1	NC_091026.1	6000001	7000000	0.0031743920283458	992316	3150	992316	0
pop1	NC_091026.1	7000001	8000000	0.0042025186907321	992738	4172	992738	0
pop1	NC_091026.1	8000001	9000000	0.003731568602079	811455	3028	811455	0
pop1	NC_091026.1	9000001	10000000	0.0030466210101777	895090	2727	895090	0
pop1	NC_091026.1	10000001	11000000	0.0036800093434984	993204	3655	993204	0
pop1	NC_091026.1	11000001	12000000	0.0034143994694815	983189	3357	983189	0
pop1	NC_091026.1	12000001	13000000	0.0033568785263606	991993	3330	991993	0
pop1	NC_091026.1	13000001	14000000	0.003901222772821	992253	3871	992253	0
pop1	NC_091026.1	14000001	15000000	0.0037633991810731	993251	3738	993251	0
pop1	NC_091026.1	15000001	16000000	0.0042075693992392	993923	4182	993923	0
pop1	NC_091026.1	16000001	17000000	0.0042957230109745	992848	4265	992848	0
pop1	NC_091026.1	17000001	18000000	0.0023958100057096	991314	2375	991314	0
pop1	NC_091026.1	18000001	19000000	0.0045823931869095	990094	4537	990094	0
pop1	NC_091026.1	19000001	20000000	0.0052783436374602	983263	5190	983263	0
pop1	NC_091026.1	20000001	21000000	0.0048187546052557	973073	4689	973073	0
pop1	NC_091026.1	21000001	22000000	0.0038805684086239	845237	3280	845237	0
pop1	NC_091026.1	22000001	23000000	0.0044350580781415	4735	21	4735	0
pop1	NC_091026.1	23000001	24000000	0.010949594109874	5297	58	5297	0
pop1	NC_091027.1	1	1000000	0.0021544956931302	942680	2031	942680	0
pop1	NC_091027.1	1000001	2000000	0.0043570665190314	986214	4297	986214	0
pop1	NC_091027.1	2000001	3000000	0.0048678762786167	985440	4797	985440	0
pop1	NC_091027.1	3000001	4000000	0.0040332339285805	987545	3983	987545	0
pop1	NC_091027.1	4000001	5000000	0.003930681665347	988887	3887	988887	0
pop1	NC_091027.1	5000001	6000000	0.0041560654030263	990841	4118	990841	0
pop1	NC_091027.1	6000001	7000000	0.0040099639697535	992777	3981	992777	0
pop1	NC_091027.1	7000001	8000000	0.0036716368586927	986481	3622	986481	0
pop1	NC_091027.1	8000001	9000000	0.0038842941618744	984220	3823	984220	0
pop1	NC_091027.1	9000001	10000000	0.0028894054795655	989823	2860	989823	0
pop1	NC_091027.1	10000001	11000000	0.0016193313257413	985592	1596	985592	0
pop1	NC_091027.1	11000001	12000000	0.00078478473013642	879222	690	879222	0
pop1	NC_091027.1	12000001	13000000	0.001423829281521	964301	1373	964301	0
pop1	NC_091027.1	13000001	14000000	0.0025185638194568	968012	2438	968012	0
pop1	NC_091027.1	14000001	15000000	0.0033076030268166	986515	3263	986515	0
pop1	NC_091027.1	15000001	16000000	0.0043088429531071	987272	4254	987272	0
pop1	NC_091027.1	16000001	17000000	0.0052729759427417	900061	4746	900061	0
pop1	NC_091027.1	17000001	18000000	0.0076341411179387	910515	6951	910515	0
pop1	NC_091027.1	18000001	19000000	0.0026856775550751	855650	2298	855650	0
pop1	NC_091027.1	19000001	20000000	0.0018408964987221	503559	927	503559	0
pop1	NC_091028.1	1	1000000	0.0042371549576874	509068	2157	509068	0
pop1	NC_091028.1	1000001	2000000	0.0051422273570589	977203	5025	977203	0
pop1	NC_091028.1	2000001	3000000	0.0050055748082031	978509	4898	978509	0
pop1	NC_091028.1	3000001	4000000	0.0038243255395229	989717	3785	989717	0
pop1	NC_091028.1	4000001	5000000	0.0046530657601641	989885	4606	989885	0
pop1	NC_091028.1	5000001	6000000	0.004695862429115	978521	4595	978521	0
pop1	NC_091028.1	6000001	7000000	0.0041974503182571	993222	4169	993222	0
pop1	NC_091028.1	7000001	8000000	0.0029035215640571	993621	2885	993621	0
pop1	NC_091028.1	8000001	9000000	0.0039121522812618	987436	3863	987436	0
pop1	NC_091028.1	9000001	10000000	0.0048889856422923	983026	4806	983026	0
pop1	NC_091028.1	10000001	11000000	0.0039705860117233	992045	3939	992045	0
pop1	NC_091028.1	11000001	12000000	0.0036509170949421	984958	3596	984958	0
pop1	NC_091028.1	12000001	13000000	0.003464790064717	993711	3443	993711	0
pop1	NC_091028.1	13000001	14000000	0.0041767045517783	988339	4128	988339	0
pop1	NC_091028.1	14000001	15000000	0.0041626401530008	989276	4118	989276	0
pop1	NC_091028.1	15000001	16000000	0.0041495878278757	986845	4095	986845	0
pop1	NC_091028.1	16000001	17000000	0.0031958427531155	980649	3134	980649	0
pop1	NC_091028.1	17000001	18000000	0.00046130889337645	212439	98	212439	0
pop1	NC_091029.1	1	1000000	0.0030712367801557	942617	2895	942617	0
pop1	NC_091029.1	1000001	2000000	0.0042510673269755	986811	4195	986811	0
pop1	NC_091029.1	2000001	3000000	0.0038747331075763	991036	3840	991036	0
pop1	NC_091029.1	3000001	4000000	0.0037289689087354	988477	3686	988477	0
pop1	NC_091029.1	4000001	5000000	0.0051032003051775	985656	5030	985656	0
pop1	NC_091029.1	5000001	6000000	0.0046256719174018	979101	4529	979101	0
pop1	NC_091029.1	6000001	7000000	0.003892729611651	984913	3834	984913	0
pop1	NC_091029.1	7000001	8000000	0.0032630805740762	991088	3234	991088	0
pop1	NC_091029.1	8000001	9000000	0.0030474567495561	981146	2990	981146	0
pop1	NC_091029.1	9000001	10000000	0.0025905673126534	926438	2400	926438	0
pop1	NC_091029.1	10000001	11000000	0.00078858976746268	982767	775	982767	0
pop1	NC_091029.1	11000001	12000000	0.001361764155874	208553	284	208553	0
pop1	NC_091029.1	12000001	13000000	0.0048974896429535	952733	4666	952733	0
pop1	NC_091029.1	13000001	14000000	0.005068328967785	962842	4880	962842	0
pop1	NC_091029.1	14000001	15000000	0.0037673619858585	952656	3589	952656	0
pop1	NC_091029.1	15000001	16000000	0.001713952661319	404912	694	404912	0
pop1	NC_091030.1	1	1000000	0.0048956083513319	944520	4624	944520	0
pop1	NC_091030.1	1000001	2000000	0.0049601899621177	980406	4863	980406	0
pop1	NC_091030.1	2000001	3000000	0.0057551776117447	976512	5620	976512	0
pop1	NC_091030.1	3000001	4000000	0.0044179900967237	974425	4305	974425	0
pop1	NC_091030.1	4000001	5000000	0.0043342853160315	982861	4260	982861	0
pop1	NC_091030.1	5000001	6000000	0.0036996068474489	991727	3669	991727	0
pop1	NC_091030.1	6000001	7000000	0.0040051063846937	992483	3975	992483	0
pop1	NC_091030.1	7000001	8000000	0.0046208222667729	976666	4513	976666	0
pop1	NC_091030.1	8000001	9000000	0.0041102249828698	986564	4055	986564	0
pop1	NC_091030.1	9000001	10000000	0.0021959571813544	992278	2179	992278	0
pop1	NC_091030.1	10000001	11000000	0.001899524764231	987089	1875	987089	0
pop1	NC_091030.1	11000001	12000000	0.00077948651325939	123158	96	123158	0
pop1	NC_091031.1	1	1000000	0.0026724107664697	968414	2588	968414	0
pop1	NC_091031.1	1000001	2000000	0.005294986013344	947689	5018	947689	0
pop1	NC_091031.1	2000001	3000000	0.0041917553948875	976202	4092	976202	0
pop1	NC_091031.1	3000001	4000000	0.00081146351460634	722152	586	722152	0
pop1	NC_091031.1	4000001	5000000	0.00030066880973882	981146	295	981146	0
pop1	NC_091031.1	5000001	6000000	0.0043577922843795	975035	4249	975035	0
pop1	NC_091031.1	6000001	7000000	0.0042674064862542	981861	4190	981861	0
pop1	NC_091031.1	7000001	8000000	0.0043529024218497	992671	4321	992671	0
pop1	NC_091031.1	8000001	9000000	0.0049676008440167	988606	4911	988606	0
pop1	NC_091031.1	9000001	10000000	0.0050948723966528	950171	4841	950171	0
pop1	NC_091031.1	10000001	11000000	0.0053785667922512	984463	5295	984463	0
pop1	NC_091031.1	11000001	12000000	0.0055750028396477	968430	5399	968430	0
pop1	NC_091031.1	12000001	13000000	0.0024272069346654	540127	1311	540127	0
pop1	NC_091032.1	1	1000000	0.0040609267799018	931807	3784	931807	0
pop1	NC_091032.1	1000001	2000000	0.0048091054573957	979808	4712	979808	0
pop1	NC_091032.1	2000001	3000000	0.005215554437669	978036	5101	978036	0
pop1	NC_091032.1	3000001	4000000	0.0052160323720009	981589	5120	981589	0
pop1	NC_091032.1	4000001	5000000	0.0040201542657238	990758	3983	990758	0
pop1	NC_091032.1	5000001	6000000	0.0050680189543297	980462	4969	980462	0
pop1	NC_091032.1	6000001	7000000	0.0040695141105538	986850	4016	986850	0
pop1	NC_091032.1	7000001	8000000	0.0036758986708581	989962	3639	989962	0
pop1	NC_091032.1	8000001	9000000	0.0033424404494291	983114	3286	983114	0
pop1	NC_091032.1	9000001	10000000	0.0039902184439465	987164	3939	987164	0
pop1	NC_091032.1	10000001	11000000	0.0024914325434031	989792	2466	989792	0
pop1	NC_091032.1	11000001	12000000	0.0012309045978733	213664	263	213664	0
pop1	NC_091033.1	1	1000000	0.0013658517728692	310429	424	310429	0
pop1	NC_091033.1	1000001	2000000	0.0020634145253843	986714	2036	986714	0
pop1	NC_091033.1	2000001	3000000	0.003977776497289	537989	2140	537989	0
pop1	NC_091033.1	3000001	4000000	0.00554433730848	977574	5420	977574	0
pop1	NC_091033.1	4000001	5000000	0.0052688510423866	988261	5207	988261	0
pop1	NC_091033.1	5000001	6000000	0.0044952929503158	991704	4458	991704	0
pop1	NC_091033.1	6000001	7000000	0.0043214888408723	989011	4274	989011	0
pop1	NC_091033.1	7000001	8000000	0.003760674463973	992907	3734	992907	0
pop1	NC_091033.1	8000001	9000000	0.0033198044554205	988010	3280	988010	0
pop1	NC_091033.1	9000001	10000000	0.0037840661642624	966685	3658	966685	0
pop1	NC_091033.1	10000001	11000000	0.0039705164123534	978714	3886	978714	0
pop1	NC_091033.1	11000001	12000000	0.0038893742777883	993476	3864	993476	0
pop1	NC_091033.1	12000001	13000000	0.0032660368457342	992028	3240	992028	0
pop1	NC_091033.1	13000001	14000000	0.0043768079998211	983822	4306	983822	0
pop1	NC_091033.1	14000001	15000000	0.0031618763431404	989286	3128	989286	0
pop1	NC_091033.1	15000001	16000000	0.0018909076153667	985770	1864	985770	0
pop1	NC_091033.1	16000001	17000000	0.001342275351253	205621	276	205621	0
pop1	NC_091034.1	1	1000000	0.0051948986198321	778456	4044	778456	0
pop1	NC_091034.1	1000001	2000000	0.0085246797875664	768240	6549	768240	0
pop1	NC_091034.1	2000001	3000000	0.0025347305688507	840326	2130	840326	0
pop1	NC_091034.1	3000001	4000000	0.0013794881712112	465390	642	465390	0
pop1	NC_091034.1	4000001	5000000	0.0027890656478225	987786	2755	987786	0
pop1	NC_091034.1	5000001	6000000	0.0048283124020854	973425	4700	973425	0
pop1	NC_091034.1	6000001	7000000	0.0040878812715763	978502	4000	978502	0
pop1	NC_091034.1	7000001	8000000	0.0059406858983548	948712	5636	948712	0
pop1	NC_091034.1	8000001	9000000	0.0023325308617614	988197	2305	988197	0
pop1	NC_091034.1	9000001	10000000	0.0012573539684264	128842	162	128842	0
pop1	NC_091035.1	1	1000000	0.0028759083452274	844255	2428	844255	0
pop1	NC_091035.1	1000001	2000000	0.0091161558807377	832149	7586	832149	0
pop1	NC_091035.1	2000001	3000000	0.0049889849530302	962320	4801	962320	0
pop1	NC_091035.1	3000001	4000000	0.0085044997530555	894938	7611	894938	0
pop1	NC_091035.1	4000001	5000000	0.0049322443811852	976229	4815	976229	0
pop1	NC_091035.1	5000001	6000000	0.0033553580357106	242001	812	242001	0
pop1	NC_091036.1	1	1000000	0.0052151966587006	895460	4670	895460	0
pop1	NC_091036.1	1000001	2000000	0.0082376465235455	668152	5504	668152	0
pop1	NC_091036.1	2000001	3000000	0.0026196979557952	975685	2556	975685	0
pop1	NC_091036.1	3000001	4000000	0.00064213703204264	498336	320	498336	0
pop1	NC_091036.1	4000001	5000000	0.0038593037185586	983338	3795	983338	0
pop1	NC_091036.1	5000001	6000000	0.0064176304542116	904072	5802	904072	0
pop1	NC_091036.1	6000001	7000000	0.0047275917556122	962012	4548	962012	0
pop1	NC_091036.1	7000001	8000000	0.0035907700748839	984190	3534	984190	0
pop1	NC_091036.1	8000001	9000000	0.0016019155537569	59304	95	59304	0
pop1	NC_091037.1	1	1000000	0.0023965658649832	813247	1949	813247	0
pop1	NC_091037.1	1000001	2000000	0.0044050317730025	986372	4345	986372	0
pop1	NC_091037.1	2000001	3000000	0.0050033127422666	979551	4901	979551	0
pop1	NC_091037.1	3000001	4000000	0.0049771193314866	980085	4878	980085	0
pop1	NC_091037.1	4000001	5000000	0.0049091410535348	978990	4806	978990	0
pop1	NC_091037.1	5000001	6000000	0.0051956546555719	972351	5052	972351	0
pop1	NC_091037.1	6000001	7000000	0.0056683972308251	979642	5553	979642	0
pop1	NC_091037.1	7000001	8000000	0.0046551897209396	79696	371	79696	0
pop1	NC_091038.1	1	1000000	0.0049573346552892	340909	1690	340909	0
pop1	NC_091038.1	1000001	2000000	0.0092913942568627	803324	7464	803324	0
pop1	NC_091038.1	2000001	3000000	0.010734257521897	757854	8135	757854	0
pop1	NC_091038.1	3000001	4000000	0.0039313661798242	748086	2941	748086	0
pop1	NC_091038.1	4000001	5000000	0.0013054830287206	766	1	766	0
pop1	NC_091039.1	1	1000000	0.0061692520899459	22369	138	22369	0
pop1	NC_091039.1	1000001	2000000	0.0052272286119685	731554	3824	731554	0
pop1	NC_091039.1	2000001	3000000	0.004994866270556	950576	4748	950576	0
pop1	NC_091039.1	3000001	4000000	0.0053265001478133	957289	5099	957289	0
pop1	NC_091039.1	4000001	5000000	0.0049197793293752	979922	4821	979922	0
pop1	NC_091039.1	5000001	6000000	0.0081399510275832	919293	7483	919293	0
pop1	NC_091039.1	6000001	7000000	0.0050617521418072	972193	4921	972193	0
pop1	NC_091039.1	7000001	8000000	0.0021179052475168	977853	2071	977853	0
pop1	NC_091039.1	8000001	9000000	0.006615990990991	42624	282	42624	0
pop1	NC_091040.1	1	1000000	0.0032534376868308	919950	2993	919950	0
pop1	NC_091040.1	1000001	2000000	0.010017580190066	799195	8006	799195	0
pop1	NC_091040.1	2000001	3000000	0.0060163010092609	947426	5700	947426	0
pop1	NC_091040.1	3000001	4000000	0.0041470416013752	664329	2755	664329	0
pop1	NC_091040.1	4000001	5000000	0.0062051457793364	601114	3730	601114	0
pop1	NC_091040.1	5000001	6000000	0.0052056220718376	804899	4190	804899	0
pop1	NC_091040.1	6000001	7000000	0.0060455431856627	711764	4303	711764	0
pop1	NC_091041.1	1	1000000	0.0028818443804035	8675	25	8675	0
pop1	NC_091041.1	1000001	2000000	0.0052010034877318	653720	3400	653720	0
pop1	NC_091041.1	2000001	3000000	0.0057053348259786	917387	5234	917387	0
pop1	NC_091041.1	3000001	4000000	0.0047374824367004	976468	4626	976468	0
pop1	NC_091041.1	4000001	5000000	0.004450163475393	979964	4361	979964	0
pop1	NC_091041.1	5000001	6000000	0.0071796516048731	898233	6449	898233	0
pop1	NC_091041.1	6000001	7000000	0.004760295087654	789867	3760	789867	0
pop1	NC_091042.1	1	1000000	0.0049672953275633	125823	625	125823	0
pop1	NC_091042.1	1000001	2000000	0.0072547171169894	902723	6549	902723	0
pop1	NC_091042.1	2000001	3000000	0.0078815120200689	851867	6714	851867	0
pop1	NC_091042.1	3000001	4000000	0.0056188991879255	341348	1918	341348	0
pop1	NC_091043.1	1	1000000	0.011024150124826	623268	6871	623268	0
pop1	NC_091043.1	1000001	2000000	0.016549648946841	331004	5478	331004	0
pop1	NC_091043.1	2000001	3000000	0.007295500032281	15489	113	15489	0
pop1	NC_091044.1	1	1000000	0.010512141200628	387647	4075	387647	0
pop1	NC_091044.1	1000001	2000000	0.014958246570637	465830	6968	465830	0
pop1	NC_091044.1	2000001	3000000	0.007101555134389	310777	2207	310777	0
pop1	NC_091045.1	1	1000000	0.010774882912191	356570	3842	356570	0
pop1	NC_138417.1	1	1000000	0.009287619800415	10121	94	10121	0
pop1	NC_138417.1	1000001	2000000	0.0047714903451875	13413	64	13413	0
pop1	NC_138417.1	2000001	3000000	0.0060191721780486	13457	81	13457	0
pop1	NC_138417.1	3000001	4000000	0.0063559322033898	9912	63	9912	0
pop1	NC_138417.1	4000001	5000000	0.0082544151522908	15628	129	15628	0
pop1	NC_138417.1	5000001	6000000	0.0066728452270621	16185	108	16185	0
pop1	NC_138417.1	6000001	7000000	0.0073904444675757	9607	71	9607	0
pop1	NC_138417.1	7000001	8000000	0.016637478108581	7994	133	7994	0
pop1	NC_138417.1	8000001	9000000	0.0071582414797922	15786	113	15786	0
pop1	NC_138417.1	9000001	10000000	0.0042923178516399	18172	78	18172	0
pop1	NC_138417.1	10000001	11000000	0.0057377751134709	23354	134	23354	0
pop1	NC_138417.1	11000001	12000000	0.010456577266922	12528	131	12528	0
pop1	NC_138417.1	12000001	13000000	0.0079792818646322	28574	228	28574	0
pop1	NC_138417.1	13000001	14000000	0.0096309366269666	13602	131	13602	0
pop1	NC_138417.1	14000001	15000000	0.0045243481366829	8399	38	8399	0
pop1	NC_138417.1	15000001	16000000	0	496	0	496	0
pop1	NC_138417.1	16000001	17000000	0.041945470887846	10013	420	10013	0
pop1	NC_138417.1	17000001	18000000	0.0086302057200201	9965	86	9965	0
pop1	NC_138417.1	18000001	19000000	0.011603878556668	12582	146	12582	0
pop1	NC_138417.1	19000001	20000000	0.013988678423688	18372	257	18372	0
pop1	NC_138417.1	20000001	21000000	0.016154703167277	25132	406	25132	0
pop1	NW_027184081.1	1	1000000	0.0013360053440214	2994	4	2994	0
pop1	NW_027184081.1	1000001	2000000	0.0024492652204339	5716	14	5716	0
pop1	NW_027184081.1	2000001	3000000	0.00059066745422327	1693	1	1693	0
pop1	NW_027184081.1	3000001	4000000	0	93	0	93	0
pop1	NW_027184081.1	4000001	5000000	0.0082958046930552	8438	70	8438	0
pop1	NW_027184081.1	5000001	6000000	0.0093445980542755	7812	73	7812	0
pop1	NW_027184081.1	6000001	7000000	0.0029367469879518	13280	39	13280	0
pop1	NW_027184081.1	7000001	8000000	0.0071243523316062	4632	33	4632	0
pop1	NW_027184081.1	8000001	9000000	0.0097900937525927	12053	118	12053	0
pop1	NW_027184081.1	9000001	10000000	0.0059538274605103	8230	49	8230	0
pop1	NW_027184082.1	1	1000000	0.01016884113584	5212	53	5212	0
pop1	NW_027184082.1	1000001	2000000	0.0087000062589973	15977	139	15977	0
pop1	NW_027184082.1	2000001	3000000	0.011708553956298	13409	157	13409	0
pop1	NW_027184082.1	3000001	4000000	0.0042046704185264	15459	65	15459	0
pop1	NW_027184082.1	4000001	5000000	0.0048323326987846	13658	66	13658	0
pop1	NW_027184083.1	1	1000000	0.0045152091254753	12624	57	12624	0
pop1	NW_027184083.1	1000001	2000000	0.0054009140008309	7221	39	7221	0
pop1	NW_027184083.1	2000001	3000000	0.0070757324488668	18090	128	18090	0
pop1	NW_027184083.1	3000001	4000000	0.0032502708559047	3692	12	3692	0
pop1	NW_027184084.1	1	1000000	0.0048689138576779	18690	91	18690	0
pop1	NW_027184084.1	1000001	2000000	0.0086542622241454	4622	40	4622	0
pop1	NW_027184084.1	2000001	3000000	0.0088300220750552	12684	112	12684	0
pop1	NC_138418.1	1	1000000	0.0025746319342131	478515	1232	478515	0
pop1	NC_138418.1	1000001	2000000	0.0043215311285289	955217	4128	955217	0
pop1	NC_138418.1	2000001	3000000	0.0026016289965043	982077	2555	982077	0
pop1	NC_138418.1	3000001	4000000	0.0031171880226992	986466	3075	986466	0
pop1	NC_138418.1	4000001	5000000	0.0030958183179766	966788	2993	966788	0
pop1	NC_138418.1	5000001	6000000	0.0029619171528453	947697	2807	947697	0
pop1	NC_138418.1	6000001	7000000	0.0028882435407461	947981	2738	947981	0
pop1	NC_138418.1	7000001	8000000	0.0021714216168521	985990	2141	985990	0
pop1	NC_138418.1	8000001	9000000	0.0029174324785629	884682	2581	884682	0
pop1	NC_138418.1	9000001	10000000	0.0029217641385786	981941	2869	981941	0
pop1	NC_138418.1	10000001	11000000	0.0033787616068969	987344	3336	987344	0
pop1	NC_138418.1	11000001	12000000	0.0039493732604677	984460	3888	984460	0
pop1	NC_138418.1	12000001	13000000	0.0025338197436481	962973	2440	962973	0
pop1	NC_138418.1	13000001	14000000	0.0021999429193019	984571	2166	984571	0
pop1	NC_138418.1	14000001	15000000	0.0025776651175891	887625	2288	887625	0
pop1	NC_138418.1	15000001	16000000	0.0033837669858096	970516	3284	970516	0
pop1	NC_138418.1	16000001	17000000	0.0024874440173484	989369	2461	989369	0
pop1	NC_138418.1	17000001	18000000	0.0026206436349298	989070	2592	989070	0
pop1	NC_138418.1	18000001	19000000	0.0026784341026284	988264	2647	988264	0
pop1	NC_138418.1	19000001	20000000	0.0026844984449994	965916	2593	965916	0
pop1	NC_138418.1	20000001	21000000	0.002133196147644	968031	2065	968031	0
pop1	NC_138418.1	21000001	22000000	0.002279455175912	962072	2193	962072	0
pop1	NC_138418.1	22000001	23000000	0.0015791959081961	978346	1545	978346	0
pop1	NC_138418.1	23000001	24000000	0.0014178001767175	935957	1327	935957	0
pop1	NC_138418.1	24000001	25000000	0.0025587592412377	981335	2511	981335	0
pop1	NC_138418.1	25000001	26000000	0.0020815464326778	972354	2024	972354	0
pop1	NC_138418.1	26000001	27000000	0.0021829197665612	987668	2156	987668	0
pop1	NC_138418.1	27000001	28000000	0.0012128519681187	985281	1195	985281	0
pop1	NC_138418.1	28000001	29000000	0.0015571017446292	977457	1522	977457	0
pop1	NC_138418.1	29000001	30000000	0.0019761584088581	986763	1950	986763	0
pop1	NC_138418.1	30000001	31000000	0.0021418270405918	981872	2103	981872	0
pop1	NC_138418.1	31000001	32000000	0.0019702374430336	985668	1942	985668	0
pop1	NC_138418.1	32000001	33000000	0.0015735473015588	935466	1472	935466	0
pop1	NC_138418.1	33000001	34000000	0.0024459388944022	956279	2339	956279	0
pop1	NC_138418.1	34000001	35000000	0.0017691819523035	980114	1734	980114	0
pop1	NC_138418.1	35000001	36000000	0.0018040493594406	984452	1776	984452	0
pop1	NC_138418.1	36000001	37000000	0.0022486961846355	956999	2152	956999	0
pop1	NC_138418.1	37000001	38000000	0.0013860540855136	986253	1367	986253	0
pop1	NC_138418.1	38000001	39000000	0.0015766920616235	988779	1559	988779	0
pop1	NC_138418.1	39000001	40000000	0.0019817119279241	958767	1900	958767	0
pop1	NC_138418.1	40000001	41000000	0.0028509376723662	290080	827	290080	0
pop1	NC_138418.1	41000001	42000000	0.00260119060385	979167	2547	979167	0
pop1	NC_138418.1	42000001	43000000	0.0012885294312997	978635	1261	978635	0
pop1	NC_138418.1	43000001	44000000	0.0014381417024685	988776	1422	988776	0
pop1	NC_138418.1	44000001	45000000	0.0019886255553808	972531	1934	972531	0
pop1	NC_138418.1	45000001	46000000	0.0015733270846584	746825	1175	746825	0
pop1	NC_138418.1	46000001	47000000	0.0010146120686089	966872	981	966872	0
pop1	NC_138418.1	47000001	48000000	0.0025601357367173	928857	2378	928857	0
pop1	NC_138418.1	48000001	49000000	0.0022726410713499	975517	2217	975517	0
pop1	NC_138418.1	49000001	50000000	0.0016985081145221	970852	1649	970852	0
pop1	NC_138418.1	50000001	51000000	0.0022958436373793	587148	1348	587148	0
pop1	NC_138418.1	51000001	52000000	NA	0	NA	NA	NA
pop1	NC_138418.1	52000001	53000000	NA	0	NA	NA	NA
pop1	NC_138418.1	53000001	54000000	0.002019464508708	690282	1394	690282	0
pop1	NC_138418.1	54000001	55000000	0.0018113301401462	981047	1777	981047	0
pop1	NC_138418.1	55000001	56000000	0.0028145534620557	968182	2725	968182	0
pop1	NC_138418.1	56000001	57000000	0.0019776808929265	986509	1951	986509	0
pop1	NC_138418.1	57000001	58000000	0.0013754584012918	982218	1351	982218	0
pop1	NC_138418.1	58000001	59000000	0.0023038363088258	984879	2269	984879	0
pop1	NC_138418.1	59000001	60000000	0.0022812257472778	765378	1746	765378	0
pop1	NC_138418.1	60000001	61000000	0.0016447172009193	921131	1515	921131	0
pop1	NC_138418.1	61000001	62000000	0.0019974098628202	985276	1968	985276	0
pop1	NC_138418.1	62000001	63000000	0.0021480225288342	984161	2114	984161	0
pop1	NC_138418.1	63000001	64000000	0.0017900050656628	969271	1735	969271	0
pop1	NC_138418.1	64000001	65000000	0.0017069853318719	954314	1629	954314	0
pop1	NC_138418.1	65000001	66000000	0.0015167719189808	983668	1492	983668	0
pop1	NC_138418.1	66000001	67000000	0.0015789849139331	939211	1483	939211	0
pop1	NC_138418.1	67000001	68000000	0.00091691083014855	915029	839	915029	0
pop1	NC_138418.1	68000001	69000000	0.00043950198087595	962453	423	962453	0
pop1	NC_138418.1	69000001	70000000	0.0066178141902833	497143	3290	497143	0
pop1	NC_138418.1	70000001	71000000	0.0058353973445582	967372	5645	967372	0
pop1	NC_138418.1	71000001	72000000	0.0042039020571763	975998	4103	975998	0
pop1	NC_138418.1	72000001	73000000	0.001028629605575	284845	293	284845	0
pop1	NW_027184086.1	1	1000000	0.00049911888878833	751324	375	751324	0
pop1	NW_027184086.1	1000001	2000000	0.00020847585930511	988124	206	988124	0
pop1	NW_027184086.1	2000001	3000000	0.00020672052650452	948140	196	948140	0
pop1	NW_027184086.1	3000001	4000000	0.0019012729899536	718466	1366	718466	0
pop1	NW_027184086.1	4000001	5000000	0.0021810250817884	917	2	917	0
pop1	NW_027184087.1	1	1000000	0.0023172118763475	942512	2184	942512	0
pop1	NW_027184087.1	1000001	2000000	0.0003056800173755	248626	76	248626	0
pop1	NW_027184088.1	1	1000000	0.003014955859927	142954	431	142954	0
pop1	NW_027183733.1	1	1000000	0.0021510739782399	32077	69	32077	0
pop1	NW_027183733.1	1000001	2000000	0.0015928178395598	13812	22	13812	0
pop1	NW_027183733.1	2000001	3000000	0.0012944304506017	28584	37	28584	0
pop1	NW_027183733.1	3000001	4000000	0.00099651220727454	2007	2	2007	0
pop1	NW_027183733.1	4000001	5000000	0.0017706949977866	2259	4	2259	0
pop1	NW_027183804.1	1	1000000	0.0018479506227594	27057	50	27057	0
pop1	NW_027183804.1	1000001	2000000	0.011589804417909	301817	3498	301817	0
pop1	NW_027183804.1	2000001	3000000	0.0094784752380919	287599	2726	287599	0
pop1	NW_027183804.1	3000001	4000000	0.0088531669865643	83360	738	83360	0
pop1	NW_027183804.1	4000001	5000000	0.0077928120032567	25793	201	25793	0
pop1	NW_027183894.1	1	1000000	0.0021148036253776	6620	14	6620	0
pop1	NW_027183894.1	1000001	2000000	0.0043277186134329	23569	102	23569	0
pop1	NW_027183894.1	2000001	3000000	0.00097847358121331	2044	2	2044	0
pop1	NW_027183894.1	3000001	4000000	0.0021276595744681	470	1	470	0
pop1	NW_027183905.1	1	1000000	0.0052489245666769	444472	2333	444472	0
pop1	NW_027183905.1	1000001	2000000	0.0065904788613896	285260	1880	285260	0
pop1	NW_027183905.1	2000001	3000000	0.0055637749750012	367017	2042	367017	0
pop1	NW_027183916.1	1	1000000	0	169	0	169	0
pop1	NW_027183916.1	1000001	2000000	0.0054245283018868	4240	23	4240	0
pop1	NW_027183916.1	2000001	3000000	0.0037359900373599	3212	12	3212	0
pop1	NW_027183927.1	1	1000000	0.00031555695803092	3169	1	3169	0
pop1	NW_027183927.1	1000001	2000000	0	503	0	503	0
pop1	NW_027183927.1	2000001	3000000	0.0061297751286914	29528	181	29528	0
pop1	NW_027183938.1	1	1000000	0.0083565459610028	11488	96	11488	0
pop1	NW_027183938.1	1000001	2000000	0	234	0	234	0
pop1	NW_027183938.1	2000001	3000000	0.0058027079303675	517	3	517	0
pop1	NW_027183949.1	1	1000000	0.013527798051997	317864	4300	317864	0
pop1	NW_027183949.1	1000001	2000000	0.0023585552477854	36463	86	36463	0
pop1	NW_027183949.1	2000001	3000000	0.0054373300834349	21334	116	21334	0
pop1	NW_027183960.1	1	1000000	0.00043308791684712	2309	1	2309	0
pop1	NW_027183960.1	1000001	2000000	0.0051441721943956	7387	38	7387	0
pop1	NW_027183960.1	2000001	3000000	0.0010770059235326	1857	2	1857	0
pop1	NW_027183981.1	1	1000000	0.0010814417689626	173842	188	173842	0
pop1	NW_027183981.1	1000001	2000000	0.0024064883589248	120092	289	120092	0
pop1	NW_027183981.1	2000001	3000000	0.0025551979219606	141672	362	141672	0
pop1	NW_027183992.1	1	1000000	0.0086684059584771	308938	2678	308938	0
pop1	NW_027183992.1	1000001	2000000	0.0011001100110011	909	1	909	0
pop1	NW_027184003.1	1	1000000	0.0012180267965895	3284	4	3284	0
pop1	NW_027184003.1	1000001	2000000	0.0030868008396098	8099	25	8099	0
pop1	NW_027184003.1	2000001	3000000	0.0014440433212996	1385	2	1385	0
pop1	NW_027184024.1	1	1000000	0.0086540945492121	7742	67	7742	0
pop1	NW_027184024.1	1000001	2000000	0	12	0	12	0
pop1	NW_027184024.1	2000001	3000000	0.0023183925811437	1294	3	1294	0
pop1	NW_027184055.1	1	1000000	0.0079344524756904	42473	337	42473	0
pop1	NW_027184055.1	1000001	2000000	0.0070791239584101	94927	672	94927	0
pop1	NW_027184055.1	2000001	3000000	0.0068268233667473	11572	79	11572	0
pop1	NW_027184058.1	1	1000000	0.0061885693483801	8241	51	8241	0
pop1	NW_027184058.1	1000001	2000000	0.0026917900403769	1486	4	1486	0
pop1	NW_027184058.1	2000001	3000000	0.0027941633033219	6442	18	6442	0
pop1	NW_027184059.1	1	1000000	0.00088261253309797	3399	3	3399	0
pop1	NW_027184059.1	1000001	2000000	0.0066236709081401	5737	38	5737	0
pop1	NW_027184060.1	1	1000000	0.0039422635684786	95884	378	95884	0
pop1	NW_027184061.1	1	1000000	0.0057989592725772	460255	2669	460255	0
pop1	NW_027184061.1	1000001	2000000	0.0092499751148963	411893	3810	411893	0
pop1	NW_027184062.1	1	1000000	0.0012332145793368	21894	27	21894	0
pop1	NW_027184062.1	1000001	2000000	0.0069938221237907	8579	60	8579	0
pop1	NW_027184063.1	1	1000000	0.007896228529245	227577	1797	227577	0
pop1	NW_027184063.1	1000001	2000000	0.012503226773476	240178	3003	240178	0
pop1	NW_027184064.1	1	1000000	0.00073455959473262	801841	589	801841	0
pop1	NW_027184064.1	1000001	2000000	0.00077946834085147	777453	606	777453	0
pop1	NW_027184065.1	1	1000000	0.0068166325835037	4401	30	4401	0
pop1	NW_027184065.1	1000001	2000000	0.0042213883677298	2132	9	2132	0
pop1	NW_027184066.1	1	1000000	0.003688989784336	3524	13	3524	0
pop1	NW_027184066.1	1000001	2000000	0.0095460330929147	14142	135	14142	0
pop1	NW_027184067.1	1	1000000	0	268	0	268	0
pop1	NW_027184067.1	1000001	2000000	0.003225006201935	4031	13	4031	0
pop1	NW_027184068.1	1	1000000	0.0025746652935118	1942	5	1942	0
pop1	NW_027184068.1	1000001	2000000	0	275	0	275	0
pop1	NW_027184069.1	1	1000000	0.006668410041841	15296	102	15296	0
pop1	NW_027184069.1	1000001	2000000	0.0013896609227349	3598	5	3598	0
pop1	NW_027184070.1	1	1000000	0.0063976377952756	2032	13	2032	0
pop1	NW_027184070.1	1000001	2000000	0	902	0	902	0
pop1	NW_027184071.1	1	1000000	0.0047448551195323	252484	1198	252484	0
pop1	NW_027184071.1	1000001	2000000	0.0036968576709797	41116	152	41116	0
pop1	NW_027184072.1	1	1000000	0.0037085775810504	8359	31	8359	0
pop1	NW_027184072.1	1000001	2000000	0.0048908954100828	2658	13	2658	0
pop1	NW_027184074.1	1	1000000	0.0057183162455601	39697	227	39697	0
pop1	NW_027184074.1	1000001	2000000	0.0020876826722338	958	2	958	0
pop1	NW_027184075.1	1	1000000	0.0051052967453733	15670	80	15670	0
pop1	NW_027184075.1	1000001	2000000	0	148	0	148	0
pop1	NW_027184076.1	1	1000000	0.0038271218965276	92759	355	92759	0
pop1	NW_027184076.1	1000001	2000000	0.0050607099823895	53945	273	53945	0
pop1	NW_027184077.1	1	1000000	0.0030211480362538	17874	54	17874	0
pop1	NW_027184077.1	1000001	2000000	0.0071982281284607	1806	13	1806	0
pop1	NW_027184078.1	1	1000000	0.010990907847963	585120	6431	585120	0
pop1	NW_027184078.1	1000001	2000000	0.019472970354582	20644	402	20644	0
pop1	NW_027184079.1	1	1000000	0.0013000520020801	3846	5	3846	0
pop1	NW_027183463.1	1	1000000	0.002922828319245	310658	908	310658	0
pop1	NW_027183463.1	1000001	2000000	0.0031910650179497	2507	8	2507	0
pop1	NW_027183464.1	1	1000000	0.0087782156932999	5582	49	5582	0
pop1	NW_027183464.1	1000001	2000000	0	82	0	82	0
pop1	NW_027183465.1	1	1000000	0.004904845987836	5097	25	5097	0
pop1	NW_027183465.1	1000001	2000000	0.003359932801344	2381	8	2381	0
pop1	NW_027183466.1	1	1000000	0.0050308767077561	41941	211	41941	0
pop1	NW_027183466.1	1000001	2000000	0	64	0	64	0
pop1	NW_027183467.1	1	1000000	0.0001990262348773	683327	136	683327	0
pop1	NW_027183468.1	1	1000000	0.0057168230004995	18017	103	18017	0
pop1	NW_027183469.1	1	1000000	0.0083333333333333	480	4	480	0
pop1	NW_027183470.1	1	1000000	0.006390134529148	8920	57	8920	0
pop1	NW_027183471.1	1	1000000	0.0053421888535951	6926	37	6926	0
pop1	NW_027183472.1	1	1000000	0.0063768965769992	13643	87	13643	0
pop1	NW_027183473.1	1	1000000	0.0022646110965944	11481	26	11481	0
pop1	NW_027183474.1	1	1000000	0.013022462325846	35170	458	35170	0
pop1	NW_027183475.1	1	1000000	0.0017533606078317	1711	3	1711	0
pop1	NW_027183476.1	1	1000000	0.022347952422012	84661	1892	84661	0
pop1	NW_027183477.1	1	1000000	0.00042211903756859	2369	1	2369	0
pop1	NW_027183478.1	1	1000000	0.0019197736687885	9897	19	9897	0
pop1	NW_027183479.1	1	1000000	0.002020723160927	23259	47	23259	0
pop1	NW_027183480.1	1	1000000	0.00088908646365859	26994	24	26994	0
pop1	NW_027183481.1	1	1000000	0.0049598881528578	90123	447	90123	0
pop1	NW_027183482.1	1	1000000	0	1258	0	1258	0
pop1	NW_027183483.1	1	1000000	0.00053864799353622	3713	2	3713	0
pop1	NW_027183484.1	1	1000000	0.0015151515151515	2640	4	2640	0
pop1	NW_027183486.1	1	1000000	0.00051921079958463	1926	1	1926	0
pop1	NW_027183488.1	1	1000000	0	23	0	23	0
pop1	NW_027183489.1	1	1000000	0.00040469445568596	2471	1	2471	0
pop1	NW_027183490.1	1	1000000	0.0019062142584827	2623	5	2623	0
pop1	NW_027183491.1	1	1000000	0.016073055620963	97679	1570	97679	0
pop1	NW_027183492.1	1	1000000	0.0097813026637543	260497	2548	260497	0
pop1	NW_027183493.1	1	1000000	0.0094096220974351	6589	62	6589	0
pop1	NW_027183494.1	1	1000000	0.023327464788732	143136	3339	143136	0
pop1	NW_027183495.1	1	1000000	0.0012360939431397	809	1	809	0
pop1	NW_027183496.1	1	1000000	0.010718883393184	73795	791	73795	0
pop1	NW_027183497.1	1	1000000	0	988	0	988	0
pop1	NW_027183499.1	1	1000000	0.002125147579693	4235	9	4235	0
pop1	NW_027183500.1	1	1000000	0.019927656467777	60268	1201	60268	0
pop1	NW_027183501.1	1	1000000	0.0031464530892449	31464	99	31464	0
pop1	NW_027183502.1	1	1000000	0	723	0	723	0
pop1	NW_027183503.1	1	1000000	0.0040862656072645	4405	18	4405	0
pop1	NW_027183504.1	1	1000000	0.0013651877133106	2930	4	2930	0
pop1	NW_027183505.1	1	1000000	0	166	0	166	0
pop1	NW_027183506.1	1	1000000	0.0026525198938992	1508	4	1508	0
pop1	NW_027183507.1	1	1000000	0.0036496350364964	1096	4	1096	0
pop1	NW_027183508.1	1	1000000	0.0013937282229965	1435	2	1435	0
pop1	NW_027183509.1	1	1000000	0.0005068423720223	1973	1	1973	0
pop1	NW_027183510.1	1	1000000	0	271	0	271	0
pop1	NW_027183511.1	1	1000000	0.0079924776680771	4254	34	4254	0
pop1	NW_027183512.1	1	1000000	0.0029103608847497	5154	15	5154	0
pop1	NW_027183513.1	1	1000000	0	736	0	736	0
pop1	NW_027183514.1	1	1000000	0	988	0	988	0
pop1	NW_027183515.1	1	1000000	0	57	0	57	0
pop1	NW_027183516.1	1	1000000	0.020709302750283	27379	567	27379	0
pop1	NW_027183519.1	1	1000000	0.00080873433077234	2473	2	2473	0
pop1	NW_027183520.1	1	1000000	0.0080823360175587	67431	545	67431	0
pop1	NW_027183521.1	1	1000000	0	1118	0	1118	0
pop1	NW_027183523.1	1	1000000	0.020376716877873	75282	1534	75282	0
pop1	NW_027183524.1	1	1000000	0	691	0	691	0
pop1	NW_027183526.1	1	1000000	0	512	0	512	0
pop1	NW_027183528.1	1	1000000	0.024095126094342	38265	922	38265	0
pop1	NW_027183529.1	1	1000000	0.027700325732899	38375	1063	38375	0
pop1	NW_027183530.1	1	1000000	0.018380820481102	74371	1367	74371	0
pop1	NW_027183531.1	1	1000000	0.0022337009632835	7163	16	7163	0
pop1	NW_027183532.1	1	1000000	0.0032537960954447	2766	9	2766	0
pop1	NW_027183533.1	1	1000000	0.0011354420113544	6165	7	6165	0
pop1	NW_027183534.1	1	1000000	0.022327914690644	72958	1629	72958	0
pop1	NW_027183535.1	1	1000000	0.018252906677642	48595	887	48595	0
pop1	NW_027183536.1	1	1000000	0.0188327181516	98074	1847	98074	0
pop1	NW_027183537.1	1	1000000	0.0012706480304956	787	1	787	0
pop1	NW_027183538.1	1	1000000	0.0045146726862302	1329	6	1329	0
pop1	NW_027183539.1	1	1000000	0.0016977928692699	1767	3	1767	0
pop1	NW_027183540.1	1	1000000	0	80	0	80	0
pop1	NW_027183541.1	1	1000000	0.0066171202180418	142358	942	142358	0
pop1	NW_027183544.1	1	1000000	0	29	0	29	0
pop1	NW_027183547.1	1	1000000	0	113	0	113	0
pop1	NW_027183549.1	1	1000000	0.0019607843137255	510	1	510	0
pop1	NW_027183550.1	1	1000000	0.024572592314701	37318	917	37318	0
pop1	NW_027183551.1	1	1000000	0.019845164104242	27513	546	27513	0
pop1	NW_027183553.1	1	1000000	0.014624468587624	52925	774	52925	0
pop1	NW_027183555.1	1	1000000	0.013452914798206	223	3	223	0
pop1	NW_027183556.1	1	1000000	0	1250	0	1250	0
pop1	NW_027183557.1	1	1000000	0.015264450382423	92437	1411	92437	0
pop1	NW_027183558.1	1	1000000	0	158	0	158	0
pop1	NW_027183559.1	1	1000000	0.0022949511075634	10022	23	10022	0
pop1	NW_027183560.1	1	1000000	0.001498127340824	1335	2	1335	0
pop1	NW_027183562.1	1	1000000	0.0028729281767956	4525	13	4525	0
pop1	NW_027183563.1	1	1000000	0.026463512429832	1247	33	1247	0
pop1	NW_027183566.1	1	1000000	0.0037878787878788	264	1	264	0
pop1	NW_027183567.1	1	1000000	0.022341000540508	16651	372	16651	0
pop1	NW_027183568.1	1	1000000	0	556	0	556	0
pop1	NW_027183569.1	1	1000000	0.0024141665074209	156990	379	156990	0
pop1	NW_027183570.1	1	1000000	0	275	0	275	0
pop1	NW_027183571.1	1	1000000	0.0022583559168925	2214	5	2214	0
pop1	NW_027183572.1	1	1000000	0.0023109937273027	3029	7	3029	0
pop1	NW_027183573.1	1	1000000	0	321	0	321	0
pop1	NW_027183574.1	1	1000000	0.0016602102933038	1807	3	1807	0
pop1	NW_027183575.1	1	1000000	0	43	0	43	0
pop1	NW_027183577.1	1	1000000	0.013574660633484	1547	21	1547	0
pop1	NW_027183579.1	1	1000000	0.017765973144459	33885	602	33885	0
pop1	NW_027183580.1	1	1000000	0.0034722222222222	576	2	576	0
pop1	NW_027183583.1	1	1000000	0.012607449856734	1745	22	1745	0
pop1	NW_027183585.1	1	1000000	0	161	0	161	0
pop1	NW_027183587.1	1	1000000	0	143	0	143	0
pop1	NW_027183589.1	1	1000000	0.020589201620852	27393	564	27393	0
pop1	NW_027183590.1	1	1000000	0	234	0	234	0
pop1	NW_027183592.1	1	1000000	0.0011909487892021	2519	3	2519	0
pop1	NW_027183595.1	1	1000000	0.021531515888175	5759	124	5759	0
pop1	NW_027183596.1	1	1000000	0	859	0	859	0
pop1	NW_027183598.1	1	1000000	0	170	0	170	0
pop1	NW_027183599.1	1	1000000	0.0013149243918475	6084	8	6084	0
pop1	NW_027183600.1	1	1000000	0	279	0	279	0
pop1	NW_027183601.1	1	1000000	0.00095264017419706	7348	7	7348	0
pop1	NW_027183607.1	1	1000000	0	140	0	140	0
pop1	NW_027183608.1	1	1000000	0	765	0	765	0
pop1	NW_027183609.1	1	1000000	0.0011641443538999	6013	7	6013	0
pop1	NW_027183612.1	1	1000000	0	600	0	600	0
pop1	NW_027183613.1	1	1000000	0.0037551633496057	13315	50	13315	0
pop1	NW_027183615.1	1	1000000	0.018826739427012	7330	138	7330	0
pop1	NW_027183616.1	1	1000000	0	357	0	357	0
pop1	NW_027183617.1	1	1000000	0	77	0	77	0
pop1	NW_027183618.1	1	1000000	0.02324489316741	4259	99	4259	0
pop1	NW_027183619.1	1	1000000	0	463	0	463	0
pop1	NW_027183620.1	1	1000000	0	127	0	127	0
pop1	NW_027183623.1	1	1000000	0	458	0	458	0
pop1	NW_027183624.1	1	1000000	0.018714689265537	5664	106	5664	0
pop1	NW_027183627.1	1	1000000	0.0032331070158422	12372	40	12372	0
pop1	NW_027183628.1	1	1000000	0.029905178701678	1371	41	1371	0
pop1	NW_027183631.1	1	1000000	0.023255813953488	43	1	43	0
pop1	NW_027183633.1	1	1000000	0.017323931400714	11487	199	11487	0
pop1	NW_027183634.1	1	1000000	0	104	0	104	0
pop1	NW_027183635.1	1	1000000	0.0065811122079631	3039	20	3039	0
pop1	NW_027183636.1	1	1000000	0	485	0	485	0
pop1	NW_027183637.1	1	1000000	0	1681	0	1681	0
pop1	NW_027183641.1	1	1000000	0	13	0	13	0
pop1	NW_027183642.1	1	1000000	0.01993157816451	6723	134	6723	0
pop1	NW_027183645.1	1	1000000	0.0023419203747073	2135	5	2135	0
pop1	NW_027183646.1	1	1000000	0.0010787486515642	927	1	927	0
pop1	NW_027183649.1	1	1000000	0.0017482517482517	572	1	572	0
pop1	NW_027183650.1	1	1000000	0.013356311934511	4642	62	4642	0
pop1	NW_027183651.1	1	1000000	0.0069627612808077	70518	491	70518	0
pop1	NW_027183653.1	1	1000000	0	564	0	564	0
pop1	NW_027183654.1	1	1000000	0	729	0	729	0
pop1	NW_027183656.1	1	1000000	0	731	0	731	0
pop1	NW_027183658.1	1	1000000	0.015400504934588	43570	671	43570	0
pop1	NW_027183660.1	1	1000000	0	149	0	149	0
pop1	NW_027183661.1	1	1000000	0.0033057851239669	605	2	605	0
pop1	NW_027183664.1	1	1000000	0.013209568011424	2801	37	2801	0
pop1	NW_027183666.1	1	1000000	0	1381	0	1381	0
pop1	NW_027183667.1	1	1000000	0	147	0	147	0
pop1	NW_027183669.1	1	1000000	0.025349881172432	3787	96	3787	0
pop1	NW_027183672.1	1	1000000	0.013262599469496	754	10	754	0
pop1	NW_027183674.1	1	1000000	0	874	0	874	0
pop1	NW_027183675.1	1	1000000	0	793	0	793	0
pop1	NW_027183676.1	1	1000000	0.032967032967033	9464	312	9464	0
pop1	NW_027183678.1	1	1000000	0.0017101325352715	4678	8	4678	0
pop1	NW_027183679.1	1	1000000	0.025094284885408	6894	173	6894	0
pop1	NW_027183682.1	1	1000000	0.01178230783617	5347	63	5347	0
pop1	NW_027183683.1	1	1000000	0.035240464344942	2412	85	2412	0
pop1	NW_027183685.1	1	1000000	0	119	0	119	0
pop1	NW_027183688.1	1	1000000	0.021365294424179	3838	82	3838	0
pop1	NW_027183690.1	1	1000000	0.0049751243781095	201	1	201	0
pop1	NW_027183691.1	1	1000000	0.0037033446437227	51575	191	51575	0
pop1	NW_027183692.1	1	1000000	0.0029895366218236	1338	4	1338	0
pop1	NW_027183695.1	1	1000000	0.050847457627119	295	15	295	0
pop1	NW_027183706.1	1	1000000	0.023287671232877	13870	323	13870	0
pop1	NW_027183708.1	1	1000000	0.0021058173203475	15196	32	15196	0
pop1	NW_027183710.1	1	1000000	0	1302	0	1302	0
pop1	NW_027183712.1	1	1000000	0.01131221719457	442	5	442	0
pop1	NW_027183713.1	1	1000000	0	14	0	14	0
pop1	NW_027183715.1	1	1000000	0.0014134275618375	1415	2	1415	0
pop1	NW_027183717.1	1	1000000	0.0029890719529401	41819	125	41819	0
pop1	NW_027183718.1	1	1000000	0.019667389732466	13830	272	13830	0
pop1	NW_027183719.1	1	1000000	0	222	0	222	0
pop1	NW_027183720.1	1	1000000	0.020057306590258	349	7	349	0
pop1	NW_027183721.1	1	1000000	0	151	0	151	0
pop1	NW_027183722.1	1	1000000	0.023333671502486	9857	230	9857	0
pop1	NW_027183724.1	1	1000000	0	49	0	49	0
pop1	NW_027183727.1	1	1000000	0.015495416848538	4582	71	4582	0
pop1	NW_027183728.1	1	1000000	0.027391208305721	18108	496	18108	0
pop1	NW_027183729.1	1	1000000	0.022801302931596	921	21	921	0
pop1	NW_027183730.1	1	1000000	0.0022988505747126	435	1	435	0
pop1	NW_027183732.1	1	1000000	0	327	0	327	0
pop1	NW_027183734.1	1	1000000	0.023160718374824	30569	708	30569	0
pop1	NW_027183735.1	1	1000000	0.0021645021645022	462	1	462	0
pop1	NW_027183736.1	1	1000000	0.023354564755839	6123	143	6123	0
pop1	NW_027183740.1	1	1000000	0	225	0	225	0
pop1	NW_027183742.1	1	1000000	0	256	0	256	0
pop1	NW_027183744.1	1	1000000	0.015546918378679	1801	28	1801	0
pop1	NW_027183756.1	1	1000000	0.022601781638813	13583	307	13583	0
pop1	NW_027183759.1	1	1000000	0.034005037783375	1588	54	1588	0
pop1	NW_027183761.1	1	1000000	0.012813852813853	5775	74	5775	0
pop1	NW_027183765.1	1	1000000	0	100	0	100	0
pop1	NW_027183768.1	1	1000000	0	57	0	57	0
pop1	NW_027183770.1	1	1000000	0.0022831050228311	438	1	438	0
pop1	NW_027183775.1	1	1000000	0.017241379310345	2030	35	2030	0
pop1	NW_027183777.1	1	1000000	0.021252796420582	894	19	894	0
pop1	NW_027183781.1	1	1000000	0.015638670166229	9144	143	9144	0
pop1	NW_027183785.1	1	1000000	0.0051813471502591	386	2	386	0
pop1	NW_027183786.1	1	1000000	0.01084099868594	3044	33	3044	0
pop1	NW_027183796.1	1	1000000	0.024398395721925	5984	146	5984	0
pop1	NW_027183797.1	1	1000000	0.020444671607462	3913	80	3913	0
pop1	NW_027183803.1	1	1000000	0.0088403536141446	1923	17	1923	0
pop1	NW_027183807.1	1	1000000	0	207	0	207	0
pop1	NW_027183811.1	1	1000000	0.0050505050505051	990	5	990	0
pop1	NW_027183813.1	1	1000000	0.029838709677419	1240	37	1240	0
pop1	NW_027183815.1	1	1000000	0.023590429981596	5977	141	5977	0
pop1	NW_027183816.1	1	1000000	0.020725388601036	1737	36	1737	0
pop1	NW_027183818.1	1	1000000	0	238	0	238	0
pop1	NW_027183819.1	1	1000000	0.0058651026392962	682	4	682	0
pop1	NW_027183821.1	1	1000000	0.02639624949042	9812	259	9812	0
pop1	NW_027183823.1	1	1000000	0	486	0	486	0
pop1	NW_027183830.1	1	1000000	0.01937984496124	1548	30	1548	0
pop1	NW_027183831.1	1	1000000	0.021838140838491	8563	187	8563	0
pop1	NW_027183832.1	1	1000000	0	352	0	352	0
pop1	NW_027183836.1	1	1000000	0.019269369731032	2491	48	2491	0
pop1	NW_027183837.1	1	1000000	0	10	0	10	0
pop1	NW_027183843.1	1	1000000	0	150	0	150	0
pop1	NW_027183845.1	1	1000000	0.01425855513308	1052	15	1052	0
pop1	NW_027183852.1	1	1000000	0.0099173553719008	4235	42	4235	0
pop1	NW_027183861.1	1	1000000	0	14	0	14	0
pop1	NW_027183872.1	1	1000000	0.017278617710583	463	8	463	0
pop1	NW_027183873.1	1	1000000	0.016438356164384	1095	18	1095	0
pop1	NW_027183875.1	1	1000000	0.012048192771084	415	5	415	0
pop1	NW_027183880.1	1	1000000	0.028795116772824	7536	217	7536	0
pop1	NW_027183891.1	1	1000000	0	460	0	460	0
pop1	NW_027183892.1	1	1000000	0.025663716814159	1130	29	1130	0
pop1	NW_027183893.1	1	1000000	0.025876010781671	1855	48	1855	0
pop1	NW_027183896.1	1	1000000	0.028589853826311	4652	133	4652	0
pop1	NW_027183897.1	1	1000000	0.020736614051377	3231	67	3231	0
pop1	NW_027183900.1	1	1000000	0.013157894736842	76	1	76	0
pop1	NW_027183908.1	1	1000000	0.018996415770609	2790	53	2790	0
pop1	NW_027183912.1	1	1000000	0.016146788990826	2725	44	2725	0
pop1	NW_027183918.1	1	1000000	0	277	0	277	0
pop1	NW_027183921.1	1	1000000	0	185	0	185	0
pop1	NW_027183924.1	1	1000000	0.021357674583481	11284	241	11284	0
pop1	NW_027183929.1	1	1000000	0.02868411617067	5578	160	5578	0
pop1	NW_027183932.1	1	1000000	0.023872679045093	377	9	377	0
pop1	NW_027183945.1	1	1000000	0	154	0	154	0
pop1	NW_027183946.1	1	1000000	0.013609414301114	22264	303	22264	0
pop1	NW_027183953.1	1	1000000	0	373	0	373	0
pop1	NW_027183955.1	1	1000000	0.027344632768362	4425	121	4425	0
pop1	NW_027183956.1	1	1000000	0.0029673590504451	337	1	337	0
pop1	NW_027183957.1	1	1000000	0	236	0	236	0
pop1	NW_027183958.1	1	1000000	0.017607042817127	2499	44	2499	0
pop1	NW_027183963.1	1	1000000	0.046845124282983	1046	49	1046	0
pop1	NW_027183967.1	1	1000000	0.015787585217079	2787	44	2787	0
pop1	NW_027183971.1	1	1000000	0.030100334448161	598	18	598	0
pop1	NW_027183974.1	1	1000000	0	78	0	78	0
pop1	NW_027183975.1	1	1000000	0.0045587476346121	11626	53	11626	0
pop1	NW_027183976.1	1	1000000	0.0029850746268657	670	2	670	0
pop1	NW_027183977.1	1	1000000	0.01669449081803	599	10	599	0
pop1	NW_027183980.1	1	1000000	0.0625	32	2	32	0
pop1	NW_027183985.1	1	1000000	0.0088105726872247	227	2	227	0
pop1	NW_027183987.1	1	1000000	0.025751072961373	1165	30	1165	0
pop1	NW_027183995.1	1	1000000	0.033133253301321	4165	138	4165	0
pop1	NW_027184007.1	1	1000000	0.0078075543363579	9478	74	9478	0
pop1	NW_027184010.1	1	1000000	0.02828222685323	3359	95	3359	0
pop1	NW_027184011.1	1	1000000	0.00625	160	1	160	0
pop1	NW_027184012.1	1	1000000	0.0090817356205853	2973	27	2973	0
pop1	NW_027184014.1	1	1000000	0.023560209424084	764	18	764	0
pop1	NW_027184015.1	1	1000000	0	627	0	627	0
pop1	NW_027184016.1	1	1000000	0.060240963855422	83	5	83	0
pop1	NW_027184019.1	1	1000000	0.012413793103448	2900	36	2900	0
pop1	NW_027184020.1	1	1000000	0	49	0	49	0
pop1	NW_027184021.1	1	1000000	0.02638762511374	1099	29	1099	0
pop1	NW_027184022.1	1	1000000	0.02248019163442	5427	122	5427	0
pop1	NW_027184025.1	1	1000000	0.025174825174825	1430	36	1430	0
pop1	NW_027184026.1	1	1000000	0.018286814244466	2078	38	2078	0
pop1	NW_027184028.1	1	1000000	0.011180447217889	3846	43	3846	0
pop1	NW_027184030.1	1	1000000	0.037037037037037	432	16	432	0
pop1	NW_027184033.1	1	1000000	0.0175983436853	966	17	966	0
pop1	NW_027184036.1	1	1000000	0.016471175442975	16028	264	16028	0
pop1	NW_027184040.1	1	1000000	0	288	0	288	0
pop1	NW_027184042.1	1	1000000	0.035750766087845	979	35	979	0
pop1	NW_027184043.1	1	1000000	0.024842271293375	2536	63	2536	0
pop1	NW_027184044.1	1	1000000	0.0077180344738873	3887	30	3887	0
pop1	NW_027184045.1	1	1000000	0	445	0	445	0
pop1	NW_027184048.1	1	1000000	0.00078698845750262	3812	3	3812	0
pop1	NW_027184051.1	1	1000000	0	437	0	437	0
pop1	NW_027184057.1	1	1000000	0	118	0	118	0
pop1	NC_051467.1	1	1000000	0	74	0	74	0
