pop	chromosome	window_pos_1	window_pos_2	avg_pi	no_sites	count_diffs	count_comparisons	count_missing
pop1	NC_091013.1	1	1000000	0.0033734195954416	634964	2142	634964	0
pop1	NC_091013.1	1000001	2000000	0.0042696504413779	756268	3229	756268	0
pop1	NC_091013.1	2000001	3000000	0.0047261955179303	901994	4263	901994	0
pop1	NC_091013.1	3000001	4000000	0.0042848829068506	914144	3917	914144	0
pop1	NC_091013.1	4000001	5000000	0.0043385080712543	957472	4154	957472	0
pop1	NC_091013.1	5000001	6000000	0.0043634465393355	976980	4263	976980	0
pop1	NC_091013.1	6000001	7000000	0.0039217464706858	970231	3805	970231	0
pop1	NC_091013.1	7000001	8000000	0.0037151201184573	975204	3623	975204	0
pop1	NC_091013.1	8000001	9000000	0.00445152184141	967085	4305	967085	0
pop1	NC_091013.1	9000001	10000000	0.0041301198093886	974548	4025	974548	0
pop1	NC_091013.1	10000001	11000000	0.004306719464653	977310	4209	977310	0
pop1	NC_091013.1	11000001	12000000	0.0041268115114901	963698	3977	963698	0
pop1	NC_091013.1	12000001	13000000	0.0038431361000267	950786	3654	950786	0
pop1	NC_091013.1	13000001	14000000	0.0032058436252757	976654	3131	976654	0
pop1	NC_091013.1	14000001	15000000	0.003038911209156	973704	2959	973704	0
pop1	NC_091013.1	15000001	16000000	0.0031050152148797	983248	3053	983248	0
pop1	NC_091013.1	16000001	17000000	0.0033274314356065	968615	3223	968615	0
pop1	NC_091013.1	17000001	18000000	0.0035859588671887	955393	3426	955393	0
pop1	NC_091013.1	18000001	19000000	0.0035414249970089	961195	3404	961195	0
pop1	NC_091013.1	19000001	20000000	0.003641769998314	978645	3564	978645	0
pop1	NC_091013.1	20000001	21000000	0.0029913580703941	972468	2909	972468	0
pop1	NC_091013.1	21000001	22000000	0.0022849390751222	975956	2230	975956	0
pop1	NC_091013.1	22000001	23000000	0.0029342904906258	967866	2840	967866	0
pop1	NC_091013.1	23000001	24000000	0.0038659847139978	966636	3737	966636	0
pop1	NC_091013.1	24000001	25000000	0.0031903188064888	976078	3114	976078	0
pop1	NC_091013.1	25000001	26000000	0.0029091132111151	978305	2846	978305	0
pop1	NC_091013.1	26000001	27000000	0.0031443602903317	963312	3029	963312	0
pop1	NC_091013.1	27000001	28000000	0.0020298898707465	970496	1970	970496	0
pop1	NC_091013.1	28000001	29000000	0.0031615623968745	960601	3037	960601	0
pop1	NC_091013.1	29000001	30000000	0.002177307885198	981028	2136	981028	0
pop1	NC_091013.1	30000001	31000000	0.0025006733759397	980136	2451	980136	0
pop1	NC_091013.1	31000001	32000000	0.0026930678324217	966927	2604	966927	0
pop1	NC_091013.1	32000001	33000000	0.0025295710417557	982380	2485	982380	0
pop1	NC_091013.1	33000001	34000000	0.0027712834885176	957679	2654	957679	0
pop1	NC_091013.1	34000001	35000000	0.0024014535436257	978574	2350	978574	0
pop1	NC_091013.1	35000001	36000000	0.003346762079463	975271	3264	975271	0
pop1	NC_091013.1	36000001	37000000	0.0024412295642584	981063	2395	981063	0
pop1	NC_091013.1	37000001	38000000	0.003215473836799	970619	3121	970619	0
pop1	NC_091013.1	38000001	39000000	0.0033778144159926	970450	3278	970450	0
pop1	NC_091013.1	39000001	40000000	0.0028332785914032	977313	2769	977313	0
pop1	NC_091013.1	40000001	41000000	0.0021203995085734	980004	2078	980004	0
pop1	NC_091013.1	41000001	42000000	0.0030727762251992	977943	3005	977943	0
pop1	NC_091013.1	42000001	43000000	0.0032111752612626	969427	3113	969427	0
pop1	NC_091013.1	43000001	44000000	0.0031982092481295	978360	3129	978360	0
pop1	NC_091013.1	44000001	45000000	0.0041671930889215	965638	4024	965638	0
pop1	NC_091013.1	45000001	46000000	0.0041607465855768	953675	3968	953675	0
pop1	NC_091013.1	46000001	47000000	0.0044727349705416	954226	4268	954226	0
pop1	NC_091013.1	47000001	48000000	0.0039763207399197	962699	3828	962699	0
pop1	NC_091013.1	48000001	49000000	0.0034872347071298	973264	3394	973264	0
pop1	NC_091013.1	49000001	50000000	0.0030768876909855	956486	2943	956486	0
pop1	NC_091013.1	50000001	51000000	0.0035562256482532	976316	3472	976316	0
pop1	NC_091013.1	51000001	52000000	0.0032876371167188	979731	3221	979731	0
pop1	NC_091013.1	52000001	53000000	0.0028592355145858	978933	2799	978933	0
pop1	NC_091013.1	53000001	54000000	0.0039417539676596	974693	3842	974693	0
pop1	NC_091013.1	54000001	55000000	0.0032437513246854	976647	3168	976647	0
pop1	NC_091013.1	55000001	56000000	0.003490262836898	969841	3385	969841	0
pop1	NC_091013.1	56000001	57000000	0.0041973205777233	967522	4061	967522	0
pop1	NC_091013.1	57000001	58000000	0.003210232616465	79745	256	79745	0
pop1	NC_091013.1	58000001	59000000	0.003099049813469	459173	1423	459173	0
pop1	NC_091013.1	59000001	60000000	0.0030744442311541	979364	3011	979364	0
pop1	NC_091013.1	60000001	61000000	0.0034138366710995	964018	3291	964018	0
pop1	NC_091013.1	61000001	62000000	0.0031421370636719	974496	3062	974496	0
pop1	NC_091013.1	62000001	63000000	0.002733169377102	982376	2685	982376	0
pop1	NC_091013.1	63000001	64000000	0.0022556036532376	975792	2201	975792	0
pop1	NC_091013.1	64000001	65000000	0.0032695892160194	971070	3175	971070	0
pop1	NC_091013.1	65000001	66000000	0.0019111263908897	962783	1840	962783	0
pop1	NC_091013.1	66000001	67000000	7.5675821367742e-05	964641	73	964641	0
pop1	NC_091013.1	67000001	68000000	0.00010958949429618	967246	106	967246	0
pop1	NC_091013.1	68000001	69000000	9.2405689726335e-05	973966	90	973966	0
pop1	NC_091013.1	69000001	70000000	7.4238068264446e-05	983323	73	983323	0
pop1	NC_091013.1	70000001	71000000	0.00083068330071755	981120	815	981120	0
pop1	NC_091013.1	71000001	72000000	0.003298243003633	967788	3192	967788	0
pop1	NC_091013.1	72000001	73000000	0.0032379714976793	979008	3170	979008	0
pop1	NC_091013.1	73000001	74000000	0.0028801894210466	565935	1630	565935	0
pop1	NC_091013.1	74000001	75000000	0.0032172767523815	420542	1353	420542	0
pop1	NC_091013.1	75000001	76000000	0.0035259830756945	967957	3413	967957	0
pop1	NC_091013.1	76000001	77000000	0.0030387667336097	968485	2943	968485	0
pop1	NC_091013.1	77000001	78000000	0.0030584811188121	973032	2976	973032	0
pop1	NC_091013.1	78000001	79000000	0.0036172166804016	975612	3529	975612	0
pop1	NC_091013.1	79000001	80000000	0.0037711115364115	971862	3665	971862	0
pop1	NC_091013.1	80000001	81000000	0.0037270168989345	981482	3658	981482	0
pop1	NC_091013.1	81000001	82000000	0.0040904115575355	965673	3950	965673	0
pop1	NC_091013.1	82000001	83000000	0.0035488695183192	971577	3448	971577	0
pop1	NC_091013.1	83000001	84000000	0.0042030139127376	551509	2318	551509	0
pop1	NC_091013.1	84000001	85000000	0.0036641800480465	790900	2898	790900	0
pop1	NC_091013.1	85000001	86000000	0.004197602955902	972698	4083	972698	0
pop1	NC_091013.1	86000001	87000000	0.0042108495056605	970588	4087	970588	0
pop1	NC_091013.1	87000001	88000000	0.0032229251647479	971788	3132	971788	0
pop1	NC_091013.1	88000001	89000000	0.0038970179207504	976131	3804	976131	0
pop1	NC_091013.1	89000001	90000000	0.0037853175438131	979046	3706	979046	0
pop1	NC_091013.1	90000001	91000000	0.0033633146045309	965714	3248	965714	0
pop1	NC_091013.1	91000001	92000000	0.0039872899993012	973092	3880	973092	0
pop1	NC_091013.1	92000001	93000000	0.0039591036073028	836553	3312	836553	0
pop1	NC_091013.1	93000001	94000000	0.0040895050386482	952438	3895	952438	0
pop1	NC_091013.1	94000001	95000000	0.0038732840462792	978756	3791	978756	0
pop1	NC_091013.1	95000001	96000000	0.0040812443710985	967107	3947	967107	0
pop1	NC_091013.1	96000001	97000000	0.0026023516485319	975656	2539	975656	0
pop1	NC_091013.1	97000001	98000000	0.0030088528324541	972796	2927	972796	0
pop1	NC_091013.1	98000001	99000000	0.0035797169131661	978569	3503	978569	0
pop1	NC_091013.1	99000001	100000000	0.0035248772432083	977339	3445	977339	0
pop1	NC_091013.1	100000001	101000000	0.0033907771269814	981191	3327	981191	0
pop1	NC_091013.1	101000001	102000000	0.0042841746742135	972416	4166	972416	0
pop1	NC_091013.1	102000001	103000000	0.0038129330063336	968808	3694	968808	0
pop1	NC_091013.1	103000001	104000000	0.0029021200674108	960677	2788	960677	0
pop1	NC_091013.1	104000001	105000000	0.0024570716126396	959272	2357	959272	0
pop1	NC_091013.1	105000001	106000000	0.00014042055957593	797604	112	797604	0
pop1	NC_091013.1	106000001	107000000	0.0027510527099073	913832	2514	913832	0
pop1	NC_091013.1	107000001	108000000	0.0039015423232526	901951	3519	901951	0
pop1	NC_091013.1	108000001	109000000	0.0036610609296531	912577	3341	912577	0
pop1	NC_091013.1	109000001	110000000	0.0041889361719552	976859	4092	976859	0
pop1	NC_091013.1	110000001	111000000	0.0039758985927291	983677	3911	983677	0
pop1	NC_091013.1	111000001	112000000	0.0049478355890092	982854	4863	982854	0
pop1	NC_091013.1	112000001	113000000	0.0047168988340146	974369	4596	974369	0
pop1	NC_091013.1	113000001	114000000	0.0046928034448767	974897	4575	974897	0
pop1	NC_091013.1	114000001	115000000	0.0042724318034456	976259	4171	976259	0
pop1	NC_091013.1	115000001	116000000	0.0030187764194311	973242	2938	973242	0
pop1	NC_091013.1	116000001	117000000	0.0037632149042395	985062	3707	985062	0
pop1	NC_091013.1	117000001	118000000	0.0041130285349715	971790	3997	971790	0
pop1	NC_091013.1	118000001	119000000	0.003269654331325	878992	2874	878992	0
pop1	NC_091013.1	119000001	120000000	0.0037399869238661	940645	3518	940645	0
pop1	NC_091013.1	120000001	121000000	0.0031140195950845	215156	670	215156	0
pop1	NC_091014.1	1	1000000	0.0006031619277395	117713	71	117713	0
pop1	NC_091014.1	1000001	2000000	0.0058479243630622	810715	4741	810715	0
pop1	NC_091014.1	2000001	3000000	0.0053034150679766	917522	4866	917522	0
pop1	NC_091014.1	3000001	4000000	0.0050690486341643	954617	4839	954617	0
pop1	NC_091014.1	4000001	5000000	0.0045046039702343	951027	4284	951027	0
pop1	NC_091014.1	5000001	6000000	0.0041600029487592	976682	4063	976682	0
pop1	NC_091014.1	6000001	7000000	0.0033538504900495	986329	3308	986329	0
pop1	NC_091014.1	7000001	8000000	0.004120070008466	947314	3903	947314	0
pop1	NC_091014.1	8000001	9000000	0.0033762261031638	759724	2565	759724	0
pop1	NC_091014.1	9000001	10000000	0.0036638005744935	836563	3065	836563	0
pop1	NC_091014.1	10000001	11000000	0.0039737608248951	971372	3860	971372	0
pop1	NC_091014.1	11000001	12000000	0.0040689462619892	974208	3964	974208	0
pop1	NC_091014.1	12000001	13000000	0.0037239296657303	972897	3623	972897	0
pop1	NC_091014.1	13000001	14000000	0.003708886618999	979000	3631	979000	0
pop1	NC_091014.1	14000001	15000000	0.0031393501158691	983006	3086	983006	0
pop1	NC_091014.1	15000001	16000000	0.0031731518800484	964656	3061	964656	0
pop1	NC_091014.1	16000001	17000000	0.0039160917177398	968057	3791	968057	0
pop1	NC_091014.1	17000001	18000000	0.0028945989322328	976992	2828	976992	0
pop1	NC_091014.1	18000001	19000000	0.0034621510432574	975694	3378	975694	0
pop1	NC_091014.1	19000001	20000000	0.0026403198116647	982078	2593	982078	0
pop1	NC_091014.1	20000001	21000000	0.0026397183747218	964118	2545	964118	0
pop1	NC_091014.1	21000001	22000000	0.0027197514302141	980972	2668	980972	0
pop1	NC_091014.1	22000001	23000000	0.0032965306325744	973751	3210	973751	0
pop1	NC_091014.1	23000001	24000000	0.0028640302927489	954948	2735	954948	0
pop1	NC_091014.1	24000001	25000000	0.0030215516274365	980622	2963	980622	0
pop1	NC_091014.1	25000001	26000000	0.0027222737589211	938921	2556	938921	0
pop1	NC_091014.1	26000001	27000000	0.0020280816028711	975799	1979	975799	0
pop1	NC_091014.1	27000001	28000000	0.0025926829648166	963095	2497	963095	0
pop1	NC_091014.1	28000001	29000000	0.0030820225644404	971440	2994	971440	0
pop1	NC_091014.1	29000001	30000000	0.0032690912171369	979783	3203	979783	0
pop1	NC_091014.1	30000001	31000000	0.0026270779756119	975228	2562	975228	0
pop1	NC_091014.1	31000001	32000000	0.0029123488508361	976188	2843	976188	0
pop1	NC_091014.1	32000001	33000000	0.0030227592355796	971298	2936	971298	0
pop1	NC_091014.1	33000001	34000000	0.0032703651771516	978484	3200	978484	0
pop1	NC_091014.1	34000001	35000000	0.0026266567073886	971958	2553	971958	0
pop1	NC_091014.1	35000001	36000000	0.002744705353256	971689	2667	971689	0
pop1	NC_091014.1	36000001	37000000	0.0024413764480414	983052	2400	983052	0
pop1	NC_091014.1	37000001	38000000	0.0025744311075739	985072	2536	985072	0
pop1	NC_091014.1	38000001	39000000	0.0033999575928342	947953	3223	947953	0
pop1	NC_091014.1	39000001	40000000	0.0031123465567378	983181	3060	983181	0
pop1	NC_091014.1	40000001	41000000	0.0031612438860807	978096	3092	978096	0
pop1	NC_091014.1	41000001	42000000	0.00307860477755	971544	2991	971544	0
pop1	NC_091014.1	42000001	43000000	0.0033531540637252	981464	3291	981464	0
pop1	NC_091014.1	43000001	44000000	0.0038042533199508	983373	3741	983373	0
pop1	NC_091014.1	44000001	45000000	0.002870104336854	981149	2816	981149	0
pop1	NC_091014.1	45000001	46000000	0.0036199560096203	972940	3522	972940	0
pop1	NC_091014.1	46000001	47000000	0.0025031951891399	981945	2458	981945	0
pop1	NC_091014.1	47000001	48000000	0.0017024216549452	564490	961	564490	0
pop1	NC_091014.1	48000001	49000000	0.0064737242955065	2626	17	2626	0
pop1	NC_091014.1	49000001	50000000	0.002217386173719	728786	1616	728786	0
pop1	NC_091014.1	50000001	51000000	0.0034598242170315	920567	3185	920567	0
pop1	NC_091014.1	51000001	52000000	0.0031880988683284	966093	3080	966093	0
pop1	NC_091014.1	52000001	53000000	0.002696088980159	975858	2631	975858	0
pop1	NC_091014.1	53000001	54000000	0.0024475870253165	970752	2376	970752	0
pop1	NC_091014.1	54000001	55000000	0.0031406131134733	972740	3055	972740	0
pop1	NC_091014.1	55000001	56000000	0.002700122586371	744781	2011	744781	0
pop1	NC_091014.1	56000001	57000000	0.0034456770801107	985873	3397	985873	0
pop1	NC_091014.1	57000001	58000000	0.0036968060918238	967592	3577	967592	0
pop1	NC_091014.1	58000001	59000000	0.0038070107635789	450222	1714	450222	0
pop1	NC_091014.1	59000001	60000000	0.0034943004505379	674527	2357	674527	0
pop1	NC_091014.1	60000001	61000000	0.0036759985254586	965724	3550	965724	0
pop1	NC_091014.1	61000001	62000000	0.0045245751978024	972688	4401	972688	0
pop1	NC_091014.1	62000001	63000000	0.004506803510172	969867	4371	969867	0
pop1	NC_091014.1	63000001	64000000	0.0040669912756642	977381	3975	977381	0
pop1	NC_091014.1	64000001	65000000	0.004158254039379	948475	3944	948475	0
pop1	NC_091014.1	65000001	66000000	0.0043445782659502	967873	4205	967873	0
pop1	NC_091014.1	66000001	67000000	0.0044985025617332	969656	4362	969656	0
pop1	NC_091014.1	67000001	68000000	0.0042544302548459	952654	4053	952654	0
pop1	NC_091014.1	68000001	69000000	0.0040817217444449	733024	2992	733024	0
pop1	NC_091014.1	69000001	70000000	0.0034628186740329	960778	3327	960778	0
pop1	NC_091014.1	70000001	71000000	0.0025972077672452	959877	2493	959877	0
pop1	NC_091014.1	71000001	72000000	0.00079604905297417	880599	701	880599	0
pop1	NC_091014.1	72000001	73000000	0	60	0	60	0
pop1	NC_091014.1	73000001	74000000	0.00065374280625534	777064	508	777064	0
pop1	NC_091014.1	74000001	75000000	0.0012752327531729	970019	1237	970019	0
pop1	NC_091014.1	75000001	76000000	0.0040209354320539	978628	3935	978628	0
pop1	NC_091014.1	76000001	77000000	0.0039598988796956	979823	3880	979823	0
pop1	NC_091014.1	77000001	78000000	0.0036650855289029	976512	3579	976512	0
pop1	NC_091014.1	78000001	79000000	0.0040878980328533	972627	3976	972627	0
pop1	NC_091014.1	79000001	80000000	0.0025861026407401	926104	2395	926104	0
pop1	NC_091014.1	80000001	81000000	0.00057273768613975	1746	1	1746	0
pop1	NC_091015.1	1	1000000	0.0028912041477896	813156	2351	813156	0
pop1	NC_091015.1	1000001	2000000	0.0050017750693148	918274	4593	918274	0
pop1	NC_091015.1	2000001	3000000	0.0050656678045536	957623	4851	957623	0
pop1	NC_091015.1	3000001	4000000	0.0045248300178124	954953	4321	954953	0
pop1	NC_091015.1	4000001	5000000	0.004448243721323	970945	4319	970945	0
pop1	NC_091015.1	5000001	6000000	0.0038782511274937	978276	3794	978276	0
pop1	NC_091015.1	6000001	7000000	0.0040755020826559	968715	3948	968715	0
pop1	NC_091015.1	7000001	8000000	0.0045882139994311	966825	4436	966825	0
pop1	NC_091015.1	8000001	9000000	0.0034010412308647	979994	3333	979994	0
pop1	NC_091015.1	9000001	10000000	0.0034676621901862	967799	3356	967799	0
pop1	NC_091015.1	10000001	11000000	0.0035372489193999	983250	3478	983250	0
pop1	NC_091015.1	11000001	12000000	0.0040858289526209	979483	4002	979483	0
pop1	NC_091015.1	12000001	13000000	0.003965659543264	955957	3791	955957	0
pop1	NC_091015.1	13000001	14000000	0.0033016807723673	982227	3243	982227	0
pop1	NC_091015.1	14000001	15000000	0.0031393119444949	979514	3075	979514	0
pop1	NC_091015.1	15000001	16000000	0.0034849872356971	977335	3406	977335	0
pop1	NC_091015.1	16000001	17000000	0.0023342003016965	937366	2188	937366	0
pop1	NC_091015.1	17000001	18000000	0.003223199469491	951539	3067	951539	0
pop1	NC_091015.1	18000001	19000000	0.0024543029954213	972985	2388	972985	0
pop1	NC_091015.1	19000001	20000000	0.0016107429282958	976568	1573	976568	0
pop1	NC_091015.1	20000001	21000000	0.0029065419007413	962656	2798	962656	0
pop1	NC_091015.1	21000001	22000000	0.0029083555549181	976153	2839	976153	0
pop1	NC_091015.1	22000001	23000000	0.0036536705463837	965878	3529	965878	0
pop1	NC_091015.1	23000001	24000000	0.0027150481491974	967202	2626	967202	0
pop1	NC_091015.1	24000001	25000000	0.0031701285155954	777571	2465	777571	0
pop1	NC_091015.1	25000001	26000000	0.0053418803418803	936	5	936	0
pop1	NC_091015.1	26000001	27000000	NA	0	NA	NA	NA
pop1	NC_091015.1	27000001	28000000	NA	0	NA	NA	NA
pop1	NC_091015.1	28000001	29000000	NA	0	NA	NA	NA
pop1	NC_091015.1	29000001	30000000	NA	0	NA	NA	NA
pop1	NC_091015.1	30000001	31000000	NA	0	NA	NA	NA
pop1	NC_091015.1	31000001	32000000	NA	0	NA	NA	NA
pop1	NC_091015.1	32000001	33000000	NA	0	NA	NA	NA
pop1	NC_091015.1	33000001	34000000	NA	0	NA	NA	NA
pop1	NC_091015.1	34000001	35000000	NA	0	NA	NA	NA
pop1	NC_091015.1	35000001	36000000	NA	0	NA	NA	NA
pop1	NC_091015.1	36000001	37000000	NA	0	NA	NA	NA
pop1	NC_091015.1	37000001	38000000	NA	0	NA	NA	NA
pop1	NC_091015.1	38000001	39000000	NA	0	NA	NA	NA
pop1	NC_091015.1	39000001	40000000	0.0025388701422413	495496	1258	495496	0
pop1	NC_091015.1	40000001	41000000	0.0037306290303658	971686	3625	971686	0
pop1	NC_091015.1	41000001	42000000	0.0029571949591325	982688	2906	982688	0
pop1	NC_091015.1	42000001	43000000	0.0026834296668746	968164	2598	968164	0
pop1	NC_091015.1	43000001	44000000	0.0029323179391743	980112	2874	980112	0
pop1	NC_091015.1	44000001	45000000	0.0025088043480485	977358	2452	977358	0
pop1	NC_091015.1	45000001	46000000	0.002870993213736	973879	2796	973879	0
pop1	NC_091015.1	46000001	47000000	0.0036905328649288	974656	3597	974656	0
pop1	NC_091015.1	47000001	48000000	0.0025976177288186	965885	2509	965885	0
pop1	NC_091015.1	48000001	49000000	0.0029563290460605	979255	2895	979255	0
pop1	NC_091015.1	49000001	50000000	0.0027103773968978	982520	2663	982520	0
pop1	NC_091015.1	50000001	51000000	0.0031669287104999	982024	3110	982024	0
pop1	NC_091015.1	51000001	52000000	0.0028780223372604	966636	2782	966636	0
pop1	NC_091015.1	52000001	53000000	0.0039692688460349	969700	3849	969700	0
pop1	NC_091015.1	53000001	54000000	0.0037733071488376	978187	3691	978187	0
pop1	NC_091015.1	54000001	55000000	0.0033339377135279	981722	3273	981722	0
pop1	NC_091015.1	55000001	56000000	0.0031293339134812	981359	3071	981359	0
pop1	NC_091015.1	56000001	57000000	0.0027681433520409	973938	2696	973938	0
pop1	NC_091015.1	57000001	58000000	0.0024263749114687	971408	2357	971408	0
pop1	NC_091015.1	58000001	59000000	0.002994334129568	975843	2922	975843	0
pop1	NC_091015.1	59000001	60000000	0.003909446970127	968935	3788	968935	0
pop1	NC_091015.1	60000001	61000000	0.0033639310763616	933729	3141	933729	0
pop1	NC_091015.1	61000001	62000000	0.0025007635528061	975702	2440	975702	0
pop1	NC_091015.1	62000001	63000000	0.001693934464063	879609	1490	879609	0
pop1	NC_091015.1	63000001	64000000	0.0012567344574732	366028	460	366028	0
pop1	NC_091015.1	64000001	65000000	0.00046703268190923	963530	450	963530	0
pop1	NC_091015.1	65000001	66000000	0.00032351055164326	519303	168	519303	0
pop1	NC_091015.1	66000001	67000000	0.0028409090909091	704	2	704	0
pop1	NC_091015.1	67000001	68000000	0.00022619605958797	782507	177	782507	0
pop1	NC_091015.1	68000001	69000000	0.0004810728560469	943724	454	943724	0
pop1	NC_091015.1	69000001	70000000	0.0017264959718511	975386	1684	975386	0
pop1	NC_091015.1	70000001	71000000	0.0019432064439629	978280	1901	978280	0
pop1	NC_091015.1	71000001	72000000	0.0026292172934881	967208	2543	967208	0
pop1	NC_091015.1	72000001	73000000	0.0029398970270176	979286	2879	979286	0
pop1	NC_091015.1	73000001	74000000	0.002464394631727	973870	2400	973870	0
pop1	NC_091015.1	74000001	75000000	0.0023376405196487	976198	2282	976198	0
pop1	NC_091015.1	75000001	76000000	0.0023515627324502	974671	2292	974671	0
pop1	NC_091015.1	76000001	77000000	0.0030364031338377	979119	2973	979119	0
pop1	NC_091015.1	77000001	78000000	0.0032471861960995	982389	3190	982389	0
pop1	NC_091015.1	78000001	79000000	0.002728841942548	970375	2648	970375	0
pop1	NC_091015.1	79000001	80000000	0.0030446538848682	962671	2931	962671	0
pop1	NC_091015.1	80000001	81000000	0.002967087495526	983456	2918	983456	0
pop1	NC_091015.1	81000001	82000000	0.0031837606393698	962698	3065	962698	0
pop1	NC_091015.1	82000001	83000000	0.0034581818256648	971898	3361	971898	0
pop1	NC_091015.1	83000001	84000000	0.0035339610859747	964074	3407	964074	0
pop1	NC_091015.1	84000001	85000000	0.004334072774708	965143	4183	965143	0
pop1	NC_091015.1	85000001	86000000	0.0040266788358136	957613	3856	957613	0
pop1	NC_091015.1	86000001	87000000	0.0038655630340032	959498	3709	959498	0
pop1	NC_091015.1	87000001	88000000	0.004721221370843	953355	4501	953355	0
pop1	NC_091015.1	88000001	89000000	0.0042453194908542	957054	4063	957054	0
pop1	NC_091015.1	89000001	90000000	0.0033276452264051	973962	3241	973962	0
pop1	NC_091015.1	90000001	91000000	0.0026937445130261	816707	2200	816707	0
pop1	NC_091015.1	91000001	92000000	0.002398364272129	966909	2319	966909	0
pop1	NC_091015.1	92000001	93000000	0.0037602687808576	976260	3671	976260	0
pop1	NC_091015.1	93000001	94000000	0.0038386399534458	962320	3694	962320	0
pop1	NC_091015.1	94000001	95000000	0.0035092802407846	924976	3246	924976	0
pop1	NC_091015.1	95000001	96000000	0.0030776488211312	966647	2975	966647	0
pop1	NC_091015.1	96000001	97000000	0.0036252844305604	259290	940	259290	0
pop1	NC_091015.1	97000001	98000000	0.0034458097652948	646002	2226	646002	0
pop1	NC_091015.1	98000001	99000000	0.0037839992958075	965645	3654	965645	0
pop1	NC_091015.1	99000001	100000000	0.0033811221875748	973937	3293	973937	0
pop1	NC_091015.1	100000001	101000000	0.0033562294132015	978479	3284	978479	0
pop1	NC_091015.1	101000001	102000000	0.003671415043847	971560	3567	971560	0
pop1	NC_091015.1	102000001	103000000	0.0031896427538816	978793	3122	978793	0
pop1	NC_091015.1	103000001	104000000	0.0036127085847875	971847	3511	971847	0
pop1	NC_091015.1	104000001	105000000	0.0038863446445249	976496	3795	976496	0
pop1	NC_091015.1	105000001	106000000	0.0034713281940718	967065	3357	967065	0
pop1	NC_091015.1	106000001	107000000	0.0034007025717749	971858	3305	971858	0
pop1	NC_091015.1	107000001	108000000	0.0028248442746918	975275	2755	975275	0
pop1	NC_091015.1	108000001	109000000	0.003753313032552	800626	3005	800626	0
pop1	NC_091015.1	109000001	110000000	0.0033342440472815	969935	3234	969935	0
pop1	NC_091015.1	110000001	111000000	0.0035052872638436	954558	3346	954558	0
pop1	NC_091015.1	111000001	112000000	0.0041388926992326	969583	4013	969583	0
pop1	NC_091015.1	112000001	113000000	0.0036383961857845	958939	3489	958939	0
pop1	NC_091015.1	113000001	114000000	0.0031077202908195	975313	3031	975313	0
pop1	NC_091015.1	114000001	115000000	0.0033634426954089	979651	3295	979651	0
pop1	NC_091015.1	115000001	116000000	0.0035827559677221	965737	3460	965737	0
pop1	NC_091015.1	116000001	117000000	0.0038181827552972	970095	3704	970095	0
pop1	NC_091015.1	117000001	118000000	0.003330630689956	971888	3237	971888	0
pop1	NC_091015.1	118000001	119000000	0.0034206146858937	975848	3338	975848	0
pop1	NC_091015.1	119000001	120000000	0.0037289152837059	969719	3616	969719	0
pop1	NC_091015.1	120000001	121000000	0.003157204555497	982198	3101	982198	0
pop1	NC_091015.1	121000001	122000000	0.0032334638892251	974806	3152	974806	0
pop1	NC_091015.1	122000001	123000000	0.0037592533345101	362572	1363	362572	0
pop1	NC_091015.1	123000001	124000000	0.003236125653369	968442	3134	968442	0
pop1	NC_091015.1	124000001	125000000	0.0028331112608903	962899	2728	962899	0
pop1	NC_091015.1	125000001	126000000	0.0034869103885739	967332	3373	967332	0
pop1	NC_091015.1	126000001	127000000	0.0039290149621645	959019	3768	959019	0
pop1	NC_091015.1	127000001	128000000	0.0036590384786243	979219	3583	979219	0
pop1	NC_091015.1	128000001	129000000	0.0038920652386216	977887	3806	977887	0
pop1	NC_091015.1	129000001	130000000	0.0034287411899689	976160	3347	976160	0
pop1	NC_091015.1	130000001	131000000	0.0033323489227858	978589	3261	978589	0
pop1	NC_091015.1	131000001	132000000	0.0031314349394531	972717	3046	972717	0
pop1	NC_091015.1	132000001	133000000	0.0032290906414636	978294	3159	978294	0
pop1	NC_091015.1	133000001	134000000	0.0031416728794475	977823	3072	977823	0
pop1	NC_091015.1	134000001	135000000	0.0029044452920741	972647	2825	972647	0
pop1	NC_091015.1	135000001	136000000	0.0032569910784533	973598	3171	973598	0
pop1	NC_091015.1	136000001	137000000	0.0030636239676863	971725	2977	971725	0
pop1	NC_091015.1	137000001	138000000	0.0001516541130762	969311	147	969311	0
pop1	NC_091015.1	138000001	139000000	0.0016662284568312	969855	1616	969855	0
pop1	NC_091015.1	139000001	140000000	0.0031898387336381	969328	3092	969328	0
pop1	NC_091015.1	140000001	141000000	0.0035157323914441	978459	3440	978459	0
pop1	NC_091015.1	141000001	142000000	0.0030801816706534	948970	2923	948970	0
pop1	NC_091015.1	142000001	143000000	0.0027612199703146	969499	2677	969499	0
pop1	NC_091015.1	143000001	144000000	0.0024184913045084	974988	2358	974988	0
pop1	NC_091015.1	144000001	145000000	0.0022352966862506	961841	2150	961841	0
pop1	NC_091015.1	145000001	146000000	0.0024743396971651	957023	2368	957023	0
pop1	NC_091015.1	146000001	147000000	0.0023398779877049	980393	2294	980393	0
pop1	NC_091015.1	147000001	148000000	0.0024310807174472	969939	2358	969939	0
pop1	NC_091015.1	148000001	149000000	0.0024451722633037	980708	2398	980708	0
pop1	NC_091015.1	149000001	150000000	0.0025299258394683	961293	2432	961293	0
pop1	NC_091015.1	150000001	151000000	0.002635947630542	949943	2504	949943	0
pop1	NC_091015.1	151000001	152000000	0.0031158868629384	961524	2996	961524	0
pop1	NC_091015.1	152000001	153000000	0.0030083714879454	947024	2849	947024	0
pop1	NC_091015.1	153000001	154000000	0.0020797831379818	963562	2004	963562	0
pop1	NC_091015.1	154000001	155000000	0.00193599046897	960232	1859	960232	0
pop1	NC_091015.1	155000001	156000000	0.0019235388123344	961769	1850	961769	0
pop1	NC_091015.1	156000001	157000000	0.0024450633521788	970527	2373	970527	0
pop1	NC_091015.1	157000001	158000000	0.0027553256193987	955241	2632	955241	0
pop1	NC_091015.1	158000001	159000000	0.0025916361486542	974288	2525	974288	0
pop1	NC_091015.1	159000001	160000000	0.0033646790462568	966214	3251	966214	0
pop1	NC_091015.1	160000001	161000000	0.0039389081648367	967527	3811	967527	0
pop1	NC_091015.1	161000001	162000000	0.0036057692307692	949312	3423	949312	0
pop1	NC_091015.1	162000001	163000000	0.0029942733339293	950815	2847	950815	0
pop1	NC_091015.1	163000001	164000000	0.0032884039723503	959432	3155	959432	0
pop1	NC_091015.1	164000001	165000000	0.0032919196367338	969647	3192	969647	0
pop1	NC_091015.1	165000001	166000000	0.0039592427186099	951192	3766	951192	0
pop1	NC_091015.1	166000001	167000000	0.0046085875012359	960815	4428	960815	0
pop1	NC_091015.1	167000001	168000000	0.0068846373423595	739182	5089	739182	0
pop1	NC_091015.1	168000001	169000000	0.0062602214305081	579053	3625	579053	0
pop1	NC_091016.1	1	1000000	0.00023174971031286	4315	1	4315	0
pop1	NC_091016.1	1000001	2000000	0.0031354830686875	337747	1059	337747	0
pop1	NC_091016.1	2000001	3000000	0.0039772456674163	944875	3758	944875	0
pop1	NC_091016.1	3000001	4000000	0.003243278437692	982956	3188	982956	0
pop1	NC_091016.1	4000001	5000000	0.0030277107329443	981930	2973	981930	0
pop1	NC_091016.1	5000001	6000000	0.0031863207426931	980755	3125	980755	0
pop1	NC_091016.1	6000001	7000000	0.0036979082320492	969467	3585	969467	0
pop1	NC_091016.1	7000001	8000000	0.0036848867267053	973707	3588	973707	0
pop1	NC_091016.1	8000001	9000000	0.001171953386666	966762	1133	966762	0
pop1	NC_091016.1	9000001	10000000	0.00020142698429184	317733	64	317733	0
pop1	NC_091016.1	10000001	11000000	0	1242	0	1242	0
pop1	NC_091016.1	11000001	12000000	0.00040945304783289	752223	308	752223	0
pop1	NC_091016.1	12000001	13000000	0.0015071659166504	981312	1479	981312	0
pop1	NC_091016.1	13000001	14000000	0.0033803836930949	972079	3286	972079	0
pop1	NC_091016.1	14000001	15000000	0.0039519696389675	969137	3830	969137	0
pop1	NC_091016.1	15000001	16000000	0.002735361308164	133072	364	133072	0
pop1	NC_091016.1	16000001	17000000	0.0026633158022829	579353	1543	579353	0
pop1	NC_091016.1	17000001	18000000	0.0041217278083936	723483	2982	723483	0
pop1	NC_091016.1	18000001	19000000	0.0043140109261016	978208	4220	978208	0
pop1	NC_091016.1	19000001	20000000	0.0039971266429022	961941	3845	961941	0
pop1	NC_091016.1	20000001	21000000	0.0039323839039748	975744	3837	975744	0
pop1	NC_091016.1	21000001	22000000	0.0039964816060434	966350	3862	966350	0
pop1	NC_091016.1	22000001	23000000	0.0041821721948915	954767	3993	954767	0
pop1	NC_091016.1	23000001	24000000	0.0031422446638363	955368	3002	955368	0
pop1	NC_091016.1	24000001	25000000	0.0038537053293238	958039	3692	958039	0
pop1	NC_091016.1	25000001	26000000	0.0033260091669552	978951	3256	978951	0
pop1	NC_091016.1	26000001	27000000	0.0044531909580603	336388	1498	336388	0
pop1	NC_091016.1	27000001	28000000	0.0032950876976539	194532	641	194532	0
pop1	NC_091016.1	28000001	29000000	0.0033181664240029	977347	3243	977347	0
pop1	NC_091016.1	29000001	30000000	0.0031233985220942	967856	3023	967856	0
pop1	NC_091016.1	30000001	31000000	0.0038164618563623	977083	3729	977083	0
pop1	NC_091016.1	31000001	32000000	0.0034298362215095	984012	3375	984012	0
pop1	NC_091016.1	32000001	33000000	0.0031973142560249	975819	3120	975819	0
pop1	NC_091016.1	33000001	34000000	0.0034152977642732	982052	3354	982052	0
pop1	NC_091016.1	34000001	35000000	0.0029739557278958	981521	2919	981521	0
pop1	NC_091016.1	35000001	36000000	0.0020468723481946	194443	398	194443	0
pop1	NC_091016.1	36000001	37000000	0.002944640753828	1698	5	1698	0
pop1	NC_091016.1	37000001	38000000	0.0028998034968514	795916	2308	795916	0
pop1	NC_091016.1	38000001	39000000	0.003135964800603	981835	3079	981835	0
pop1	NC_091016.1	39000001	40000000	0.0029802310654685	973750	2902	973750	0
pop1	NC_091016.1	40000001	41000000	0.0027495748133189	972514	2674	972514	0
pop1	NC_091016.1	41000001	42000000	0.0030298883628595	979244	2967	979244	0
pop1	NC_091016.1	42000001	43000000	0.0036883313091855	958428	3535	958428	0
pop1	NC_091016.1	43000001	44000000	0.003256022823871	977573	3183	977573	0
pop1	NC_091016.1	44000001	45000000	0.0021710098766666	980189	2128	980189	0
pop1	NC_091016.1	45000001	46000000	0.002782170648717	971903	2704	971903	0
pop1	NC_091016.1	46000001	47000000	0.0024760912154707	965231	2390	965231	0
pop1	NC_091016.1	47000001	48000000	0.0030599748930392	975825	2986	975825	0
pop1	NC_091016.1	48000001	49000000	0.0034009129625379	980325	3334	980325	0
pop1	NC_091016.1	49000001	50000000	0.0033634179328108	959738	3228	959738	0
pop1	NC_091016.1	50000001	51000000	0.0028811179115624	952061	2743	952061	0
pop1	NC_091016.1	51000001	52000000	0.0036404483748623	972133	3539	972133	0
pop1	NC_091016.1	52000001	53000000	0.002940949955588	973835	2864	973835	0
pop1	NC_091016.1	53000001	54000000	0.0033552624910036	986510	3310	986510	0
pop1	NC_091016.1	54000001	55000000	0.002746028715095	329931	906	329931	0
pop1	NC_091016.1	55000001	56000000	0.0014497856388377	482830	700	482830	0
pop1	NC_091016.1	56000001	57000000	0.0028173596530916	983545	2771	983545	0
pop1	NC_091016.1	57000001	58000000	0.0024981984635723	981107	2451	981107	0
pop1	NC_091016.1	58000001	59000000	0.0034104499448924	980809	3345	980809	0
pop1	NC_091016.1	59000001	60000000	0.0030675034190943	981254	3010	981254	0
pop1	NC_091016.1	60000001	61000000	0.0028113999672122	982073	2761	982073	0
pop1	NC_091016.1	61000001	62000000	0.0032332709279467	982287	3176	982287	0
pop1	NC_091016.1	62000001	63000000	0.0030882843800399	961699	2970	961699	0
pop1	NC_091016.1	63000001	64000000	0.0027627710746518	982709	2715	982709	0
pop1	NC_091016.1	64000001	65000000	0.0029670218288035	976737	2898	976737	0
pop1	NC_091016.1	65000001	66000000	0.0042606377977541	978492	4169	978492	0
pop1	NC_091016.1	66000001	67000000	0.0031452904537943	983375	3093	983375	0
pop1	NC_091016.1	67000001	68000000	0.0039805618637089	972727	3872	972727	0
pop1	NC_091016.1	68000001	69000000	0.0039462336187131	950780	3752	950780	0
pop1	NC_091016.1	69000001	70000000	0.0037243682565784	982717	3660	982717	0
pop1	NC_091016.1	70000001	71000000	0.0034631049255758	984088	3408	984088	0
pop1	NC_091016.1	71000001	72000000	0.0034592510226774	980270	3391	980270	0
pop1	NC_091016.1	72000001	73000000	0.0036876329209682	980846	3617	980846	0
pop1	NC_091016.1	73000001	74000000	0.0037609665112854	980599	3688	980599	0
pop1	NC_091016.1	74000001	75000000	0.0035385718613663	980339	3469	980339	0
pop1	NC_091016.1	75000001	76000000	0.0031908300453466	977802	3120	977802	0
pop1	NC_091016.1	76000001	77000000	0.0033118939203164	968932	3209	968932	0
pop1	NC_091016.1	77000001	78000000	0.0035231506771135	981224	3457	981224	0
pop1	NC_091016.1	78000001	79000000	0.0029923428230145	981171	2936	981171	0
pop1	NC_091016.1	79000001	80000000	0.0026502560416854	957266	2537	957266	0
pop1	NC_091016.1	80000001	81000000	0.0026736548524947	979558	2619	979558	0
pop1	NC_091016.1	81000001	82000000	0.0033945962206132	957404	3250	957404	0
pop1	NC_091016.1	82000001	83000000	0.0037391529290031	978029	3657	978029	0
pop1	NC_091016.1	83000001	84000000	0.0033278821398895	979602	3260	979602	0
pop1	NC_091016.1	84000001	85000000	0.0025558439648066	978933	2502	978933	0
pop1	NC_091016.1	85000001	86000000	0.0036046039493201	965432	3480	965432	0
pop1	NC_091016.1	86000001	87000000	0.0028140270310023	979024	2755	979024	0
pop1	NC_091016.1	87000001	88000000	0.002818807196249	977009	2754	977009	0
pop1	NC_091016.1	88000001	89000000	0.0026065106701801	981005	2557	981005	0
pop1	NC_091016.1	89000001	90000000	0.0033478361746994	974062	3261	974062	0
pop1	NC_091016.1	90000001	91000000	0.0037747547132767	967745	3653	967745	0
pop1	NC_091016.1	91000001	92000000	0.003147918450419	978742	3081	978742	0
pop1	NC_091016.1	92000001	93000000	0.0025270180257865	968335	2447	968335	0
pop1	NC_091016.1	93000001	94000000	0.0030615503666491	976956	2991	976956	0
pop1	NC_091016.1	94000001	95000000	0.0023578707997231	978001	2306	978001	0
pop1	NC_091016.1	95000001	96000000	0.0029301404810814	965824	2830	965824	0
pop1	NC_091016.1	96000001	97000000	0.0029679221039041	969702	2878	969702	0
pop1	NC_091016.1	97000001	98000000	0.0037321469261031	961109	3587	961109	0
pop1	NC_091016.1	98000001	99000000	0.0031218942312555	968963	3025	968963	0
pop1	NC_091016.1	99000001	100000000	0.0033819300937098	969269	3278	969269	0
pop1	NC_091016.1	100000001	101000000	0.0026826942278772	981476	2633	981476	0
pop1	NC_091016.1	101000001	102000000	0.0023085709241954	951671	2197	951671	0
pop1	NC_091016.1	102000001	103000000	0.0020670994656173	959799	1984	959799	0
pop1	NC_091016.1	103000001	104000000	0.002655476683375	948229	2518	948229	0
pop1	NC_091016.1	104000001	105000000	0.002265259384646	964128	2184	964128	0
pop1	NC_091016.1	105000001	106000000	0.0019705272144927	787099	1551	787099	0
pop1	NC_091016.1	106000001	107000000	0.0020983310197889	960287	2015	960287	0
pop1	NC_091016.1	107000001	108000000	0.0031387762671005	949096	2979	949096	0
pop1	NC_091016.1	108000001	109000000	0.0025132434539793	970857	2440	970857	0
pop1	NC_091016.1	109000001	110000000	0.0025222789113869	957071	2414	957071	0
pop1	NC_091016.1	110000001	111000000	0.0025071084442662	972435	2438	972435	0
pop1	NC_091016.1	111000001	112000000	0.002487603737147	957950	2383	957950	0
pop1	NC_091016.1	112000001	113000000	0.0033960461511825	958762	3256	958762	0
pop1	NC_091016.1	113000001	114000000	0.0024927597358391	976829	2435	976829	0
pop1	NC_091016.1	114000001	115000000	0.0034047261855363	939870	3200	939870	0
pop1	NC_091016.1	115000001	116000000	0.0030088958660387	978432	2944	978432	0
pop1	NC_091016.1	116000001	117000000	0.0033034179090391	974748	3220	974748	0
pop1	NC_091016.1	117000001	118000000	0.0031065174653472	964424	2996	964424	0
pop1	NC_091016.1	118000001	119000000	0.0033169305188197	980726	3253	980726	0
pop1	NC_091016.1	119000001	120000000	0.0037736161509943	966182	3646	966182	0
pop1	NC_091016.1	120000001	121000000	0.0030757936564425	983486	3025	983486	0
pop1	NC_091016.1	121000001	122000000	0.003975655146065	973676	3871	973676	0
pop1	NC_091016.1	122000001	123000000	0.0049076352098643	930387	4566	930387	0
pop1	NC_091016.1	123000001	124000000	0.0044876899595195	964416	4328	964416	0
pop1	NC_091016.1	124000001	125000000	0.011134944053076	551058	6136	551058	0
pop1	NC_091016.1	125000001	126000000	0.0045252642652095	743382	3364	743382	0
pop1	NC_091016.1	126000001	127000000	0.00072700836059615	118293	86	118293	0
pop1	NC_091017.1	1	1000000	0.0026470563201661	587445	1555	587445	0
pop1	NC_091017.1	1000001	2000000	0.0030309563498115	950855	2882	950855	0
pop1	NC_091017.1	2000001	3000000	0.0040364235003601	971900	3923	971900	0
pop1	NC_091017.1	3000001	4000000	0.003999225622375	965937	3863	965937	0
pop1	NC_091017.1	4000001	5000000	0.0040159804729469	958670	3850	958670	0
pop1	NC_091017.1	5000001	6000000	0.0036990507379098	973493	3601	973493	0
pop1	NC_091017.1	6000001	7000000	0.0046480403410954	975680	4535	975680	0
pop1	NC_091017.1	7000001	8000000	0.0040006164605598	940855	3764	940855	0
pop1	NC_091017.1	8000001	9000000	0.0038020767304293	836122	3179	836122	0
pop1	NC_091017.1	9000001	10000000	0.0029705363147276	951680	2827	951680	0
pop1	NC_091017.1	10000001	11000000	0.0010633265375325	955492	1016	955492	0
pop1	NC_091017.1	11000001	12000000	0.00049867619463795	194515	97	194515	0
pop1	NC_091017.1	12000001	13000000	0.00045235274061621	296229	134	296229	0
pop1	NC_091017.1	13000001	14000000	0.001153678181947	945671	1091	945671	0
pop1	NC_091017.1	14000001	15000000	0.0022069410368937	434085	958	434085	0
pop1	NC_091017.1	15000001	16000000	0.0038004525101657	948045	3603	948045	0
pop1	NC_091017.1	16000001	17000000	0.0031799296573401	978638	3112	978638	0
pop1	NC_091017.1	17000001	18000000	0.0038643993614896	977901	3779	977901	0
pop1	NC_091017.1	18000001	19000000	0.0038939905868073	982026	3824	982026	0
pop1	NC_091017.1	19000001	20000000	0.0047602048112327	972017	4627	972017	0
pop1	NC_091017.1	20000001	21000000	0.0037779124246869	968789	3660	968789	0
pop1	NC_091017.1	21000001	22000000	0.0040551226958137	978762	3969	978762	0
pop1	NC_091017.1	22000001	23000000	0.0044109075281462	979617	4321	979617	0
pop1	NC_091017.1	23000001	24000000	0.003535088531539	971970	3436	971970	0
pop1	NC_091017.1	24000001	25000000	0.0035670954894262	976705	3484	976705	0
pop1	NC_091017.1	25000001	26000000	0.0036590059858804	631319	2310	631319	0
pop1	NC_091017.1	26000001	27000000	0.00044202151171357	6787	3	6787	0
pop1	NC_091017.1	27000001	28000000	0.0037010510222724	892179	3302	892179	0
pop1	NC_091017.1	28000001	29000000	0.0032388825390075	752420	2437	752420	0
pop1	NC_091017.1	29000001	30000000	0.0040247321641466	972984	3916	972984	0
pop1	NC_091017.1	30000001	31000000	0.003689098733828	971511	3584	971511	0
pop1	NC_091017.1	31000001	32000000	0.0032440358004704	982110	3186	982110	0
pop1	NC_091017.1	32000001	33000000	0.0031702199548661	958924	3040	958924	0
pop1	NC_091017.1	33000001	34000000	0.0034698076915257	983628	3413	983628	0
pop1	NC_091017.1	34000001	35000000	0.0034806127195709	971668	3382	971668	0
pop1	NC_091017.1	35000001	36000000	0.0035078666969866	980653	3440	980653	0
pop1	NC_091017.1	36000001	37000000	0.0040826205070408	975109	3981	975109	0
pop1	NC_091017.1	37000001	38000000	0.0033471113897419	376444	1260	376444	0
pop1	NC_091017.1	38000001	39000000	0.004166423868073	240254	1001	240254	0
pop1	NC_091017.1	39000001	40000000	0.0033742939962319	977686	3299	977686	0
pop1	NC_091017.1	40000001	41000000	0.0026872200387213	979823	2633	979823	0
pop1	NC_091017.1	41000001	42000000	0.0032281227303869	972082	3138	972082	0
pop1	NC_091017.1	42000001	43000000	0.0036481933072904	979663	3574	979663	0
pop1	NC_091017.1	43000001	44000000	0.0040582653132999	980961	3981	980961	0
pop1	NC_091017.1	44000001	45000000	0.0029017528956267	979408	2842	979408	0
pop1	NC_091017.1	45000001	46000000	0.0023719121379046	976849	2317	976849	0
pop1	NC_091017.1	46000001	47000000	0.0026433241654177	971504	2568	971504	0
pop1	NC_091017.1	47000001	48000000	0.0030906728611363	965162	2983	965162	0
pop1	NC_091017.1	48000001	49000000	0.0029745499385491	979644	2914	979644	0
pop1	NC_091017.1	49000001	50000000	0.0024511189913399	972617	2384	972617	0
pop1	NC_091017.1	50000001	51000000	0.0031746876483977	977104	3102	977104	0
pop1	NC_091017.1	51000001	52000000	0.0028891835099517	972247	2809	972247	0
pop1	NC_091017.1	52000001	53000000	0.0025990916576578	970339	2522	970339	0
pop1	NC_091017.1	53000001	54000000	0.0028649327310102	974892	2793	974892	0
pop1	NC_091017.1	54000001	55000000	0.00065306374313512	972340	635	972340	0
pop1	NC_091017.1	55000001	56000000	6.1149114153166e-05	981208	60	981208	0
pop1	NC_091017.1	56000001	57000000	7.3615868309391e-05	978050	72	978050	0
pop1	NC_091017.1	57000001	58000000	0.00010146419038824	965858	98	965858	0
pop1	NC_091017.1	58000001	59000000	9.3443164991878e-05	973854	91	973854	0
pop1	NC_091017.1	59000001	60000000	6.6869813731562e-05	972038	65	972038	0
pop1	NC_091017.1	60000001	61000000	5.8258386346731e-05	961235	56	961235	0
pop1	NC_091017.1	61000001	62000000	5.3862609694253e-05	983985	53	983985	0
pop1	NC_091017.1	62000001	63000000	7.1401249521867e-05	980375	70	980375	0
pop1	NC_091017.1	63000001	64000000	0.00061832002652858	980075	606	980075	0
pop1	NC_091017.1	64000001	65000000	0.0024768318235362	959290	2376	959290	0
pop1	NC_091017.1	65000001	66000000	0.0035116506000883	965358	3390	965358	0
pop1	NC_091017.1	66000001	67000000	0.0036178695563279	978200	3539	978200	0
pop1	NC_091017.1	67000001	68000000	0.0030524148209192	975621	2978	975621	0
pop1	NC_091017.1	68000001	69000000	0.0036914530631794	977122	3607	977122	0
pop1	NC_091017.1	69000001	70000000	0.0036304522291881	973157	3533	973157	0
pop1	NC_091017.1	70000001	71000000	0.0027558049997735	971404	2677	971404	0
pop1	NC_091017.1	71000001	72000000	0.0030925341326973	979779	3030	979779	0
pop1	NC_091017.1	72000001	73000000	0.0034888638650283	967077	3374	967077	0
pop1	NC_091017.1	73000001	74000000	0.0041401034871659	972681	4027	972681	0
pop1	NC_091017.1	74000001	75000000	0.0041656692406356	956629	3985	956629	0
pop1	NC_091017.1	75000001	76000000	0.004395193780973	958092	4211	958092	0
pop1	NC_091017.1	76000001	77000000	0.0046844326247085	953584	4467	953584	0
pop1	NC_091017.1	77000001	78000000	0.0061467469123333	787083	4838	787083	0
pop1	NC_091017.1	78000001	79000000	0.0055154833750983	879524	4851	879524	0
pop1	NC_091017.1	79000001	80000000	0.0022084477767055	538840	1190	538840	0
pop1	NC_091018.1	1	1000000	0.0018884602577024	903911	1707	903911	0
pop1	NC_091018.1	1000001	2000000	0.0035074857508391	973917	3416	973917	0
pop1	NC_091018.1	2000001	3000000	0.0041350876871035	980874	4056	980874	0
pop1	NC_091018.1	3000001	4000000	0.0046314208100099	971840	4501	971840	0
pop1	NC_091018.1	4000001	5000000	0.0039173367419029	979492	3837	979492	0
pop1	NC_091018.1	5000001	6000000	0.0040876172779082	964376	3942	964376	0
pop1	NC_091018.1	6000001	7000000	0.0033317663094062	950847	3168	950847	0
pop1	NC_091018.1	7000001	8000000	0.0010540331804159	947788	999	947788	0
pop1	NC_091018.1	8000001	9000000	0.00095296888766355	166847	159	166847	0
pop1	NC_091018.1	9000001	10000000	0.001048253474453	887190	930	887190	0
pop1	NC_091018.1	10000001	11000000	0.0016364172676418	959413	1570	959413	0
pop1	NC_091018.1	11000001	12000000	0.0028669478801744	979090	2807	979090	0
pop1	NC_091018.1	12000001	13000000	0.0031860347185584	976135	3110	976135	0
pop1	NC_091018.1	13000001	14000000	0.0024916493413079	811912	2023	811912	0
pop1	NC_091018.1	14000001	15000000	0.0029246707003986	775130	2267	775130	0
pop1	NC_091018.1	15000001	16000000	0.0031591253178231	968306	3059	968306	0
pop1	NC_091018.1	16000001	17000000	0.0040583842762156	977729	3968	977729	0
pop1	NC_091018.1	17000001	18000000	0.0038507451191806	960853	3700	960853	0
pop1	NC_091018.1	18000001	19000000	0.0044012788701549	944271	4156	944271	0
pop1	NC_091018.1	19000001	20000000	0.0035408525736532	967846	3427	967846	0
pop1	NC_091018.1	20000001	21000000	0.0041979343497644	945465	3969	945465	0
pop1	NC_091018.1	21000001	22000000	0.0032016057589255	807095	2584	807095	0
pop1	NC_091019.1	1	1000000	0	3899	0	3899	0
pop1	NC_091019.1	1000001	2000000	0.0043077909094095	599147	2581	599147	0
pop1	NC_091019.1	2000001	3000000	0.0043936909269805	838475	3684	838475	0
pop1	NC_091019.1	3000001	4000000	0.0038860711219335	980682	3811	980682	0
pop1	NC_091019.1	4000001	5000000	0.004100889299184	215563	884	215563	0
pop1	NC_091019.1	5000001	6000000	0.0026244941499179	295295	775	295295	0
pop1	NC_091019.1	6000001	7000000	0.0018366847582008	968593	1779	968593	0
pop1	NC_091019.1	7000001	8000000	0.00035943619864841	701098	252	701098	0
pop1	NC_091019.1	8000001	9000000	0.00030087326630953	545080	164	545080	0
pop1	NC_091019.1	9000001	10000000	0.0016642171006277	940983	1566	940983	0
pop1	NC_091019.1	10000001	11000000	0.0033846386954501	976766	3306	976766	0
pop1	NC_091019.1	11000001	12000000	0.0042609919121201	974421	4152	974421	0
pop1	NC_091019.1	12000001	13000000	0.0040626181591017	973264	3954	973264	0
pop1	NC_091019.1	13000001	14000000	0.0039430150432316	953585	3760	953585	0
pop1	NC_091019.1	14000001	15000000	0.003838551175543	940459	3610	940459	0
pop1	NC_091019.1	15000001	16000000	0.0041605090311987	974400	4054	974400	0
pop1	NC_091019.1	16000001	17000000	0.0036611151517383	977571	3579	977571	0
pop1	NC_091019.1	17000001	18000000	0.0035944301606293	982075	3530	982075	0
pop1	NC_091019.1	18000001	19000000	0.0034993981860937	968738	3390	968738	0
pop1	NC_091019.1	19000001	20000000	0.0035068234254578	977808	3429	977808	0
pop1	NC_091019.1	20000001	21000000	0.0022483453815859	940247	2114	940247	0
pop1	NC_091019.1	21000001	22000000	0.0031871374321339	968267	3086	968267	0
pop1	NC_091019.1	22000001	23000000	0.0031524325211256	975120	3074	975120	0
pop1	NC_091019.1	23000001	24000000	0.0037717410344322	976207	3682	976207	0
pop1	NC_091019.1	24000001	25000000	0.0045102966747758	971333	4381	971333	0
pop1	NC_091019.1	25000001	26000000	0.0035887352504726	974438	3497	974438	0
pop1	NC_091019.1	26000001	27000000	0.0035703034757954	971346	3468	971346	0
pop1	NC_091019.1	27000001	28000000	0.0029205996554717	975827	2850	975827	0
pop1	NC_091019.1	28000001	29000000	0.0021759708887059	976116	2124	976116	0
pop1	NC_091019.1	29000001	30000000	0.0024508087668931	971108	2380	971108	0
pop1	NC_091019.1	30000001	31000000	0.0032201372420866	983809	3168	983809	0
pop1	NC_091019.1	31000001	32000000	0.0023756868334949	980769	2330	980769	0
pop1	NC_091019.1	32000001	33000000	0.0025150627948457	978902	2462	978902	0
pop1	NC_091019.1	33000001	34000000	0.0021068940386213	981065	2067	981065	0
pop1	NC_091019.1	34000001	35000000	0.0022687315589121	981165	2226	981165	0
pop1	NC_091019.1	35000001	36000000	0.0021622945640059	971653	2101	971653	0
pop1	NC_091019.1	36000001	37000000	0.0021396703997086	966504	2068	966504	0
pop1	NC_091019.1	37000001	38000000	0.002857903794149	976240	2790	976240	0
pop1	NC_091019.1	38000001	39000000	0.0029747967188084	975865	2903	975865	0
pop1	NC_091019.1	39000001	40000000	0.0022592770926682	978189	2210	978189	0
pop1	NC_091019.1	40000001	41000000	0.0021000252495704	974274	2046	974274	0
pop1	NC_091019.1	41000001	42000000	0.0018246672650627	983741	1795	983741	0
pop1	NC_091019.1	42000001	43000000	0.0026433424570954	980955	2593	980955	0
pop1	NC_091019.1	43000001	44000000	0.0027846682552904	983241	2738	983241	0
pop1	NC_091019.1	44000001	45000000	0.0020689125144101	975875	2019	975875	0
pop1	NC_091019.1	45000001	46000000	0.002052257329527	976973	2005	976973	0
pop1	NC_091019.1	46000001	47000000	0.0026859546110242	984380	2644	984380	0
pop1	NC_091019.1	47000001	48000000	0.002608524410324	969897	2530	969897	0
pop1	NC_091019.1	48000001	49000000	0.002869736855562	977790	2806	977790	0
pop1	NC_091019.1	49000001	50000000	0.0033331823553391	971444	3238	971444	0
pop1	NC_091019.1	50000001	51000000	0.0025030850781107	970802	2430	970802	0
pop1	NC_091019.1	51000001	52000000	0.0021843751370973	980143	2141	980143	0
pop1	NC_091019.1	52000001	53000000	0.0027872928710133	984109	2743	984109	0
pop1	NC_091019.1	53000001	54000000	0.003498258522223	980202	3429	980202	0
pop1	NC_091019.1	54000001	55000000	0.0023474009892106	975121	2289	975121	0
pop1	NC_091019.1	55000001	56000000	0.003218022567178	975133	3138	975133	0
pop1	NC_091019.1	56000001	57000000	0.0031862649768783	977006	3113	977006	0
pop1	NC_091019.1	57000001	58000000	0.0028874601583054	970403	2802	970403	0
pop1	NC_091019.1	58000001	59000000	0.0040170052884287	981577	3943	981577	0
pop1	NC_091019.1	59000001	60000000	0.0035297649996705	955871	3374	955871	0
pop1	NC_091019.1	60000001	61000000	0.0036815020364777	978405	3602	978405	0
pop1	NC_091019.1	61000001	62000000	0.004036785570041	968097	3908	968097	0
pop1	NC_091019.1	62000001	63000000	0.0040921562802486	912233	3733	912233	0
pop1	NC_091019.1	63000001	64000000	0.0041962902782403	894838	3755	894838	0
pop1	NC_091019.1	64000001	65000000	0.0040866577847219	969007	3960	969007	0
pop1	NC_091019.1	65000001	66000000	0.0045065054012493	945522	4261	945522	0
pop1	NC_091019.1	66000001	67000000	0.005681999097468	910771	5175	910771	0
pop1	NC_091019.1	67000001	68000000	0.0034449217800113	888264	3060	888264	0
pop1	NC_091019.1	68000001	69000000	0	526	0	526	0
pop1	NC_091020.1	1	1000000	0.00049142470055732	811925	399	811925	0
pop1	NC_091020.1	1000001	2000000	0.00051005451677435	931273	475	931273	0
pop1	NC_091020.1	2000001	3000000	0.00048264645803835	874346	422	874346	0
pop1	NC_091020.1	3000001	4000000	0.00048149624959562	664595	320	664595	0
pop1	NC_091020.1	4000001	5000000	0.0013776020656818	970527	1337	970527	0
pop1	NC_091020.1	5000001	6000000	0.0029860568165643	969506	2895	969506	0
pop1	NC_091020.1	6000001	7000000	0.002208756483326	982906	2171	982906	0
pop1	NC_091020.1	7000001	8000000	0.0017722518053086	975595	1729	975595	0
pop1	NC_091020.1	8000001	9000000	0.0041502674594113	979214	4064	979214	0
pop1	NC_091020.1	9000001	10000000	0.0037412024012148	970009	3629	970009	0
pop1	NC_091020.1	10000001	11000000	0.003494623655914	970920	3393	970920	0
pop1	NC_091020.1	11000001	12000000	0.0040347546338483	972302	3923	972302	0
pop1	NC_091020.1	12000001	13000000	0.0032150519284217	984432	3165	984432	0
pop1	NC_091020.1	13000001	14000000	0.0032264395417634	973209	3140	973209	0
pop1	NC_091020.1	14000001	15000000	0.0023085094930217	984618	2273	984618	0
pop1	NC_091020.1	15000001	16000000	0.0025634959407047	976401	2503	976401	0
pop1	NC_091020.1	16000001	17000000	0.0023540494473525	974491	2294	974491	0
pop1	NC_091020.1	17000001	18000000	0.0024702176514608	976837	2413	976837	0
pop1	NC_091020.1	18000001	19000000	0.0040774362630163	970708	3958	970708	0
pop1	NC_091020.1	19000001	20000000	0.0042809915308801	969168	4149	969168	0
pop1	NC_091020.1	20000001	21000000	0.0033614796616741	982603	3303	982603	0
pop1	NC_091020.1	21000001	22000000	0.0029222149192207	985896	2881	985896	0
pop1	NC_091020.1	22000001	23000000	0.0030460958042288	974362	2968	974362	0
pop1	NC_091020.1	23000001	24000000	0.0032045386435739	967690	3101	967690	0
pop1	NC_091020.1	24000001	25000000	0.0028310077898573	981276	2778	981276	0
pop1	NC_091020.1	25000001	26000000	0.0027506727747078	973580	2678	973580	0
pop1	NC_091020.1	26000001	27000000	0.0039611486314831	984058	3898	984058	0
pop1	NC_091020.1	27000001	28000000	0.0033440190063951	983248	3288	983248	0
pop1	NC_091020.1	28000001	29000000	0.0031110361494776	865628	2693	865628	0
pop1	NC_091020.1	29000001	30000000	0.0039337029121568	986348	3880	986348	0
pop1	NC_091020.1	30000001	31000000	0.0037527333511247	966762	3628	966762	0
pop1	NC_091020.1	31000001	32000000	0.0041585613273158	981349	4081	981349	0
pop1	NC_091020.1	32000001	33000000	0.0044875602887317	947731	4253	947731	0
pop1	NC_091020.1	33000001	34000000	0.0037638108404747	972153	3659	972153	0
pop1	NC_091020.1	34000001	35000000	0.0045299267554912	950788	4307	950788	0
pop1	NC_091020.1	35000001	36000000	0.0036714755715713	956836	3513	956836	0
pop1	NC_091020.1	36000001	37000000	0.0033740831295844	940700	3174	940700	0
pop1	NC_091020.1	37000001	38000000	0.00055058170153684	125322	69	125322	0
pop1	NC_091021.1	1	1000000	0.001098206484066	753046	827	753046	0
pop1	NC_091021.1	1000001	2000000	0.0034357724164756	940982	3233	940982	0
pop1	NC_091021.1	2000001	3000000	0.0035553379550296	959965	3413	959965	0
pop1	NC_091021.1	3000001	4000000	0.0024539026333047	980479	2406	980479	0
pop1	NC_091021.1	4000001	5000000	0.00068349028685529	949538	649	949538	0
pop1	NC_091021.1	5000001	6000000	0.00011316716438245	910158	103	910158	0
pop1	NC_091021.1	6000001	7000000	0.00011089108910891	883750	98	883750	0
pop1	NC_091021.1	7000001	8000000	6.0751777504338e-05	971165	59	971165	0
pop1	NC_091021.1	8000001	9000000	0.0016944648843104	978480	1658	978480	0
pop1	NC_091021.1	9000001	10000000	0.0037542299909069	829198	3113	829198	0
pop1	NC_091021.1	10000001	11000000	0.0018187258537936	982556	1787	982556	0
pop1	NC_091021.1	11000001	12000000	0.003038538404966	981722	2983	981722	0
pop1	NC_091021.1	12000001	13000000	0.002967501174466	981297	2912	981297	0
pop1	NC_091021.1	13000001	14000000	0.0026222495380282	982744	2577	982744	0
pop1	NC_091021.1	14000001	15000000	0.0029775701965237	979322	2916	979322	0
pop1	NC_091021.1	15000001	16000000	0.0027651734386811	971006	2685	971006	0
pop1	NC_091021.1	16000001	17000000	0.0024841610463928	978600	2431	978600	0
pop1	NC_091021.1	17000001	18000000	0.0024577143562553	980179	2409	980179	0
pop1	NC_091021.1	18000001	19000000	0.0027066512408971	980178	2653	980178	0
pop1	NC_091021.1	19000001	20000000	0.0028830568960582	981597	2830	981597	0
pop1	NC_091021.1	20000001	21000000	0.0026392342220362	974904	2573	974904	0
pop1	NC_091021.1	21000001	22000000	0.0023809014634703	981981	2338	981981	0
pop1	NC_091021.1	22000001	23000000	0.0022953813246957	978051	2245	978051	0
pop1	NC_091021.1	23000001	24000000	0.0029282181584831	963043	2820	963043	0
pop1	NC_091021.1	24000001	25000000	0.0031168589023146	965395	3009	965395	0
pop1	NC_091021.1	25000001	26000000	0.003562849314602	704773	2511	704773	0
pop1	NC_091021.1	26000001	27000000	0.0038278907504879	966851	3701	966851	0
pop1	NC_091021.1	27000001	28000000	0.0032141822488094	983765	3162	983765	0
pop1	NC_091021.1	28000001	29000000	0.0029493972772139	984947	2905	984947	0
pop1	NC_091021.1	29000001	30000000	0.003579707198048	983600	3521	983600	0
pop1	NC_091021.1	30000001	31000000	0.0037768849311108	975407	3684	975407	0
pop1	NC_091021.1	31000001	32000000	0.0039914845588243	972821	3883	972821	0
pop1	NC_091021.1	32000001	33000000	0.00443965482217	984536	4371	984536	0
pop1	NC_091021.1	33000001	34000000	0.0038595023364154	984842	3801	984842	0
pop1	NC_091021.1	34000001	35000000	0.0038914661347855	983177	3826	983177	0
pop1	NC_091021.1	35000001	36000000	0.0044000992209509	971569	4275	971569	0
pop1	NC_091021.1	36000001	37000000	0.0031849137161318	985584	3139	985584	0
pop1	NC_091021.1	37000001	38000000	0.0038568884890978	973842	3756	973842	0
pop1	NC_091021.1	38000001	39000000	0.0051534765389076	935485	4821	935485	0
pop1	NC_091021.1	39000001	40000000	0.0026238103977139	953575	2502	953575	0
pop1	NC_091021.1	40000001	41000000	0.00039095738564496	43483	17	43483	0
pop1	NC_091022.1	1	1000000	0.0017368396512333	428940	745	428940	0
pop1	NC_091022.1	1000001	2000000	0.0027867758170925	976756	2722	976756	0
pop1	NC_091022.1	2000001	3000000	0.0048302939233852	952323	4600	952323	0
pop1	NC_091022.1	3000001	4000000	0.004932466061407	874005	4311	874005	0
pop1	NC_091022.1	4000001	5000000	0.0034483319331147	922475	3181	922475	0
pop1	NC_091022.1	5000001	6000000	0.00070005849803888	834216	584	834216	0
pop1	NC_091022.1	6000001	7000000	0.00045138451942595	365542	165	365542	0
pop1	NC_091022.1	7000001	8000000	0.0014769172782934	976358	1442	976358	0
pop1	NC_091022.1	8000001	9000000	0.0025499542329137	969037	2471	969037	0
pop1	NC_091022.1	9000001	10000000	0.0033392066968945	952322	3180	952322	0
pop1	NC_091022.1	10000001	11000000	0.0032021317574022	978723	3134	978723	0
pop1	NC_091022.1	11000001	12000000	0.0031064480283878	977322	3036	977322	0
pop1	NC_091022.1	12000001	13000000	0.0038513817333584	971859	3743	971859	0
pop1	NC_091022.1	13000001	14000000	0.0039671626475115	974500	3866	974500	0
pop1	NC_091022.1	14000001	15000000	0.0027779226210012	978069	2717	978069	0
pop1	NC_091022.1	15000001	16000000	0.0031636296097571	969140	3066	969140	0
pop1	NC_091022.1	16000001	17000000	0.0027774482654242	977876	2716	977876	0
pop1	NC_091022.1	17000001	18000000	0.0025635927007969	980655	2514	980655	0
pop1	NC_091022.1	18000001	19000000	0.0031242671126021	980710	3064	980710	0
pop1	NC_091022.1	19000001	20000000	0.0032840539246321	985672	3237	985672	0
pop1	NC_091022.1	20000001	21000000	0.0032049591136903	985660	3159	985660	0
pop1	NC_091022.1	21000001	22000000	0.0034788467133167	979635	3408	979635	0
pop1	NC_091022.1	22000001	23000000	0.0025066542891412	973808	2441	973808	0
pop1	NC_091022.1	23000001	24000000	0.0030145419371762	975936	2942	975936	0
pop1	NC_091022.1	24000001	25000000	0.0036846558933956	973768	3588	973768	0
pop1	NC_091022.1	25000001	26000000	0.0034798451659761	969296	3373	969296	0
pop1	NC_091022.1	26000001	27000000	0.00300794006204	978078	2942	978078	0
pop1	NC_091022.1	27000001	28000000	0.0032422687305844	979561	3176	979561	0
pop1	NC_091022.1	28000001	29000000	0.0038830345741391	978101	3798	978101	0
pop1	NC_091022.1	29000001	30000000	0.0038090662290957	982393	3742	982393	0
pop1	NC_091022.1	30000001	31000000	0.0032282707049497	979162	3161	979162	0
pop1	NC_091022.1	31000001	32000000	0.0042248665364243	957190	4044	957190	0
pop1	NC_091022.1	32000001	33000000	0.0036379062114356	933504	3396	933504	0
pop1	NC_091022.1	33000001	34000000	0.00071961728109499	272367	196	272367	0
pop1	NC_091023.1	1	1000000	0.0031863612325416	525678	1675	525678	0
pop1	NC_091023.1	1000001	2000000	0.0040012307096238	702034	2809	702034	0
pop1	NC_091023.1	2000001	3000000	0.00392878218385	940495	3695	940495	0
pop1	NC_091023.1	3000001	4000000	0.0041403196955714	877710	3634	877710	0
pop1	NC_091023.1	4000001	5000000	0.0042208750752424	958569	4046	958569	0
pop1	NC_091023.1	5000001	6000000	0.0036279717026369	980162	3556	980162	0
pop1	NC_091023.1	6000001	7000000	0.002795585398869	973678	2722	973678	0
pop1	NC_091023.1	7000001	8000000	0.0024026988218042	984726	2366	984726	0
pop1	NC_091023.1	8000001	9000000	0.0024320860992948	986396	2399	986396	0
pop1	NC_091023.1	9000001	10000000	0.0017382896875193	874998	1521	874998	0
pop1	NC_091023.1	10000001	11000000	0.0018178774860134	985765	1792	985765	0
pop1	NC_091023.1	11000001	12000000	0.0018625250998399	983074	1831	983074	0
pop1	NC_091023.1	12000001	13000000	0.0022642513298669	984873	2230	984873	0
pop1	NC_091023.1	13000001	14000000	0.0021852475829217	977006	2135	977006	0
pop1	NC_091023.1	14000001	15000000	0.0024847720503394	931675	2315	931675	0
pop1	NC_091023.1	15000001	16000000	0.0032663246858295	972959	3178	972959	0
pop1	NC_091023.1	16000001	17000000	0.0027545593674927	979467	2698	979467	0
pop1	NC_091023.1	17000001	18000000	0.0002394996933991	968686	232	968686	0
pop1	NC_091023.1	18000001	19000000	0.0024048449180685	965135	2321	965135	0
pop1	NC_091023.1	19000001	20000000	0.0034929435637363	985129	3441	985129	0
pop1	NC_091023.1	20000001	21000000	0.0035371980912363	982416	3475	982416	0
pop1	NC_091023.1	21000001	22000000	0.0040630688956043	985462	4004	985462	0
pop1	NC_091023.1	22000001	23000000	0.0038278984990152	980956	3755	980956	0
pop1	NC_091023.1	23000001	24000000	0.0040915444500329	972249	3978	972249	0
pop1	NC_091023.1	24000001	25000000	0.0050661860951973	961078	4869	961078	0
pop1	NC_091023.1	25000001	26000000	0.0038614313446575	948353	3662	948353	0
pop1	NC_091023.1	26000001	27000000	0.0025159075945736	969034	2438	969034	0
pop1	NC_091023.1	27000001	28000000	0.0019596020500452	19902	39	19902	0
pop1	NC_091024.1	1	1000000	0.0016586066576539	886889	1471	886889	0
pop1	NC_091024.1	1000001	2000000	0.0035849783596558	981038	3517	981038	0
pop1	NC_091024.1	2000001	3000000	0.0036802868736435	985521	3627	985521	0
pop1	NC_091024.1	3000001	4000000	0.0041703805192093	981685	4094	981685	0
pop1	NC_091024.1	4000001	5000000	0.0041251447016237	979602	4041	979602	0
pop1	NC_091024.1	5000001	6000000	0.0038151580587506	972961	3712	972961	0
pop1	NC_091024.1	6000001	7000000	0.0042523791115242	972632	4136	972632	0
pop1	NC_091024.1	7000001	8000000	0.0031779725819574	980814	3117	980814	0
pop1	NC_091024.1	8000001	9000000	0.0029699251936135	985210	2926	985210	0
pop1	NC_091024.1	9000001	10000000	0.0024238272893481	983981	2385	983981	0
pop1	NC_091024.1	10000001	11000000	0.0021503799072413	981687	2111	981687	0
pop1	NC_091024.1	11000001	12000000	0.0030636866157621	977254	2994	977254	0
pop1	NC_091024.1	12000001	13000000	0.0043573731142585	934049	4070	934049	0
pop1	NC_091024.1	13000001	14000000	0.0029522719436232	980262	2894	980262	0
pop1	NC_091024.1	14000001	15000000	0.0024198259409037	974037	2357	974037	0
pop1	NC_091024.1	15000001	16000000	0.0019035722027094	973433	1853	973433	0
pop1	NC_091024.1	16000001	17000000	0.0012595840164274	966192	1217	966192	0
pop1	NC_091024.1	17000001	18000000	0.00018617665453205	553238	103	553238	0
pop1	NC_091024.1	18000001	19000000	0.00038368743822207	940870	361	940870	0
pop1	NC_091024.1	19000001	20000000	0.0044999521772048	867787	3905	867787	0
pop1	NC_091024.1	20000001	21000000	0.0034543196188682	959668	3315	959668	0
pop1	NC_091024.1	21000001	22000000	0.0025950570342205	315600	819	315600	0
pop1	NC_091025.1	1	1000000	0.0012312624703695	879585	1083	879585	0
pop1	NC_091025.1	1000001	2000000	0.0037037194981535	937976	3474	937976	0
pop1	NC_091025.1	2000001	3000000	0.0045818667631197	956597	4383	956597	0
pop1	NC_091025.1	3000001	4000000	0.0045375424947699	978944	4442	978944	0
pop1	NC_091025.1	4000001	5000000	0.0038638095924376	985297	3807	985297	0
pop1	NC_091025.1	5000001	6000000	0.0032960036336134	986346	3251	986346	0
pop1	NC_091025.1	6000001	7000000	0.0038498398462524	975625	3756	975625	0
pop1	NC_091025.1	7000001	8000000	0.003556639164504	954834	3396	954834	0
pop1	NC_091025.1	8000001	9000000	0.0029059392792524	963888	2801	963888	0
pop1	NC_091025.1	9000001	10000000	0.0035388846481744	986469	3491	986469	0
pop1	NC_091025.1	10000001	11000000	0.0028358007405775	984907	2793	984907	0
pop1	NC_091025.1	11000001	12000000	0.0036557325861013	986396	3606	986396	0
pop1	NC_091025.1	12000001	13000000	0.0036529156190841	975659	3564	975659	0
pop1	NC_091025.1	13000001	14000000	0.0034061832985374	985267	3356	985267	0
pop1	NC_091025.1	14000001	15000000	0.0035543864939426	981604	3489	981604	0
pop1	NC_091025.1	15000001	16000000	0.0031255549271371	974227	3045	974227	0
pop1	NC_091025.1	16000001	17000000	0.0038140606513482	963540	3675	963540	0
pop1	NC_091025.1	17000001	18000000	0.0041393525714672	947008	3920	947008	0
pop1	NC_091025.1	18000001	19000000	0.0043954286677464	925507	4068	925507	0
pop1	NC_091025.1	19000001	20000000	0.0041698400207595	947998	3953	947998	0
pop1	NC_091025.1	20000001	21000000	0.0032644710706189	940428	3070	940428	0
pop1	NC_091025.1	21000001	22000000	0.003002454788391	257456	773	257456	0
pop1	NC_091025.1	22000001	23000000	0.00075930144267274	1317	1	1317	0
pop1	NC_091025.1	23000001	24000000	0.0013192612137203	758	1	758	0
pop1	NC_091025.1	24000001	25000000	0	678	0	678	0
pop1	NC_091025.1	25000001	26000000	0.0048402710551791	2066	10	2066	0
pop1	NC_091025.1	26000001	27000000	0.0050403225806452	3968	20	3968	0
pop1	NC_091025.1	27000001	28000000	0	559	0	559	0
pop1	NC_091026.1	1	1000000	0.0018572257690075	827040	1536	827040	0
pop1	NC_091026.1	1000001	2000000	0.0037114915563303	945442	3509	945442	0
pop1	NC_091026.1	2000001	3000000	0.0044375231281608	972840	4317	972840	0
pop1	NC_091026.1	3000001	4000000	0.0036033976706495	629961	2270	629961	0
pop1	NC_091026.1	4000001	5000000	0.002592195762624	954789	2475	954789	0
pop1	NC_091026.1	5000001	6000000	0.0031754807594224	980324	3113	980324	0
pop1	NC_091026.1	6000001	7000000	0.0030282162020408	968557	2933	968557	0
pop1	NC_091026.1	7000001	8000000	0.0037294430840634	983793	3669	983793	0
pop1	NC_091026.1	8000001	9000000	0.0033535890953615	794671	2665	794671	0
pop1	NC_091026.1	9000001	10000000	0.0026758541487224	870750	2330	870750	0
pop1	NC_091026.1	10000001	11000000	0.0032938926295441	976656	3217	976656	0
pop1	NC_091026.1	11000001	12000000	0.0033159664296897	974075	3230	974075	0
pop1	NC_091026.1	12000001	13000000	0.0031602871305457	972380	3073	972380	0
pop1	NC_091026.1	13000001	14000000	0.0037756593380255	980491	3702	980491	0
pop1	NC_091026.1	14000001	15000000	0.0032105380344612	974603	3129	974603	0
pop1	NC_091026.1	15000001	16000000	0.0035417272166389	980595	3473	980595	0
pop1	NC_091026.1	16000001	17000000	0.0038159780466752	982448	3749	982448	0
pop1	NC_091026.1	17000001	18000000	0.0029194217248468	984099	2873	984099	0
pop1	NC_091026.1	18000001	19000000	0.0043289201743437	977380	4231	977380	0
pop1	NC_091026.1	19000001	20000000	0.004477467974747	964161	4317	964161	0
pop1	NC_091026.1	20000001	21000000	0.0038373967912719	945172	3627	945172	0
pop1	NC_091026.1	21000001	22000000	0.0033349499757504	800012	2668	800012	0
pop1	NC_091026.1	22000001	23000000	0.0042432814710042	1414	6	1414	0
pop1	NC_091026.1	23000001	24000000	0.0025542784163474	1566	4	1566	0
pop1	NC_091027.1	1	1000000	0.0019411125645744	902060	1751	902060	0
pop1	NC_091027.1	1000001	2000000	0.0037151181748378	950710	3532	950710	0
pop1	NC_091027.1	2000001	3000000	0.0039925503068659	956281	3818	956281	0
pop1	NC_091027.1	3000001	4000000	0.0036118278261539	961563	3473	961563	0
pop1	NC_091027.1	4000001	5000000	0.0037573011888941	980491	3684	980491	0
pop1	NC_091027.1	5000001	6000000	0.0036459357184981	976704	3561	976704	0
pop1	NC_091027.1	6000001	7000000	0.002805741136831	968728	2718	968728	0
pop1	NC_091027.1	7000001	8000000	0.0032124827902708	971834	3122	971834	0
pop1	NC_091027.1	8000001	9000000	0.0032854416893376	970037	3187	970037	0
pop1	NC_091027.1	9000001	10000000	0.0028025265855063	974121	2730	974121	0
pop1	NC_091027.1	10000001	11000000	0.0013940079327409	969148	1351	969148	0
pop1	NC_091027.1	11000001	12000000	0.00026303025330537	828802	218	828802	0
pop1	NC_091027.1	12000001	13000000	0.00084830674771998	937161	795	937161	0
pop1	NC_091027.1	13000001	14000000	0.0020776832621836	950578	1975	950578	0
pop1	NC_091027.1	14000001	15000000	0.0031936287158316	976632	3119	976632	0
pop1	NC_091027.1	15000001	16000000	0.003913809937915	973987	3812	973987	0
pop1	NC_091027.1	16000001	17000000	0.0043870569141677	867552	3806	867552	0
pop1	NC_091027.1	17000001	18000000	0.0055355367940619	843098	4667	843098	0
pop1	NC_091027.1	18000001	19000000	0.002124833674296	822182	1747	822182	0
pop1	NC_091027.1	19000001	20000000	0.000180132233435	488530	88	488530	0
pop1	NC_091028.1	1	1000000	0.0023769320419227	477927	1136	477927	0
pop1	NC_091028.1	1000001	2000000	0.0043553950734973	929422	4048	929422	0
pop1	NC_091028.1	2000001	3000000	0.0038931690223004	925724	3604	925724	0
pop1	NC_091028.1	3000001	4000000	0.0038616181192329	967988	3738	967988	0
pop1	NC_091028.1	4000001	5000000	0.0032727942740861	982341	3215	982341	0
pop1	NC_091028.1	5000001	6000000	0.0040047024289346	968861	3880	968861	0
pop1	NC_091028.1	6000001	7000000	0.003643832188405	983031	3582	983031	0
pop1	NC_091028.1	7000001	8000000	0.0028117515599999	986218	2773	986218	0
pop1	NC_091028.1	8000001	9000000	0.0035114008816432	962294	3379	962294	0
pop1	NC_091028.1	9000001	10000000	0.0044599975413235	959866	4281	959866	0
pop1	NC_091028.1	10000001	11000000	0.0035132866206303	966047	3394	966047	0
pop1	NC_091028.1	11000001	12000000	0.0034202117293568	969823	3317	969823	0
pop1	NC_091028.1	12000001	13000000	0.0035609312640389	981204	3494	981204	0
pop1	NC_091028.1	13000001	14000000	0.0034992611756818	972491	3403	972491	0
pop1	NC_091028.1	14000001	15000000	0.0041057835866559	980568	4026	980568	0
pop1	NC_091028.1	15000001	16000000	0.0036770382753743	971434	3572	971434	0
pop1	NC_091028.1	16000001	17000000	0.0030479971851942	969161	2954	969161	0
pop1	NC_091028.1	17000001	18000000	0.00087276627904142	205095	179	205095	0
pop1	NC_091029.1	1	1000000	0.0025869937404473	925785	2395	925785	0
pop1	NC_091029.1	1000001	2000000	0.0040195622801321	974733	3918	974733	0
pop1	NC_091029.1	2000001	3000000	0.0035687282006264	977379	3488	977379	0
pop1	NC_091029.1	3000001	4000000	0.0035245847749443	973448	3431	973448	0
pop1	NC_091029.1	4000001	5000000	0.0041799427666153	955037	3992	955037	0
pop1	NC_091029.1	5000001	6000000	0.0038430792867694	961989	3697	961989	0
pop1	NC_091029.1	6000001	7000000	0.0034923626975915	976130	3409	976130	0
pop1	NC_091029.1	7000001	8000000	0.0028509586157091	980372	2795	980372	0
pop1	NC_091029.1	8000001	9000000	0.0026685860849778	964181	2573	964181	0
pop1	NC_091029.1	9000001	10000000	0.0023382541257602	901955	2109	901955	0
pop1	NC_091029.1	10000001	11000000	0.00069474735265523	951425	661	951425	0
pop1	NC_091029.1	11000001	12000000	0.0010375865736297	192755	200	192755	0
pop1	NC_091029.1	12000001	13000000	0.0036154360278649	891732	3224	891732	0
pop1	NC_091029.1	13000001	14000000	0.0039818704811911	911883	3631	911883	0
pop1	NC_091029.1	14000001	15000000	0.0026001198382293	919573	2391	919573	0
pop1	NC_091029.1	15000001	16000000	0.0015674139691978	395556	620	395556	0
pop1	NC_091030.1	1	1000000	0.0038524312958579	884117	3406	884117	0
pop1	NC_091030.1	1000001	2000000	0.0040601246704599	941843	3824	941843	0
pop1	NC_091030.1	2000001	3000000	0.0043970754484344	936759	4119	936759	0
pop1	NC_091030.1	3000001	4000000	0.0033176538189719	953686	3164	953686	0
pop1	NC_091030.1	4000001	5000000	0.0039384360263253	964850	3800	964850	0
pop1	NC_091030.1	5000001	6000000	0.002912896949303	968795	2822	968795	0
pop1	NC_091030.1	6000001	7000000	0.0037637977614821	971625	3657	971625	0
pop1	NC_091030.1	7000001	8000000	0.0038638731018303	951377	3676	951377	0
pop1	NC_091030.1	8000001	9000000	0.0036464637060485	966690	3525	966690	0
pop1	NC_091030.1	9000001	10000000	0.0020856781055839	980017	2044	980017	0
pop1	NC_091030.1	10000001	11000000	0.0016696540885371	969063	1618	969063	0
pop1	NC_091030.1	11000001	12000000	0.00053603135783443	119396	64	119396	0
pop1	NC_091031.1	1	1000000	0.0019129352489061	935212	1789	935212	0
pop1	NC_091031.1	1000001	2000000	0.0042179851250845	924375	3899	924375	0
pop1	NC_091031.1	2000001	3000000	0.0033292769728836	958166	3190	958166	0
pop1	NC_091031.1	3000001	4000000	0.00093781237013826	712296	668	712296	0
pop1	NC_091031.1	4000001	5000000	0.00087903521738499	964694	848	964694	0
pop1	NC_091031.1	5000001	6000000	0.0035460170554566	948670	3364	948670	0
pop1	NC_091031.1	6000001	7000000	0.0037879736532345	958296	3630	958296	0
pop1	NC_091031.1	7000001	8000000	0.0037803119945848	967645	3658	967645	0
pop1	NC_091031.1	8000001	9000000	0.0043631058673139	963763	4205	963763	0
pop1	NC_091031.1	9000001	10000000	0.0049528051871127	915037	4532	915037	0
pop1	NC_091031.1	10000001	11000000	0.0047416114195923	906232	4297	906232	0
pop1	NC_091031.1	11000001	12000000	0.0043137713733976	914513	3945	914513	0
pop1	NC_091031.1	12000001	13000000	0.0023802456842488	522215	1243	522215	0
pop1	NC_091032.1	1	1000000	0.0032425465369648	887574	2878	887574	0
pop1	NC_091032.1	1000001	2000000	0.0038825294621372	947063	3677	947063	0
pop1	NC_091032.1	2000001	3000000	0.0042730869816255	942176	4026	942176	0
pop1	NC_091032.1	3000001	4000000	0.0042067537229505	942532	3965	942532	0
pop1	NC_091032.1	4000001	5000000	0.0030617627927702	976235	2989	976235	0
pop1	NC_091032.1	5000001	6000000	0.0043510108409024	955640	4158	955640	0
pop1	NC_091032.1	6000001	7000000	0.0034685004381154	960934	3333	960934	0
pop1	NC_091032.1	7000001	8000000	0.0034898643676718	971671	3391	971671	0
pop1	NC_091032.1	8000001	9000000	0.0033760686408768	968286	3269	968286	0
pop1	NC_091032.1	9000001	10000000	0.0035637396457521	968926	3453	968926	0
pop1	NC_091032.1	10000001	11000000	0.0021630735383318	972690	2104	972690	0
pop1	NC_091032.1	11000001	12000000	0.001244439218453	204108	254	204108	0
pop1	NC_091033.1	1	1000000	0.0010714848468932	285585	306	285585	0
pop1	NC_091033.1	1000001	2000000	0.0017404904442108	946285	1647	946285	0
pop1	NC_091033.1	2000001	3000000	0.0030942511325	493819	1528	493819	0
pop1	NC_091033.1	3000001	4000000	0.0046067911779949	937746	4320	937746	0
pop1	NC_091033.1	4000001	5000000	0.0045767463737769	969466	4437	969466	0
pop1	NC_091033.1	5000001	6000000	0.0039955375842066	978842	3911	978842	0
pop1	NC_091033.1	6000001	7000000	0.0037823533474703	970031	3669	970031	0
pop1	NC_091033.1	7000001	8000000	0.0033207780816263	969050	3218	969050	0
pop1	NC_091033.1	8000001	9000000	0.0031180466250159	954123	2975	954123	0
pop1	NC_091033.1	9000001	10000000	0.0039782041064915	926046	3684	926046	0
pop1	NC_091033.1	10000001	11000000	0.0037393212316811	963009	3601	963009	0
pop1	NC_091033.1	11000001	12000000	0.0038168094447444	981710	3747	981710	0
pop1	NC_091033.1	12000001	13000000	0.0032710603069374	984696	3221	984696	0
pop1	NC_091033.1	13000001	14000000	0.0041407206563367	971087	4021	971087	0
pop1	NC_091033.1	14000001	15000000	0.003060446898993	976328	2988	976328	0
pop1	NC_091033.1	15000001	16000000	0.0013673542623093	969756	1326	969756	0
pop1	NC_091033.1	16000001	17000000	0.00016835875720626	196010	33	196010	0
pop1	NC_091034.1	1	1000000	0.0036347169250056	753016	2737	753016	0
pop1	NC_091034.1	1000001	2000000	0.0063740882082991	828040	5278	828040	0
pop1	NC_091034.1	2000001	3000000	0.0021193981556382	803530	1703	803530	0
pop1	NC_091034.1	3000001	4000000	0.00044351808657565	435157	193	435157	0
pop1	NC_091034.1	4000001	5000000	0.0024031518497999	972889	2338	972889	0
pop1	NC_091034.1	5000001	6000000	0.0040039152208964	947073	3792	947073	0
pop1	NC_091034.1	6000001	7000000	0.0036680574026087	963998	3536	963998	0
pop1	NC_091034.1	7000001	8000000	0.0041954608924263	928861	3897	928861	0
pop1	NC_091034.1	8000001	9000000	0.0020146866545511	972856	1960	972856	0
pop1	NC_091034.1	9000001	10000000	0.00025192470474425	99236	25	99236	0
pop1	NC_091035.1	1	1000000	0.0018143575908298	782095	1419	782095	0
pop1	NC_091035.1	1000001	2000000	0.0057494723964275	835381	4803	835381	0
pop1	NC_091035.1	2000001	3000000	0.0042171499543749	946848	3993	946848	0
pop1	NC_091035.1	3000001	4000000	0.0054891238513853	866805	4758	866805	0
pop1	NC_091035.1	4000001	5000000	0.0038081714322597	945073	3599	945073	0
pop1	NC_091035.1	5000001	6000000	0.0028658761483642	235879	676	235879	0
pop1	NC_091036.1	1	1000000	0.0039023586072089	849230	3314	849230	0
pop1	NC_091036.1	1000001	2000000	0.005661796977867	637960	3612	637960	0
pop1	NC_091036.1	2000001	3000000	0.0019182222545913	933677	1791	933677	0
pop1	NC_091036.1	3000001	4000000	0.00085236241186994	475150	405	475150	0
pop1	NC_091036.1	4000001	5000000	0.0033213100653275	955647	3174	955647	0
pop1	NC_091036.1	5000001	6000000	0.0050182003726635	878004	4406	878004	0
pop1	NC_091036.1	6000001	7000000	0.0041081373297751	932296	3830	932296	0
pop1	NC_091036.1	7000001	8000000	0.0030190566740569	947647	2861	947647	0
pop1	NC_091036.1	8000001	9000000	0.00050766023026018	55155	28	55155	0
pop1	NC_091037.1	1	1000000	0.0022532454741283	786865	1773	786865	0
pop1	NC_091037.1	1000001	2000000	0.0038214483885024	956967	3657	956967	0
pop1	NC_091037.1	2000001	3000000	0.0042151603559515	956310	4031	956310	0
pop1	NC_091037.1	3000001	4000000	0.0039774913928501	961410	3824	961410	0
pop1	NC_091037.1	4000001	5000000	0.0041961756559073	956347	4013	956347	0
pop1	NC_091037.1	5000001	6000000	0.004323812062251	945462	4088	945462	0
pop1	NC_091037.1	6000001	7000000	0.0042535498878983	950030	4041	950030	0
pop1	NC_091037.1	7000001	8000000	0.0042507970244421	81867	348	81867	0
pop1	NC_091038.1	1	1000000	0.0033596310993303	318785	1071	318785	0
pop1	NC_091038.1	1000001	2000000	0.0061093146642388	796325	4865	796325	0
pop1	NC_091038.1	2000001	3000000	0.0067719391116793	710284	4810	710284	0
pop1	NC_091038.1	3000001	4000000	0.0034238246075269	690748	2365	690748	0
pop1	NC_091038.1	4000001	5000000	0.009861932938856	507	5	507	0
pop1	NC_091039.1	1	1000000	0.0021287919105907	11274	24	11274	0
pop1	NC_091039.1	1000001	2000000	0.0039734342383098	664916	2642	664916	0
pop1	NC_091039.1	2000001	3000000	0.0041260533464863	910313	3756	910313	0
pop1	NC_091039.1	3000001	4000000	0.0041110025697891	909024	3737	909024	0
pop1	NC_091039.1	4000001	5000000	0.0036920711293978	946894	3496	946894	0
pop1	NC_091039.1	5000001	6000000	0.0055159079281577	885439	4884	885439	0
pop1	NC_091039.1	6000001	7000000	0.004259407253745	940976	4008	940976	0
pop1	NC_091039.1	7000001	8000000	0.0018204607230368	955802	1740	955802	0
pop1	NC_091039.1	8000001	9000000	0.001362907536077	37420	51	37420	0
pop1	NC_091040.1	1	1000000	0.0024976262708136	863620	2157	863620	0
pop1	NC_091040.1	1000001	2000000	0.0056870597815848	822745	4679	822745	0
pop1	NC_091040.1	2000001	3000000	0.0040888149903157	897326	3669	897326	0
pop1	NC_091040.1	3000001	4000000	0.0040544329896907	606250	2458	606250	0
pop1	NC_091040.1	4000001	5000000	0.0047335084565374	501742	2375	501742	0
pop1	NC_091040.1	5000001	6000000	0.0038991036865345	749403	2922	749403	0
pop1	NC_091040.1	6000001	7000000	0.00420291171395	682622	2869	682622	0
pop1	NC_091041.1	1	1000000	0.0014797277300977	3379	5	3379	0
pop1	NC_091041.1	1000001	2000000	0.0037928214447978	550250	2087	550250	0
pop1	NC_091041.1	2000001	3000000	0.0044795743277079	842714	3775	842714	0
pop1	NC_091041.1	3000001	4000000	0.0039207892169262	940882	3689	940882	0
pop1	NC_091041.1	4000001	5000000	0.0035683764520958	946649	3378	946649	0
pop1	NC_091041.1	5000001	6000000	0.0047409149690256	870718	4128	870718	0
pop1	NC_091041.1	6000001	7000000	0.003114972131669	745111	2321	745111	0
pop1	NC_091042.1	1	1000000	0.0046630152985834	113017	527	113017	0
pop1	NC_091042.1	1000001	2000000	0.0049789242698316	835321	4159	835321	0
pop1	NC_091042.1	2000001	3000000	0.0039839757550475	815015	3247	815015	0
pop1	NC_091042.1	3000001	4000000	0.004316213679958	401741	1734	401741	0
pop1	NC_091043.1	1	1000000	0.0077768946004313	675591	5254	675591	0
pop1	NC_091043.1	1000001	2000000	0.010342688358226	431996	4468	431996	0
pop1	NC_091043.1	2000001	3000000	0.0013352917612498	7489	10	7489	0
pop1	NC_091044.1	1	1000000	0.0062699217918485	361727	2268	361727	0
pop1	NC_091044.1	1000001	2000000	0.0093355740855399	497452	4644	497452	0
pop1	NC_091044.1	2000001	3000000	0.0046993912393715	282377	1327	282377	0
pop1	NC_091045.1	1	1000000	0.0075565360061654	452853	3422	452853	0
pop1	NC_138417.1	1	1000000	0.00053469940406889	231906	124	231906	0
pop1	NC_138417.1	1000001	2000000	0.00081889242731296	362685	297	362685	0
pop1	NC_138417.1	2000001	3000000	0.0007092714999609	370803	263	370803	0
pop1	NC_138417.1	3000001	4000000	0.00075138428104084	432535	325	432535	0
pop1	NC_138417.1	4000001	5000000	0.00067120111696064	390345	262	390345	0
pop1	NC_138417.1	5000001	6000000	0.00087574461097782	328863	288	328863	0
pop1	NC_138417.1	6000001	7000000	0.00084504765333941	136087	115	136087	0
pop1	NC_138417.1	7000001	8000000	0.00084365491260906	461089	389	461089	0
pop1	NC_138417.1	8000001	9000000	0.00095041448631764	359843	342	359843	0
pop1	NC_138417.1	9000001	10000000	0.00062445106689749	393946	246	393946	0
pop1	NC_138417.1	10000001	11000000	0.00066196568738122	456217	302	456217	0
pop1	NC_138417.1	11000001	12000000	0.00080484802575514	422440	340	422440	0
pop1	NC_138417.1	12000001	13000000	0.00074113203976883	380499	282	380499	0
pop1	NC_138417.1	13000001	14000000	0.0006707286141845	177419	119	177419	0
pop1	NC_138417.1	14000001	15000000	0.00057284427359275	343898	197	343898	0
pop1	NC_138417.1	15000001	16000000	0	140	0	140	0
pop1	NC_138417.1	16000001	17000000	0.0010169417231025	228135	232	228135	0
pop1	NC_138417.1	17000001	18000000	0.00063181106784329	484322	306	484322	0
pop1	NC_138417.1	18000001	19000000	0.00085470772478947	373227	319	373227	0
pop1	NC_138417.1	19000001	20000000	0.00083292554686768	384188	320	384188	0
pop1	NC_138417.1	20000001	21000000	0.0011361670676668	254364	289	254364	0
pop1	NW_027184081.1	1	1000000	0.0016501650165017	2424	4	2424	0
pop1	NW_027184081.1	1000001	2000000	0.0020234722784298	2471	5	2471	0
pop1	NW_027184081.1	2000001	3000000	0.00055710306406685	1795	1	1795	0
pop1	NW_027184081.1	3000001	4000000	0	592	0	592	0
pop1	NW_027184081.1	4000001	5000000	0.0012113607487551	253434	307	253434	0
pop1	NW_027184081.1	5000001	6000000	0.00064989371260198	386217	251	386217	0
pop1	NW_027184081.1	6000001	7000000	0.0006866988513401	384448	264	384448	0
pop1	NW_027184081.1	7000001	8000000	0.00067813592043205	163684	111	163684	0
pop1	NW_027184081.1	8000001	9000000	0.0007866258895489	408072	321	408072	0
pop1	NW_027184081.1	9000001	10000000	0.00097030312642863	107183	104	107183	0
pop1	NW_027184082.1	1	1000000	0.00081539619124976	317637	259	317637	0
pop1	NW_027184082.1	1000001	2000000	0.00083102418334336	370627	308	370627	0
pop1	NW_027184082.1	2000001	3000000	0.00063374862310567	397634	252	397634	0
pop1	NW_027184082.1	3000001	4000000	0.00063856716235283	261523	167	261523	0
pop1	NW_027184082.1	4000001	5000000	0.00080018884456732	249941	200	249941	0
pop1	NW_027184083.1	1	1000000	0.00071297777403603	380096	271	380096	0
pop1	NW_027184083.1	1000001	2000000	0.0004411830180966	494126	218	494126	0
pop1	NW_027184083.1	2000001	3000000	0.00064587256674017	422684	273	422684	0
pop1	NW_027184083.1	3000001	4000000	0.00051188935463308	103538	53	103538	0
pop1	NW_027184084.1	1	1000000	0.00072887695406157	364945	266	364945	0
pop1	NW_027184084.1	1000001	2000000	0.00047775123604244	180010	86	180010	0
pop1	NW_027184084.1	2000001	3000000	0.00085527166754218	378827	324	378827	0
pop1	NW_027184084.1	3000001	4000000	0	169	0	169	0
pop1	NC_138418.1	1	1000000	0.0018992612782158	462285	878	462285	0
pop1	NC_138418.1	1000001	2000000	0.0012362274995369	712652	881	712652	0
pop1	NC_138418.1	2000001	3000000	0.00011117287381879	692615	77	692615	0
pop1	NC_138418.1	3000001	4000000	0.00036201982093196	720955	261	720955	0
pop1	NC_138418.1	4000001	5000000	0.00018983542943287	716410	136	716410	0
pop1	NC_138418.1	5000001	6000000	0.00015163318680096	718840	109	718840	0
pop1	NC_138418.1	6000001	7000000	0.00012367558208334	711539	88	711539	0
pop1	NC_138418.1	7000001	8000000	8.8338612945748e-05	724485	64	724485	0
pop1	NC_138418.1	8000001	9000000	0.00010489003513816	648298	68	648298	0
pop1	NC_138418.1	9000001	10000000	9.8347604143088e-05	640585	63	640585	0
pop1	NC_138418.1	10000001	11000000	9.3043777097124e-05	666353	62	666353	0
pop1	NC_138418.1	11000001	12000000	0.00022169903064479	735231	163	735231	0
pop1	NC_138418.1	12000001	13000000	8.7439515396753e-05	743371	65	743371	0
pop1	NC_138418.1	13000001	14000000	0.00017693895606016	746020	132	746020	0
pop1	NC_138418.1	14000001	15000000	0.00025686742618839	661820	170	661820	0
pop1	NC_138418.1	15000001	16000000	0.00024771746054215	734708	182	734708	0
pop1	NC_138418.1	16000001	17000000	0.0001169696000043	743783	87	743783	0
pop1	NC_138418.1	17000001	18000000	0.00014196327169092	746672	106	746672	0
pop1	NC_138418.1	18000001	19000000	0.00014794550763466	743517	110	743517	0
pop1	NC_138418.1	19000001	20000000	0.00023888546502095	707452	169	707452	0
pop1	NC_138418.1	20000001	21000000	0.00012702094464924	724290	92	724290	0
pop1	NC_138418.1	21000001	22000000	0.00011438289052455	725633	83	725633	0
pop1	NC_138418.1	22000001	23000000	8.9882544256782e-05	723166	65	723166	0
pop1	NC_138418.1	23000001	24000000	0.00011034354591889	688758	76	688758	0
pop1	NC_138418.1	24000001	25000000	0.00010933060606522	722579	79	722579	0
pop1	NC_138418.1	25000001	26000000	8.9431901047041e-05	726810	65	726810	0
pop1	NC_138418.1	26000001	27000000	0.00011346331033993	731514	83	731514	0
pop1	NC_138418.1	27000001	28000000	8.0143878637717e-05	736176	59	736176	0
pop1	NC_138418.1	28000001	29000000	0.0002278241965766	728632	166	728632	0
pop1	NC_138418.1	29000001	30000000	9.8148312711135e-05	753961	74	753961	0
pop1	NC_138418.1	30000001	31000000	0.00010620539033204	734426	78	734426	0
pop1	NC_138418.1	31000001	32000000	9.7588766214242e-05	758284	74	758284	0
pop1	NC_138418.1	32000001	33000000	0.00011041074211589	706453	78	706453	0
pop1	NC_138418.1	33000001	34000000	0.00011623705637357	714058	83	714058	0
pop1	NC_138418.1	34000001	35000000	0.000104254391547	738578	77	738578	0
pop1	NC_138418.1	35000001	36000000	9.4168545553361e-05	743348	70	743348	0
pop1	NC_138418.1	36000001	37000000	0.0001532635101068	698144	107	698144	0
pop1	NC_138418.1	37000001	38000000	0.00011244317603782	747044	84	747044	0
pop1	NC_138418.1	38000001	39000000	9.5365375216393e-05	754991	72	754991	0
pop1	NC_138418.1	39000001	40000000	0.00022297157800564	726550	162	726550	0
pop1	NC_138418.1	40000001	41000000	0.0038089963373026	191389	729	191389	0
pop1	NC_138418.1	41000001	42000000	0.00010292747405144	738384	76	738384	0
pop1	NC_138418.1	42000001	43000000	0.0001149326975506	748264	86	748264	0
pop1	NC_138418.1	43000001	44000000	0.00012350170284685	744929	92	744929	0
pop1	NC_138418.1	44000001	45000000	9.8801991068857e-05	718609	71	718609	0
pop1	NC_138418.1	45000001	46000000	8.9957888463463e-05	533583	48	533583	0
pop1	NC_138418.1	46000001	47000000	0.00011273289912378	709642	80	709642	0
pop1	NC_138418.1	47000001	48000000	0.0001478152900136	676520	100	676520	0
pop1	NC_138418.1	48000001	49000000	0.00010729492551473	708328	76	708328	0
pop1	NC_138418.1	49000001	50000000	0.00014134954507404	728690	103	728690	0
pop1	NC_138418.1	50000001	51000000	0.00019200959111323	427062	82	427062	0
pop1	NC_138418.1	51000001	52000000	NA	0	NA	NA	NA
pop1	NC_138418.1	52000001	53000000	NA	0	NA	NA	NA
pop1	NC_138418.1	53000001	54000000	0.00011945219224636	502293	60	502293	0
pop1	NC_138418.1	54000001	55000000	0.00011560582267994	726607	84	726607	0
pop1	NC_138418.1	55000001	56000000	0.00013038120379704	713293	93	713293	0
pop1	NC_138418.1	56000001	57000000	8.5162024026172e-05	763251	65	763251	0
pop1	NC_138418.1	57000001	58000000	8.4222909968383e-05	748015	63	748015	0
pop1	NC_138418.1	58000001	59000000	0.00010588761617857	755518	80	755518	0
pop1	NC_138418.1	59000001	60000000	8.5917886557459e-05	581951	50	581951	0
pop1	NC_138418.1	60000001	61000000	7.6326129810197e-05	681287	52	681287	0
pop1	NC_138418.1	61000001	62000000	0.00010552863165431	748612	79	748612	0
pop1	NC_138418.1	62000001	63000000	9.3530026527284e-05	737731	69	737731	0
pop1	NC_138418.1	63000001	64000000	7.4350056588654e-05	726294	54	726294	0
pop1	NC_138418.1	64000001	65000000	0.00013185123294782	720509	95	720509	0
pop1	NC_138418.1	65000001	66000000	8.1481629899751e-05	748635	61	748635	0
pop1	NC_138418.1	66000001	67000000	0.00028397073052202	683169	194	683169	0
pop1	NC_138418.1	67000001	68000000	0.00017588087002404	665223	117	665223	0
pop1	NC_138418.1	68000001	69000000	5.1432106144747e-05	719395	37	719395	0
pop1	NC_138418.1	69000001	70000000	0.0028316118593136	328788	931	328788	0
pop1	NC_138418.1	70000001	71000000	0.00077239923793568	735371	568	735371	0
pop1	NC_138418.1	71000001	72000000	0.00011906196594537	688717	82	688717	0
pop1	NC_138418.1	72000001	73000000	0.00010861525889223	193343	21	193343	0
pop1	NW_027184086.1	1	1000000	0.00013617373589921	550767	75	550767	0
pop1	NW_027184086.1	1000001	2000000	0.00010703369975858	756771	81	756771	0
pop1	NW_027184086.1	2000001	3000000	0.00012706906133665	716146	91	716146	0
pop1	NW_027184086.1	3000001	4000000	0.0012079318402363	543077	656	543077	0
pop1	NW_027184086.1	4000001	5000000	0	169	0	169	0
pop1	NW_027184087.1	1	1000000	0.00087792814271047	752909	661	752909	0
pop1	NW_027184087.1	1000001	2000000	9.0673920580313e-05	187485	17	187485	0
pop1	NW_027184088.1	1	1000000	0.0013341804320203	31480	42	31480	0
pop1	NW_027184088.1	1000001	2000000	0	286	0	286	0
pop1	NW_027183733.1	1	1000000	0.0011259148057797	5329	6	5329	0
pop1	NW_027183733.1	1000001	2000000	0	3179	0	3179	0
pop1	NW_027183733.1	2000001	3000000	0.00024606299212598	4064	1	4064	0
pop1	NW_027183733.1	3000001	4000000	0.0013089005235602	764	1	764	0
pop1	NW_027183733.1	4000001	5000000	0	889	0	889	0
pop1	NW_027183804.1	1	1000000	0.00059495478343646	8404	5	8404	0
pop1	NW_027183804.1	1000001	2000000	0.004412309133631	132357	584	132357	0
pop1	NW_027183804.1	2000001	3000000	0.002793717909997	79464	222	79464	0
pop1	NW_027183804.1	3000001	4000000	0.0025181110293263	25813	65	25813	0
pop1	NW_027183804.1	4000001	5000000	0.001407707196903	5683	8	5683	0
pop1	NW_027183894.1	1	1000000	0.0005	2000	1	2000	0
pop1	NW_027183894.1	1000001	2000000	0.0032956685499058	4248	14	4248	0
pop1	NW_027183894.1	2000001	3000000	0	259	0	259	0
pop1	NW_027183894.1	3000001	4000000	0	293	0	293	0
pop1	NW_027183905.1	1	1000000	0.0023952244436998	322308	772	322308	0
pop1	NW_027183905.1	1000001	2000000	0.0028287636746464	109235	309	109235	0
pop1	NW_027183905.1	2000001	3000000	0.001902987557389	75145	143	75145	0
pop1	NW_027183916.1	1	1000000	0	609	0	609	0
pop1	NW_027183916.1	1000001	2000000	0.0042796005706134	1402	6	1402	0
pop1	NW_027183916.1	2000001	3000000	0.001743679163034	1147	2	1147	0
pop1	NW_027183927.1	1	1000000	0	754	0	754	0
pop1	NW_027183927.1	1000001	2000000	0.0017482517482517	572	1	572	0
pop1	NW_027183927.1	2000001	3000000	0.0012652575171182	13436	17	13436	0
pop1	NW_027183938.1	1	1000000	0.0026773761713521	3735	10	3735	0
pop1	NW_027183938.1	1000001	2000000	0	475	0	475	0
pop1	NW_027183938.1	2000001	3000000	0	172	0	172	0
pop1	NW_027183949.1	1	1000000	0.007549023482714	177109	1337	177109	0
pop1	NW_027183949.1	1000001	2000000	0.0019141808900941	6269	12	6269	0
pop1	NW_027183949.1	2000001	3000000	0.0016546329723225	6648	11	6648	0
pop1	NW_027183960.1	1	1000000	0.0022396416573348	1786	4	1786	0
pop1	NW_027183960.1	1000001	2000000	0.0012494793835902	2401	3	2401	0
pop1	NW_027183960.1	2000001	3000000	0	1043	0	1043	0
pop1	NW_027183981.1	1	1000000	0.00091028623444928	158192	144	158192	0
pop1	NW_027183981.1	1000001	2000000	0.00089886486208845	77876	70	77876	0
pop1	NW_027183981.1	2000001	3000000	0.0014320650377845	90778	130	90778	0
pop1	NW_027183992.1	1	1000000	0.006179845089674	241430	1492	241430	0
pop1	NW_027183992.1	1000001	2000000	0	246	0	246	0
pop1	NW_027183992.1	2000001	3000000	0	318	0	318	0
pop1	NW_027184003.1	1	1000000	0.0017094017094017	1170	2	1170	0
pop1	NW_027184003.1	1000001	2000000	0.0016025641025641	1872	3	1872	0
pop1	NW_027184003.1	2000001	3000000	0	218	0	218	0
pop1	NW_027184024.1	1	1000000	0.0011778563015312	3396	4	3396	0
pop1	NW_027184024.1	1000001	2000000	0	256	0	256	0
pop1	NW_027184024.1	2000001	3000000	0	361	0	361	0
pop1	NW_027184055.1	1	1000000	0.0022501789915107	9777	22	9777	0
pop1	NW_027184055.1	1000001	2000000	0.0016472593013348	17605	29	17605	0
pop1	NW_027184055.1	2000001	3000000	0.0028445823635893	3867	11	3867	0
pop1	NW_027184058.1	1	1000000	0.0045128749668171	3767	17	3767	0
pop1	NW_027184058.1	1000001	2000000	0.0020964360587002	954	2	954	0
pop1	NW_027184058.1	2000001	3000000	0.0007446016381236	1343	1	1343	0
pop1	NW_027184059.1	1	1000000	0.004162330905307	1922	8	1922	0
pop1	NW_027184059.1	1000001	2000000	0.0060105184072126	1331	8	1331	0
pop1	NW_027184059.1	2000001	3000000	0	178	0	178	0
pop1	NW_027184060.1	1	1000000	0.0021370565607636	35095	75	35095	0
pop1	NW_027184060.1	1000001	2000000	0	517	0	517	0
pop1	NW_027184061.1	1	1000000	0.0014815079251749	112048	166	112048	0
pop1	NW_027184061.1	1000001	2000000	0.0077527612574342	197736	1533	197736	0
pop1	NW_027184062.1	1	1000000	0.00050825921219822	3935	2	3935	0
pop1	NW_027184062.1	1000001	2000000	0.0037889039242219	3695	14	3695	0
pop1	NW_027184063.1	1	1000000	0.0052153526504942	142464	743	142464	0
pop1	NW_027184063.1	1000001	2000000	0.0083578425314912	242766	2029	242766	0
pop1	NW_027184064.1	1	1000000	0.00029593120777906	763691	226	763691	0
pop1	NW_027184064.1	1000001	2000000	0.00044165709742956	747186	330	747186	0
pop1	NW_027184065.1	1	1000000	0.003813882532418	1311	5	1311	0
pop1	NW_027184065.1	1000001	2000000	0.0014184397163121	705	1	705	0
pop1	NW_027184066.1	1	1000000	0.00077279752704791	1294	1	1294	0
pop1	NW_027184066.1	1000001	2000000	0.002280701754386	5700	13	5700	0
pop1	NW_027184067.1	1	1000000	0	303	0	303	0
pop1	NW_027184067.1	1000001	2000000	0.00064724919093851	1545	1	1545	0
pop1	NW_027184068.1	1	1000000	0	1075	0	1075	0
pop1	NW_027184068.1	1000001	2000000	0	508	0	508	0
pop1	NW_027184069.1	1	1000000	0.0038862753119247	4889	19	4889	0
pop1	NW_027184069.1	1000001	2000000	0.0011587485515643	863	1	863	0
pop1	NW_027184070.1	1	1000000	0	947	0	947	0
pop1	NW_027184070.1	1000001	2000000	0	455	0	455	0
pop1	NW_027184071.1	1	1000000	0.0018634567122011	66543	124	66543	0
pop1	NW_027184071.1	1000001	2000000	0.0016829350387075	5942	10	5942	0
pop1	NW_027184072.1	1	1000000	0.00079082641360221	2529	2	2529	0
pop1	NW_027184072.1	1000001	2000000	0.0021008403361345	3808	8	3808	0
pop1	NW_027184073.1	1	1000000	0	33	0	33	0
pop1	NW_027184073.1	1000001	2000000	0	107	0	107	0
pop1	NW_027184074.1	1	1000000	0.0021026592455164	16170	34	16170	0
pop1	NW_027184074.1	1000001	2000000	0	291	0	291	0
pop1	NW_027184075.1	1	1000000	0.0036656891495601	4092	15	4092	0
pop1	NW_027184075.1	1000001	2000000	0.0032786885245902	305	1	305	0
pop1	NW_027184076.1	1	1000000	0.00166375509525	24042	40	24042	0
pop1	NW_027184076.1	1000001	2000000	0.003574850740768	27134	97	27134	0
pop1	NW_027184077.1	1	1000000	0.001161777519605	3443	4	3443	0
pop1	NW_027184077.1	1000001	2000000	0.0012547051442911	797	1	797	0
pop1	NW_027184078.1	1	1000000	0.0070603251676939	448138	3164	448138	0
pop1	NW_027184078.1	1000001	2000000	0.010302623424912	38728	399	38728	0
pop1	NW_027184079.1	1	1000000	0.0026652452025586	1876	5	1876	0
pop1	NW_027184079.1	1000001	2000000	0.009009009009009	111	1	111	0
pop1	NW_027183463.1	1	1000000	0.0012888207573951	176130	227	176130	0
pop1	NW_027183463.1	1000001	2000000	0	196	0	196	0
pop1	NW_027183464.1	1	1000000	0.0017064846416382	1758	3	1758	0
pop1	NW_027183465.1	1	1000000	0.0019913707268503	3013	6	3013	0
pop1	NW_027183465.1	1000001	2000000	0	279	0	279	0
pop1	NW_027183466.1	1	1000000	0.0019098287974899	14661	28	14661	0
pop1	NW_027183467.1	1	1000000	8.0158987032393e-05	661186	53	661186	0
pop1	NW_027183468.1	1	1000000	0.0022527596305474	4439	10	4439	0
pop1	NW_027183469.1	1	1000000	0	905	0	905	0
pop1	NW_027183470.1	1	1000000	0.0028671551449506	3139	9	3139	0
pop1	NW_027183471.1	1	1000000	0.001388246182323	2161	3	2161	0
pop1	NW_027183472.1	1	1000000	0.00197328476017	6588	13	6588	0
pop1	NW_027183473.1	1	1000000	0.001404099971918	3561	5	3561	0
pop1	NW_027183474.1	1	1000000	0.014193410456802	84194	1195	84194	0
pop1	NW_027183475.1	1	1000000	0	1723	0	1723	0
pop1	NW_027183476.1	1	1000000	0.011372624304089	260450	2962	260450	0
pop1	NW_027183477.1	1	1000000	0	1130	0	1130	0
pop1	NW_027183478.1	1	1000000	0.0013636363636364	2200	3	2200	0
pop1	NW_027183479.1	1	1000000	0.0013312034078807	7512	10	7512	0
pop1	NW_027183480.1	1	1000000	0.00049554013875124	4036	2	4036	0
pop1	NW_027183481.1	1	1000000	0.0013634110064452	16136	22	16136	0
pop1	NW_027183482.1	1	1000000	0	898	0	898	0
pop1	NW_027183483.1	1	1000000	0	2388	0	2388	0
pop1	NW_027183484.1	1	1000000	0	1023	0	1023	0
pop1	NW_027183485.1	1	1000000	0	198	0	198	0
pop1	NW_027183486.1	1	1000000	0	1122	0	1122	0
pop1	NW_027183487.1	1	1000000	0	436	0	436	0
pop1	NW_027183488.1	1	1000000	0	113	0	113	0
pop1	NW_027183489.1	1	1000000	0	475	0	475	0
pop1	NW_027183490.1	1	1000000	0.0052631578947368	570	3	570	0
pop1	NW_027183491.1	1	1000000	0.01105210787101	196976	2177	196976	0
pop1	NW_027183492.1	1	1000000	0.0063995623177126	259549	1661	259549	0
pop1	NW_027183493.1	1	1000000	0.0029239766081871	2052	6	2052	0
pop1	NW_027183494.1	1	1000000	0.011587437902427	243367	2820	243367	0
pop1	NW_027183495.1	1	1000000	0	77	0	77	0
pop1	NW_027183496.1	1	1000000	0.0093390378894722	84377	788	84377	0
pop1	NW_027183497.1	1	1000000	0	142	0	142	0
pop1	NW_027183498.1	1	1000000	0	56	0	56	0
pop1	NW_027183499.1	1	1000000	0.001810282404055	2762	5	2762	0
pop1	NW_027183500.1	1	1000000	0.011067353641642	192729	2133	192729	0
pop1	NW_027183501.1	1	1000000	0.00092302012183866	5417	5	5417	0
pop1	NW_027183502.1	1	1000000	0	534	0	534	0
pop1	NW_027183503.1	1	1000000	0	902	0	902	0
pop1	NW_027183504.1	1	1000000	0.0011363636363636	880	1	880	0
pop1	NW_027183505.1	1	1000000	0	236	0	236	0
pop1	NW_027183506.1	1	1000000	0	538	0	538	0
pop1	NW_027183507.1	1	1000000	0	525	0	525	0
pop1	NW_027183508.1	1	1000000	0.0012150668286756	823	1	823	0
pop1	NW_027183509.1	1	1000000	0	246	0	246	0
pop1	NW_027183510.1	1	1000000	0	58	0	58	0
pop1	NW_027183511.1	1	1000000	0	1452	0	1452	0
pop1	NW_027183512.1	1	1000000	0	3544	0	3544	0
pop1	NW_027183513.1	1	1000000	0	505	0	505	0
pop1	NW_027183514.1	1	1000000	0	391	0	391	0
pop1	NW_027183515.1	1	1000000	0	169	0	169	0
pop1	NW_027183516.1	1	1000000	0.0080963992329727	42241	342	42241	0
pop1	NW_027183518.1	1	1000000	0.0044117647058824	680	3	680	0
pop1	NW_027183519.1	1	1000000	0	652	0	652	0
pop1	NW_027183520.1	1	1000000	0.0027560547076859	29027	80	29027	0
pop1	NW_027183521.1	1	1000000	0.0027027027027027	370	1	370	0
pop1	NW_027183523.1	1	1000000	0.010407328006237	102620	1068	102620	0
pop1	NW_027183524.1	1	1000000	0	285	0	285	0
pop1	NW_027183525.1	1	1000000	0	64	0	64	0
pop1	NW_027183526.1	1	1000000	0	464	0	464	0
pop1	NW_027183527.1	1	1000000	0	31	0	31	0
pop1	NW_027183528.1	1	1000000	0.011252924909594	94020	1058	94020	0
pop1	NW_027183529.1	1	1000000	0.015673035954246	152555	2391	152555	0
pop1	NW_027183530.1	1	1000000	0.012273916768949	86362	1060	86362	0
pop1	NW_027183531.1	1	1000000	0.00070397747272087	2841	2	2841	0
pop1	NW_027183532.1	1	1000000	0	420	0	420	0
pop1	NW_027183533.1	1	1000000	0	570	0	570	0
pop1	NW_027183534.1	1	1000000	0.010146093135479	113147	1148	113147	0
pop1	NW_027183535.1	1	1000000	0.012402349560945	117639	1459	117639	0
pop1	NW_027183536.1	1	1000000	0.011318463603247	156470	1771	156470	0
pop1	NW_027183537.1	1	1000000	0	260	0	260	0
pop1	NW_027183538.1	1	1000000	0	511	0	511	0
pop1	NW_027183539.1	1	1000000	0	779	0	779	0
pop1	NW_027183540.1	1	1000000	0	214	0	214	0
pop1	NW_027183541.1	1	1000000	0.0047339573440991	139207	659	139207	0
pop1	NW_027183543.1	1	1000000	0.00069013112491373	1449	1	1449	0
pop1	NW_027183544.1	1	1000000	0.0028490028490028	351	1	351	0
pop1	NW_027183545.1	1	1000000	0	47	0	47	0
pop1	NW_027183546.1	1	1000000	0	252	0	252	0
pop1	NW_027183547.1	1	1000000	0	67	0	67	0
pop1	NW_027183548.1	1	1000000	0	286	0	286	0
pop1	NW_027183549.1	1	1000000	0	704	0	704	0
pop1	NW_027183550.1	1	1000000	0.011843417553191	96256	1140	96256	0
pop1	NW_027183551.1	1	1000000	0.01321415823481	137277	1814	137277	0
pop1	NW_027183552.1	1	1000000	0	1102	0	1102	0
pop1	NW_027183553.1	1	1000000	0.0080159090630102	81463	653	81463	0
pop1	NW_027183554.1	1	1000000	0.0023696682464455	422	1	422	0
pop1	NW_027183555.1	1	1000000	0	160	0	160	0
pop1	NW_027183556.1	1	1000000	0	215	0	215	0
pop1	NW_027183557.1	1	1000000	0.011265045599129	94629	1066	94629	0
pop1	NW_027183558.1	1	1000000	0	348	0	348	0
pop1	NW_027183559.1	1	1000000	0	1075	0	1075	0
pop1	NW_027183560.1	1	1000000	0	163	0	163	0
pop1	NW_027183561.1	1	1000000	0	69	0	69	0
pop1	NW_027183562.1	1	1000000	0	1114	0	1114	0
pop1	NW_027183563.1	1	1000000	0.0070642404364691	31709	224	31709	0
pop1	NW_027183565.1	1	1000000	0	47	0	47	0
pop1	NW_027183566.1	1	1000000	0	57	0	57	0
pop1	NW_027183567.1	1	1000000	0.012987012987013	41888	544	41888	0
pop1	NW_027183568.1	1	1000000	0	304	0	304	0
pop1	NW_027183569.1	1	1000000	0.00031410226800314	108245	34	108245	0
pop1	NW_027183570.1	1	1000000	0	58	0	58	0
pop1	NW_027183571.1	1	1000000	0	388	0	388	0
pop1	NW_027183572.1	1	1000000	0.0010193679918451	1962	2	1962	0
pop1	NW_027183573.1	1	1000000	0	84	0	84	0
pop1	NW_027183574.1	1	1000000	0	999	0	999	0
pop1	NW_027183576.1	1	1000000	0	356	0	356	0
pop1	NW_027183577.1	1	1000000	0.0089009472130991	21009	187	21009	0
pop1	NW_027183578.1	1	1000000	0	167	0	167	0
pop1	NW_027183579.1	1	1000000	0.012915438621714	83466	1078	83466	0
pop1	NW_027183580.1	1	1000000	0	199	0	199	0
pop1	NW_027183581.1	1	1000000	0	45	0	45	0
pop1	NW_027183583.1	1	1000000	0.013573065397497	39711	539	39711	0
pop1	NW_027183584.1	1	1000000	0	117	0	117	0
pop1	NW_027183585.1	1	1000000	0	182	0	182	0
pop1	NW_027183586.1	1	1000000	0	104	0	104	0
pop1	NW_027183587.1	1	1000000	0	323	0	323	0
pop1	NW_027183588.1	1	1000000	0	147	0	147	0
pop1	NW_027183589.1	1	1000000	0.011279905394342	98937	1116	98937	0
pop1	NW_027183590.1	1	1000000	0	679	0	679	0
pop1	NW_027183591.1	1	1000000	0	54	0	54	0
pop1	NW_027183592.1	1	1000000	0	416	0	416	0
pop1	NW_027183593.1	1	1000000	0	246	0	246	0
pop1	NW_027183595.1	1	1000000	0.013761017922955	71361	982	71361	0
pop1	NW_027183596.1	1	1000000	0	516	0	516	0
pop1	NW_027183597.1	1	1000000	0	72	0	72	0
pop1	NW_027183598.1	1	1000000	0	49	0	49	0
pop1	NW_027183599.1	1	1000000	0	878	0	878	0
pop1	NW_027183600.1	1	1000000	0	130	0	130	0
pop1	NW_027183601.1	1	1000000	0	876	0	876	0
pop1	NW_027183602.1	1	1000000	0	44	0	44	0
pop1	NW_027183603.1	1	1000000	0	511	0	511	0
pop1	NW_027183604.1	1	1000000	0	124	0	124	0
pop1	NW_027183606.1	1	1000000	0	40	0	40	0
pop1	NW_027183608.1	1	1000000	0	487	0	487	0
pop1	NW_027183609.1	1	1000000	0	1429	0	1429	0
pop1	NW_027183610.1	1	1000000	0	172	0	172	0
pop1	NW_027183613.1	1	1000000	0.0022679410335331	6173	14	6173	0
pop1	NW_027183614.1	1	1000000	0	125	0	125	0
pop1	NW_027183615.1	1	1000000	0.013599306157849	86475	1176	86475	0
pop1	NW_027183616.1	1	1000000	0	21	0	21	0
pop1	NW_027183617.1	1	1000000	0	271	0	271	0
pop1	NW_027183618.1	1	1000000	0.0089204912734324	23205	207	23205	0
pop1	NW_027183619.1	1	1000000	0	263	0	263	0
pop1	NW_027183620.1	1	1000000	0	188	0	188	0
pop1	NW_027183622.1	1	1000000	0	134	0	134	0
pop1	NW_027183623.1	1	1000000	0	262	0	262	0
pop1	NW_027183624.1	1	1000000	0.013976879367775	15311	214	15311	0
pop1	NW_027183626.1	1	1000000	0.0034965034965035	286	1	286	0
pop1	NW_027183627.1	1	1000000	0.00039936102236422	2504	1	2504	0
pop1	NW_027183628.1	1	1000000	0.0097966922995892	18986	186	18986	0
pop1	NW_027183631.1	1	1000000	0	310	0	310	0
pop1	NW_027183632.1	1	1000000	0	121	0	121	0
pop1	NW_027183633.1	1	1000000	0.011824631617246	38479	455	38479	0
pop1	NW_027183634.1	1	1000000	0.010752688172043	93	1	93	0
pop1	NW_027183635.1	1	1000000	0.0013181019332162	2276	3	2276	0
pop1	NW_027183636.1	1	1000000	0	77	0	77	0
pop1	NW_027183637.1	1	1000000	0	224	0	224	0
pop1	NW_027183641.1	1	1000000	0	20	0	20	0
pop1	NW_027183642.1	1	1000000	0.010952462870577	17439	191	17439	0
pop1	NW_027183644.1	1	1000000	0.0017006802721088	588	1	588	0
pop1	NW_027183645.1	1	1000000	0	636	0	636	0
pop1	NW_027183646.1	1	1000000	0.0090909090909091	110	1	110	0
pop1	NW_027183648.1	1	1000000	0	156	0	156	0
pop1	NW_027183649.1	1	1000000	0	755	0	755	0
pop1	NW_027183650.1	1	1000000	0.013998061806827	9287	130	9287	0
pop1	NW_027183651.1	1	1000000	0.003448849627131	66109	228	66109	0
pop1	NW_027183654.1	1	1000000	0	97	0	97	0
pop1	NW_027183655.1	1	1000000	0	123	0	123	0
pop1	NW_027183656.1	1	1000000	0	216	0	216	0
pop1	NW_027183657.1	1	1000000	0.0049019607843137	204	1	204	0
pop1	NW_027183658.1	1	1000000	0.0093670260926825	60745	569	60745	0
pop1	NW_027183660.1	1	1000000	0	70	0	70	0
pop1	NW_027183661.1	1	1000000	0	67	0	67	0
pop1	NW_027183662.1	1	1000000	0	80	0	80	0
pop1	NW_027183664.1	1	1000000	0.0097944856479647	17663	173	17663	0
pop1	NW_027183666.1	1	1000000	0	275	0	275	0
pop1	NW_027183667.1	1	1000000	0	173	0	173	0
pop1	NW_027183668.1	1	1000000	0	38	0	38	0
pop1	NW_027183669.1	1	1000000	0.010626204715069	20233	215	20233	0
pop1	NW_027183670.1	1	1000000	0	103	0	103	0
pop1	NW_027183671.1	1	1000000	0	166	0	166	0
pop1	NW_027183672.1	1	1000000	0.0072247526307523	6367	46	6367	0
pop1	NW_027183673.1	1	1000000	0	77	0	77	0
pop1	NW_027183675.1	1	1000000	0	299	0	299	0
pop1	NW_027183676.1	1	1000000	0.0099750623441397	16040	160	16040	0
pop1	NW_027183677.1	1	1000000	0	97	0	97	0
pop1	NW_027183678.1	1	1000000	0	385	0	385	0
pop1	NW_027183679.1	1	1000000	0.013025942882058	36696	478	36696	0
pop1	NW_027183680.1	1	1000000	0	28	0	28	0
pop1	NW_027183681.1	1	1000000	0	88	0	88	0
pop1	NW_027183682.1	1	1000000	0.0085192298222288	20307	173	20307	0
pop1	NW_027183683.1	1	1000000	0.011889984974195	15307	182	15307	0
pop1	NW_027183684.1	1	1000000	0	455	0	455	0
pop1	NW_027183685.1	1	1000000	0	47	0	47	0
pop1	NW_027183686.1	1	1000000	0	174	0	174	0
pop1	NW_027183687.1	1	1000000	0	96	0	96	0
pop1	NW_027183688.1	1	1000000	0.012598948576953	33098	417	33098	0
pop1	NW_027183690.1	1	1000000	0.013427881713941	19884	267	19884	0
pop1	NW_027183691.1	1	1000000	0.0025204788909893	60306	152	60306	0
pop1	NW_027183692.1	1	1000000	0.0014214641080313	1407	2	1407	0
pop1	NW_027183694.1	1	1000000	0	216	0	216	0
pop1	NW_027183695.1	1	1000000	0.015498716363982	31551	489	31551	0
pop1	NW_027183699.1	1	1000000	0.0051020408163265	196	1	196	0
pop1	NW_027183700.1	1	1000000	0	61	0	61	0
pop1	NW_027183701.1	1	1000000	0	41	0	41	0
pop1	NW_027183702.1	1	1000000	0	247	0	247	0
pop1	NW_027183704.1	1	1000000	0	142	0	142	0
pop1	NW_027183706.1	1	1000000	0.011890820646789	22202	264	22202	0
pop1	NW_027183707.1	1	1000000	0	171	0	171	0
pop1	NW_027183708.1	1	1000000	0	2444	0	2444	0
pop1	NW_027183709.1	1	1000000	0.0068965517241379	145	1	145	0
pop1	NW_027183710.1	1	1000000	0	389	0	389	0
pop1	NW_027183712.1	1	1000000	0	271	0	271	0
pop1	NW_027183713.1	1	1000000	0	561	0	561	0
pop1	NW_027183714.1	1	1000000	0.0051813471502591	193	1	193	0
pop1	NW_027183715.1	1	1000000	0	362	0	362	0
pop1	NW_027183716.1	1	1000000	0	174	0	174	0
pop1	NW_027183717.1	1	1000000	0.0018493404019233	16222	30	16222	0
pop1	NW_027183718.1	1	1000000	0.0089836417270046	14916	134	14916	0
pop1	NW_027183719.1	1	1000000	0	545	0	545	0
pop1	NW_027183720.1	1	1000000	0.010359174662478	11777	122	11777	0
pop1	NW_027183721.1	1	1000000	0	75	0	75	0
pop1	NW_027183722.1	1	1000000	0.0093782755006344	18127	170	18127	0
pop1	NW_027183723.1	1	1000000	0	98	0	98	0
pop1	NW_027183724.1	1	1000000	0	7	0	7	0
pop1	NW_027183725.1	1	1000000	0	81	0	81	0
pop1	NW_027183727.1	1	1000000	0.014519398482063	21213	308	21213	0
pop1	NW_027183728.1	1	1000000	0.013374582044311	32001	428	32001	0
pop1	NW_027183729.1	1	1000000	0.010731797576094	10809	116	10809	0
pop1	NW_027183730.1	1	1000000	0	374	0	374	0
pop1	NW_027183731.1	1	1000000	0	60	0	60	0
pop1	NW_027183732.1	1	1000000	0	199	0	199	0
pop1	NW_027183734.1	1	1000000	0.011860725962342	41903	497	41903	0
pop1	NW_027183735.1	1	1000000	0	348	0	348	0
pop1	NW_027183736.1	1	1000000	0.012018145975346	42103	506	42103	0
pop1	NW_027183738.1	1	1000000	0	107	0	107	0
pop1	NW_027183739.1	1	1000000	0	44	0	44	0
pop1	NW_027183740.1	1	1000000	0	258	0	258	0
pop1	NW_027183743.1	1	1000000	0	133	0	133	0
pop1	NW_027183744.1	1	1000000	0.0096039603960396	10100	97	10100	0
pop1	NW_027183745.1	1	1000000	0	318	0	318	0
pop1	NW_027183746.1	1	1000000	0.016260162601626	123	2	123	0
pop1	NW_027183747.1	1	1000000	0	579	0	579	0
pop1	NW_027183752.1	1	1000000	0	283	0	283	0
pop1	NW_027183753.1	1	1000000	0	40	0	40	0
pop1	NW_027183754.1	1	1000000	0	160	0	160	0
pop1	NW_027183756.1	1	1000000	0.011164867882397	26870	300	26870	0
pop1	NW_027183757.1	1	1000000	0	25	0	25	0
pop1	NW_027183758.1	1	1000000	0	188	0	188	0
pop1	NW_027183759.1	1	1000000	0.013289595424342	11889	158	11889	0
pop1	NW_027183761.1	1	1000000	0.0084021845679877	14282	120	14282	0
pop1	NW_027183764.1	1	1000000	0.008695652173913	115	1	115	0
pop1	NW_027183765.1	1	1000000	0.0042194092827004	237	1	237	0
pop1	NW_027183767.1	1	1000000	0	196	0	196	0
pop1	NW_027183769.1	1	1000000	0	52	0	52	0
pop1	NW_027183770.1	1	1000000	0	89	0	89	0
pop1	NW_027183771.1	1	1000000	0	228	0	228	0
pop1	NW_027183773.1	1	1000000	0	24	0	24	0
pop1	NW_027183775.1	1	1000000	0.010452084120388	15882	166	15882	0
pop1	NW_027183776.1	1	1000000	0	146	0	146	0
pop1	NW_027183777.1	1	1000000	0.012281240405281	6514	80	6514	0
pop1	NW_027183779.1	1	1000000	0	24	0	24	0
pop1	NW_027183781.1	1	1000000	0.0070311265602781	12658	89	12658	0
pop1	NW_027183782.1	1	1000000	0	939	0	939	0
pop1	NW_027183785.1	1	1000000	0.010834132310642	10430	113	10430	0
pop1	NW_027183786.1	1	1000000	0.011692996641373	16078	188	16078	0
pop1	NW_027183787.1	1	1000000	0	119	0	119	0
pop1	NW_027183788.1	1	1000000	0	68	0	68	0
pop1	NW_027183789.1	1	1000000	0	76	0	76	0
pop1	NW_027183790.1	1	1000000	0	50	0	50	0
pop1	NW_027183791.1	1	1000000	0	38	0	38	0
pop1	NW_027183792.1	1	1000000	0	469	0	469	0
pop1	NW_027183793.1	1	1000000	0	71	0	71	0
pop1	NW_027183794.1	1	1000000	0	68	0	68	0
pop1	NW_027183795.1	1	1000000	0.0051813471502591	193	1	193	0
pop1	NW_027183796.1	1	1000000	0.0073690812166823	6378	47	6378	0
pop1	NW_027183797.1	1	1000000	0.01380979498861	7024	97	7024	0
pop1	NW_027183800.1	1	1000000	0	169	0	169	0
pop1	NW_027183803.1	1	1000000	0.01445159434878	27817	402	27817	0
pop1	NW_027183805.1	1	1000000	0	43	0	43	0
pop1	NW_027183807.1	1	1000000	0	107	0	107	0
pop1	NW_027183809.1	1	1000000	0	74	0	74	0
pop1	NW_027183810.1	1	1000000	0	48	0	48	0
pop1	NW_027183811.1	1	1000000	0	321	0	321	0
pop1	NW_027183812.1	1	1000000	0	84	0	84	0
pop1	NW_027183813.1	1	1000000	0.01083921826244	6089	66	6089	0
pop1	NW_027183815.1	1	1000000	0.0075376884422111	4776	36	4776	0
pop1	NW_027183816.1	1	1000000	0.013537758930028	12262	166	12262	0
pop1	NW_027183818.1	1	1000000	0	47	0	47	0
pop1	NW_027183819.1	1	1000000	0	110	0	110	0
pop1	NW_027183821.1	1	1000000	0.011251514626969	17331	195	17331	0
pop1	NW_027183822.1	1	1000000	0	239	0	239	0
pop1	NW_027183823.1	1	1000000	0.0041152263374486	243	1	243	0
pop1	NW_027183825.1	1	1000000	0.005730659025788	349	2	349	0
pop1	NW_027183826.1	1	1000000	0.0075187969924812	133	1	133	0
pop1	NW_027183830.1	1	1000000	0.0084997034987152	5059	43	5059	0
pop1	NW_027183831.1	1	1000000	0.014603459896652	17804	260	17804	0
pop1	NW_027183832.1	1	1000000	0	105	0	105	0
pop1	NW_027183835.1	1	1000000	0	138	0	138	0
pop1	NW_027183836.1	1	1000000	0.0096434178066831	8918	86	8918	0
pop1	NW_027183838.1	1	1000000	0	93	0	93	0
pop1	NW_027183841.1	1	1000000	0	117	0	117	0
pop1	NW_027183844.1	1	1000000	0	19	0	19	0
pop1	NW_027183845.1	1	1000000	0.0042735042735043	2106	9	2106	0
pop1	NW_027183846.1	1	1000000	0	67	0	67	0
pop1	NW_027183847.1	1	1000000	0	80	0	80	0
pop1	NW_027183849.1	1	1000000	0	77	0	77	0
pop1	NW_027183852.1	1	1000000	0.0010035122930256	3986	4	3986	0
pop1	NW_027183853.1	1	1000000	0	364	0	364	0
pop1	NW_027183858.1	1	1000000	0	42	0	42	0
pop1	NW_027183861.1	1	1000000	0	54	0	54	0
pop1	NW_027183862.1	1	1000000	0	313	0	313	0
pop1	NW_027183864.1	1	1000000	0	23	0	23	0
pop1	NW_027183865.1	1	1000000	0	92	0	92	0
pop1	NW_027183869.1	1	1000000	0	103	0	103	0
pop1	NW_027183870.1	1	1000000	0	106	0	106	0
pop1	NW_027183871.1	1	1000000	0	31	0	31	0
pop1	NW_027183872.1	1	1000000	0.014687302590019	18996	279	18996	0
pop1	NW_027183873.1	1	1000000	0.008094738420027	6671	54	6671	0
pop1	NW_027183874.1	1	1000000	0	103	0	103	0
pop1	NW_027183875.1	1	1000000	0.0082055711509393	4631	38	4631	0
pop1	NW_027183876.1	1	1000000	0	62	0	62	0
pop1	NW_027183880.1	1	1000000	0.011434349719975	12856	147	12856	0
pop1	NW_027183882.1	1	1000000	0	47	0	47	0
pop1	NW_027183883.1	1	1000000	0	183	0	183	0
pop1	NW_027183886.1	1	1000000	0	23	0	23	0
pop1	NW_027183892.1	1	1000000	0.0086840347361389	4491	39	4491	0
pop1	NW_027183893.1	1	1000000	0.012919432980441	5573	72	5573	0
pop1	NW_027183895.1	1	1000000	0.0070921985815603	141	1	141	0
pop1	NW_027183896.1	1	1000000	0.01434971300574	14286	205	14286	0
pop1	NW_027183897.1	1	1000000	0.013794355204647	11019	152	11019	0
pop1	NW_027183899.1	1	1000000	0	29	0	29	0
pop1	NW_027183900.1	1	1000000	0	40	0	40	0
pop1	NW_027183907.1	1	1000000	0	70	0	70	0
pop1	NW_027183908.1	1	1000000	0.01309150415928	7333	96	7333	0
pop1	NW_027183910.1	1	1000000	0	134	0	134	0
pop1	NW_027183912.1	1	1000000	0.0077519379844961	9159	71	9159	0
pop1	NW_027183915.1	1	1000000	0	2	0	2	0
pop1	NW_027183918.1	1	1000000	0	141	0	141	0
pop1	NW_027183921.1	1	1000000	0	81	0	81	0
pop1	NW_027183922.1	1	1000000	0	113	0	113	0
pop1	NW_027183924.1	1	1000000	0.011559925591284	15052	174	15052	0
pop1	NW_027183928.1	1	1000000	0	45	0	45	0
pop1	NW_027183929.1	1	1000000	0.013163518249423	11699	154	11699	0
pop1	NW_027183930.1	1	1000000	0	26	0	26	0
pop1	NW_027183932.1	1	1000000	0.0083748753738784	5015	42	5015	0
pop1	NW_027183933.1	1	1000000	0	51	0	51	0
pop1	NW_027183935.1	1	1000000	0	27	0	27	0
pop1	NW_027183936.1	1	1000000	0	165	0	165	0
pop1	NW_027183941.1	1	1000000	0	25	0	25	0
pop1	NW_027183942.1	1	1000000	0	339	0	339	0
pop1	NW_027183943.1	1	1000000	0	79	0	79	0
pop1	NW_027183945.1	1	1000000	0	51	0	51	0
pop1	NW_027183946.1	1	1000000	0.0088544785695953	23378	207	23378	0
pop1	NW_027183950.1	1	1000000	0	262	0	262	0
pop1	NW_027183951.1	1	1000000	0	162	0	162	0
pop1	NW_027183953.1	1	1000000	0.0075187969924812	133	1	133	0
pop1	NW_027183955.1	1	1000000	0.014999571440816	11667	175	11667	0
pop1	NW_027183956.1	1	1000000	0.010998307952623	3546	39	3546	0
pop1	NW_027183957.1	1	1000000	0	130	0	130	0
pop1	NW_027183958.1	1	1000000	0.0075957727873184	3028	23	3028	0
pop1	NW_027183959.1	1	1000000	0	15	0	15	0
pop1	NW_027183962.1	1	1000000	0	138	0	138	0
pop1	NW_027183963.1	1	1000000	0.013940208263352	5954	83	5954	0
pop1	NW_027183967.1	1	1000000	0.010808767951625	13230	143	13230	0
pop1	NW_027183969.1	1	1000000	0	135	0	135	0
pop1	NW_027183971.1	1	1000000	0.0065872020075282	3188	21	3188	0
pop1	NW_027183974.1	1	1000000	0	195	0	195	0
pop1	NW_027183975.1	1	1000000	0.00066600066600067	3003	2	3003	0
pop1	NW_027183977.1	1	1000000	0.014219523885605	6259	89	6259	0
pop1	NW_027183978.1	1	1000000	0.0068965517241379	145	1	145	0
pop1	NW_027183979.1	1	1000000	0	53	0	53	0
pop1	NW_027183980.1	1	1000000	0.010093363613424	3963	40	3963	0
pop1	NW_027183983.1	1	1000000	0.015921483097056	9170	146	9170	0
pop1	NW_027183985.1	1	1000000	0	59	0	59	0
pop1	NW_027183987.1	1	1000000	0.011466011466011	3663	42	3663	0
pop1	NW_027183991.1	1	1000000	0.0077462191073405	2711	21	2711	0
pop1	NW_027183995.1	1	1000000	0.017277885999831	11807	204	11807	0
pop1	NW_027183999.1	1	1000000	0.0095770151636073	5012	48	5012	0
pop1	NW_027184007.1	1	1000000	0.0059036374023995	5251	31	5251	0
pop1	NW_027184010.1	1	1000000	0.014885580982004	9002	134	9002	0
pop1	NW_027184011.1	1	1000000	0	659	0	659	0
pop1	NW_027184012.1	1	1000000	0.0075921908893709	2766	21	2766	0
pop1	NW_027184014.1	1	1000000	0.013854930725346	4908	68	4908	0
pop1	NW_027184015.1	1	1000000	0	125	0	125	0
pop1	NW_027184016.1	1	1000000	0.020088626292467	3385	68	3385	0
pop1	NW_027184019.1	1	1000000	0.0052770448548813	2274	12	2274	0
pop1	NW_027184020.1	1	1000000	0.0056112224448898	2495	14	2495	0
pop1	NW_027184021.1	1	1000000	0.01001001001001	3996	40	3996	0
pop1	NW_027184022.1	1	1000000	0.012180817468195	11083	135	11083	0
pop1	NW_027184025.1	1	1000000	0.015811839114537	10119	160	10119	0
pop1	NW_027184026.1	1	1000000	0.013038256990908	5829	76	5829	0
pop1	NW_027184027.1	1	1000000	0	47	0	47	0
pop1	NW_027184028.1	1	1000000	0.013911128903122	9992	139	9992	0
pop1	NW_027184030.1	1	1000000	0.0092794759825328	3664	34	3664	0
pop1	NW_027184033.1	1	1000000	0.014248261712071	8773	125	8773	0
pop1	NW_027184036.1	1	1000000	0.010430050638652	13231	138	13231	0
pop1	NW_027184040.1	1	1000000	0.0056179775280899	178	1	178	0
pop1	NW_027184042.1	1	1000000	0.011011419249592	2452	27	2452	0
pop1	NW_027184043.1	1	1000000	0.011320754716981	8745	99	8745	0
pop1	NW_027184044.1	1	1000000	0.0065573770491803	2440	16	2440	0
pop1	NW_027184047.1	1	1000000	0	42	0	42	0
pop1	NW_027184048.1	1	1000000	0	1626	0	1626	0
pop1	NW_027184049.1	1	1000000	0	189	0	189	0
pop1	NW_027184050.1	1	1000000	0.006859756097561	1312	9	1312	0
pop1	NW_027184051.1	1	1000000	0	90	0	90	0
pop1	NW_027184054.1	1	1000000	0	182	0	182	0
pop1	NC_051467.1	1	1000000	0.0083565459610028	359	3	359	0
