pop	chromosome	window_pos_1	window_pos_2	avg_pi	no_sites	count_diffs	count_comparisons	count_missing
pop1	NC_091013.1	1	1000000	0.0045726051529252	706162	3229	706162	0
pop1	NC_091013.1	1000001	2000000	0.0062331418836817	831202	5181	831202	0
pop1	NC_091013.1	2000001	3000000	0.0058276769240681	946861	5518	946861	0
pop1	NC_091013.1	3000001	4000000	0.0053930487717358	947516	5110	947516	0
pop1	NC_091013.1	4000001	5000000	0.0055629794808639	973579	5416	973579	0
pop1	NC_091013.1	5000001	6000000	0.0050268137082814	991284	4983	991284	0
pop1	NC_091013.1	6000001	7000000	0.0045616324171054	982543	4482	982543	0
pop1	NC_091013.1	7000001	8000000	0.0043845241861391	989389	4338	989389	0
pop1	NC_091013.1	8000001	9000000	0.0051345121958675	981398	5039	981398	0
pop1	NC_091013.1	9000001	10000000	0.0051668755677118	985315	5091	985315	0
pop1	NC_091013.1	10000001	11000000	0.0046271629049021	987214	4568	987214	0
pop1	NC_091013.1	11000001	12000000	0.0050658271322267	978320	4956	978320	0
pop1	NC_091013.1	12000001	13000000	0.0047922427903715	964058	4620	964058	0
pop1	NC_091013.1	13000001	14000000	0.0039374499851789	988457	3892	988457	0
pop1	NC_091013.1	14000001	15000000	0.0039660572695026	988135	3919	988135	0
pop1	NC_091013.1	15000001	16000000	0.0041258209053017	992045	4093	992045	0
pop1	NC_091013.1	16000001	17000000	0.0039561012200099	982533	3887	982533	0
pop1	NC_091013.1	17000001	18000000	0.0042973291647323	973628	4184	973628	0
pop1	NC_091013.1	18000001	19000000	0.0043284604959039	979101	4238	979101	0
pop1	NC_091013.1	19000001	20000000	0.0030618865472345	987953	3025	987953	0
pop1	NC_091013.1	20000001	21000000	0.0036778429848664	980466	3606	980466	0
pop1	NC_091013.1	21000001	22000000	0.0040914358417478	987184	4039	987184	0
pop1	NC_091013.1	22000001	23000000	0.0036074499647097	981857	3542	981857	0
pop1	NC_091013.1	23000001	24000000	0.0042696015618049	977843	4175	977843	0
pop1	NC_091013.1	24000001	25000000	0.0040296221823809	986693	3976	986693	0
pop1	NC_091013.1	25000001	26000000	0.0033051725495978	990266	3273	990266	0
pop1	NC_091013.1	26000001	27000000	0.0038650848901886	981091	3792	981091	0
pop1	NC_091013.1	27000001	28000000	0.003496959785982	980852	3430	980852	0
pop1	NC_091013.1	28000001	29000000	0.0038572021534415	970911	3745	970911	0
pop1	NC_091013.1	29000001	30000000	0.0025518383249098	988699	2523	988699	0
pop1	NC_091013.1	30000001	31000000	0.0034221538262689	990312	3389	990312	0
pop1	NC_091013.1	31000001	32000000	0.0027597633669318	976533	2695	976533	0
pop1	NC_091013.1	32000001	33000000	0.0031040684568576	991924	3079	991924	0
pop1	NC_091013.1	33000001	34000000	0.0032558697734858	966562	3147	966562	0
pop1	NC_091013.1	34000001	35000000	0.0028853143162745	989147	2854	989147	0
pop1	NC_091013.1	35000001	36000000	0.003658514277352	984006	3600	984006	0
pop1	NC_091013.1	36000001	37000000	0.0030270718259964	989405	2995	989405	0
pop1	NC_091013.1	37000001	38000000	0.0040336076145696	980016	3953	980016	0
pop1	NC_091013.1	38000001	39000000	0.003724155250722	979551	3648	979551	0
pop1	NC_091013.1	39000001	40000000	0.0029613703437015	986030	2920	986030	0
pop1	NC_091013.1	40000001	41000000	0.003385588050057	989193	3349	989193	0
pop1	NC_091013.1	41000001	42000000	0.0034660749076387	989592	3430	989592	0
pop1	NC_091013.1	42000001	43000000	0.0035149295072149	978398	3439	978398	0
pop1	NC_091013.1	43000001	44000000	0.002560461247936	986541	2526	986541	0
pop1	NC_091013.1	44000001	45000000	0.0050093579724086	976173	4890	976173	0
pop1	NC_091013.1	45000001	46000000	0.0044463085514993	967994	4304	967994	0
pop1	NC_091013.1	46000001	47000000	0.0048365164239605	965571	4670	965571	0
pop1	NC_091013.1	47000001	48000000	0.0047063316793411	974007	4584	974007	0
pop1	NC_091013.1	48000001	49000000	0.0041627703231413	982759	4091	982759	0
pop1	NC_091013.1	49000001	50000000	0.0035976961485073	965340	3473	965340	0
pop1	NC_091013.1	50000001	51000000	0.003936976046694	989592	3896	989592	0
pop1	NC_091013.1	51000001	52000000	0.0035485179363103	991118	3517	991118	0
pop1	NC_091013.1	52000001	53000000	0.002845818695183	986008	2806	986008	0
pop1	NC_091013.1	53000001	54000000	0.004163279608996	981678	4087	981678	0
pop1	NC_091013.1	54000001	55000000	0.0040832155677923	985008	4022	985008	0
pop1	NC_091013.1	55000001	56000000	0.0046474650469345	978598	4548	978598	0
pop1	NC_091013.1	56000001	57000000	0.0050120048326753	975857	4891	975857	0
pop1	NC_091013.1	57000001	58000000	0.0038734438113739	84421	327	84421	0
pop1	NC_091013.1	58000001	59000000	0.0030063356301709	461359	1387	461359	0
pop1	NC_091013.1	59000001	60000000	0.0033330937851415	987971	3293	987971	0
pop1	NC_091013.1	60000001	61000000	0.0037927183105557	970544	3681	970544	0
pop1	NC_091013.1	61000001	62000000	0.0037384924529184	984354	3680	984354	0
pop1	NC_091013.1	62000001	63000000	0.0030510398843307	991793	3026	991793	0
pop1	NC_091013.1	63000001	64000000	0.0037030111862643	984064	3644	984064	0
pop1	NC_091013.1	64000001	65000000	0.0040576299295174	984072	3993	984072	0
pop1	NC_091013.1	65000001	66000000	0.0034121078221984	978574	3339	978574	0
pop1	NC_091013.1	66000001	67000000	0.0036462372345889	977446	3564	977446	0
pop1	NC_091013.1	67000001	68000000	0.0039743063595027	979542	3893	979542	0
pop1	NC_091013.1	68000001	69000000	0.0039777530318302	984224	3915	984224	0
pop1	NC_091013.1	69000001	70000000	0.0033929277115375	989411	3357	989411	0
pop1	NC_091013.1	70000001	71000000	0.0035929657131592	989155	3554	989155	0
pop1	NC_091013.1	71000001	72000000	0.0039396757500341	982822	3872	982822	0
pop1	NC_091013.1	72000001	73000000	0.0036242900159295	989987	3588	989987	0
pop1	NC_091013.1	73000001	74000000	0.0034480958017127	574520	1981	574520	0
pop1	NC_091013.1	74000001	75000000	0.0034564710768592	433390	1498	433390	0
pop1	NC_091013.1	75000001	76000000	0.0038587017662279	977790	3773	977790	0
pop1	NC_091013.1	76000001	77000000	0.0036205117559787	982734	3558	982734	0
pop1	NC_091013.1	77000001	78000000	0.0041196195998864	989169	4075	989169	0
pop1	NC_091013.1	78000001	79000000	0.0041066039204271	989382	4063	989382	0
pop1	NC_091013.1	79000001	80000000	0.0045701480650771	984432	4499	984432	0
pop1	NC_091013.1	80000001	81000000	0.0044835527279746	989617	4437	989617	0
pop1	NC_091013.1	81000001	82000000	0.0041053282926398	972882	3994	972882	0
pop1	NC_091013.1	82000001	83000000	0.0042820802569655	983167	4210	983167	0
pop1	NC_091013.1	83000001	84000000	0.0050728477064018	545453	2767	545453	0
pop1	NC_091013.1	84000001	85000000	0.0044008662022366	787345	3465	787345	0
pop1	NC_091013.1	85000001	86000000	0.0045186822873572	980153	4429	980153	0
pop1	NC_091013.1	86000001	87000000	0.0051139440479147	982412	5024	982412	0
pop1	NC_091013.1	87000001	88000000	0.004070055148278	980085	3989	980085	0
pop1	NC_091013.1	88000001	89000000	0.0035869035271557	982463	3524	982463	0
pop1	NC_091013.1	89000001	90000000	0.0043382153152178	978974	4247	978974	0
pop1	NC_091013.1	90000001	91000000	0.0041394384283973	982742	4068	982742	0
pop1	NC_091013.1	91000001	92000000	0.005004039271028	987802	4943	987802	0
pop1	NC_091013.1	92000001	93000000	0.0044664745823538	874963	3908	874963	0
pop1	NC_091013.1	93000001	94000000	0.004746194598049	982682	4664	982682	0
pop1	NC_091013.1	94000001	95000000	0.0045817384563206	990672	4539	990672	0
pop1	NC_091013.1	95000001	96000000	0.0048860763098529	983202	4804	983202	0
pop1	NC_091013.1	96000001	97000000	0.0042864724924338	987292	4232	987292	0
pop1	NC_091013.1	97000001	98000000	0.0038898249884559	981021	3816	981021	0
pop1	NC_091013.1	98000001	99000000	0.0040858328758632	987314	4034	987314	0
pop1	NC_091013.1	99000001	100000000	0.0040179258191711	988072	3970	988072	0
pop1	NC_091013.1	100000001	101000000	0.0043706126219339	991623	4334	991623	0
pop1	NC_091013.1	101000001	102000000	0.0050824061330411	983786	5000	983786	0
pop1	NC_091013.1	102000001	103000000	0.0042824978173965	979335	4194	979335	0
pop1	NC_091013.1	103000001	104000000	0.002935965215217	975829	2865	975829	0
pop1	NC_091013.1	104000001	105000000	0.0019000185793281	974201	1851	974201	0
pop1	NC_091013.1	105000001	106000000	0.00029981024205411	820519	246	820519	0
pop1	NC_091013.1	106000001	107000000	0.0025962157111465	927889	2409	927889	0
pop1	NC_091013.1	107000001	108000000	0.0039149462157333	919042	3598	919042	0
pop1	NC_091013.1	108000001	109000000	0.0046668266762529	929111	4336	929111	0
pop1	NC_091013.1	109000001	110000000	0.0050586397520052	988408	5000	988408	0
pop1	NC_091013.1	110000001	111000000	0.0049671436243864	988697	4911	988697	0
pop1	NC_091013.1	111000001	112000000	0.0056631636440875	988670	5599	988670	0
pop1	NC_091013.1	112000001	113000000	0.0057324575101297	982999	5635	982999	0
pop1	NC_091013.1	113000001	114000000	0.0057007315070843	979348	5583	979348	0
pop1	NC_091013.1	114000001	115000000	0.0049200579403564	985151	4847	985151	0
pop1	NC_091013.1	115000001	116000000	0.0033187364293353	987424	3277	987424	0
pop1	NC_091013.1	116000001	117000000	0.0037232974490872	991057	3690	991057	0
pop1	NC_091013.1	117000001	118000000	0.0044112160995079	978415	4316	978415	0
pop1	NC_091013.1	118000001	119000000	0.0041785495914059	896244	3745	896244	0
pop1	NC_091013.1	119000001	120000000	0.0053013854027113	974085	5164	974085	0
pop1	NC_091013.1	120000001	121000000	0.0039846649537094	245190	977	245190	0
pop1	NC_091014.1	1	1000000	0.0014121457923409	149418	211	149418	0
pop1	NC_091014.1	1000001	2000000	0.0087340643390328	873591	7630	873591	0
pop1	NC_091014.1	2000001	3000000	0.0069145593597701	943661	6525	943661	0
pop1	NC_091014.1	3000001	4000000	0.0059965733866362	973556	5838	973556	0
pop1	NC_091014.1	4000001	5000000	0.0055899315274612	970316	5424	970316	0
pop1	NC_091014.1	5000001	6000000	0.0049090672161456	982264	4822	982264	0
pop1	NC_091014.1	6000001	7000000	0.0040321077109903	992285	4001	992285	0
pop1	NC_091014.1	7000001	8000000	0.0044220383361689	957477	4234	957477	0
pop1	NC_091014.1	8000001	9000000	0.0042918065628875	771703	3312	771703	0
pop1	NC_091014.1	9000001	10000000	0.0037713027722117	854877	3224	854877	0
pop1	NC_091014.1	10000001	11000000	0.0050598046466553	980275	4960	980275	0
pop1	NC_091014.1	11000001	12000000	0.0053201952461972	986242	5247	986242	0
pop1	NC_091014.1	12000001	13000000	0.0037936321102625	982963	3729	982963	0
pop1	NC_091014.1	13000001	14000000	0.0043461731995398	991677	4310	991677	0
pop1	NC_091014.1	14000001	15000000	0.003888290862265	994010	3865	994010	0
pop1	NC_091014.1	15000001	16000000	0.0034234767012254	977369	3346	977369	0
pop1	NC_091014.1	16000001	17000000	0.0042061009892807	980005	4122	980005	0
pop1	NC_091014.1	17000001	18000000	0.003095711445612	985880	3052	985880	0
pop1	NC_091014.1	18000001	19000000	0.0041800111723801	986361	4123	986361	0
pop1	NC_091014.1	19000001	20000000	0.0033133697091015	991136	3284	991136	0
pop1	NC_091014.1	20000001	21000000	0.0033719010294842	976897	3294	976897	0
pop1	NC_091014.1	21000001	22000000	0.0031714633026502	988818	3136	988818	0
pop1	NC_091014.1	22000001	23000000	0.0041557591955442	984417	4091	984417	0
pop1	NC_091014.1	23000001	24000000	0.0034568280129564	964468	3334	964468	0
pop1	NC_091014.1	24000001	25000000	0.0034925894868712	989810	3457	989810	0
pop1	NC_091014.1	25000001	26000000	0.0030608967293752	952662	2916	952662	0
pop1	NC_091014.1	26000001	27000000	0.0026934330810864	984617	2652	984617	0
pop1	NC_091014.1	27000001	28000000	0.0025528597875865	974985	2489	974985	0
pop1	NC_091014.1	28000001	29000000	0.0034856012202667	979458	3414	979458	0
pop1	NC_091014.1	29000001	30000000	0.0036620869556442	990965	3629	990965	0
pop1	NC_091014.1	30000001	31000000	0.0028387198957105	984951	2796	984951	0
pop1	NC_091014.1	31000001	32000000	0.00267819118931	983873	2635	983873	0
pop1	NC_091014.1	32000001	33000000	0.0033965707992801	980695	3331	980695	0
pop1	NC_091014.1	33000001	34000000	0.0031354622909818	988371	3099	988371	0
pop1	NC_091014.1	34000001	35000000	0.0031480755823126	982505	3093	982505	0
pop1	NC_091014.1	35000001	36000000	0.0035429475491049	982233	3480	982233	0
pop1	NC_091014.1	36000001	37000000	0.0026252615439479	992663	2606	992663	0
pop1	NC_091014.1	37000001	38000000	0.002979941770327	993308	2960	993308	0
pop1	NC_091014.1	38000001	39000000	0.0035999979100157	956945	3445	956945	0
pop1	NC_091014.1	39000001	40000000	0.0037381178011713	990873	3704	990873	0
pop1	NC_091014.1	40000001	41000000	0.0032915718117334	986155	3246	986155	0
pop1	NC_091014.1	41000001	42000000	0.0036029920632251	981129	3535	981129	0
pop1	NC_091014.1	42000001	43000000	0.0041587271100688	989245	4114	989245	0
pop1	NC_091014.1	43000001	44000000	0.0040447923676614	991151	4009	991151	0
pop1	NC_091014.1	44000001	45000000	0.0034755510524542	990922	3444	990922	0
pop1	NC_091014.1	45000001	46000000	0.0040495481315538	981591	3975	981591	0
pop1	NC_091014.1	46000001	47000000	0.0029680797884349	992224	2945	992224	0
pop1	NC_091014.1	47000001	48000000	0.0019944043420324	565081	1127	565081	0
pop1	NC_091014.1	48000001	49000000	0.0063715627095909	2982	19	2982	0
pop1	NC_091014.1	49000001	50000000	0.002392588348081	725992	1737	725992	0
pop1	NC_091014.1	50000001	51000000	0.0037834808229251	972385	3679	972385	0
pop1	NC_091014.1	51000001	52000000	0.0034597277694902	980713	3393	980713	0
pop1	NC_091014.1	52000001	53000000	0.0029286657115722	993968	2911	993968	0
pop1	NC_091014.1	53000001	54000000	0.0034813092891447	984687	3428	984687	0
pop1	NC_091014.1	54000001	55000000	0.0037586589879463	991311	3726	991311	0
pop1	NC_091014.1	55000001	56000000	0.0031658055799482	752731	2383	752731	0
pop1	NC_091014.1	56000001	57000000	0.0038514373701134	993655	3827	993655	0
pop1	NC_091014.1	57000001	58000000	0.0043263081122588	985829	4265	985829	0
pop1	NC_091014.1	58000001	59000000	0.0047265845717822	445988	2108	445988	0
pop1	NC_091014.1	59000001	60000000	0.0041574374336203	671327	2791	671327	0
pop1	NC_091014.1	60000001	61000000	0.0043192697772915	977017	4220	977017	0
pop1	NC_091014.1	61000001	62000000	0.004935718744345	983646	4855	983646	0
pop1	NC_091014.1	62000001	63000000	0.0025487132268406	978533	2494	978533	0
pop1	NC_091014.1	63000001	64000000	0.0045765296333323	990270	4532	990270	0
pop1	NC_091014.1	64000001	65000000	0.0050710745824241	980660	4973	980660	0
pop1	NC_091014.1	65000001	66000000	0.0051474937438386	989025	5091	989025	0
pop1	NC_091014.1	66000001	67000000	0.0053740376882409	986037	5299	986037	0
pop1	NC_091014.1	67000001	68000000	0.0054039121366198	973739	5262	973739	0
pop1	NC_091014.1	68000001	69000000	0.0044914995255175	746076	3351	746076	0
pop1	NC_091014.1	69000001	70000000	0.004368739153484	979001	4277	979001	0
pop1	NC_091014.1	70000001	71000000	0.0031092325169636	977090	3038	977090	0
pop1	NC_091014.1	71000001	72000000	0.0014107959322599	912251	1287	912251	0
pop1	NC_091014.1	72000001	73000000	NA	0	NA	NA	NA
pop1	NC_091014.1	73000001	74000000	0.0005788675746451	798110	462	798110	0
pop1	NC_091014.1	74000001	75000000	0.002024543381324	980468	1985	980468	0
pop1	NC_091014.1	75000001	76000000	0.0046695954974288	987880	4613	987880	0
pop1	NC_091014.1	76000001	77000000	0.0049767965466134	987784	4916	987784	0
pop1	NC_091014.1	77000001	78000000	0.005129407389742	989588	5076	989588	0
pop1	NC_091014.1	78000001	79000000	0.0046454233845373	984625	4574	984625	0
pop1	NC_091014.1	79000001	80000000	0.0030115890604689	944684	2845	944684	0
pop1	NC_091014.1	80000001	81000000	0.0010705819377533	13077	14	13077	0
pop1	NC_091015.1	1	1000000	0.0037193637797374	870579	3238	870579	0
pop1	NC_091015.1	1000001	2000000	0.0078210229009763	932231	7291	932231	0
pop1	NC_091015.1	2000001	3000000	0.0064237725622351	977463	6279	977463	0
pop1	NC_091015.1	3000001	4000000	0.0058165867338392	967062	5625	967062	0
pop1	NC_091015.1	4000001	5000000	0.0050883621454238	986565	5020	986565	0
pop1	NC_091015.1	5000001	6000000	0.0048879520117707	989576	4837	989576	0
pop1	NC_091015.1	6000001	7000000	0.0048431605011769	980971	4751	980971	0
pop1	NC_091015.1	7000001	8000000	0.0054006836774564	977654	5280	977654	0
pop1	NC_091015.1	8000001	9000000	0.0044439286993638	991015	4404	991015	0
pop1	NC_091015.1	9000001	10000000	0.0043620991122781	980262	4276	980262	0
pop1	NC_091015.1	10000001	11000000	0.0040316677251519	990409	3993	990409	0
pop1	NC_091015.1	11000001	12000000	0.0049921479777758	989554	4940	989554	0
pop1	NC_091015.1	12000001	13000000	0.004412399432381	966141	4263	966141	0
pop1	NC_091015.1	13000001	14000000	0.0038634478323669	992119	3833	992119	0
pop1	NC_091015.1	14000001	15000000	0.0037845246903846	989292	3744	989292	0
pop1	NC_091015.1	15000001	16000000	0.0042185943748704	988955	4172	988955	0
pop1	NC_091015.1	16000001	17000000	0.0032658845207196	968191	3162	968191	0
pop1	NC_091015.1	17000001	18000000	0.003891386613422	961097	3740	961097	0
pop1	NC_091015.1	18000001	19000000	0.0032868915802434	986038	3241	986038	0
pop1	NC_091015.1	19000001	20000000	0.0041114890859758	987720	4061	987720	0
pop1	NC_091015.1	20000001	21000000	0.0037659470068695	978240	3684	978240	0
pop1	NC_091015.1	21000001	22000000	0.0033833602771597	986002	3336	986002	0
pop1	NC_091015.1	22000001	23000000	0.0041369559246864	983090	4067	983090	0
pop1	NC_091015.1	23000001	24000000	0.0025767742792749	978355	2521	978355	0
pop1	NC_091015.1	24000001	25000000	0.0045489738122124	777538	3537	777538	0
pop1	NC_091015.1	25000001	26000000	0.0044388078630311	1577	7	1577	0
pop1	NC_091015.1	26000001	27000000	NA	0	NA	NA	NA
pop1	NC_091015.1	27000001	28000000	NA	0	NA	NA	NA
pop1	NC_091015.1	28000001	29000000	NA	0	NA	NA	NA
pop1	NC_091015.1	29000001	30000000	NA	0	NA	NA	NA
pop1	NC_091015.1	30000001	31000000	NA	0	NA	NA	NA
pop1	NC_091015.1	31000001	32000000	NA	0	NA	NA	NA
pop1	NC_091015.1	32000001	33000000	NA	0	NA	NA	NA
pop1	NC_091015.1	33000001	34000000	NA	0	NA	NA	NA
pop1	NC_091015.1	34000001	35000000	NA	0	NA	NA	NA
pop1	NC_091015.1	35000001	36000000	NA	0	NA	NA	NA
pop1	NC_091015.1	36000001	37000000	NA	0	NA	NA	NA
pop1	NC_091015.1	37000001	38000000	NA	0	NA	NA	NA
pop1	NC_091015.1	38000001	39000000	NA	0	NA	NA	NA
pop1	NC_091015.1	39000001	40000000	0.0039907464441426	498403	1989	498403	0
pop1	NC_091015.1	40000001	41000000	0.0042528562336268	988277	4203	988277	0
pop1	NC_091015.1	41000001	42000000	0.0038238929188814	990352	3787	990352	0
pop1	NC_091015.1	42000001	43000000	0.0031148737261626	979815	3052	979815	0
pop1	NC_091015.1	43000001	44000000	0.0036096701536208	988733	3569	988733	0
pop1	NC_091015.1	44000001	45000000	0.0034442225600634	985999	3396	985999	0
pop1	NC_091015.1	45000001	46000000	0.0028714382044904	981738	2819	981738	0
pop1	NC_091015.1	46000001	47000000	0.0042062337810477	981876	4130	981876	0
pop1	NC_091015.1	47000001	48000000	0.0032191737932974	974163	3136	974163	0
pop1	NC_091015.1	48000001	49000000	0.003359884317907	987534	3318	987534	0
pop1	NC_091015.1	49000001	50000000	0.002864511337976	991094	2839	991094	0
pop1	NC_091015.1	50000001	51000000	0.0035847680642959	991417	3554	991417	0
pop1	NC_091015.1	51000001	52000000	0.0032268595121167	983309	3173	983309	0
pop1	NC_091015.1	52000001	53000000	0.0042655718331669	981580	4187	981580	0
pop1	NC_091015.1	53000001	54000000	0.0038198941623612	989818	3781	989818	0
pop1	NC_091015.1	54000001	55000000	0.0032968792967463	992757	3273	992757	0
pop1	NC_091015.1	55000001	56000000	0.0035501009768334	989831	3514	989831	0
pop1	NC_091015.1	56000001	57000000	0.0037863617789903	983794	3725	983794	0
pop1	NC_091015.1	57000001	58000000	0.0032260018168971	990700	3196	990700	0
pop1	NC_091015.1	58000001	59000000	0.0035819149226887	988019	3539	988019	0
pop1	NC_091015.1	59000001	60000000	0.0040014022794195	978407	3915	978407	0
pop1	NC_091015.1	60000001	61000000	0.0027980383284005	952453	2665	952453	0
pop1	NC_091015.1	61000001	62000000	0.0024510521454277	990595	2428	990595	0
pop1	NC_091015.1	62000001	63000000	0.0013494056587979	895950	1209	895950	0
pop1	NC_091015.1	63000001	64000000	0.00075965200958826	372539	283	372539	0
pop1	NC_091015.1	64000001	65000000	0.00034517972391768	976303	337	976303	0
pop1	NC_091015.1	65000001	66000000	0.00023305677262981	536350	125	536350	0
pop1	NC_091015.1	66000001	67000000	0.00087126987584404	4591	4	4591	0
pop1	NC_091015.1	67000001	68000000	0.00038327172005736	816653	313	816653	0
pop1	NC_091015.1	68000001	69000000	0.00014054857348365	967637	136	967637	0
pop1	NC_091015.1	69000001	70000000	0.00097313618651878	989584	963	989584	0
pop1	NC_091015.1	70000001	71000000	0.0020853845174099	989266	2063	989266	0
pop1	NC_091015.1	71000001	72000000	0.0031258116263082	981825	3069	981825	0
pop1	NC_091015.1	72000001	73000000	0.0026766112602057	987069	2642	987069	0
pop1	NC_091015.1	73000001	74000000	0.0030643430598229	982266	3010	982266	0
pop1	NC_091015.1	74000001	75000000	0.0029476450316494	984854	2903	984854	0
pop1	NC_091015.1	75000001	76000000	0.0026453710069369	984739	2605	984739	0
pop1	NC_091015.1	76000001	77000000	0.0033360864797624	990382	3304	990382	0
pop1	NC_091015.1	77000001	78000000	0.0035900495657803	987173	3544	987173	0
pop1	NC_091015.1	78000001	79000000	0.0031096874341976	983057	3057	983057	0
pop1	NC_091015.1	79000001	80000000	0.0036500398380428	982729	3587	982729	0
pop1	NC_091015.1	80000001	81000000	0.0037022632799123	989935	3665	989935	0
pop1	NC_091015.1	81000001	82000000	0.0033610199351708	978572	3289	978572	0
pop1	NC_091015.1	82000001	83000000	0.0039420409043997	982486	3873	982486	0
pop1	NC_091015.1	83000001	84000000	0.0041254184594544	975901	4026	975901	0
pop1	NC_091015.1	84000001	85000000	0.0047701847589476	977111	4661	977111	0
pop1	NC_091015.1	85000001	86000000	0.0046326269296618	973098	4508	973098	0
pop1	NC_091015.1	86000001	87000000	0.0048166370575918	976615	4704	976615	0
pop1	NC_091015.1	87000001	88000000	0.0047910140859326	968271	4639	968271	0
pop1	NC_091015.1	88000001	89000000	0.0048831329652753	969050	4732	969050	0
pop1	NC_091015.1	89000001	90000000	0.0039208195620346	984233	3859	984233	0
pop1	NC_091015.1	90000001	91000000	0.0037437780102939	826705	3095	826705	0
pop1	NC_091015.1	91000001	92000000	0.0039394118860368	979334	3858	979334	0
pop1	NC_091015.1	92000001	93000000	0.0042545305027861	987418	4201	987418	0
pop1	NC_091015.1	93000001	94000000	0.0046656441906228	976714	4557	976714	0
pop1	NC_091015.1	94000001	95000000	0.0039597133901532	942745	3733	942745	0
pop1	NC_091015.1	95000001	96000000	0.0036062715811697	978573	3529	978573	0
pop1	NC_091015.1	96000001	97000000	0.00346594678685	262266	909	262266	0
pop1	NC_091015.1	97000001	98000000	0.0041390093970843	652330	2700	652330	0
pop1	NC_091015.1	98000001	99000000	0.0042002442999236	979943	4116	979943	0
pop1	NC_091015.1	99000001	100000000	0.0039609867158814	985613	3904	985613	0
pop1	NC_091015.1	100000001	101000000	0.0041081543619738	986331	4052	986331	0
pop1	NC_091015.1	101000001	102000000	0.0044747964567915	982838	4398	982838	0
pop1	NC_091015.1	102000001	103000000	0.0037732519936075	986152	3721	986152	0
pop1	NC_091015.1	103000001	104000000	0.0043943066754913	980587	4309	980587	0
pop1	NC_091015.1	104000001	105000000	0.0046199481055269	985076	4551	985076	0
pop1	NC_091015.1	105000001	106000000	0.0041739499779459	979408	4088	979408	0
pop1	NC_091015.1	106000001	107000000	0.0037936051237036	984288	3734	984288	0
pop1	NC_091015.1	107000001	108000000	0.0033321721679837	984643	3281	984643	0
pop1	NC_091015.1	108000001	109000000	0.0042469008510069	799171	3394	799171	0
pop1	NC_091015.1	109000001	110000000	0.0049393935697411	983724	4859	983724	0
pop1	NC_091015.1	110000001	111000000	0.0048602511078438	974641	4737	974641	0
pop1	NC_091015.1	111000001	112000000	0.0041692174644679	981719	4093	981719	0
pop1	NC_091015.1	112000001	113000000	0.0042279871826958	974932	4122	974932	0
pop1	NC_091015.1	113000001	114000000	0.0039667808726309	985938	3911	985938	0
pop1	NC_091015.1	114000001	115000000	0.0044144574999773	989023	4366	989023	0
pop1	NC_091015.1	115000001	116000000	0.0043155153148416	973696	4202	973696	0
pop1	NC_091015.1	116000001	117000000	0.0045632706777673	978684	4466	978684	0
pop1	NC_091015.1	117000001	118000000	0.0030392911506701	983453	2989	983453	0
pop1	NC_091015.1	118000001	119000000	0.0028363042894287	986495	2798	986495	0
pop1	NC_091015.1	119000001	120000000	0.0042890703042979	982031	4212	982031	0
pop1	NC_091015.1	120000001	121000000	0.0034554947410901	991175	3425	991175	0
pop1	NC_091015.1	121000001	122000000	0.0037297956694114	983700	3669	983700	0
pop1	NC_091015.1	122000001	123000000	0.0041640113945217	367194	1529	367194	0
pop1	NC_091015.1	123000001	124000000	0.0042338075252251	978788	4144	978788	0
pop1	NC_091015.1	124000001	125000000	0.0040346853285012	971823	3921	971823	0
pop1	NC_091015.1	125000001	126000000	0.0040723551429212	977567	3981	977567	0
pop1	NC_091015.1	126000001	127000000	0.0045465390358581	972388	4421	972388	0
pop1	NC_091015.1	127000001	128000000	0.0048596248778017	989171	4807	989171	0
pop1	NC_091015.1	128000001	129000000	0.0044531091756127	987400	4397	987400	0
pop1	NC_091015.1	129000001	130000000	0.0038662641589	986482	3814	986482	0
pop1	NC_091015.1	130000001	131000000	0.0038449399740231	988572	3801	988572	0
pop1	NC_091015.1	131000001	132000000	0.0039921457986934	983932	3928	983932	0
pop1	NC_091015.1	132000001	133000000	0.0032833271317173	991677	3256	991677	0
pop1	NC_091015.1	133000001	134000000	0.0034729009407926	987359	3429	987359	0
pop1	NC_091015.1	134000001	135000000	0.003912072104379	981577	3840	981577	0
pop1	NC_091015.1	135000001	136000000	0.0034684935014005	984289	3414	984289	0
pop1	NC_091015.1	136000001	137000000	0.0032365300233834	979753	3171	979753	0
pop1	NC_091015.1	137000001	138000000	0.0027770298075995	984145	2733	984145	0
pop1	NC_091015.1	138000001	139000000	0.003666406839889	982706	3603	982706	0
pop1	NC_091015.1	139000001	140000000	0.0041015505613399	981580	4026	981580	0
pop1	NC_091015.1	140000001	141000000	0.0040909389645253	989015	4046	989015	0
pop1	NC_091015.1	141000001	142000000	0.0038239108301849	961581	3677	961581	0
pop1	NC_091015.1	142000001	143000000	0.0034771905843691	984703	3424	984703	0
pop1	NC_091015.1	143000001	144000000	0.0028304159918504	983601	2784	983601	0
pop1	NC_091015.1	144000001	145000000	0.0032875504687974	980061	3222	980061	0
pop1	NC_091015.1	145000001	146000000	0.0028160422705152	970511	2733	970511	0
pop1	NC_091015.1	146000001	147000000	0.0024398204485563	992696	2422	992696	0
pop1	NC_091015.1	147000001	148000000	0.0030504422178772	987070	3011	987070	0
pop1	NC_091015.1	148000001	149000000	0.0026014099985947	989079	2573	989079	0
pop1	NC_091015.1	149000001	150000000	0.0034452219941334	976715	3365	976715	0
pop1	NC_091015.1	150000001	151000000	0.0035707307592507	967309	3454	967309	0
pop1	NC_091015.1	151000001	152000000	0.0037134681048208	976715	3627	976715	0
pop1	NC_091015.1	152000001	153000000	0.0032085373374003	966484	3101	966484	0
pop1	NC_091015.1	153000001	154000000	0.0022543599770992	979879	2209	979879	0
pop1	NC_091015.1	154000001	155000000	0.0026886108228135	974109	2619	974109	0
pop1	NC_091015.1	155000001	156000000	0.0035007903687773	975494	3415	975494	0
pop1	NC_091015.1	156000001	157000000	0.0029366694223364	983427	2888	983427	0
pop1	NC_091015.1	157000001	158000000	0.0029624672286656	977226	2895	977226	0
pop1	NC_091015.1	158000001	159000000	0.0032400083665525	984874	3191	984874	0
pop1	NC_091015.1	159000001	160000000	0.0041810758076521	979413	4095	979413	0
pop1	NC_091015.1	160000001	161000000	0.0041483682847271	982555	4076	982555	0
pop1	NC_091015.1	161000001	162000000	0.0045090701720794	960952	4333	960952	0
pop1	NC_091015.1	162000001	163000000	0.0049693154114163	963513	4788	963513	0
pop1	NC_091015.1	163000001	164000000	0.0032971175714427	970848	3201	970848	0
pop1	NC_091015.1	164000001	165000000	0.0030756768773049	985149	3030	985149	0
pop1	NC_091015.1	165000001	166000000	0.0050717812628012	954497	4841	954497	0
pop1	NC_091015.1	166000001	167000000	0.0056374101685245	953452	5375	953452	0
pop1	NC_091015.1	167000001	168000000	0.0081115392825445	712072	5776	712072	0
pop1	NC_091015.1	168000001	169000000	0.0078436524647675	563258	4418	563258	0
pop1	NC_091016.1	1	1000000	0.0016801588513823	19641	33	19641	0
pop1	NC_091016.1	1000001	2000000	0.0039535632937506	353858	1399	353858	0
pop1	NC_091016.1	2000001	3000000	0.0046909370025603	970595	4553	970595	0
pop1	NC_091016.1	3000001	4000000	0.0040942605874076	993586	4068	993586	0
pop1	NC_091016.1	4000001	5000000	0.0032898627943209	989099	3254	989099	0
pop1	NC_091016.1	5000001	6000000	0.0040054711829162	990645	3968	990645	0
pop1	NC_091016.1	6000001	7000000	0.0044330852454292	978551	4338	978551	0
pop1	NC_091016.1	7000001	8000000	0.0044120049558952	985493	4348	985493	0
pop1	NC_091016.1	8000001	9000000	0.0017780862606601	979705	1742	979705	0
pop1	NC_091016.1	9000001	10000000	0.00047710945074304	326969	156	326969	0
pop1	NC_091016.1	10000001	11000000	0	271	0	271	0
pop1	NC_091016.1	11000001	12000000	0.00053596966385748	770566	413	770566	0
pop1	NC_091016.1	12000001	13000000	0.0019367014012783	989311	1916	989311	0
pop1	NC_091016.1	13000001	14000000	0.0037420037125711	985301	3687	985301	0
pop1	NC_091016.1	14000001	15000000	0.0049488127097405	988722	4893	988722	0
pop1	NC_091016.1	15000001	16000000	0.0032599573946162	154910	505	154910	0
pop1	NC_091016.1	16000001	17000000	0.0027095283212127	624832	1693	624832	0
pop1	NC_091016.1	17000001	18000000	0.0049342658396256	743373	3668	743373	0
pop1	NC_091016.1	18000001	19000000	0.0049939866679291	992794	4958	992794	0
pop1	NC_091016.1	19000001	20000000	0.0048612884551012	982867	4778	982867	0
pop1	NC_091016.1	20000001	21000000	0.0047210678794106	986853	4659	986853	0
pop1	NC_091016.1	21000001	22000000	0.0052925350853449	975336	5162	975336	0
pop1	NC_091016.1	22000001	23000000	0.0050862240448028	980295	4986	980295	0
pop1	NC_091016.1	23000001	24000000	0.0053128120585045	975378	5182	975378	0
pop1	NC_091016.1	24000001	25000000	0.0047844816467614	969175	4637	969175	0
pop1	NC_091016.1	25000001	26000000	0.0042169977290746	985061	4154	985061	0
pop1	NC_091016.1	26000001	27000000	0.0054803488204488	333008	1825	333008	0
pop1	NC_091016.1	27000001	28000000	0.0042981831606149	189615	815	189615	0
pop1	NC_091016.1	28000001	29000000	0.0040579235204813	988683	4012	988683	0
pop1	NC_091016.1	29000001	30000000	0.003755188695164	977847	3672	977847	0
pop1	NC_091016.1	30000001	31000000	0.0045956357684862	986153	4532	986153	0
pop1	NC_091016.1	31000001	32000000	0.0041460857643999	992020	4113	992020	0
pop1	NC_091016.1	32000001	33000000	0.0036191992420014	983643	3560	983643	0
pop1	NC_091016.1	33000001	34000000	0.0037470404833642	991716	3716	991716	0
pop1	NC_091016.1	34000001	35000000	0.002992270976183	990552	2964	990552	0
pop1	NC_091016.1	35000001	36000000	0.0018096085041259	193412	350	193412	0
pop1	NC_091016.1	36000001	37000000	0.0096269554753309	831	8	831	0
pop1	NC_091016.1	37000001	38000000	0.0013446694177144	799453	1075	799453	0
pop1	NC_091016.1	38000001	39000000	0.0036871954952266	988285	3644	988285	0
pop1	NC_091016.1	39000001	40000000	0.0031847840113559	991904	3159	991904	0
pop1	NC_091016.1	40000001	41000000	0.003258835029987	984094	3207	984094	0
pop1	NC_091016.1	41000001	42000000	0.0034892011752034	988765	3450	988765	0
pop1	NC_091016.1	42000001	43000000	0.0041017428071589	980315	4021	980315	0
pop1	NC_091016.1	43000001	44000000	0.003743451235531	988927	3702	988927	0
pop1	NC_091016.1	44000001	45000000	0.0026025750517075	988252	2572	988252	0
pop1	NC_091016.1	45000001	46000000	0.0030336357804051	981990	2979	981990	0
pop1	NC_091016.1	46000001	47000000	0.0031204139797004	976473	3047	976473	0
pop1	NC_091016.1	47000001	48000000	0.0034202520687254	986477	3374	986477	0
pop1	NC_091016.1	48000001	49000000	0.0038344239780255	990240	3797	990240	0
pop1	NC_091016.1	49000001	50000000	0.0039682499066023	977005	3877	977005	0
pop1	NC_091016.1	50000001	51000000	0.0035907350323809	964148	3462	964148	0
pop1	NC_091016.1	51000001	52000000	0.0040612842197505	983679	3995	983679	0
pop1	NC_091016.1	52000001	53000000	0.0036449321091953	982460	3581	982460	0
pop1	NC_091016.1	53000001	54000000	0.0032867070957461	994004	3267	994004	0
pop1	NC_091016.1	54000001	55000000	0.0032841849046811	335243	1101	335243	0
pop1	NC_091016.1	55000001	56000000	0.0036343471574581	485094	1763	485094	0
pop1	NC_091016.1	56000001	57000000	0.0035327492817012	991579	3503	991579	0
pop1	NC_091016.1	57000001	58000000	0.0033532229938755	989794	3319	989794	0
pop1	NC_091016.1	58000001	59000000	0.0037802739714971	991198	3747	991198	0
pop1	NC_091016.1	59000001	60000000	0.0037616351597735	989995	3724	989995	0
pop1	NC_091016.1	60000001	61000000	0.0036844845960085	990912	3651	990912	0
pop1	NC_091016.1	61000001	62000000	0.0031680660557426	990194	3137	990194	0
pop1	NC_091016.1	62000001	63000000	0.0035341347323429	974213	3443	974213	0
pop1	NC_091016.1	63000001	64000000	0.0028714466857625	989745	2842	989745	0
pop1	NC_091016.1	64000001	65000000	0.0033907307861123	986513	3345	986513	0
pop1	NC_091016.1	65000001	66000000	0.0045934726147078	988359	4540	988359	0
pop1	NC_091016.1	66000001	67000000	0.0036035927093757	992343	3576	992343	0
pop1	NC_091016.1	67000001	68000000	0.003552823887714	979784	3481	979784	0
pop1	NC_091016.1	68000001	69000000	0.0043422063280998	968632	4206	968632	0
pop1	NC_091016.1	69000001	70000000	0.0037689037704166	991535	3737	991535	0
pop1	NC_091016.1	70000001	71000000	0.0040483295845061	990532	4010	990532	0
pop1	NC_091016.1	71000001	72000000	0.0037248012546699	989583	3686	989583	0
pop1	NC_091016.1	72000001	73000000	0.0041787584507385	986896	4124	986896	0
pop1	NC_091016.1	73000001	74000000	0.0042415263022163	988795	4194	988795	0
pop1	NC_091016.1	74000001	75000000	0.0042073698590884	991118	4170	991118	0
pop1	NC_091016.1	75000001	76000000	0.0029806199042319	989056	2948	989056	0
pop1	NC_091016.1	76000001	77000000	0.0016304358958078	976426	1592	976426	0
pop1	NC_091016.1	77000001	78000000	0.004335248405682	987256	4280	987256	0
pop1	NC_091016.1	78000001	79000000	0.0034017892161064	991831	3374	991831	0
pop1	NC_091016.1	79000001	80000000	0.0034778882130907	970704	3376	970704	0
pop1	NC_091016.1	80000001	81000000	0.0030389417522676	988502	3004	988502	0
pop1	NC_091016.1	81000001	82000000	0.0041258476408469	969013	3998	969013	0
pop1	NC_091016.1	82000001	83000000	0.0046254982752207	983894	4551	983894	0
pop1	NC_091016.1	83000001	84000000	0.0040478392008495	990652	4010	990652	0
pop1	NC_091016.1	84000001	85000000	0.0028754032454164	986992	2838	986992	0
pop1	NC_091016.1	85000001	86000000	0.0036182137968259	974514	3526	974514	0
pop1	NC_091016.1	86000001	87000000	0.0039235501279948	985587	3867	985587	0
pop1	NC_091016.1	87000001	88000000	0.0031952188405282	985535	3149	985535	0
pop1	NC_091016.1	88000001	89000000	0.0032754449532634	991621	3248	991621	0
pop1	NC_091016.1	89000001	90000000	0.0037580846061783	984278	3699	984278	0
pop1	NC_091016.1	90000001	91000000	0.0041772860200297	979344	4091	979344	0
pop1	NC_091016.1	91000001	92000000	0.0040582533512485	987617	4008	987617	0
pop1	NC_091016.1	92000001	93000000	0.0034626801164488	981032	3397	981032	0
pop1	NC_091016.1	93000001	94000000	0.0037603320444145	986615	3710	986615	0
pop1	NC_091016.1	94000001	95000000	0.0036113593667354	986886	3564	986886	0
pop1	NC_091016.1	95000001	96000000	0.0038649208626037	978804	3783	978804	0
pop1	NC_091016.1	96000001	97000000	0.0033220751896351	975294	3240	975294	0
pop1	NC_091016.1	97000001	98000000	0.003921851270303	971225	3809	971225	0
pop1	NC_091016.1	98000001	99000000	0.003896221694301	981207	3823	981207	0
pop1	NC_091016.1	99000001	100000000	0.0040494449968216	981616	3975	981616	0
pop1	NC_091016.1	100000001	101000000	0.0032969230738151	990014	3264	990014	0
pop1	NC_091016.1	101000001	102000000	0.0031356045837588	969510	3040	969510	0
pop1	NC_091016.1	102000001	103000000	0.0023825988686735	980442	2336	980442	0
pop1	NC_091016.1	103000001	104000000	0.0039407281475277	969364	3820	969364	0
pop1	NC_091016.1	104000001	105000000	0.0031720889005614	974752	3092	974752	0
pop1	NC_091016.1	105000001	106000000	0.0019457278665615	797131	1551	797131	0
pop1	NC_091016.1	106000001	107000000	0.0030604665593432	973381	2979	973381	0
pop1	NC_091016.1	107000001	108000000	0.0035491927184836	969798	3442	969798	0
pop1	NC_091016.1	108000001	109000000	0.0034397668466458	980299	3372	980299	0
pop1	NC_091016.1	109000001	110000000	0.0027742015693761	973253	2700	973253	0
pop1	NC_091016.1	110000001	111000000	0.0031903544410908	987978	3152	987978	0
pop1	NC_091016.1	111000001	112000000	0.0031619008434479	972200	3074	972200	0
pop1	NC_091016.1	112000001	113000000	0.0044765032449762	971964	4351	971964	0
pop1	NC_091016.1	113000001	114000000	0.0026050087120817	986561	2570	986561	0
pop1	NC_091016.1	114000001	115000000	0.0042644997716571	952515	4062	952515	0
pop1	NC_091016.1	115000001	116000000	0.0033599833365858	988993	3323	988993	0
pop1	NC_091016.1	116000001	117000000	0.003739866551999	987201	3692	987201	0
pop1	NC_091016.1	117000001	118000000	0.0035014415585883	973599	3409	973599	0
pop1	NC_091016.1	118000001	119000000	0.0035242887027809	989987	3489	989987	0
pop1	NC_091016.1	119000001	120000000	0.004504408342762	983703	4431	983703	0
pop1	NC_091016.1	120000001	121000000	0.0035837261661504	990031	3548	990031	0
pop1	NC_091016.1	121000001	122000000	0.004805555641088	974289	4682	974289	0
pop1	NC_091016.1	122000001	123000000	0.0062874204855251	962875	6054	962875	0
pop1	NC_091016.1	123000001	124000000	0.0051541222745673	977276	5037	977276	0
pop1	NC_091016.1	124000001	125000000	0.01390122557942	412050	5728	412050	0
pop1	NC_091016.1	125000001	126000000	0.0063451512947605	818105	5191	818105	0
pop1	NC_091016.1	126000001	127000000	0.001256205807131	132940	167	132940	0
pop1	NC_091017.1	1	1000000	0.0032987219921384	607508	2004	607508	0
pop1	NC_091017.1	1000001	2000000	0.0039333915524656	972189	3824	972189	0
pop1	NC_091017.1	2000001	3000000	0.0049941631918944	988554	4937	988554	0
pop1	NC_091017.1	3000001	4000000	0.0046430312711012	980394	4552	980394	0
pop1	NC_091017.1	4000001	5000000	0.004150696247465	981763	4075	981763	0
pop1	NC_091017.1	5000001	6000000	0.0042280905486322	980821	4147	980821	0
pop1	NC_091017.1	6000001	7000000	0.0048939591180467	980188	4797	980188	0
pop1	NC_091017.1	7000001	8000000	0.0045073005498572	955339	4306	955339	0
pop1	NC_091017.1	8000001	9000000	0.0043111405647204	845020	3643	845020	0
pop1	NC_091017.1	9000001	10000000	0.0032293473227222	973881	3145	973881	0
pop1	NC_091017.1	10000001	11000000	0.0006700924932249	977477	655	977477	0
pop1	NC_091017.1	11000001	12000000	0.00083246111530317	205415	171	205415	0
pop1	NC_091017.1	12000001	13000000	0.00033956735884508	309217	105	309217	0
pop1	NC_091017.1	13000001	14000000	0.0010576966354199	977596	1034	977596	0
pop1	NC_091017.1	14000001	15000000	0.0019375290961892	451090	874	451090	0
pop1	NC_091017.1	15000001	16000000	0.0042290199189524	968073	4094	968073	0
pop1	NC_091017.1	16000001	17000000	0.0040022586703798	988192	3955	988192	0
pop1	NC_091017.1	17000001	18000000	0.0045103808429475	990382	4467	990382	0
pop1	NC_091017.1	18000001	19000000	0.0046172112931521	991291	4577	991291	0
pop1	NC_091017.1	19000001	20000000	0.0050745759684321	985304	5000	985304	0
pop1	NC_091017.1	20000001	21000000	0.0045672373838504	977834	4466	977834	0
pop1	NC_091017.1	21000001	22000000	0.0047416028639686	989117	4690	989117	0
pop1	NC_091017.1	22000001	23000000	0.0051991539466443	986699	5130	986699	0
pop1	NC_091017.1	23000001	24000000	0.0050092892879842	981776	4918	981776	0
pop1	NC_091017.1	24000001	25000000	0.0041671615488238	985083	4105	985083	0
pop1	NC_091017.1	25000001	26000000	0.0036151091795919	667753	2414	667753	0
pop1	NC_091017.1	26000001	27000000	0.00067805804176838	36870	25	36870	0
pop1	NC_091017.1	27000001	28000000	0.0035866864292253	917560	3291	917560	0
pop1	NC_091017.1	28000001	29000000	0.003980243820418	779098	3101	779098	0
pop1	NC_091017.1	29000001	30000000	0.0043831158914168	982178	4305	982178	0
pop1	NC_091017.1	30000001	31000000	0.0044255761037216	982245	4347	982245	0
pop1	NC_091017.1	31000001	32000000	0.0039574271581337	991806	3925	991806	0
pop1	NC_091017.1	32000001	33000000	0.0039151380186579	970847	3801	970847	0
pop1	NC_091017.1	33000001	34000000	0.0036350015405962	993122	3610	993122	0
pop1	NC_091017.1	34000001	35000000	0.004298064243036	982768	4224	982768	0
pop1	NC_091017.1	35000001	36000000	0.0045577375815562	988429	4505	988429	0
pop1	NC_091017.1	36000001	37000000	0.0045098393725229	984514	4440	984514	0
pop1	NC_091017.1	37000001	38000000	0.0044941344935837	363140	1632	363140	0
pop1	NC_091017.1	38000001	39000000	0.004612445643522	238702	1101	238702	0
pop1	NC_091017.1	39000001	40000000	0.0039376578025479	987389	3888	987389	0
pop1	NC_091017.1	40000001	41000000	0.0030085859949109	989169	2976	989169	0
pop1	NC_091017.1	41000001	42000000	0.0038261923317026	980348	3751	980348	0
pop1	NC_091017.1	42000001	43000000	0.0042140378807673	987414	4161	987414	0
pop1	NC_091017.1	43000001	44000000	0.0044525741665714	988417	4401	988417	0
pop1	NC_091017.1	44000001	45000000	0.0035907370332244	986984	3544	986984	0
pop1	NC_091017.1	45000001	46000000	0.002560195062481	984300	2520	984300	0
pop1	NC_091017.1	46000001	47000000	0.0031885468943492	981952	3131	981952	0
pop1	NC_091017.1	47000001	48000000	0.002188694212702	973183	2130	973183	0
pop1	NC_091017.1	48000001	49000000	0.00030579119928878	987602	302	987602	0
pop1	NC_091017.1	49000001	50000000	0.0023084327128571	980752	2264	980752	0
pop1	NC_091017.1	50000001	51000000	0.0036247082924366	982148	3560	982148	0
pop1	NC_091017.1	51000001	52000000	0.0032441694895616	983919	3192	983919	0
pop1	NC_091017.1	52000001	53000000	0.0026161490531011	979302	2562	979302	0
pop1	NC_091017.1	53000001	54000000	0.0030078618025882	986415	2967	986415	0
pop1	NC_091017.1	54000001	55000000	0.0030815044729551	984584	3034	984584	0
pop1	NC_091017.1	55000001	56000000	0.0026553243692596	991216	2632	991216	0
pop1	NC_091017.1	56000001	57000000	0.0023448046940622	988142	2317	988142	0
pop1	NC_091017.1	57000001	58000000	0.0032154143590488	978101	3145	978101	0
pop1	NC_091017.1	58000001	59000000	0.003769559538031	985261	3714	985261	0
pop1	NC_091017.1	59000001	60000000	0.0026863118530449	979782	2632	979782	0
pop1	NC_091017.1	60000001	61000000	0.0022482975853675	972736	2187	972736	0
pop1	NC_091017.1	61000001	62000000	0.0022625756290585	992674	2246	992674	0
pop1	NC_091017.1	62000001	63000000	0.0036520769163029	987931	3608	987931	0
pop1	NC_091017.1	63000001	64000000	0.0032612636816021	990107	3229	990107	0
pop1	NC_091017.1	64000001	65000000	0.0032496626736844	970870	3155	970870	0
pop1	NC_091017.1	65000001	66000000	0.0029091058717031	972120	2828	972120	0
pop1	NC_091017.1	66000001	67000000	0.004277952727258	989492	4233	989492	0
pop1	NC_091017.1	67000001	68000000	0.0034391304259869	988622	3400	988622	0
pop1	NC_091017.1	68000001	69000000	0.0043503168021972	984526	4283	984526	0
pop1	NC_091017.1	69000001	70000000	0.0044828654694807	987538	4427	987538	0
pop1	NC_091017.1	70000001	71000000	0.0032497942846694	984370	3199	984370	0
pop1	NC_091017.1	71000001	72000000	0.0040151630022745	989250	3972	989250	0
pop1	NC_091017.1	72000001	73000000	0.0038609644344009	979289	3781	979289	0
pop1	NC_091017.1	73000001	74000000	0.0048140510559625	984410	4739	984410	0
pop1	NC_091017.1	74000001	75000000	0.0057093649615985	973138	5556	973138	0
pop1	NC_091017.1	75000001	76000000	0.004802217777833	966012	4639	966012	0
pop1	NC_091017.1	76000001	77000000	0.0059820722086478	976919	5844	976919	0
pop1	NC_091017.1	77000001	78000000	0.0087300383279149	797591	6963	797591	0
pop1	NC_091017.1	78000001	79000000	0.0078525547073848	904037	7099	904037	0
pop1	NC_091017.1	79000001	80000000	0.0028302087544954	563916	1596	563916	0
pop1	NC_091018.1	1	1000000	0.0020581071525225	916376	1886	916376	0
pop1	NC_091018.1	1000001	2000000	0.0043640613159745	985779	4302	985779	0
pop1	NC_091018.1	2000001	3000000	0.0051081776441989	986849	5041	986849	0
pop1	NC_091018.1	3000001	4000000	0.0054800463286964	977364	5356	977364	0
pop1	NC_091018.1	4000001	5000000	0.0048067138056071	987577	4747	987577	0
pop1	NC_091018.1	5000001	6000000	0.0044633837037759	984903	4396	984903	0
pop1	NC_091018.1	6000001	7000000	0.0039644658078863	979451	3883	979451	0
pop1	NC_091018.1	7000001	8000000	0.00079608208764075	976030	777	976030	0
pop1	NC_091018.1	8000001	9000000	0.00090619492642031	179873	163	179873	0
pop1	NC_091018.1	9000001	10000000	0.00069069310022532	922262	637	922262	0
pop1	NC_091018.1	10000001	11000000	0.0021912014053	982566	2153	982566	0
pop1	NC_091018.1	11000001	12000000	0.003152878829432	991792	3127	991792	0
pop1	NC_091018.1	12000001	13000000	0.0036367932005497	990433	3602	990433	0
pop1	NC_091018.1	13000001	14000000	0.0027893327393088	826004	2304	826004	0
pop1	NC_091018.1	14000001	15000000	0.003405895350005	796560	2713	796560	0
pop1	NC_091018.1	15000001	16000000	0.0040369819853896	978206	3949	978206	0
pop1	NC_091018.1	16000001	17000000	0.005161517102197	990019	5110	990019	0
pop1	NC_091018.1	17000001	18000000	0.0048972143791155	984233	4820	984233	0
pop1	NC_091018.1	18000001	19000000	0.005242521923554	972242	5097	972242	0
pop1	NC_091018.1	19000001	20000000	0.0046104335631457	986892	4550	986892	0
pop1	NC_091018.1	20000001	21000000	0.0054605072063558	977748	5339	977748	0
pop1	NC_091018.1	21000001	22000000	0.0042230060167758	843475	3562	843475	0
pop1	NC_091019.1	1	1000000	0.001086781516664	24844	27	24844	0
pop1	NC_091019.1	1000001	2000000	0.0061790247160989	682632	4218	682632	0
pop1	NC_091019.1	2000001	3000000	0.0067802786501542	927543	6289	927543	0
pop1	NC_091019.1	3000001	4000000	0.0046325416584924	988874	4581	988874	0
pop1	NC_091019.1	4000001	5000000	0.0043383561460788	224509	974	224509	0
pop1	NC_091019.1	5000001	6000000	0.0024748241969397	298203	738	298203	0
pop1	NC_091019.1	6000001	7000000	0.0024016757008181	986811	2370	986811	0
pop1	NC_091019.1	7000001	8000000	0.00062551549673127	722604	452	722604	0
pop1	NC_091019.1	8000001	9000000	0.00052649894429749	554607	292	554607	0
pop1	NC_091019.1	9000001	10000000	0.0014088554264191	967452	1363	967452	0
pop1	NC_091019.1	10000001	11000000	0.0041770622035947	990409	4137	990409	0
pop1	NC_091019.1	11000001	12000000	0.0049093479420492	986078	4841	986078	0
pop1	NC_091019.1	12000001	13000000	0.0045931191639486	983863	4519	983863	0
pop1	NC_091019.1	13000001	14000000	0.0049822245052614	983095	4898	983095	0
pop1	NC_091019.1	14000001	15000000	0.0046783904595251	964648	4513	964648	0
pop1	NC_091019.1	15000001	16000000	0.0050457549953886	987761	4984	987761	0
pop1	NC_091019.1	16000001	17000000	0.0043684727685348	986157	4308	986157	0
pop1	NC_091019.1	17000001	18000000	0.0044970672178333	990868	4456	990868	0
pop1	NC_091019.1	18000001	19000000	0.004430079174375	987567	4375	987567	0
pop1	NC_091019.1	19000001	20000000	0.0041891482267354	989700	4146	989700	0
pop1	NC_091019.1	20000001	21000000	0.0030578867997042	957524	2928	957524	0
pop1	NC_091019.1	21000001	22000000	0.0038940104132193	982021	3824	982021	0
pop1	NC_091019.1	22000001	23000000	0.0036423770685089	988091	3599	988091	0
pop1	NC_091019.1	23000001	24000000	0.0040893830986343	987435	4038	987435	0
pop1	NC_091019.1	24000001	25000000	0.0043854930349559	975945	4280	975945	0
pop1	NC_091019.1	25000001	26000000	0.0042737812634189	987416	4220	987416	0
pop1	NC_091019.1	26000001	27000000	0.0042298589031216	984430	4164	984430	0
pop1	NC_091019.1	27000001	28000000	0.0033557795897996	985762	3308	985762	0
pop1	NC_091019.1	28000001	29000000	0.0024666906007592	991612	2446	991612	0
pop1	NC_091019.1	29000001	30000000	0.0029579425482406	984130	2911	984130	0
pop1	NC_091019.1	30000001	31000000	0.0039588505417958	991702	3926	991702	0
pop1	NC_091019.1	31000001	32000000	0.0027617782014412	990304	2735	990304	0
pop1	NC_091019.1	32000001	33000000	0.0036352702944034	991123	3603	991123	0
pop1	NC_091019.1	33000001	34000000	0.0019150207040173	991112	1898	991112	0
pop1	NC_091019.1	34000001	35000000	0.0026183693809318	990311	2593	990311	0
pop1	NC_091019.1	35000001	36000000	0.0029061470463516	981024	2851	981024	0
pop1	NC_091019.1	36000001	37000000	0.0025684052267714	973756	2501	973756	0
pop1	NC_091019.1	37000001	38000000	0.003097588248258	984637	3050	984637	0
pop1	NC_091019.1	38000001	39000000	0.0036430520341644	984065	3585	984065	0
pop1	NC_091019.1	39000001	40000000	0.0026839177701902	986990	2649	986990	0
pop1	NC_091019.1	40000001	41000000	0.0024982384216258	983493	2457	983493	0
pop1	NC_091019.1	41000001	42000000	0.0019697017092611	991013	1952	991013	0
pop1	NC_091019.1	42000001	43000000	0.0027926624558291	991885	2770	991885	0
pop1	NC_091019.1	43000001	44000000	0.0031498016623449	991491	3123	991491	0
pop1	NC_091019.1	44000001	45000000	0.0020105209187031	990788	1992	990788	0
pop1	NC_091019.1	45000001	46000000	0.0023864160644383	992702	2369	992702	0
pop1	NC_091019.1	46000001	47000000	0.0025653969247544	990490	2541	990490	0
pop1	NC_091019.1	47000001	48000000	0.0029435233801171	978759	2881	978759	0
pop1	NC_091019.1	48000001	49000000	0.0039919714992273	987482	3942	987482	0
pop1	NC_091019.1	49000001	50000000	0.0037482304546014	982597	3683	982597	0
pop1	NC_091019.1	50000001	51000000	0.0030994743575566	985651	3055	985651	0
pop1	NC_091019.1	51000001	52000000	0.002857537676024	991413	2833	991413	0
pop1	NC_091019.1	52000001	53000000	0.0033798604989998	993828	3359	993828	0
pop1	NC_091019.1	53000001	54000000	0.0038416543944347	990719	3806	990719	0
pop1	NC_091019.1	54000001	55000000	0.0031150683677672	983285	3063	983285	0
pop1	NC_091019.1	55000001	56000000	0.0034772803462042	984390	3423	984390	0
pop1	NC_091019.1	56000001	57000000	0.003423854272964	984855	3372	984855	0
pop1	NC_091019.1	57000001	58000000	0.0031933183450493	982990	3139	982990	0
pop1	NC_091019.1	58000001	59000000	0.0046376571706557	990802	4595	990802	0
pop1	NC_091019.1	59000001	60000000	0.0047744407993151	965977	4612	965977	0
pop1	NC_091019.1	60000001	61000000	0.0042796568186368	989098	4233	989098	0
pop1	NC_091019.1	61000001	62000000	0.0049515379219085	977878	4842	977878	0
pop1	NC_091019.1	62000001	63000000	0.0047093742163653	925176	4357	925176	0
pop1	NC_091019.1	63000001	64000000	0.0049639643200654	910764	4521	910764	0
pop1	NC_091019.1	64000001	65000000	0.0045313177923663	986468	4470	986468	0
pop1	NC_091019.1	65000001	66000000	0.0058115553913873	974610	5664	974610	0
pop1	NC_091019.1	66000001	67000000	0.007047383619181	914240	6443	914240	0
pop1	NC_091019.1	67000001	68000000	0.0048720621693395	919939	4482	919939	0
pop1	NC_091019.1	68000001	69000000	0	1090	0	1090	0
pop1	NC_091020.1	1	1000000	0.00062508811082413	751894	470	751894	0
pop1	NC_091020.1	1000001	2000000	0.00065696875448288	961994	632	961994	0
pop1	NC_091020.1	2000001	3000000	0.00092882092071009	917292	852	917292	0
pop1	NC_091020.1	3000001	4000000	0.0013985428780821	788678	1103	788678	0
pop1	NC_091020.1	4000001	5000000	0.0015119376280188	988136	1494	988136	0
pop1	NC_091020.1	5000001	6000000	0.0030839985144712	982815	3031	982815	0
pop1	NC_091020.1	6000001	7000000	0.002097066225533	991385	2079	991385	0
pop1	NC_091020.1	7000001	8000000	0.00179339411228	987513	1771	987513	0
pop1	NC_091020.1	8000001	9000000	0.004915449421177	989940	4866	989940	0
pop1	NC_091020.1	9000001	10000000	0.0044833427672892	978734	4388	978734	0
pop1	NC_091020.1	10000001	11000000	0.0045318346324456	979515	4439	979515	0
pop1	NC_091020.1	11000001	12000000	0.0044394073983316	979410	4348	979410	0
pop1	NC_091020.1	12000001	13000000	0.0032870299904947	992081	3261	992081	0
pop1	NC_091020.1	13000001	14000000	0.0035094224682497	981643	3445	981643	0
pop1	NC_091020.1	14000001	15000000	0.0030218493637362	990784	2994	990784	0
pop1	NC_091020.1	15000001	16000000	0.0024181551394168	985462	2383	985462	0
pop1	NC_091020.1	16000001	17000000	0.0030875780769785	985886	3044	985886	0
pop1	NC_091020.1	17000001	18000000	0.0029998889303997	990370	2971	990370	0
pop1	NC_091020.1	18000001	19000000	0.0043037881888657	982158	4227	982158	0
pop1	NC_091020.1	19000001	20000000	0.0045964978869374	980094	4505	980094	0
pop1	NC_091020.1	20000001	21000000	0.0035349868925187	991800	3506	991800	0
pop1	NC_091020.1	21000001	22000000	0.0031967217241154	993205	3175	993205	0
pop1	NC_091020.1	22000001	23000000	0.0039799136995635	990725	3943	990725	0
pop1	NC_091020.1	23000001	24000000	0.0027537047004489	992118	2732	992118	0
pop1	NC_091020.1	24000001	25000000	0.0033042353832148	992968	3281	992968	0
pop1	NC_091020.1	25000001	26000000	0.004293794263564	984444	4227	984444	0
pop1	NC_091020.1	26000001	27000000	0.0045650954776708	991436	4526	991436	0
pop1	NC_091020.1	27000001	28000000	0.0035848664107106	990274	3550	990274	0
pop1	NC_091020.1	28000001	29000000	0.0035976733445215	874732	3147	874732	0
pop1	NC_091020.1	29000001	30000000	0.0043472964306461	993261	4318	993261	0
pop1	NC_091020.1	30000001	31000000	0.0041271388625228	974525	4022	974525	0
pop1	NC_091020.1	31000001	32000000	0.0047837381150538	991275	4742	991275	0
pop1	NC_091020.1	32000001	33000000	0.0051215348345663	959478	4914	959478	0
pop1	NC_091020.1	33000001	34000000	0.0049028797795946	981464	4812	981464	0
pop1	NC_091020.1	34000001	35000000	0.0052370782246604	968288	5071	968288	0
pop1	NC_091020.1	35000001	36000000	0.0047865007783053	977123	4677	977123	0
pop1	NC_091020.1	36000001	37000000	0.0042327156359306	967464	4095	967464	0
pop1	NC_091020.1	37000001	38000000	0.00075030343153481	135945	102	135945	0
pop1	NC_091021.1	1	1000000	0.0014980645006651	834410	1250	834410	0
pop1	NC_091021.1	1000001	2000000	0.0036830990338687	971193	3577	971193	0
pop1	NC_091021.1	2000001	3000000	0.0043510058610851	970810	4224	970810	0
pop1	NC_091021.1	3000001	4000000	0.0029192787592914	989628	2889	989628	0
pop1	NC_091021.1	4000001	5000000	0.0015225378344545	982570	1496	982570	0
pop1	NC_091021.1	5000001	6000000	0.0020120513821213	955741	1923	955741	0
pop1	NC_091021.1	6000001	7000000	0.0028250317050772	914680	2584	914680	0
pop1	NC_091021.1	7000001	8000000	0.0051546339200604	980865	5056	980865	0
pop1	NC_091021.1	8000001	9000000	0.0041252422745279	988548	4078	988548	0
pop1	NC_091021.1	9000001	10000000	0.0040741699987346	845571	3445	845571	0
pop1	NC_091021.1	10000001	11000000	0.0040717412876636	966417	3935	966417	0
pop1	NC_091021.1	11000001	12000000	0.0036105941147424	921455	3327	921455	0
pop1	NC_091021.1	12000001	13000000	0.0035054582545076	992167	3478	992167	0
pop1	NC_091021.1	13000001	14000000	0.0031592168690487	992018	3134	992018	0
pop1	NC_091021.1	14000001	15000000	0.0032399416285002	989524	3206	989524	0
pop1	NC_091021.1	15000001	16000000	0.0037079729068059	980320	3635	980320	0
pop1	NC_091021.1	16000001	17000000	0.0030093811203692	991566	2984	991566	0
pop1	NC_091021.1	17000001	18000000	0.0028537181645321	990287	2826	990287	0
pop1	NC_091021.1	18000001	19000000	0.0020150700981779	990040	1995	990040	0
pop1	NC_091021.1	19000001	20000000	0.0028793993619227	993610	2861	993610	0
pop1	NC_091021.1	20000001	21000000	0.0028924965594515	985308	2850	985308	0
pop1	NC_091021.1	21000001	22000000	0.002129833004942	990688	2110	990688	0
pop1	NC_091021.1	22000001	23000000	0.002322603668112	986393	2291	986393	0
pop1	NC_091021.1	23000001	24000000	0.0035656666858369	991119	3534	991119	0
pop1	NC_091021.1	24000001	25000000	0.0037405710672927	983807	3680	983807	0
pop1	NC_091021.1	25000001	26000000	0.0044218773643593	713724	3156	713724	0
pop1	NC_091021.1	26000001	27000000	0.0047971838469168	974947	4677	974947	0
pop1	NC_091021.1	27000001	28000000	0.0035724387707751	993439	3549	993439	0
pop1	NC_091021.1	28000001	29000000	0.0030261907446483	993328	3006	993328	0
pop1	NC_091021.1	29000001	30000000	0.0039886648554084	992312	3958	992312	0
pop1	NC_091021.1	30000001	31000000	0.0039861474309138	990430	3948	990430	0
pop1	NC_091021.1	31000001	32000000	0.0050171104945045	982438	4929	982438	0
pop1	NC_091021.1	32000001	33000000	0.0052130728913155	992313	5173	992313	0
pop1	NC_091021.1	33000001	34000000	0.0042125242167196	991567	4177	991567	0
pop1	NC_091021.1	34000001	35000000	0.0047246840802239	992024	4687	992024	0
pop1	NC_091021.1	35000001	36000000	0.0051796446108664	976901	5060	976901	0
pop1	NC_091021.1	36000001	37000000	0.0039573961725994	990803	3921	990803	0
pop1	NC_091021.1	37000001	38000000	0.0050651670794592	985160	4990	985160	0
pop1	NC_091021.1	38000001	39000000	0.0062179925426032	953684	5930	953684	0
pop1	NC_091021.1	39000001	40000000	0.003158266776167	970469	3065	970469	0
pop1	NC_091021.1	40000001	41000000	0.00073527867061616	47601	35	47601	0
pop1	NC_091022.1	1	1000000	0.0034915497636935	466555	1629	466555	0
pop1	NC_091022.1	1000001	2000000	0.0030520543138625	991791	3027	991791	0
pop1	NC_091022.1	2000001	3000000	0.0052269270050696	972273	5082	972273	0
pop1	NC_091022.1	3000001	4000000	0.0058050574612287	916270	5319	916270	0
pop1	NC_091022.1	4000001	5000000	0.0040649168907165	952541	3872	952541	0
pop1	NC_091022.1	5000001	6000000	0.00083284433088293	865708	721	865708	0
pop1	NC_091022.1	6000001	7000000	0.00056287619113364	376637	212	376637	0
pop1	NC_091022.1	7000001	8000000	0.0014989969798732	993998	1490	993998	0
pop1	NC_091022.1	8000001	9000000	0.0028578880428905	993041	2838	993041	0
pop1	NC_091022.1	9000001	10000000	0.0038120506782157	965622	3681	965622	0
pop1	NC_091022.1	10000001	11000000	0.0037649879368776	989379	3725	989379	0
pop1	NC_091022.1	11000001	12000000	0.0031485585789627	989024	3114	989024	0
pop1	NC_091022.1	12000001	13000000	0.0043167563910816	981524	4237	981524	0
pop1	NC_091022.1	13000001	14000000	0.004468411851111	987823	4414	987823	0
pop1	NC_091022.1	14000001	15000000	0.0036055119604858	990428	3571	990428	0
pop1	NC_091022.1	15000001	16000000	0.0037405645481679	981670	3672	981670	0
pop1	NC_091022.1	16000001	17000000	0.0029329503977966	984674	2888	984674	0
pop1	NC_091022.1	17000001	18000000	0.0026127591928826	990141	2587	990141	0
pop1	NC_091022.1	18000001	19000000	0.0035308892138008	988986	3492	988986	0
pop1	NC_091022.1	19000001	20000000	0.003550199314736	992902	3525	992902	0
pop1	NC_091022.1	20000001	21000000	0.0038334816285437	991266	3800	991266	0
pop1	NC_091022.1	21000001	22000000	0.0027498043096491	986252	2712	986252	0
pop1	NC_091022.1	22000001	23000000	0.0029113387018594	992327	2889	992327	0
pop1	NC_091022.1	23000001	24000000	0.0036829255256388	991603	3652	991603	0
pop1	NC_091022.1	24000001	25000000	0.0046412586601002	990895	4599	990895	0
pop1	NC_091022.1	25000001	26000000	0.0045458357281212	977818	4445	977818	0
pop1	NC_091022.1	26000001	27000000	0.0028166608896826	983789	2771	983789	0
pop1	NC_091022.1	27000001	28000000	0.0039444968070039	992015	3913	992015	0
pop1	NC_091022.1	28000001	29000000	0.004569693895184	989563	4522	989563	0
pop1	NC_091022.1	29000001	30000000	0.0046381458724136	990482	4594	990482	0
pop1	NC_091022.1	30000001	31000000	0.0037456899257139	987802	3700	987802	0
pop1	NC_091022.1	31000001	32000000	0.0054667843586178	984491	5382	984491	0
pop1	NC_091022.1	32000001	33000000	0.0050272052608218	966541	4859	966541	0
pop1	NC_091022.1	33000001	34000000	0.0017585368973014	281484	495	281484	0
pop1	NC_091023.1	1	1000000	0.0015051328890833	544138	819	544138	0
pop1	NC_091023.1	1000001	2000000	0.0047358181087263	713921	3381	713921	0
pop1	NC_091023.1	2000001	3000000	0.0061849371011017	962338	5952	962338	0
pop1	NC_091023.1	3000001	4000000	0.0049556848458485	919550	4557	919550	0
pop1	NC_091023.1	4000001	5000000	0.0053241365666274	970486	5167	970486	0
pop1	NC_091023.1	5000001	6000000	0.0039963293870883	991660	3963	991660	0
pop1	NC_091023.1	6000001	7000000	0.0027921572127516	985976	2753	985976	0
pop1	NC_091023.1	7000001	8000000	0.0025655767664268	993149	2548	993149	0
pop1	NC_091023.1	8000001	9000000	0.0026367327057507	993654	2620	993654	0
pop1	NC_091023.1	9000001	10000000	0.0015668116287719	884599	1386	884599	0
pop1	NC_091023.1	10000001	11000000	0.0014234209583898	994084	1415	994084	0
pop1	NC_091023.1	11000001	12000000	0.0018854018476938	991831	1870	991831	0
pop1	NC_091023.1	12000001	13000000	0.0025590959741592	992538	2540	992538	0
pop1	NC_091023.1	13000001	14000000	0.0026480953965681	982593	2602	982593	0
pop1	NC_091023.1	14000001	15000000	0.0031300904905675	946618	2963	946618	0
pop1	NC_091023.1	15000001	16000000	0.0040131998715776	984252	3950	984252	0
pop1	NC_091023.1	16000001	17000000	0.0031580822449959	993641	3138	993641	0
pop1	NC_091023.1	17000001	18000000	0.0039267929269173	988593	3882	988593	0
pop1	NC_091023.1	18000001	19000000	0.0037059430237934	984095	3647	984095	0
pop1	NC_091023.1	19000001	20000000	0.0042994739265674	992447	4267	992447	0
pop1	NC_091023.1	20000001	21000000	0.0043490655877911	989178	4302	989178	0
pop1	NC_091023.1	21000001	22000000	0.0045973322352219	990792	4555	990792	0
pop1	NC_091023.1	22000001	23000000	0.0046919939511512	991263	4651	991263	0
pop1	NC_091023.1	23000001	24000000	0.0048753173291013	980449	4780	980449	0
pop1	NC_091023.1	24000001	25000000	0.0061723558460571	969970	5987	969970	0
pop1	NC_091023.1	25000001	26000000	0.0060084166982378	976630	5868	976630	0
pop1	NC_091023.1	26000001	27000000	0.0025650328815385	989461	2538	989461	0
pop1	NC_091023.1	27000001	28000000	0.0040466057350171	28666	116	28666	0
pop1	NC_091024.1	1	1000000	0.001693941876202	898496	1522	898496	0
pop1	NC_091024.1	1000001	2000000	0.0042028928292696	987891	4152	987891	0
pop1	NC_091024.1	2000001	3000000	0.0039249210333679	993141	3898	993141	0
pop1	NC_091024.1	3000001	4000000	0.0047492428084482	989842	4701	989842	0
pop1	NC_091024.1	4000001	5000000	0.0048540009117678	989287	4802	989287	0
pop1	NC_091024.1	5000001	6000000	0.0046005842620839	990309	4556	990309	0
pop1	NC_091024.1	6000001	7000000	0.0049139048437498	982111	4826	982111	0
pop1	NC_091024.1	7000001	8000000	0.0040102670918695	989959	3970	989959	0
pop1	NC_091024.1	8000001	9000000	0.0035301047331644	991472	3500	991472	0
pop1	NC_091024.1	9000001	10000000	0.0031112579392977	992846	3089	992846	0
pop1	NC_091024.1	10000001	11000000	0.0028048543699088	993991	2788	993991	0
pop1	NC_091024.1	11000001	12000000	0.0036065384813713	989037	3567	989037	0
pop1	NC_091024.1	12000001	13000000	0.0055537629070691	966912	5370	966912	0
pop1	NC_091024.1	13000001	14000000	0.003806988983003	992648	3779	992648	0
pop1	NC_091024.1	14000001	15000000	0.0027250697270358	984195	2682	984195	0
pop1	NC_091024.1	15000001	16000000	0.00023740722777644	981436	233	981436	0
pop1	NC_091024.1	16000001	17000000	0.00010875420011799	974675	106	974675	0
pop1	NC_091024.1	17000001	18000000	8.6045098387192e-05	557847	48	557847	0
pop1	NC_091024.1	18000001	19000000	0.00012280077343674	960906	118	960906	0
pop1	NC_091024.1	19000001	20000000	0.0053536217017154	877350	4697	877350	0
pop1	NC_091024.1	20000001	21000000	0.0043219815372253	985659	4260	985659	0
pop1	NC_091024.1	21000001	22000000	0.0042645930380162	350561	1495	350561	0
pop1	NC_091025.1	1	1000000	0.0011638978829252	902141	1050	902141	0
pop1	NC_091025.1	1000001	2000000	0.0046610078237247	975111	4545	975111	0
pop1	NC_091025.1	2000001	3000000	0.005318202748348	983791	5232	983791	0
pop1	NC_091025.1	3000001	4000000	0.0050982953366039	987585	5035	987585	0
pop1	NC_091025.1	4000001	5000000	0.0042879642944899	993012	4258	993012	0
pop1	NC_091025.1	5000001	6000000	0.00383967686247	992271	3810	992271	0
pop1	NC_091025.1	6000001	7000000	0.0044760835428085	992162	4441	992162	0
pop1	NC_091025.1	7000001	8000000	0.004302107113275	989980	4259	989980	0
pop1	NC_091025.1	8000001	9000000	0.0035623767378938	981648	3497	981648	0
pop1	NC_091025.1	9000001	10000000	0.0039831899123376	993927	3959	993927	0
pop1	NC_091025.1	10000001	11000000	0.0037013691031492	991525	3670	991525	0
pop1	NC_091025.1	11000001	12000000	0.0040811679938102	992608	4051	992608	0
pop1	NC_091025.1	12000001	13000000	0.0041496776716988	981763	4074	981763	0
pop1	NC_091025.1	13000001	14000000	0.0036524752365602	993299	3628	993299	0
pop1	NC_091025.1	14000001	15000000	0.0043689482285193	989483	4323	989483	0
pop1	NC_091025.1	15000001	16000000	0.0036259438734105	979607	3552	979607	0
pop1	NC_091025.1	16000001	17000000	0.0049994110507367	976315	4881	976315	0
pop1	NC_091025.1	17000001	18000000	0.0049759833270645	973074	4842	973074	0
pop1	NC_091025.1	18000001	19000000	0.0054438654487124	953183	5189	953183	0
pop1	NC_091025.1	19000001	20000000	0.0051640713712273	967841	4998	967841	0
pop1	NC_091025.1	20000001	21000000	0.0042293165300853	970606	4105	970606	0
pop1	NC_091025.1	21000001	22000000	0.0040594962871247	310137	1259	310137	0
pop1	NC_091025.1	22000001	23000000	0.0042763898266937	4443	19	4443	0
pop1	NC_091025.1	23000001	24000000	0.00065061808718282	1537	1	1537	0
pop1	NC_091025.1	24000001	25000000	0	3227	0	3227	0
pop1	NC_091025.1	25000001	26000000	0.0021186440677966	2360	5	2360	0
pop1	NC_091025.1	26000001	27000000	0.0060882800608828	3285	20	3285	0
pop1	NC_091025.1	27000001	28000000	0.00054585152838428	3664	2	3664	0
pop1	NC_091026.1	1	1000000	0.0024559228904964	864848	2124	864848	0
pop1	NC_091026.1	1000001	2000000	0.0047507154753686	976274	4638	976274	0
pop1	NC_091026.1	2000001	3000000	0.0052770743371659	984447	5195	984447	0
pop1	NC_091026.1	3000001	4000000	0.0040040861180331	646090	2587	646090	0
pop1	NC_091026.1	4000001	5000000	0.0034140793462095	971565	3317	971565	0
pop1	NC_091026.1	5000001	6000000	0.0035585321004624	990858	3526	990858	0
pop1	NC_091026.1	6000001	7000000	0.0037319151853958	991716	3701	991716	0
pop1	NC_091026.1	7000001	8000000	0.0047819699781758	992478	4746	992478	0
pop1	NC_091026.1	8000001	9000000	0.0038171611868484	810550	3094	810550	0
pop1	NC_091026.1	9000001	10000000	0.0028518429013837	893808	2549	893808	0
pop1	NC_091026.1	10000001	11000000	0.0039618142752237	992727	3933	992727	0
pop1	NC_091026.1	11000001	12000000	0.0039941282553314	983694	3929	983694	0
pop1	NC_091026.1	12000001	13000000	0.0034284862487888	992858	3404	992858	0
pop1	NC_091026.1	13000001	14000000	0.0040519496227756	992115	4020	992115	0
pop1	NC_091026.1	14000001	15000000	0.0043586632087871	991359	4321	991359	0
pop1	NC_091026.1	15000001	16000000	0.0046482301976832	992851	4615	992851	0
pop1	NC_091026.1	16000001	17000000	0.0038961693548387	992000	3865	992000	0
pop1	NC_091026.1	17000001	18000000	0.003205448354143	991125	3177	991125	0
pop1	NC_091026.1	18000001	19000000	0.0051001548478309	987421	5036	987421	0
pop1	NC_091026.1	19000001	20000000	0.0055799433402229	976354	5448	976354	0
pop1	NC_091026.1	20000001	21000000	0.0051985371221304	966041	5022	966041	0
pop1	NC_091026.1	21000001	22000000	0.0043300813805275	815920	3533	815920	0
pop1	NC_091026.1	22000001	23000000	0.0028587764436821	3498	10	3498	0
pop1	NC_091026.1	23000001	24000000	0.01186943620178	2359	28	2359	0
pop1	NC_091027.1	1	1000000	0.0022097210588666	933602	2063	933602	0
pop1	NC_091027.1	1000001	2000000	0.0047542067973269	984181	4679	984181	0
pop1	NC_091027.1	2000001	3000000	0.0052074966805005	983582	5122	983582	0
pop1	NC_091027.1	3000001	4000000	0.0043447122451192	987177	4289	987177	0
pop1	NC_091027.1	4000001	5000000	0.0043741594960515	988990	4326	988990	0
pop1	NC_091027.1	5000001	6000000	0.0046469077161691	990336	4602	990336	0
pop1	NC_091027.1	6000001	7000000	0.004720937767805	990693	4677	990693	0
pop1	NC_091027.1	7000001	8000000	0.0039338744100456	986305	3880	986305	0
pop1	NC_091027.1	8000001	9000000	0.0042414750726841	982677	4168	982677	0
pop1	NC_091027.1	9000001	10000000	0.0030967233169213	989110	3063	989110	0
pop1	NC_091027.1	10000001	11000000	0.0012717679709659	983670	1251	983670	0
pop1	NC_091027.1	11000001	12000000	0.00071705131923631	868836	623	868836	0
pop1	NC_091027.1	12000001	13000000	0.0007510088760316	962705	723	962705	0
pop1	NC_091027.1	13000001	14000000	0.0026475257291835	965052	2555	965052	0
pop1	NC_091027.1	14000001	15000000	0.0038441458382965	986435	3792	986435	0
pop1	NC_091027.1	15000001	16000000	0.0047185175939822	985479	4650	985479	0
pop1	NC_091027.1	16000001	17000000	0.0054243912393475	901668	4891	901668	0
pop1	NC_091027.1	17000001	18000000	0.0073167765424889	912697	6678	912697	0
pop1	NC_091027.1	18000001	19000000	0.0033380975664799	850784	2840	850784	0
pop1	NC_091027.1	19000001	20000000	0.0020922175906294	499948	1046	499948	0
pop1	NC_091028.1	1	1000000	0.0039300285336241	507121	1993	507121	0
pop1	NC_091028.1	1000001	2000000	0.005670505473043	974869	5528	974869	0
pop1	NC_091028.1	2000001	3000000	0.0053565584240371	974693	5221	974693	0
pop1	NC_091028.1	3000001	4000000	0.0043811820398824	989459	4335	989459	0
pop1	NC_091028.1	4000001	5000000	0.0054977471561635	989860	5442	989860	0
pop1	NC_091028.1	5000001	6000000	0.0050814108628183	978862	4974	978862	0
pop1	NC_091028.1	6000001	7000000	0.0042311256143743	992880	4201	992880	0
pop1	NC_091028.1	7000001	8000000	0.0034811470575803	993638	3459	993638	0
pop1	NC_091028.1	8000001	9000000	0.0044067992353444	987111	4350	987111	0
pop1	NC_091028.1	9000001	10000000	0.005399471437284	983800	5312	983800	0
pop1	NC_091028.1	10000001	11000000	0.004148019544735	993004	4119	993004	0
pop1	NC_091028.1	11000001	12000000	0.003938246348928	985464	3881	985464	0
pop1	NC_091028.1	12000001	13000000	0.0043409644932656	993558	4313	993558	0
pop1	NC_091028.1	13000001	14000000	0.0044990155559353	988883	4449	988883	0
pop1	NC_091028.1	14000001	15000000	0.0046718439025968	989331	4622	989331	0
pop1	NC_091028.1	15000001	16000000	0.0046247439004981	986433	4562	986433	0
pop1	NC_091028.1	16000001	17000000	0.0029529167585942	979032	2891	979032	0
pop1	NC_091028.1	17000001	18000000	0.00051255043214114	212662	109	212662	0
pop1	NC_091029.1	1	1000000	0.0032336029959668	936726	3029	936726	0
pop1	NC_091029.1	1000001	2000000	0.0047403996755821	985149	4670	985149	0
pop1	NC_091029.1	2000001	3000000	0.0038679726620243	991734	3836	991734	0
pop1	NC_091029.1	3000001	4000000	0.0040367673130949	989901	3996	989901	0
pop1	NC_091029.1	4000001	5000000	0.0053392042608168	986102	5265	986102	0
pop1	NC_091029.1	5000001	6000000	0.0049435713650857	978847	4839	978847	0
pop1	NC_091029.1	6000001	7000000	0.0039681854163851	984077	3905	984077	0
pop1	NC_091029.1	7000001	8000000	0.0037621892915787	991444	3730	991444	0
pop1	NC_091029.1	8000001	9000000	0.003656602158621	979051	3580	979051	0
pop1	NC_091029.1	9000001	10000000	0.0025867110288149	925113	2393	925113	0
pop1	NC_091029.1	10000001	11000000	0.00054033058036602	980881	530	980881	0
pop1	NC_091029.1	11000001	12000000	0.0013063069674597	204393	267	204393	0
pop1	NC_091029.1	12000001	13000000	0.0047455915531666	938766	4455	938766	0
pop1	NC_091029.1	13000001	14000000	0.0055479972436702	962149	5338	962149	0
pop1	NC_091029.1	14000001	15000000	0.0038179074075829	949473	3625	949473	0
pop1	NC_091029.1	15000001	16000000	0.0020995134852417	405332	851	405332	0
pop1	NC_091030.1	1	1000000	0.0046337606205857	940273	4357	940273	0
pop1	NC_091030.1	1000001	2000000	0.0052922387314986	978036	5176	978036	0
pop1	NC_091030.1	2000001	3000000	0.005764143337574	969962	5591	969962	0
pop1	NC_091030.1	3000001	4000000	0.0045279357464356	964678	4368	964678	0
pop1	NC_091030.1	4000001	5000000	0.0044091503894597	980461	4323	980461	0
pop1	NC_091030.1	5000001	6000000	0.0039584648619429	991546	3925	991546	0
pop1	NC_091030.1	6000001	7000000	0.0044143504174035	992445	4381	992445	0
pop1	NC_091030.1	7000001	8000000	0.0034332872007791	975450	3349	975450	0
pop1	NC_091030.1	8000001	9000000	0.004546428074777	985169	4479	985169	0
pop1	NC_091030.1	9000001	10000000	0.0022068695992885	992809	2191	992809	0
pop1	NC_091030.1	10000001	11000000	0.001998206270764	987886	1974	987886	0
pop1	NC_091030.1	11000001	12000000	0.00071570772799816	121558	87	121558	0
pop1	NC_091031.1	1	1000000	0.0027289579179001	968868	2644	968868	0
pop1	NC_091031.1	1000001	2000000	0.0054652078700683	947082	5176	947082	0
pop1	NC_091031.1	2000001	3000000	0.0040145334718645	975954	3918	975954	0
pop1	NC_091031.1	3000001	4000000	0.00037462069654475	720729	270	720729	0
pop1	NC_091031.1	4000001	5000000	0.00082656588881822	981168	811	981168	0
pop1	NC_091031.1	5000001	6000000	0.0043749170052509	971447	4250	971447	0
pop1	NC_091031.1	6000001	7000000	0.0044363073023027	979869	4347	979869	0
pop1	NC_091031.1	7000001	8000000	0.0047714518875243	992570	4736	992570	0
pop1	NC_091031.1	8000001	9000000	0.0052087295670212	985845	5135	985845	0
pop1	NC_091031.1	9000001	10000000	0.0051696962882981	942802	4874	942802	0
pop1	NC_091031.1	10000001	11000000	0.0053000733195557	977911	5183	977911	0
pop1	NC_091031.1	11000001	12000000	0.0058402016126519	962638	5622	962638	0
pop1	NC_091031.1	12000001	13000000	0.0024344444197042	538932	1312	538932	0
pop1	NC_091032.1	1	1000000	0.0042324737355081	928535	3930	928535	0
pop1	NC_091032.1	1000001	2000000	0.0050870759360394	975413	4962	975413	0
pop1	NC_091032.1	2000001	3000000	0.005559568861489	974536	5418	974536	0
pop1	NC_091032.1	3000001	4000000	0.005392816743529	976855	5268	976855	0
pop1	NC_091032.1	4000001	5000000	0.0038909327029208	990251	3853	990251	0
pop1	NC_091032.1	5000001	6000000	0.0051589248788311	980243	5057	980243	0
pop1	NC_091032.1	6000001	7000000	0.004421428419385	986559	4362	986559	0
pop1	NC_091032.1	7000001	8000000	0.0041330075127232	990320	4093	990320	0
pop1	NC_091032.1	8000001	9000000	0.0038699611681689	983214	3805	983214	0
pop1	NC_091032.1	9000001	10000000	0.0041782166607021	989178	4133	989178	0
pop1	NC_091032.1	10000001	11000000	0.0023228088523144	990611	2301	990611	0
pop1	NC_091032.1	11000001	12000000	0.00084575986089849	211644	179	211644	0
pop1	NC_091033.1	1	1000000	0.0011642722852705	336691	392	336691	0
pop1	NC_091033.1	1000001	2000000	0.0018966084417351	984916	1868	984916	0
pop1	NC_091033.1	2000001	3000000	0.00339656797335	535835	1820	535835	0
pop1	NC_091033.1	3000001	4000000	0.005639279405989	972642	5485	972642	0
pop1	NC_091033.1	4000001	5000000	0.0057763245972952	982978	5678	982978	0
pop1	NC_091033.1	5000001	6000000	0.0049294044992313	989369	4877	989369	0
pop1	NC_091033.1	6000001	7000000	0.004635207547437	988521	4582	988521	0
pop1	NC_091033.1	7000001	8000000	0.00404203881404	993558	4016	993558	0
pop1	NC_091033.1	8000001	9000000	0.0039230273924554	989287	3881	989287	0
pop1	NC_091033.1	9000001	10000000	0.0045400362788287	964750	4380	964750	0
pop1	NC_091033.1	10000001	11000000	0.0042885628099596	977950	4194	977950	0
pop1	NC_091033.1	11000001	12000000	0.0044988657007891	991361	4460	991361	0
pop1	NC_091033.1	12000001	13000000	0.0037941831927558	992572	3766	992572	0
pop1	NC_091033.1	13000001	14000000	0.0049138074019503	982741	4829	982741	0
pop1	NC_091033.1	14000001	15000000	0.0035688180337531	989123	3530	989123	0
pop1	NC_091033.1	15000001	16000000	0.0018558959723606	984969	1828	984969	0
pop1	NC_091033.1	16000001	17000000	0.00089934940681209	209040	188	209040	0
pop1	NC_091034.1	1	1000000	0.0052077951073263	783825	4082	783825	0
pop1	NC_091034.1	1000001	2000000	0.0078270639567106	793912	6214	793912	0
pop1	NC_091034.1	2000001	3000000	0.0027632039174537	829110	2291	829110	0
pop1	NC_091034.1	3000001	4000000	0.001826837548471	459811	840	459811	0
pop1	NC_091034.1	4000001	5000000	0.0027367734433715	987294	2702	987294	0
pop1	NC_091034.1	5000001	6000000	0.0050628623246408	968227	4902	968227	0
pop1	NC_091034.1	6000001	7000000	0.0043096666087685	978730	4218	978730	0
pop1	NC_091034.1	7000001	8000000	0.0056167641063924	953752	5357	953752	0
pop1	NC_091034.1	8000001	9000000	0.0025817138211185	988878	2553	988878	0
pop1	NC_091034.1	9000001	10000000	0.0010567042476183	120185	127	120185	0
pop1	NC_091035.1	1	1000000	0.002542584168709	850316	2162	850316	0
pop1	NC_091035.1	1000001	2000000	0.0086682389524666	838694	7270	838694	0
pop1	NC_091035.1	2000001	3000000	0.0048842248125742	954911	4664	954911	0
pop1	NC_091035.1	3000001	4000000	0.0084859188173028	900315	7640	900315	0
pop1	NC_091035.1	4000001	5000000	0.0049432615648036	971828	4804	971828	0
pop1	NC_091035.1	5000001	6000000	0.0031454469551991	241937	761	241937	0
pop1	NC_091036.1	1	1000000	0.0051797010501973	890785	4614	890785	0
pop1	NC_091036.1	1000001	2000000	0.007622508890928	666972	5084	666972	0
pop1	NC_091036.1	2000001	3000000	0.0028142001603714	973989	2741	973989	0
pop1	NC_091036.1	3000001	4000000	0.00049898499638286	499013	249	499013	0
pop1	NC_091036.1	4000001	5000000	0.0041033124477009	979940	4021	979940	0
pop1	NC_091036.1	5000001	6000000	0.0065121910898034	895244	5830	895244	0
pop1	NC_091036.1	6000001	7000000	0.0053901636495473	966761	5211	966761	0
pop1	NC_091036.1	7000001	8000000	0.0037773857934184	985867	3724	985867	0
pop1	NC_091036.1	8000001	9000000	0.00096084149486708	59323	57	59323	0
pop1	NC_091037.1	1	1000000	0.0025042031786653	819023	2051	819023	0
pop1	NC_091037.1	1000001	2000000	0.0046715974589433	985102	4602	985102	0
pop1	NC_091037.1	2000001	3000000	0.0051863903870428	976016	5062	976016	0
pop1	NC_091037.1	3000001	4000000	0.0050388052380685	978605	4931	978605	0
pop1	NC_091037.1	4000001	5000000	0.0049827353947633	968745	4827	968745	0
pop1	NC_091037.1	5000001	6000000	0.00541524821523	968192	5243	968192	0
pop1	NC_091037.1	6000001	7000000	0.0058638835886187	974269	5713	974269	0
pop1	NC_091037.1	7000001	8000000	0.0051323349118969	83198	427	83198	0
pop1	NC_091038.1	1	1000000	0.0050192783961294	348058	1747	348058	0
pop1	NC_091038.1	1000001	2000000	0.0094931036290849	820069	7785	820069	0
pop1	NC_091038.1	2000001	3000000	0.01109242005053	774583	8592	774583	0
pop1	NC_091038.1	3000001	4000000	0.004499106231363	743481	3345	743481	0
pop1	NC_091038.1	4000001	5000000	0	725	0	725	0
pop1	NC_091039.1	1	1000000	0.0052399338113624	18130	95	18130	0
pop1	NC_091039.1	1000001	2000000	0.0051521398922269	761043	3921	761043	0
pop1	NC_091039.1	2000001	3000000	0.0050539628402998	952322	4813	952322	0
pop1	NC_091039.1	3000001	4000000	0.0055403316654004	954275	5287	954275	0
pop1	NC_091039.1	4000001	5000000	0.0050996210981524	980465	5000	980465	0
pop1	NC_091039.1	5000001	6000000	0.0076195605342525	928400	7074	928400	0
pop1	NC_091039.1	6000001	7000000	0.0050345780898363	974461	4906	974461	0
pop1	NC_091039.1	7000001	8000000	0.0014327204700961	977162	1400	977162	0
pop1	NC_091039.1	8000001	9000000	0.0062135015183368	42810	266	42810	0
pop1	NC_091040.1	1	1000000	0.003116219002093	920667	2869	920667	0
pop1	NC_091040.1	1000001	2000000	0.0092581213387407	829974	7684	829974	0
pop1	NC_091040.1	2000001	3000000	0.0057925384286373	951569	5512	951569	0
pop1	NC_091040.1	3000001	4000000	0.0043509369622976	638713	2779	638713	0
pop1	NC_091040.1	4000001	5000000	0.0053821749127619	567986	3057	567986	0
pop1	NC_091040.1	5000001	6000000	0.0054923908536298	805478	4424	805478	0
pop1	NC_091040.1	6000001	7000000	0.006142004285786	697655	4285	697655	0
pop1	NC_091041.1	1	1000000	0.0028980257199783	5521	16	5521	0
pop1	NC_091041.1	1000001	2000000	0.0053208622398414	645760	3436	645760	0
pop1	NC_091041.1	2000001	3000000	0.0059389386031009	909085	5399	909085	0
pop1	NC_091041.1	3000001	4000000	0.0050682273166921	978054	4957	978054	0
pop1	NC_091041.1	4000001	5000000	0.0047820562332315	981377	4693	981377	0
pop1	NC_091041.1	5000001	6000000	0.007135774740475	912725	6513	912725	0
pop1	NC_091041.1	6000001	7000000	0.0045351416980665	796447	3612	796447	0
pop1	NC_091042.1	1	1000000	0.0059482639369207	122893	731	122893	0
pop1	NC_091042.1	1000001	2000000	0.007223399090869	906360	6547	906360	0
pop1	NC_091042.1	2000001	3000000	0.0078978478625096	863653	6821	863653	0
pop1	NC_091042.1	3000001	4000000	0.005545100408138	387369	2148	387369	0
pop1	NC_091043.1	1	1000000	0.011273821699543	682466	7694	682466	0
pop1	NC_091043.1	1000001	2000000	0.015555664170523	388733	6047	388733	0
pop1	NC_091043.1	2000001	3000000	0.003919950484836	19388	76	19388	0
pop1	NC_091044.1	1	1000000	0.0099629612264991	383922	3825	383922	0
pop1	NC_091044.1	1000001	2000000	0.014748358948077	509277	7511	509277	0
pop1	NC_091044.1	2000001	3000000	0.0072730176573389	325587	2368	325587	0
pop1	NC_091045.1	1	1000000	0.010535688897868	400923	4224	400923	0
pop1	NC_138417.1	1	1000000	0.001806529982947	256846	464	256846	0
pop1	NC_138417.1	1000001	2000000	0.0018624799955852	362420	675	362420	0
pop1	NC_138417.1	2000001	3000000	0.0019623880359648	352122	691	352122	0
pop1	NC_138417.1	3000001	4000000	0.0013865773331994	468059	649	468059	0
pop1	NC_138417.1	4000001	5000000	0.0015115152786432	486267	735	486267	0
pop1	NC_138417.1	5000001	6000000	0.002189228746496	322488	706	322488	0
pop1	NC_138417.1	6000001	7000000	0.0015804928862853	334073	528	334073	0
pop1	NC_138417.1	7000001	8000000	0.0015793438564185	453986	717	453986	0
pop1	NC_138417.1	8000001	9000000	0.0015964795857312	367684	587	367684	0
pop1	NC_138417.1	9000001	10000000	0.0017165532557688	422358	725	422358	0
pop1	NC_138417.1	10000001	11000000	0.0017211135646037	484570	834	484570	0
pop1	NC_138417.1	11000001	12000000	0.0021824744951294	468734	1023	468734	0
pop1	NC_138417.1	12000001	13000000	0.0017432704008456	469233	818	469233	0
pop1	NC_138417.1	13000001	14000000	0.0017010214852098	343911	585	343911	0
pop1	NC_138417.1	14000001	15000000	0.0012033061014557	418015	503	418015	0
pop1	NC_138417.1	15000001	16000000	0.0032760032760033	1221	4	1221	0
pop1	NC_138417.1	16000001	17000000	0.0028521227475177	244730	698	244730	0
pop1	NC_138417.1	17000001	18000000	0.0012829766727721	479354	615	479354	0
pop1	NC_138417.1	18000001	19000000	0.0018897096718777	378365	715	378365	0
pop1	NC_138417.1	19000001	20000000	0.0020242057556106	448571	908	448571	0
pop1	NC_138417.1	20000001	21000000	0.002638807175606	287251	758	287251	0
pop1	NW_027184081.1	1	1000000	0.0032920004389334	9113	30	9113	0
pop1	NW_027184081.1	1000001	2000000	0.0060994846987065	9509	58	9509	0
pop1	NW_027184081.1	2000001	3000000	0.0023673062546723	8026	19	8026	0
pop1	NW_027184081.1	3000001	4000000	0	1215	0	1215	0
pop1	NW_027184081.1	4000001	5000000	0.0028129077870162	265917	748	265917	0
pop1	NW_027184081.1	5000001	6000000	0.0014928562524856	336938	503	336938	0
pop1	NW_027184081.1	6000001	7000000	0.001566446505589	380479	596	380479	0
pop1	NW_027184081.1	7000001	8000000	0.0016878337622091	180705	305	180705	0
pop1	NW_027184081.1	8000001	9000000	0.0015485553608542	441702	684	441702	0
pop1	NW_027184081.1	9000001	10000000	0.0019763136240743	136112	269	136112	0
pop1	NW_027184082.1	1	1000000	0.0018916782511516	366870	694	366870	0
pop1	NW_027184082.1	1000001	2000000	0.0019936235278808	384225	766	384225	0
pop1	NW_027184082.1	2000001	3000000	0.0017160796903031	423640	727	423640	0
pop1	NW_027184082.1	3000001	4000000	0.0019920251581654	296683	591	296683	0
pop1	NW_027184082.1	4000001	5000000	0.0022198254730856	254975	566	254975	0
pop1	NW_027184083.1	1	1000000	0.0019306358381503	432500	835	432500	0
pop1	NW_027184083.1	1000001	2000000	0.00091195705985044	537306	490	537306	0
pop1	NW_027184083.1	2000001	3000000	0.0018257528582987	472134	862	472134	0
pop1	NW_027184083.1	3000001	4000000	0.0005887254546772	110408	65	110408	0
pop1	NW_027184084.1	1	1000000	0.0017059796326921	344670	588	344670	0
pop1	NW_027184084.1	1000001	2000000	0.001689312024881	178771	302	178771	0
pop1	NW_027184084.1	2000001	3000000	0.0020908529976886	312791	654	312791	0
pop1	NC_138418.1	1	1000000	0.0024886967351214	480171	1195	480171	0
pop1	NC_138418.1	1000001	2000000	0.0019861836180784	793985	1577	793985	0
pop1	NC_138418.1	2000001	3000000	0.00093468078843681	774596	724	774596	0
pop1	NC_138418.1	3000001	4000000	0.0021670035794692	817719	1772	817719	0
pop1	NC_138418.1	4000001	5000000	0.0011537011369731	753228	869	753228	0
pop1	NC_138418.1	5000001	6000000	0.00090377978036913	726947	657	726947	0
pop1	NC_138418.1	6000001	7000000	0.00091287959334871	738323	674	738323	0
pop1	NC_138418.1	7000001	8000000	0.00069260277321206	785443	544	785443	0
pop1	NC_138418.1	8000001	9000000	0.00069339843141329	770120	534	770120	0
pop1	NC_138418.1	9000001	10000000	0.00082174190117056	834812	686	834812	0
pop1	NC_138418.1	10000001	11000000	0.00078602374914613	854936	672	854936	0
pop1	NC_138418.1	11000001	12000000	0.0015036671434294	831301	1250	831301	0
pop1	NC_138418.1	12000001	13000000	0.00061260078174997	840678	515	840678	0
pop1	NC_138418.1	13000001	14000000	0.00073328876541468	864598	634	864598	0
pop1	NC_138418.1	14000001	15000000	0.00090997839308362	739578	673	739578	0
pop1	NC_138418.1	15000001	16000000	0.00092099938640067	832791	767	832791	0
pop1	NC_138418.1	16000001	17000000	0.00066567358718927	859280	572	859280	0
pop1	NC_138418.1	17000001	18000000	0.00074203562003589	859797	638	859797	0
pop1	NC_138418.1	18000001	19000000	0.00075739446731119	835760	633	835760	0
pop1	NC_138418.1	19000001	20000000	0.00094504350522543	812661	768	812661	0
pop1	NC_138418.1	20000001	21000000	0.00068415419420046	805374	551	805374	0
pop1	NC_138418.1	21000001	22000000	0.00053076566877079	827107	439	827107	0
pop1	NC_138418.1	22000001	23000000	0.00036078562816269	859236	310	859236	0
pop1	NC_138418.1	23000001	24000000	0.00034051710497168	789975	269	789975	0
pop1	NC_138418.1	24000001	25000000	0.00051743614036366	823290	426	823290	0
pop1	NC_138418.1	25000001	26000000	0.00034363517959143	832278	286	832278	0
pop1	NC_138418.1	26000001	27000000	0.00043720457756728	848573	371	848573	0
pop1	NC_138418.1	27000001	28000000	0.00037933846619653	862027	327	862027	0
pop1	NC_138418.1	28000001	29000000	0.00075496614790054	823878	622	823878	0
pop1	NC_138418.1	29000001	30000000	0.00063925768622618	825958	528	825958	0
pop1	NC_138418.1	30000001	31000000	0.00070364472864363	794435	559	794435	0
pop1	NC_138418.1	31000001	32000000	0.00064244331824285	865446	556	865446	0
pop1	NC_138418.1	32000001	33000000	0.00053465383497463	750018	401	750018	0
pop1	NC_138418.1	33000001	34000000	0.00052629448200478	790432	416	790432	0
pop1	NC_138418.1	34000001	35000000	0.00049261432069899	848534	418	848534	0
pop1	NC_138418.1	35000001	36000000	0.00053478056571372	832117	445	832117	0
pop1	NC_138418.1	36000001	37000000	0.00081096193256877	774389	628	774389	0
pop1	NC_138418.1	37000001	38000000	0.00065726769881155	838319	551	838319	0
pop1	NC_138418.1	38000001	39000000	0.00052603351290898	874469	460	874469	0
pop1	NC_138418.1	39000001	40000000	0.00072749193222341	826126	601	826126	0
pop1	NC_138418.1	40000001	41000000	0.0018680593645418	251598	470	251598	0
pop1	NC_138418.1	41000001	42000000	0.0005732593840451	853017	489	853017	0
pop1	NC_138418.1	42000001	43000000	0.00065220669107961	855557	558	855557	0
pop1	NC_138418.1	43000001	44000000	0.00073807960176715	848147	626	848147	0
pop1	NC_138418.1	44000001	45000000	0.00059678211098901	802638	479	802638	0
pop1	NC_138418.1	45000001	46000000	0.00059481939044379	598501	356	598501	0
pop1	NC_138418.1	46000001	47000000	0.0006402388875533	790330	506	790330	0
pop1	NC_138418.1	47000001	48000000	0.00056124862052656	792875	445	792875	0
pop1	NC_138418.1	48000001	49000000	0.00059374793404408	801687	476	801687	0
pop1	NC_138418.1	49000001	50000000	0.0008362261783072	790456	661	790456	0
pop1	NC_138418.1	50000001	51000000	0.00084903880421794	477010	405	477010	0
pop1	NC_138418.1	51000001	52000000	NA	0	NA	NA	NA
pop1	NC_138418.1	52000001	53000000	NA	0	NA	NA	NA
pop1	NC_138418.1	53000001	54000000	0.00072400341470267	555246	402	555246	0
pop1	NC_138418.1	54000001	55000000	0.00037315135088977	854881	319	854881	0
pop1	NC_138418.1	55000001	56000000	0.00059981957427206	833584	500	833584	0
pop1	NC_138418.1	56000001	57000000	0.00041180873103916	864479	356	864479	0
pop1	NC_138418.1	57000001	58000000	0.00033690460063258	848905	286	848905	0
pop1	NC_138418.1	58000001	59000000	0.00035473021393696	837256	297	837256	0
pop1	NC_138418.1	59000001	60000000	0.00028743083695486	640154	184	640154	0
pop1	NC_138418.1	60000001	61000000	0.00025734100787153	773293	199	773293	0
pop1	NC_138418.1	61000001	62000000	0.00032497503814924	849296	276	849296	0
pop1	NC_138418.1	62000001	63000000	0.00032142917561875	827554	266	827554	0
pop1	NC_138418.1	63000001	64000000	0.00024216676562314	813489	197	813489	0
pop1	NC_138418.1	64000001	65000000	0.00037033620029861	769571	285	769571	0
pop1	NC_138418.1	65000001	66000000	0.0002654912998736	851252	226	851252	0
pop1	NC_138418.1	66000001	67000000	0.00081764406648751	750938	614	750938	0
pop1	NC_138418.1	67000001	68000000	0.00059729443877145	766791	458	766791	0
pop1	NC_138418.1	68000001	69000000	0.00024343960689372	821559	200	821559	0
pop1	NC_138418.1	69000001	70000000	0.005497332399457	462588	2543	462588	0
pop1	NC_138418.1	70000001	71000000	0.0026053349634681	786847	2050	786847	0
pop1	NC_138418.1	71000001	72000000	0.0010383026614909	803234	834	803234	0
pop1	NC_138418.1	72000001	73000000	0.00043764063073298	226213	99	226213	0
pop1	NW_027184086.1	1	1000000	0.00039618348462949	638593	253	638593	0
pop1	NW_027184086.1	1000001	2000000	0.0001836088434386	860525	158	860525	0
pop1	NW_027184086.1	2000001	3000000	0.00026051909707146	783052	204	783052	0
pop1	NW_027184086.1	3000001	4000000	0.0010276396082252	487525	501	487525	0
pop1	NW_027184086.1	4000001	5000000	0.0042283298097252	473	2	473	0
pop1	NW_027184087.1	1	1000000	0.00078338791291071	750586	588	750586	0
pop1	NW_027184087.1	1000001	2000000	0.00049589567199139	189556	94	189556	0
pop1	NW_027184088.1	1	1000000	0.0025899062536593	145179	376	145179	0
pop1	NW_027184088.1	1000001	2000000	0.013089005235602	382	5	382	0
pop1	NW_027183733.1	1	1000000	0.0017328755926108	30585	53	30585	0
pop1	NW_027183733.1	1000001	2000000	0.0010492599955821	18108	19	18108	0
pop1	NW_027183733.1	2000001	3000000	0.0014650363441708	17747	26	17747	0
pop1	NW_027183733.1	3000001	4000000	0	443	0	443	0
pop1	NW_027183733.1	4000001	5000000	0.00056513139304888	3539	2	3539	0
pop1	NW_027183804.1	1	1000000	0.00039232994948752	20391	8	20391	0
pop1	NW_027183804.1	1000001	2000000	0.009019509019509	285714	2577	285714	0
pop1	NW_027183804.1	2000001	3000000	0.0077141148227351	244098	1883	244098	0
pop1	NW_027183804.1	3000001	4000000	0.0081148203765739	69256	562	69256	0
pop1	NW_027183804.1	4000001	5000000	0.0059931123932197	22359	134	22359	0
pop1	NW_027183894.1	1	1000000	0.00068669527896996	5825	4	5825	0
pop1	NW_027183894.1	1000001	2000000	0.0072440263812304	9249	67	9249	0
pop1	NW_027183894.1	2000001	3000000	0	2049	0	2049	0
pop1	NW_027183894.1	3000001	4000000	0	743	0	743	0
pop1	NW_027183905.1	1	1000000	0.0060162507923702	433825	2610	433825	0
pop1	NW_027183905.1	1000001	2000000	0.0066202869000758	317811	2104	317811	0
pop1	NW_027183905.1	2000001	3000000	0.0053748518154392	385499	2072	385499	0
pop1	NW_027183916.1	1	1000000	NA	0	NA	NA	NA
pop1	NW_027183916.1	1000001	2000000	0.0043821209465381	2282	10	2282	0
pop1	NW_027183916.1	2000001	3000000	0.0020772746157042	2407	5	2407	0
pop1	NW_027183927.1	1	1000000	0.00082372322899506	2428	2	2428	0
pop1	NW_027183927.1	1000001	2000000	NA	0	NA	NA	NA
pop1	NW_027183927.1	2000001	3000000	0.0060653238623463	30831	187	30831	0
pop1	NW_027183938.1	1	1000000	0.0062012402480496	9998	62	9998	0
pop1	NW_027183938.1	1000001	2000000	0.0098522167487685	203	2	203	0
pop1	NW_027183938.1	2000001	3000000	0.01048951048951	572	6	572	0
pop1	NW_027183949.1	1	1000000	0.010237591740266	241170	2469	241170	0
pop1	NW_027183949.1	1000001	2000000	0.0031628054083972	12647	40	12647	0
pop1	NW_027183949.1	2000001	3000000	0.0025669447523482	17141	44	17141	0
pop1	NW_027183960.1	1	1000000	0.0028954035468693	2763	8	2763	0
pop1	NW_027183960.1	1000001	2000000	0.0036471392751311	4387	16	4387	0
pop1	NW_027183960.1	2000001	3000000	0	314	0	314	0
pop1	NW_027183981.1	1	1000000	0.0016342627921582	148079	242	148079	0
pop1	NW_027183981.1	1000001	2000000	0.00181598062954	99120	180	99120	0
pop1	NW_027183981.1	2000001	3000000	0.0017170990288772	140353	241	140353	0
pop1	NW_027183992.1	1	1000000	0.0080609303977046	312619	2520	312619	0
pop1	NW_027183992.1	1000001	2000000	0	284	0	284	0
pop1	NW_027184003.1	1	1000000	0	618	0	618	0
pop1	NW_027184003.1	1000001	2000000	0.0012724959098346	5501	7	5501	0
pop1	NW_027184003.1	2000001	3000000	0	1194	0	1194	0
pop1	NW_027184024.1	1	1000000	0.0029707714422616	10435	31	10435	0
pop1	NW_027184024.1	1000001	2000000	0.0079787234042553	752	6	752	0
pop1	NW_027184024.1	2000001	3000000	0	1445	0	1445	0
pop1	NW_027184055.1	1	1000000	0.0052816901408451	36352	192	36352	0
pop1	NW_027184055.1	1000001	2000000	0.0056482269843744	83389	471	83389	0
pop1	NW_027184055.1	2000001	3000000	0.0067127542330428	9981	67	9981	0
pop1	NW_027184058.1	1	1000000	0.0087677725118483	4220	37	4220	0
pop1	NW_027184058.1	1000001	2000000	0	869	0	869	0
pop1	NW_027184058.1	2000001	3000000	0.0028089887640449	2848	8	2848	0
pop1	NW_027184059.1	1	1000000	0.0059230009871668	1013	6	1013	0
pop1	NW_027184059.1	1000001	2000000	0.0070184559396933	3847	27	3847	0
pop1	NW_027184060.1	1	1000000	0.0033030645721132	89311	295	89311	0
pop1	NW_027184061.1	1	1000000	0.0054805523357878	415834	2279	415834	0
pop1	NW_027184061.1	1000001	2000000	0.0089059009946355	419048	3732	419048	0
pop1	NW_027184062.1	1	1000000	0.0017407161803714	12064	21	12064	0
pop1	NW_027184062.1	1000001	2000000	0.00439463854098	4551	20	4551	0
pop1	NW_027184063.1	1	1000000	0.0076503490038367	216330	1655	216330	0
pop1	NW_027184063.1	1000001	2000000	0.011643513731977	265985	3097	265985	0
pop1	NW_027184064.1	1	1000000	0.00082313504107431	788449	649	788449	0
pop1	NW_027184064.1	1000001	2000000	0.00064960055377479	774322	503	774322	0
pop1	NW_027184065.1	1	1000000	0.0045829514207149	5455	25	5455	0
pop1	NW_027184065.1	1000001	2000000	0.0048899755501222	818	4	818	0
pop1	NW_027184066.1	1	1000000	0.0016872890888639	1778	3	1778	0
pop1	NW_027184066.1	1000001	2000000	0.0079493596349183	13586	108	13586	0
pop1	NW_027184067.1	1	1000000	0	123	0	123	0
pop1	NW_027184067.1	1000001	2000000	0.0019952114924182	2506	5	2506	0
pop1	NW_027184068.1	1	1000000	0.0024813895781638	1209	3	1209	0
pop1	NW_027184068.1	1000001	2000000	0	432	0	432	0
pop1	NW_027184069.1	1	1000000	0.0053483665799364	6918	37	6918	0
pop1	NW_027184069.1	1000001	2000000	0.00057454754380925	3481	2	3481	0
pop1	NW_027184070.1	1	1000000	0.0090225563909774	665	6	665	0
pop1	NW_027184070.1	1000001	2000000	0	405	0	405	0
pop1	NW_027184071.1	1	1000000	0.0043430266505845	234629	1019	234629	0
pop1	NW_027184071.1	1000001	2000000	0.0030171056774058	38116	115	38116	0
pop1	NW_027184072.1	1	1000000	0.0035365681143019	7069	25	7069	0
pop1	NW_027184072.1	1000001	2000000	0.010060362173038	1491	15	1491	0
pop1	NW_027184073.1	1	1000000	0	132	0	132	0
pop1	NW_027184074.1	1	1000000	0.0043444357803275	17954	78	17954	0
pop1	NW_027184074.1	1000001	2000000	0.002125398512221	941	2	941	0
pop1	NW_027184075.1	1	1000000	0.0057952350289762	7765	45	7765	0
pop1	NW_027184075.1	1000001	2000000	0.00086132644272179	1161	1	1161	0
pop1	NW_027184076.1	1	1000000	0.002894559352518	106752	309	106752	0
pop1	NW_027184076.1	1000001	2000000	0.0039684018332899	53674	213	53674	0
pop1	NW_027184077.1	1	1000000	0.0036398672519002	9341	34	9341	0
pop1	NW_027184077.1	1000001	2000000	0.0042095416276894	4276	18	4276	0
pop1	NW_027184078.1	1	1000000	0.010502155948413	563789	5921	563789	0
pop1	NW_027184078.1	1000001	2000000	0.01760185463444	23293	410	23293	0
pop1	NW_027184079.1	1	1000000	0.003428179636613	2917	10	2917	0
pop1	NW_027183463.1	1	1000000	0.0032837060506321	260072	854	260072	0
pop1	NW_027183463.1	1000001	2000000	0.0029325513196481	3069	9	3069	0
pop1	NW_027183464.1	1	1000000	0.006170118995152	4538	28	4538	0
pop1	NW_027183464.1	1000001	2000000	0	250	0	250	0
pop1	NW_027183465.1	1	1000000	0.00083090984628168	2407	2	2407	0
pop1	NW_027183465.1	1000001	2000000	0.0052083333333333	1536	8	1536	0
pop1	NW_027183466.1	1	1000000	0.0035191441441441	21312	75	21312	0
pop1	NW_027183467.1	1	1000000	0.00037160136500581	675455	251	675455	0
pop1	NW_027183468.1	1	1000000	0.0059175867792451	13857	82	13857	0
pop1	NW_027183469.1	1	1000000	0.00098231827111984	1018	1	1018	0
pop1	NW_027183470.1	1	1000000	0.0054268113816368	6818	37	6818	0
pop1	NW_027183471.1	1	1000000	0.0059496567505721	4370	26	4370	0
pop1	NW_027183472.1	1	1000000	0.0054177050601365	9229	50	9229	0
pop1	NW_027183473.1	1	1000000	0.0017931858936043	5019	9	5019	0
pop1	NW_027183474.1	1	1000000	0.012620440976532	33834	427	33834	0
pop1	NW_027183475.1	1	1000000	0.002290950744559	1746	4	1746	0
pop1	NW_027183476.1	1	1000000	0.019590622934854	115004	2253	115004	0
pop1	NW_027183477.1	1	1000000	0.00054318305268876	1841	1	1841	0
pop1	NW_027183478.1	1	1000000	0.0010188487009679	7852	8	7852	0
pop1	NW_027183479.1	1	1000000	0.0027533039647577	19976	55	19976	0
pop1	NW_027183480.1	1	1000000	0.0008052553507099	23595	19	23595	0
pop1	NW_027183481.1	1	1000000	0.0034480205612024	94547	326	94547	0
pop1	NW_027183482.1	1	1000000	0	913	0	913	0
pop1	NW_027183483.1	1	1000000	0.00060887434355735	13139	8	13139	0
pop1	NW_027183484.1	1	1000000	0.0027027027027027	2220	6	2220	0
pop1	NW_027183486.1	1	1000000	0	835	0	835	0
pop1	NW_027183489.1	1	1000000	0.0032169117647059	2176	7	2176	0
pop1	NW_027183490.1	1	1000000	0.0030097817908202	2658	8	2658	0
pop1	NW_027183491.1	1	1000000	0.013982316721029	122941	1719	122941	0
pop1	NW_027183492.1	1	1000000	0.0090191205355353	274417	2475	274417	0
pop1	NW_027183493.1	1	1000000	0.0054013782827342	5369	29	5369	0
pop1	NW_027183494.1	1	1000000	0.021946857292497	179479	3939	179479	0
pop1	NW_027183495.1	1	1000000	0	455	0	455	0
pop1	NW_027183496.1	1	1000000	0.0089410249991059	83883	750	83883	0
pop1	NW_027183497.1	1	1000000	0	1057	0	1057	0
pop1	NW_027183499.1	1	1000000	0.0054227261523293	4057	22	4057	0
pop1	NW_027183500.1	1	1000000	0.017701409834723	73271	1297	73271	0
pop1	NW_027183501.1	1	1000000	0.0029602912654395	29389	87	29389	0
pop1	NW_027183502.1	1	1000000	0	1008	0	1008	0
pop1	NW_027183503.1	1	1000000	0.0042194092827004	3792	16	3792	0
pop1	NW_027183504.1	1	1000000	0.00082372322899506	2428	2	2428	0
pop1	NW_027183505.1	1	1000000	0	187	0	187	0
pop1	NW_027183506.1	1	1000000	0.00163132137031	1226	2	1226	0
pop1	NW_027183507.1	1	1000000	0	765	0	765	0
pop1	NW_027183508.1	1	1000000	0	795	0	795	0
pop1	NW_027183509.1	1	1000000	0	2130	0	2130	0
pop1	NW_027183510.1	1	1000000	0	219	0	219	0
pop1	NW_027183511.1	1	1000000	0.0072139303482587	4020	29	4020	0
pop1	NW_027183512.1	1	1000000	0.0041730726993191	4553	19	4553	0
pop1	NW_027183513.1	1	1000000	0	398	0	398	0
pop1	NW_027183514.1	1	1000000	0	813	0	813	0
pop1	NW_027183515.1	1	1000000	0.0083612040133779	598	5	598	0
pop1	NW_027183516.1	1	1000000	0.014479227101884	39643	574	39643	0
pop1	NW_027183519.1	1	1000000	0.0012940795858945	3091	4	3091	0
pop1	NW_027183520.1	1	1000000	0.0069421704106359	61076	424	61076	0
pop1	NW_027183521.1	1	1000000	0	652	0	652	0
pop1	NW_027183523.1	1	1000000	0.016137852397408	85947	1387	85947	0
pop1	NW_027183524.1	1	1000000	0	611	0	611	0
pop1	NW_027183525.1	1	1000000	0	232	0	232	0
pop1	NW_027183526.1	1	1000000	0	758	0	758	0
pop1	NW_027183528.1	1	1000000	0.020488466757123	51590	1057	51590	0
pop1	NW_027183529.1	1	1000000	0.024705882352941	51000	1260	51000	0
pop1	NW_027183530.1	1	1000000	0.014584909228442	84608	1234	84608	0
pop1	NW_027183531.1	1	1000000	0.0019263183241031	8306	16	8306	0
pop1	NW_027183532.1	1	1000000	0.0033149171270718	1810	6	1810	0
pop1	NW_027183533.1	1	1000000	0.0013120899718838	5335	7	5335	0
pop1	NW_027183534.1	1	1000000	0.019288299155609	82900	1599	82900	0
pop1	NW_027183535.1	1	1000000	0.017239026609052	65955	1137	65955	0
pop1	NW_027183536.1	1	1000000	0.017931626240397	125867	2257	125867	0
pop1	NW_027183537.1	1	1000000	0.0017953321364452	1114	2	1114	0
pop1	NW_027183538.1	1	1000000	0.0035492457852706	1127	4	1127	0
pop1	NW_027183539.1	1	1000000	0.0039840637450199	1506	6	1506	0
pop1	NW_027183541.1	1	1000000	0.0064667800437312	139946	905	139946	0
pop1	NW_027183544.1	1	1000000	0.016666666666667	120	2	120	0
pop1	NW_027183549.1	1	1000000	0	482	0	482	0
pop1	NW_027183550.1	1	1000000	0.020494313210849	45720	937	45720	0
pop1	NW_027183551.1	1	1000000	0.018625176100108	48268	899	48268	0
pop1	NW_027183553.1	1	1000000	0.010739456315024	62573	672	62573	0
pop1	NW_027183555.1	1	1000000	0	204	0	204	0
pop1	NW_027183556.1	1	1000000	0	1078	0	1078	0
pop1	NW_027183557.1	1	1000000	0.016926175906214	104749	1773	104749	0
pop1	NW_027183558.1	1	1000000	0	353	0	353	0
pop1	NW_027183559.1	1	1000000	0.0026767438198709	6351	17	6351	0
pop1	NW_027183560.1	1	1000000	0.0018132366273799	1103	2	1103	0
pop1	NW_027183562.1	1	1000000	0.0041334966319657	6532	27	6532	0
pop1	NW_027183563.1	1	1000000	0.022047719722138	3311	73	3311	0
pop1	NW_027183565.1	1	1000000	0	353	0	353	0
pop1	NW_027183566.1	1	1000000	0	657	0	657	0
pop1	NW_027183567.1	1	1000000	0.020757543334047	23365	485	23365	0
pop1	NW_027183568.1	1	1000000	0.00084388185654008	1185	1	1185	0
pop1	NW_027183569.1	1	1000000	0.0003993090217797	115199	46	115199	0
pop1	NW_027183570.1	1	1000000	0	145	0	145	0
pop1	NW_027183571.1	1	1000000	0.0021367521367521	2340	5	2340	0
pop1	NW_027183572.1	1	1000000	0.0046454767726161	4090	19	4090	0
pop1	NW_027183573.1	1	1000000	0	775	0	775	0
pop1	NW_027183574.1	1	1000000	0.0015067805123054	1991	3	1991	0
pop1	NW_027183577.1	1	1000000	0.01410373066424	4396	62	4396	0
pop1	NW_027183578.1	1	1000000	0	246	0	246	0
pop1	NW_027183579.1	1	1000000	0.016061466783824	48937	786	48937	0
pop1	NW_027183580.1	1	1000000	0	440	0	440	0
pop1	NW_027183583.1	1	1000000	0.015097690941385	2252	34	2252	0
pop1	NW_027183585.1	1	1000000	0	155	0	155	0
pop1	NW_027183587.1	1	1000000	0	1085	0	1085	0
pop1	NW_027183589.1	1	1000000	0.019422537965196	46029	894	46029	0
pop1	NW_027183590.1	1	1000000	0.0016025641025641	624	1	624	0
pop1	NW_027183592.1	1	1000000	0	1279	0	1279	0
pop1	NW_027183593.1	1	1000000	0	371	0	371	0
pop1	NW_027183595.1	1	1000000	0.019759450171821	13968	276	13968	0
pop1	NW_027183596.1	1	1000000	0.0035971223021583	556	2	556	0
pop1	NW_027183597.1	1	1000000	0	302	0	302	0
pop1	NW_027183599.1	1	1000000	0.00094543490005402	7404	7	7404	0
pop1	NW_027183600.1	1	1000000	0	224	0	224	0
pop1	NW_027183601.1	1	1000000	0.00057110222729869	7004	4	7004	0
pop1	NW_027183608.1	1	1000000	0	279	0	279	0
pop1	NW_027183609.1	1	1000000	0.00064381136327056	6213	4	6213	0
pop1	NW_027183612.1	1	1000000	0	455	0	455	0
pop1	NW_027183613.1	1	1000000	0.0035452013167891	7898	28	7898	0
pop1	NW_027183615.1	1	1000000	0.018088986141503	13710	248	13710	0
pop1	NW_027183616.1	1	1000000	0	164	0	164	0
pop1	NW_027183618.1	1	1000000	0.019896640826873	3870	77	3870	0
pop1	NW_027183619.1	1	1000000	0	548	0	548	0
pop1	NW_027183620.1	1	1000000	0	137	0	137	0
pop1	NW_027183623.1	1	1000000	0.0015267175572519	655	1	655	0
pop1	NW_027183624.1	1	1000000	0.0161261098025	5519	89	5519	0
pop1	NW_027183627.1	1	1000000	0.0025283060349566	9097	23	9097	0
pop1	NW_027183628.1	1	1000000	0.015453296703297	2912	45	2912	0
pop1	NW_027183631.1	1	1000000	0	57	0	57	0
pop1	NW_027183633.1	1	1000000	0.018857971778979	15166	286	15166	0
pop1	NW_027183634.1	1	1000000	0	99	0	99	0
pop1	NW_027183635.1	1	1000000	0.0040797824116047	2206	9	2206	0
pop1	NW_027183636.1	1	1000000	0	261	0	261	0
pop1	NW_027183637.1	1	1000000	0	1038	0	1038	0
pop1	NW_027183642.1	1	1000000	0.020799180327869	9760	203	9760	0
pop1	NW_027183645.1	1	1000000	0.0033632286995516	892	3	892	0
pop1	NW_027183646.1	1	1000000	0	382	0	382	0
pop1	NW_027183649.1	1	1000000	0	498	0	498	0
pop1	NW_027183650.1	1	1000000	0.021138456892647	6623	140	6623	0
pop1	NW_027183651.1	1	1000000	0.0050191628363726	73319	368	73319	0
pop1	NW_027183653.1	1	1000000	0	447	0	447	0
pop1	NW_027183654.1	1	1000000	0	843	0	843	0
pop1	NW_027183657.1	1	1000000	0	332	0	332	0
pop1	NW_027183658.1	1	1000000	0.010948432236331	46308	507	46308	0
pop1	NW_027183661.1	1	1000000	0	779	0	779	0
pop1	NW_027183664.1	1	1000000	0.014667817083693	4636	68	4636	0
pop1	NW_027183666.1	1	1000000	0	406	0	406	0
pop1	NW_027183667.1	1	1000000	0	182	0	182	0
pop1	NW_027183669.1	1	1000000	0.020208712936889	6037	122	6037	0
pop1	NW_027183672.1	1	1000000	0.021971496437055	1684	37	1684	0
pop1	NW_027183674.1	1	1000000	0.0017761989342806	563	1	563	0
pop1	NW_027183675.1	1	1000000	0	304	0	304	0
pop1	NW_027183676.1	1	1000000	0.023709433327728	11894	282	11894	0
pop1	NW_027183678.1	1	1000000	0.0017235436056532	2901	5	2901	0
pop1	NW_027183679.1	1	1000000	0.018712029161604	12345	231	12345	0
pop1	NW_027183682.1	1	1000000	0.01424356496083	9829	140	9829	0
pop1	NW_027183683.1	1	1000000	0.021639042357274	6516	141	6516	0
pop1	NW_027183685.1	1	1000000	0	136	0	136	0
pop1	NW_027183687.1	1	1000000	0.0079840319361277	501	4	501	0
pop1	NW_027183688.1	1	1000000	0.016016200294551	5432	87	5432	0
pop1	NW_027183690.1	1	1000000	0.0119825708061	1836	22	1836	0
pop1	NW_027183691.1	1	1000000	0.0034519293208927	58518	202	58518	0
pop1	NW_027183692.1	1	1000000	0.0091463414634146	328	3	328	0
pop1	NW_027183694.1	1	1000000	0	15	0	15	0
pop1	NW_027183695.1	1	1000000	0.022458628841608	1692	38	1692	0
pop1	NW_027183703.1	1	1000000	0	645	0	645	0
pop1	NW_027183704.1	1	1000000	0	102	0	102	0
pop1	NW_027183706.1	1	1000000	0.017713365539452	14283	253	14283	0
pop1	NW_027183708.1	1	1000000	0.0015778109948514	12042	19	12042	0
pop1	NW_027183710.1	1	1000000	0.00055401662049862	1805	1	1805	0
pop1	NW_027183712.1	1	1000000	0.0048543689320388	618	3	618	0
pop1	NW_027183713.1	1	1000000	0	115	0	115	0
pop1	NW_027183715.1	1	1000000	0.0045454545454545	440	2	440	0
pop1	NW_027183717.1	1	1000000	0.0034259279464071	45827	157	45827	0
pop1	NW_027183718.1	1	1000000	0.015885852925885	17311	275	17311	0
pop1	NW_027183720.1	1	1000000	0.011274934952298	2306	26	2306	0
pop1	NW_027183722.1	1	1000000	0.01954268533903	12639	247	12639	0
pop1	NW_027183725.1	1	1000000	0	283	0	283	0
pop1	NW_027183727.1	1	1000000	0.026951672862454	8608	232	8608	0
pop1	NW_027183728.1	1	1000000	0.024759700065422	19871	492	19871	0
pop1	NW_027183729.1	1	1000000	0.015879017013233	2645	42	2645	0
pop1	NW_027183730.1	1	1000000	0.016129032258065	186	3	186	0
pop1	NW_027183732.1	1	1000000	0	386	0	386	0
pop1	NW_027183734.1	1	1000000	0.019877888017762	28826	573	28826	0
pop1	NW_027183735.1	1	1000000	0.0025236593059937	1585	4	1585	0
pop1	NW_027183736.1	1	1000000	0.020635535748886	10322	213	10322	0
pop1	NW_027183740.1	1	1000000	0.0016949152542373	590	1	590	0
pop1	NW_027183742.1	1	1000000	0	278	0	278	0
pop1	NW_027183744.1	1	1000000	0.013182674199623	2655	35	2655	0
pop1	NW_027183747.1	1	1000000	0	152	0	152	0
pop1	NW_027183756.1	1	1000000	0.018202011476522	16207	295	16207	0
pop1	NW_027183759.1	1	1000000	0.021578099838969	3105	67	3105	0
pop1	NW_027183761.1	1	1000000	0.010887046888531	8083	88	8083	0
pop1	NW_027183765.1	1	1000000	0	353	0	353	0
pop1	NW_027183769.1	1	1000000	0	475	0	475	0
pop1	NW_027183770.1	1	1000000	0	126	0	126	0
pop1	NW_027183775.1	1	1000000	0.013688212927757	5260	72	5260	0
pop1	NW_027183777.1	1	1000000	0.013064133016627	842	11	842	0
pop1	NW_027183781.1	1	1000000	0.01219512195122	10496	128	10496	0
pop1	NW_027183785.1	1	1000000	0.01667344448963	2459	41	2459	0
pop1	NW_027183786.1	1	1000000	0.011658825935774	4889	57	4889	0
pop1	NW_027183796.1	1	1000000	0.018700518700519	7326	137	7326	0
pop1	NW_027183797.1	1	1000000	0.022179732313576	2615	58	2615	0
pop1	NW_027183803.1	1	1000000	0.015768994470612	4883	77	4883	0
pop1	NW_027183807.1	1	1000000	0	232	0	232	0
pop1	NW_027183811.1	1	1000000	0.0060816681146829	1151	7	1151	0
pop1	NW_027183813.1	1	1000000	0.016926503340757	2245	38	2245	0
pop1	NW_027183815.1	1	1000000	0.02237037037037	6750	151	6750	0
pop1	NW_027183816.1	1	1000000	0.018741258741259	3575	67	3575	0
pop1	NW_027183818.1	1	1000000	0	576	0	576	0
pop1	NW_027183819.1	1	1000000	0.0014204545454545	704	1	704	0
pop1	NW_027183821.1	1	1000000	0.021937978731316	13447	295	13447	0
pop1	NW_027183823.1	1	1000000	0	860	0	860	0
pop1	NW_027183830.1	1	1000000	0.0081421169504071	1351	11	1351	0
pop1	NW_027183831.1	1	1000000	0.025588536335722	10747	275	10747	0
pop1	NW_027183832.1	1	1000000	0	401	0	401	0
pop1	NW_027183836.1	1	1000000	0.013906002464355	5681	79	5681	0
pop1	NW_027183843.1	1	1000000	0	386	0	386	0
pop1	NW_027183845.1	1	1000000	0.0040431266846361	742	3	742	0
pop1	NW_027183846.1	1	1000000	0	164	0	164	0
pop1	NW_027183847.1	1	1000000	0.0083333333333333	120	1	120	0
pop1	NW_027183852.1	1	1000000	0.0032278889606198	4647	15	4647	0
pop1	NW_027183872.1	1	1000000	0.017241379310345	232	4	232	0
pop1	NW_027183873.1	1	1000000	0.015625	448	7	448	0
pop1	NW_027183874.1	1	1000000	0	84	0	84	0
pop1	NW_027183875.1	1	1000000	0.0025510204081633	392	1	392	0
pop1	NW_027183880.1	1	1000000	0.02363184079602	8040	190	8040	0
pop1	NW_027183892.1	1	1000000	0.013861386138614	2525	35	2525	0
pop1	NW_027183893.1	1	1000000	0.016194331983806	2717	44	2717	0
pop1	NW_027183896.1	1	1000000	0.017435102673382	7743	135	7743	0
pop1	NW_027183897.1	1	1000000	0.017970401691332	4730	85	4730	0
pop1	NW_027183908.1	1	1000000	0.016350798959495	2691	44	2691	0
pop1	NW_027183912.1	1	1000000	0.0089559274098515	4243	38	4243	0
pop1	NW_027183918.1	1	1000000	0.011111111111111	180	2	180	0
pop1	NW_027183921.1	1	1000000	0	888	0	888	0
pop1	NW_027183924.1	1	1000000	0.020256776034237	10515	213	10515	0
pop1	NW_027183929.1	1	1000000	0.021378303014208	7531	161	7531	0
pop1	NW_027183932.1	1	1000000	0.013452914798206	892	12	892	0
pop1	NW_027183943.1	1	1000000	0.023809523809524	42	1	42	0
pop1	NW_027183946.1	1	1000000	0.015139981392202	23646	358	23646	0
pop1	NW_027183953.1	1	1000000	0	2	0	2	0
pop1	NW_027183955.1	1	1000000	0.026224842447652	4919	129	4919	0
pop1	NW_027183956.1	1	1000000	0.015281757402101	1047	16	1047	0
pop1	NW_027183957.1	1	1000000	0	189	0	189	0
pop1	NW_027183958.1	1	1000000	0.020929045431343	3918	82	3918	0
pop1	NW_027183961.1	1	1000000	0	227	0	227	0
pop1	NW_027183963.1	1	1000000	0.022687609075044	1719	39	1719	0
pop1	NW_027183967.1	1	1000000	0.017405817835002	4194	73	4194	0
pop1	NW_027183971.1	1	1000000	0.0026737967914439	374	1	374	0
pop1	NW_027183974.1	1	1000000	0	20	0	20	0
pop1	NW_027183975.1	1	1000000	0.0033563672260612	10130	34	10130	0
pop1	NW_027183977.1	1	1000000	0.025370990904739	2089	53	2089	0
pop1	NW_027183978.1	1	1000000	0.0037037037037037	270	1	270	0
pop1	NW_027183980.1	1	1000000	0.033665835411471	802	27	802	0
pop1	NW_027183983.1	1	1000000	0.011111111111111	90	1	90	0
pop1	NW_027183985.1	1	1000000	0.0098039215686275	612	6	612	0
pop1	NW_027183987.1	1	1000000	0.018224573780129	1701	31	1701	0
pop1	NW_027183991.1	1	1000000	0.012820512820513	234	3	234	0
pop1	NW_027183995.1	1	1000000	0.02142086608106	6489	139	6489	0
pop1	NW_027183999.1	1	1000000	0.0094339622641509	106	1	106	0
pop1	NW_027184007.1	1	1000000	0.0064070477525278	9989	64	9989	0
pop1	NW_027184010.1	1	1000000	0.030112721417069	6210	187	6210	0
pop1	NW_027184011.1	1	1000000	0	179	0	179	0
pop1	NW_027184012.1	1	1000000	0.0058426966292135	4450	26	4450	0
pop1	NW_027184014.1	1	1000000	0.02	1050	21	1050	0
pop1	NW_027184015.1	1	1000000	0	297	0	297	0
pop1	NW_027184016.1	1	1000000	0.095238095238095	21	2	21	0
pop1	NW_027184019.1	1	1000000	0.014167954662545	3882	55	3882	0
pop1	NW_027184020.1	1	1000000	0.0056338028169014	355	2	355	0
pop1	NW_027184021.1	1	1000000	0.011617515638963	1119	13	1119	0
pop1	NW_027184022.1	1	1000000	0.016603862458785	8492	141	8492	0
pop1	NW_027184025.1	1	1000000	0.014442013129103	2285	33	2285	0
pop1	NW_027184026.1	1	1000000	0.030157970320728	2089	63	2089	0
pop1	NW_027184028.1	1	1000000	0.014684287812041	5448	80	5448	0
pop1	NW_027184030.1	1	1000000	0.0087463556851312	343	3	343	0
pop1	NW_027184033.1	1	1000000	0.015659955257271	447	7	447	0
pop1	NW_027184036.1	1	1000000	0.01521031547321	15976	243	15976	0
pop1	NW_027184042.1	1	1000000	0.012060301507538	995	12	995	0
pop1	NW_027184043.1	1	1000000	0.015520282186949	2835	44	2835	0
pop1	NW_027184044.1	1	1000000	0.005945531261987	5214	31	5214	0
pop1	NW_027184045.1	1	1000000	0	537	0	537	0
pop1	NW_027184048.1	1	1000000	0.0008	3750	3	3750	0
pop1	NW_027184050.1	1	1000000	0.0031347962382445	319	1	319	0
pop1	NW_027184054.1	1	1000000	0	58	0	58	0
pop1	NW_027184057.1	1	1000000	0	232	0	232	0
pop1	NC_051467.1	1	1000000	0.023255813953488	43	1	43	0
