pop	chromosome	window_pos_1	window_pos_2	avg_pi	no_sites	count_diffs	count_comparisons	count_missing
pop1	NC_091013.1	1	1000000	0.0035147229500939	668616	2350	668616	0
pop1	NC_091013.1	1000001	2000000	0.0049902851770605	797750	3981	797750	0
pop1	NC_091013.1	2000001	3000000	0.0050142585810882	915589	4591	915589	0
pop1	NC_091013.1	3000001	4000000	0.0042347006504713	903960	3828	903960	0
pop1	NC_091013.1	4000001	5000000	0.0045305965485747	915332	4147	915332	0
pop1	NC_091013.1	5000001	6000000	0.0040377196467022	933943	3771	933943	0
pop1	NC_091013.1	6000001	7000000	0.0037428782701322	920949	3447	920949	0
pop1	NC_091013.1	7000001	8000000	0.0035006349613261	928403	3250	928403	0
pop1	NC_091013.1	8000001	9000000	0.0040978059163847	916100	3754	916100	0
pop1	NC_091013.1	9000001	10000000	0.0040910954971704	914425	3741	914425	0
pop1	NC_091013.1	10000001	11000000	0.004061572660037	921318	3742	921318	0
pop1	NC_091013.1	11000001	12000000	0.0040871500748359	910659	3722	910659	0
pop1	NC_091013.1	12000001	13000000	0.0041819301353299	896476	3749	896476	0
pop1	NC_091013.1	13000001	14000000	0.002954862600518	920855	2721	920855	0
pop1	NC_091013.1	14000001	15000000	0.0031774035697515	911436	2896	911436	0
pop1	NC_091013.1	15000001	16000000	0.0033117068185833	922787	3056	922787	0
pop1	NC_091013.1	16000001	17000000	0.0033229080932785	911250	3028	911250	0
pop1	NC_091013.1	17000001	18000000	0.0034171252515538	898416	3070	898416	0
pop1	NC_091013.1	18000001	19000000	0.0033358448981489	903819	3015	903819	0
pop1	NC_091013.1	19000001	20000000	0.0034247586108138	914809	3133	914809	0
pop1	NC_091013.1	20000001	21000000	0.0028251078567319	907222	2563	907222	0
pop1	NC_091013.1	21000001	22000000	0.0034236923458214	911881	3122	911881	0
pop1	NC_091013.1	22000001	23000000	0.0026428902065378	907340	2398	907340	0
pop1	NC_091013.1	23000001	24000000	0.0032580629914163	909743	2964	909743	0
pop1	NC_091013.1	24000001	25000000	0.0028727477526643	916196	2632	916196	0
pop1	NC_091013.1	25000001	26000000	0.0025081812391557	910620	2284	910620	0
pop1	NC_091013.1	26000001	27000000	0.0028588754134509	907000	2593	907000	0
pop1	NC_091013.1	27000001	28000000	0.0027154097845487	903731	2454	903731	0
pop1	NC_091013.1	28000001	29000000	0.0031226505891804	892511	2787	892511	0
pop1	NC_091013.1	29000001	30000000	0.0018964297932946	914877	1735	914877	0
pop1	NC_091013.1	30000001	31000000	0.0022721105782276	917649	2085	917649	0
pop1	NC_091013.1	31000001	32000000	0.0021380638410599	904089	1933	904089	0
pop1	NC_091013.1	32000001	33000000	0.0025433172373107	915340	2328	915340	0
pop1	NC_091013.1	33000001	34000000	0.002657081565781	890827	2367	890827	0
pop1	NC_091013.1	34000001	35000000	0.0022178772898084	917544	2035	917544	0
pop1	NC_091013.1	35000001	36000000	0.0030222959841024	915860	2768	915860	0
pop1	NC_091013.1	36000001	37000000	0.0027498964303539	919671	2529	919671	0
pop1	NC_091013.1	37000001	38000000	0.0032441253477604	915501	2970	915501	0
pop1	NC_091013.1	38000001	39000000	0.0027552827970201	906622	2498	906622	0
pop1	NC_091013.1	39000001	40000000	0.0023041020678906	913588	2105	913588	0
pop1	NC_091013.1	40000001	41000000	0.002719038464869	923856	2512	923856	0
pop1	NC_091013.1	41000001	42000000	0.0028796497858485	919209	2647	919209	0
pop1	NC_091013.1	42000001	43000000	0.0026692024458475	904390	2414	904390	0
pop1	NC_091013.1	43000001	44000000	0.0030432927965116	907241	2761	907241	0
pop1	NC_091013.1	44000001	45000000	0.003768363020447	903310	3404	903310	0
pop1	NC_091013.1	45000001	46000000	0.0037296484733774	896063	3342	896063	0
pop1	NC_091013.1	46000001	47000000	0.003731522754347	894005	3336	894005	0
pop1	NC_091013.1	47000001	48000000	0.0038442070578583	906819	3486	906819	0
pop1	NC_091013.1	48000001	49000000	0.003636926241654	917808	3338	917808	0
pop1	NC_091013.1	49000001	50000000	0.0025334982914784	896389	2271	896389	0
pop1	NC_091013.1	50000001	51000000	0.0029863606864921	916835	2738	916835	0
pop1	NC_091013.1	51000001	52000000	0.0027908926925781	915836	2556	915836	0
pop1	NC_091013.1	52000001	53000000	0.0023029699396096	919682	2118	919682	0
pop1	NC_091013.1	53000001	54000000	0.0030859496579629	906042	2796	906042	0
pop1	NC_091013.1	54000001	55000000	0.0028801576646584	907242	2613	907242	0
pop1	NC_091013.1	55000001	56000000	0.0035208774088467	903752	3182	903752	0
pop1	NC_091013.1	56000001	57000000	0.0035832599419246	909507	3259	909507	0
pop1	NC_091013.1	57000001	58000000	0.0031293339497173	84363	264	84363	0
pop1	NC_091013.1	58000001	59000000	0.0025606287041822	429582	1100	429582	0
pop1	NC_091013.1	59000001	60000000	0.0028988851709606	910005	2638	910005	0
pop1	NC_091013.1	60000001	61000000	0.0031561408390435	902051	2847	902051	0
pop1	NC_091013.1	61000001	62000000	0.0028558800155635	907251	2591	907251	0
pop1	NC_091013.1	62000001	63000000	0.0027167201778217	923172	2508	923172	0
pop1	NC_091013.1	63000001	64000000	0.0027388652865792	913517	2502	913517	0
pop1	NC_091013.1	64000001	65000000	0.0029849273232703	911915	2722	911915	0
pop1	NC_091013.1	65000001	66000000	0.0028633249824278	907686	2599	907686	0
pop1	NC_091013.1	66000001	67000000	0.0027800868097366	901051	2505	901051	0
pop1	NC_091013.1	67000001	68000000	0.0022563919980418	898780	2028	898780	0
pop1	NC_091013.1	68000001	69000000	0.0037003552252597	904778	3348	904778	0
pop1	NC_091013.1	69000001	70000000	0.0027099382256518	914781	2479	914781	0
pop1	NC_091013.1	70000001	71000000	0.0028958173107955	914077	2647	914077	0
pop1	NC_091013.1	71000001	72000000	0.0030041612137954	910071	2734	910071	0
pop1	NC_091013.1	72000001	73000000	0.0033995604299476	914530	3109	914530	0
pop1	NC_091013.1	73000001	74000000	0.0027561095633073	534449	1473	534449	0
pop1	NC_091013.1	74000001	75000000	0.002762717388084	405036	1119	405036	0
pop1	NC_091013.1	75000001	76000000	0.0031430611517421	906123	2848	906123	0
pop1	NC_091013.1	76000001	77000000	0.0028880265225137	912734	2636	912734	0
pop1	NC_091013.1	77000001	78000000	0.0032162964836612	917204	2950	917204	0
pop1	NC_091013.1	78000001	79000000	0.0032734011556396	914645	2994	914645	0
pop1	NC_091013.1	79000001	80000000	0.0037918149859603	904580	3430	904580	0
pop1	NC_091013.1	80000001	81000000	0.0038074561685254	918461	3497	918461	0
pop1	NC_091013.1	81000001	82000000	0.0034471044322769	900756	3105	900756	0
pop1	NC_091013.1	82000001	83000000	0.0033043765119859	909400	3005	909400	0
pop1	NC_091013.1	83000001	84000000	0.0040598331946514	516770	2098	516770	0
pop1	NC_091013.1	84000001	85000000	0.0033892895205224	739388	2506	739388	0
pop1	NC_091013.1	85000001	86000000	0.0038031854304489	904242	3439	904242	0
pop1	NC_091013.1	86000001	87000000	0.003983655215909	906956	3613	906956	0
pop1	NC_091013.1	87000001	88000000	0.0029824691437238	903949	2696	903949	0
pop1	NC_091013.1	88000001	89000000	0.0033470527917041	915731	3065	915731	0
pop1	NC_091013.1	89000001	90000000	0.0036555365668611	913409	3339	913409	0
pop1	NC_091013.1	90000001	91000000	0.0032652579826821	915701	2990	915701	0
pop1	NC_091013.1	91000001	92000000	0.00389830582923	910652	3550	910652	0
pop1	NC_091013.1	92000001	93000000	0.0035877788039171	808857	2902	808857	0
pop1	NC_091013.1	93000001	94000000	0.0036624854948334	904850	3314	904850	0
pop1	NC_091013.1	94000001	95000000	0.0036421822615056	918680	3346	918680	0
pop1	NC_091013.1	95000001	96000000	0.0035713102534371	905550	3234	905550	0
pop1	NC_091013.1	96000001	97000000	0.0036564885496183	917000	3353	917000	0
pop1	NC_091013.1	97000001	98000000	0.0029627742460464	910633	2698	910633	0
pop1	NC_091013.1	98000001	99000000	0.0031435855728275	912334	2868	912334	0
pop1	NC_091013.1	99000001	100000000	0.0032918561631769	919542	3027	919542	0
pop1	NC_091013.1	100000001	101000000	0.003820353677212	925307	3535	925307	0
pop1	NC_091013.1	101000001	102000000	0.0040831232372831	909108	3712	909108	0
pop1	NC_091013.1	102000001	103000000	0.0035043922813429	911713	3195	911713	0
pop1	NC_091013.1	103000001	104000000	0.0028477845911049	907372	2584	907372	0
pop1	NC_091013.1	104000001	105000000	0.0017343344119105	905823	1571	905823	0
pop1	NC_091013.1	105000001	106000000	0.00028919693138607	767643	222	767643	0
pop1	NC_091013.1	106000001	107000000	0.0021836579789455	866894	1893	866894	0
pop1	NC_091013.1	107000001	108000000	0.0032739118526332	857995	2809	857995	0
pop1	NC_091013.1	108000001	109000000	0.0035035697073496	869399	3046	869399	0
pop1	NC_091013.1	109000001	110000000	0.0040524280843601	919202	3725	919202	0
pop1	NC_091013.1	110000001	111000000	0.0038246734902319	920340	3520	920340	0
pop1	NC_091013.1	111000001	112000000	0.0045988902985522	918265	4223	918265	0
pop1	NC_091013.1	112000001	113000000	0.0045229884247489	922399	4172	922399	0
pop1	NC_091013.1	113000001	114000000	0.0045758815541445	918293	4202	918293	0
pop1	NC_091013.1	114000001	115000000	0.0040036763590173	922652	3694	922652	0
pop1	NC_091013.1	115000001	116000000	0.0032234269482375	927274	2989	927274	0
pop1	NC_091013.1	116000001	117000000	0.0041218210388064	930414	3835	930414	0
pop1	NC_091013.1	117000001	118000000	0.00389511129972	923722	3598	923722	0
pop1	NC_091013.1	118000001	119000000	0.0036911156115171	851775	3144	851775	0
pop1	NC_091013.1	119000001	120000000	0.0041019687515116	930285	3816	930285	0
pop1	NC_091013.1	120000001	121000000	0.0028918913222182	237215	686	237215	0
pop1	NC_091014.1	1	1000000	0.001229813915042	148803	183	148803	0
pop1	NC_091014.1	1000001	2000000	0.0067701833286302	846949	5734	846949	0
pop1	NC_091014.1	2000001	3000000	0.0057562568008705	919000	5290	919000	0
pop1	NC_091014.1	3000001	4000000	0.0048617372765869	928269	4513	928269	0
pop1	NC_091014.1	4000001	5000000	0.0044799501816476	918537	4115	918537	0
pop1	NC_091014.1	5000001	6000000	0.0039192988617125	922614	3616	922614	0
pop1	NC_091014.1	6000001	7000000	0.0031707063217768	931969	2955	931969	0
pop1	NC_091014.1	7000001	8000000	0.0037038495065096	889075	3293	889075	0
pop1	NC_091014.1	8000001	9000000	0.0036639863226004	719435	2636	719435	0
pop1	NC_091014.1	9000001	10000000	0.0029855900226597	793478	2369	793478	0
pop1	NC_091014.1	10000001	11000000	0.0041541027425252	905370	3761	905370	0
pop1	NC_091014.1	11000001	12000000	0.0043010125682865	926061	3983	926061	0
pop1	NC_091014.1	12000001	13000000	0.0033971471471471	905760	3077	905760	0
pop1	NC_091014.1	13000001	14000000	0.0033409138611141	924298	3088	924298	0
pop1	NC_091014.1	14000001	15000000	0.0031803848786366	921901	2932	921901	0
pop1	NC_091014.1	15000001	16000000	0.0028197181386767	905055	2552	905055	0
pop1	NC_091014.1	16000001	17000000	0.0031271870376768	903048	2824	903048	0
pop1	NC_091014.1	17000001	18000000	0.002859218713297	915285	2617	915285	0
pop1	NC_091014.1	18000001	19000000	0.0032414306186809	911326	2954	911326	0
pop1	NC_091014.1	19000001	20000000	0.002754593433962	920281	2535	920281	0
pop1	NC_091014.1	20000001	21000000	0.0025383015528824	902966	2292	902966	0
pop1	NC_091014.1	21000001	22000000	0.0022802397096524	913939	2084	913939	0
pop1	NC_091014.1	22000001	23000000	0.0028405147681631	914975	2599	914975	0
pop1	NC_091014.1	23000001	24000000	0.0031347258966057	891306	2794	891306	0
pop1	NC_091014.1	24000001	25000000	0.0026822065735903	915664	2456	915664	0
pop1	NC_091014.1	25000001	26000000	0.0024731741303258	879841	2176	879841	0
pop1	NC_091014.1	26000001	27000000	0.0020860681624694	910325	1899	910325	0
pop1	NC_091014.1	27000001	28000000	0.002225908644537	901205	2006	901205	0
pop1	NC_091014.1	28000001	29000000	0.0022519873871121	909863	2049	909863	0
pop1	NC_091014.1	29000001	30000000	0.0029052101413475	914908	2658	914908	0
pop1	NC_091014.1	30000001	31000000	0.0024144935312379	913235	2205	913235	0
pop1	NC_091014.1	31000001	32000000	0.0023178568216073	911618	2113	911618	0
pop1	NC_091014.1	32000001	33000000	0.0025021273035698	908427	2273	908427	0
pop1	NC_091014.1	33000001	34000000	0.0028731681234382	916410	2633	916410	0
pop1	NC_091014.1	34000001	35000000	0.002437171161097	906789	2210	906789	0
pop1	NC_091014.1	35000001	36000000	0.0024631518649893	907780	2236	907780	0
pop1	NC_091014.1	36000001	37000000	0.0022713904642839	921462	2093	921462	0
pop1	NC_091014.1	37000001	38000000	0.0023236552457469	918811	2135	918811	0
pop1	NC_091014.1	38000001	39000000	0.0027227176259074	887716	2417	887716	0
pop1	NC_091014.1	39000001	40000000	0.0030022005318493	924322	2775	924322	0
pop1	NC_091014.1	40000001	41000000	0.0025977956568892	911927	2369	911927	0
pop1	NC_091014.1	41000001	42000000	0.0028582520342638	909297	2599	909297	0
pop1	NC_091014.1	42000001	43000000	0.0032438283042222	920209	2985	920209	0
pop1	NC_091014.1	43000001	44000000	0.0032178311150372	928265	2987	928265	0
pop1	NC_091014.1	44000001	45000000	0.0029848212643759	918983	2743	918983	0
pop1	NC_091014.1	45000001	46000000	0.0031295959100777	913856	2860	913856	0
pop1	NC_091014.1	46000001	47000000	0.0023036069205956	920730	2121	920730	0
pop1	NC_091014.1	47000001	48000000	0.0015246976518902	530597	809	530597	0
pop1	NC_091014.1	48000001	49000000	0.0027283846081475	10629	29	10629	0
pop1	NC_091014.1	49000001	50000000	0.0018987146597512	680987	1293	680987	0
pop1	NC_091014.1	50000001	51000000	0.0030709015022102	908528	2790	908528	0
pop1	NC_091014.1	51000001	52000000	0.0028455954224463	910530	2591	910530	0
pop1	NC_091014.1	52000001	53000000	0.0024566252111162	931359	2288	931359	0
pop1	NC_091014.1	53000001	54000000	0.0026520566375803	927582	2460	927582	0
pop1	NC_091014.1	54000001	55000000	0.0029837261081412	929710	2774	929710	0
pop1	NC_091014.1	55000001	56000000	0.0025630347705504	698781	1791	698781	0
pop1	NC_091014.1	56000001	57000000	0.0031016657093624	922730	2862	922730	0
pop1	NC_091014.1	57000001	58000000	0.0033557744368304	914245	3068	914245	0
pop1	NC_091014.1	58000001	59000000	0.0036716176453349	426515	1566	426515	0
pop1	NC_091014.1	59000001	60000000	0.003071549594404	633882	1947	633882	0
pop1	NC_091014.1	60000001	61000000	0.0035797643083179	907881	3250	907881	0
pop1	NC_091014.1	61000001	62000000	0.0044576800305594	911012	4061	911012	0
pop1	NC_091014.1	62000001	63000000	0.0042300042892419	911583	3856	911583	0
pop1	NC_091014.1	63000001	64000000	0.0037635546008343	921735	3469	921735	0
pop1	NC_091014.1	64000001	65000000	0.0040818421360112	915763	3738	915763	0
pop1	NC_091014.1	65000001	66000000	0.0043366671529613	925365	4013	925365	0
pop1	NC_091014.1	66000001	67000000	0.0043713425040275	920541	4024	920541	0
pop1	NC_091014.1	67000001	68000000	0.0045189758596748	911711	4120	911711	0
pop1	NC_091014.1	68000001	69000000	0.0038446077868382	696560	2678	696560	0
pop1	NC_091014.1	69000001	70000000	0.0034804132209662	912248	3175	912248	0
pop1	NC_091014.1	70000001	71000000	0.0024728238320471	903825	2235	903825	0
pop1	NC_091014.1	71000001	72000000	0.0011547819378934	850377	982	850377	0
pop1	NC_091014.1	72000001	73000000	NA	0	NA	NA	NA
pop1	NC_091014.1	73000001	74000000	0.00044076666848107	753233	332	753233	0
pop1	NC_091014.1	74000001	75000000	0.0018853113227068	913377	1722	913377	0
pop1	NC_091014.1	75000001	76000000	0.0037789690473167	929354	3512	929354	0
pop1	NC_091014.1	76000001	77000000	0.003966505068312	925752	3672	925752	0
pop1	NC_091014.1	77000001	78000000	0.0043892870321816	926802	4068	926802	0
pop1	NC_091014.1	78000001	79000000	0.0040642249500242	921947	3747	921947	0
pop1	NC_091014.1	79000001	80000000	0.0023484242593583	883997	2076	883997	0
pop1	NC_091014.1	80000001	81000000	0.00066956812855708	14935	10	14935	0
pop1	NC_091015.1	1	1000000	0.0028573891987531	823479	2353	823479	0
pop1	NC_091015.1	1000001	2000000	0.0066256846161106	921867	6108	921867	0
pop1	NC_091015.1	2000001	3000000	0.0052129143670884	931149	4854	931149	0
pop1	NC_091015.1	3000001	4000000	0.0046992276968678	920364	4325	920364	0
pop1	NC_091015.1	4000001	5000000	0.004186404605153	926093	3877	926093	0
pop1	NC_091015.1	5000001	6000000	0.0040071954493645	925585	3709	925585	0
pop1	NC_091015.1	6000001	7000000	0.0036267394270123	916250	3323	916250	0
pop1	NC_091015.1	7000001	8000000	0.0044010456980514	917282	4037	917282	0
pop1	NC_091015.1	8000001	9000000	0.0035009335103226	926610	3244	926610	0
pop1	NC_091015.1	9000001	10000000	0.0034346047954984	911313	3130	911313	0
pop1	NC_091015.1	10000001	11000000	0.0032800413034153	916147	3005	916147	0
pop1	NC_091015.1	11000001	12000000	0.0039226309919527	915457	3591	915457	0
pop1	NC_091015.1	12000001	13000000	0.0034754741603157	901172	3132	901172	0
pop1	NC_091015.1	13000001	14000000	0.0030804637056797	922913	2843	922913	0
pop1	NC_091015.1	14000001	15000000	0.0030345665901356	924679	2806	924679	0
pop1	NC_091015.1	15000001	16000000	0.0032510290753233	918786	2987	918786	0
pop1	NC_091015.1	16000001	17000000	0.0026362166976865	890291	2347	890291	0
pop1	NC_091015.1	17000001	18000000	0.003142107952408	890485	2798	890485	0
pop1	NC_091015.1	18000001	19000000	0.0027414311269737	920687	2524	920687	0
pop1	NC_091015.1	19000001	20000000	0.0033796408598908	915186	3093	915186	0
pop1	NC_091015.1	20000001	21000000	0.0030959038050613	910235	2818	910235	0
pop1	NC_091015.1	21000001	22000000	0.0026578822581157	913133	2427	913133	0
pop1	NC_091015.1	22000001	23000000	0.0031652249641647	904833	2864	904833	0
pop1	NC_091015.1	23000001	24000000	0.0027606600427009	906305	2502	906305	0
pop1	NC_091015.1	24000001	25000000	0.0036118960739664	728980	2633	728980	0
pop1	NC_091015.1	25000001	26000000	0.0026015320132967	6919	18	6919	0
pop1	NC_091015.1	26000001	27000000	NA	0	NA	NA	NA
pop1	NC_091015.1	27000001	28000000	NA	0	NA	NA	NA
pop1	NC_091015.1	28000001	29000000	NA	0	NA	NA	NA
pop1	NC_091015.1	29000001	30000000	NA	0	NA	NA	NA
pop1	NC_091015.1	30000001	31000000	NA	0	NA	NA	NA
pop1	NC_091015.1	31000001	32000000	NA	0	NA	NA	NA
pop1	NC_091015.1	32000001	33000000	0.0036363636363636	550	2	550	0
pop1	NC_091015.1	33000001	34000000	NA	0	NA	NA	NA
pop1	NC_091015.1	34000001	35000000	NA	0	NA	NA	NA
pop1	NC_091015.1	35000001	36000000	NA	0	NA	NA	NA
pop1	NC_091015.1	36000001	37000000	NA	0	NA	NA	NA
pop1	NC_091015.1	37000001	38000000	NA	0	NA	NA	NA
pop1	NC_091015.1	38000001	39000000	NA	0	NA	NA	NA
pop1	NC_091015.1	39000001	40000000	0.0033709274266785	462484	1559	462484	0
pop1	NC_091015.1	40000001	41000000	0.0032799602296628	915255	3002	915255	0
pop1	NC_091015.1	41000001	42000000	0.0029648342875266	914385	2711	914385	0
pop1	NC_091015.1	42000001	43000000	0.0025128583845817	918078	2307	918078	0
pop1	NC_091015.1	43000001	44000000	0.0028797735199568	922642	2657	922642	0
pop1	NC_091015.1	44000001	45000000	0.0024703384265137	913640	2257	913640	0
pop1	NC_091015.1	45000001	46000000	0.0024496980019309	913582	2238	913582	0
pop1	NC_091015.1	46000001	47000000	0.0033263768510519	910901	3030	910901	0
pop1	NC_091015.1	47000001	48000000	0.0024489355065891	907333	2222	907333	0
pop1	NC_091015.1	48000001	49000000	0.0027525851908732	915503	2520	915503	0
pop1	NC_091015.1	49000001	50000000	0.0022579015668139	918552	2074	918552	0
pop1	NC_091015.1	50000001	51000000	0.0028779024639665	921157	2651	921157	0
pop1	NC_091015.1	51000001	52000000	0.0027522625040017	915247	2519	915247	0
pop1	NC_091015.1	52000001	53000000	0.0035189671563065	913052	3213	913052	0
pop1	NC_091015.1	53000001	54000000	0.0030543410436776	915091	2795	915091	0
pop1	NC_091015.1	54000001	55000000	0.0028675380676459	927625	2660	927625	0
pop1	NC_091015.1	55000001	56000000	0.0027080573371564	923171	2500	923171	0
pop1	NC_091015.1	56000001	57000000	0.0029475555086293	909228	2680	909228	0
pop1	NC_091015.1	57000001	58000000	0.0027973860739342	923362	2583	923362	0
pop1	NC_091015.1	58000001	59000000	0.0027391969867748	921803	2525	921803	0
pop1	NC_091015.1	59000001	60000000	0.0034365534627663	917489	3153	917489	0
pop1	NC_091015.1	60000001	61000000	0.00280305556879	881538	2471	881538	0
pop1	NC_091015.1	61000001	62000000	0.0019638722036465	912483	1792	912483	0
pop1	NC_091015.1	62000001	63000000	0.0011319233767519	828678	938	828678	0
pop1	NC_091015.1	63000001	64000000	0.00052755446267113	341197	180	341197	0
pop1	NC_091015.1	64000001	65000000	0.00057781841447513	903398	522	903398	0
pop1	NC_091015.1	65000001	66000000	0.00026047661162331	495246	129	495246	0
pop1	NC_091015.1	66000001	67000000	0.0011490950876185	3481	4	3481	0
pop1	NC_091015.1	67000001	68000000	0.00027903621942777	759758	212	759758	0
pop1	NC_091015.1	68000001	69000000	0.00020543188704819	895674	184	895674	0
pop1	NC_091015.1	69000001	70000000	0.00086505284202963	921331	797	921331	0
pop1	NC_091015.1	70000001	71000000	0.0016566435207314	920536	1525	920536	0
pop1	NC_091015.1	71000001	72000000	0.0024074521738267	905937	2181	905937	0
pop1	NC_091015.1	72000001	73000000	0.0021680665134944	918791	1992	918791	0
pop1	NC_091015.1	73000001	74000000	0.0024972082267184	909816	2272	909816	0
pop1	NC_091015.1	74000001	75000000	0.0023072657164841	921437	2126	921437	0
pop1	NC_091015.1	75000001	76000000	0.0020520780578923	912246	1872	912246	0
pop1	NC_091015.1	76000001	77000000	0.002995422724825	921072	2759	921072	0
pop1	NC_091015.1	77000001	78000000	0.0030076139087421	917006	2758	917006	0
pop1	NC_091015.1	78000001	79000000	0.0024888424578087	911267	2268	911267	0
pop1	NC_091015.1	79000001	80000000	0.0029201279626224	917768	2680	917768	0
pop1	NC_091015.1	80000001	81000000	0.0028677999598226	920915	2641	920915	0
pop1	NC_091015.1	81000001	82000000	0.0027115271202132	910557	2469	910557	0
pop1	NC_091015.1	82000001	83000000	0.0031571151736303	908741	2869	908741	0
pop1	NC_091015.1	83000001	84000000	0.0032164224404343	904421	2909	904421	0
pop1	NC_091015.1	84000001	85000000	0.0034396918388901	907058	3120	907058	0
pop1	NC_091015.1	85000001	86000000	0.0034741248688329	901522	3132	901522	0
pop1	NC_091015.1	86000001	87000000	0.0037844849342454	907389	3434	907389	0
pop1	NC_091015.1	87000001	88000000	0.0034171459665474	893143	3052	893143	0
pop1	NC_091015.1	88000001	89000000	0.0037358508934182	903944	3377	903944	0
pop1	NC_091015.1	89000001	90000000	0.0036762336139944	915339	3365	915339	0
pop1	NC_091015.1	90000001	91000000	0.003168197897315	769207	2437	769207	0
pop1	NC_091015.1	91000001	92000000	0.0032342878516188	909010	2940	909010	0
pop1	NC_091015.1	92000001	93000000	0.0031669071291398	916983	2904	916983	0
pop1	NC_091015.1	93000001	94000000	0.003227406765346	901033	2908	901033	0
pop1	NC_091015.1	94000001	95000000	0.0035432699714193	869818	3082	869818	0
pop1	NC_091015.1	95000001	96000000	0.0026251123234562	905866	2378	905866	0
pop1	NC_091015.1	96000001	97000000	0.003009091900494	247583	745	247583	0
pop1	NC_091015.1	97000001	98000000	0.0032236695394383	609864	1966	609864	0
pop1	NC_091015.1	98000001	99000000	0.0031815959614825	910235	2896	910235	0
pop1	NC_091015.1	99000001	100000000	0.0030778886890608	911339	2805	911339	0
pop1	NC_091015.1	100000001	101000000	0.0032181951719376	909516	2927	909516	0
pop1	NC_091015.1	101000001	102000000	0.0034803420453399	911692	3173	911692	0
pop1	NC_091015.1	102000001	103000000	0.0031153569999616	912255	2842	912255	0
pop1	NC_091015.1	103000001	104000000	0.0032895461130952	908332	2988	908332	0
pop1	NC_091015.1	104000001	105000000	0.0035651814115798	913558	3257	913558	0
pop1	NC_091015.1	105000001	106000000	0.0035569205515573	916242	3259	916242	0
pop1	NC_091015.1	106000001	107000000	0.0033455844618129	915834	3064	915834	0
pop1	NC_091015.1	107000001	108000000	0.0024498910915051	909020	2227	909020	0
pop1	NC_091015.1	108000001	109000000	0.0035119070435083	756569	2657	756569	0
pop1	NC_091015.1	109000001	110000000	0.0037542602311258	913096	3428	913096	0
pop1	NC_091015.1	110000001	111000000	0.0038487164326624	906536	3489	906536	0
pop1	NC_091015.1	111000001	112000000	0.0033567732810949	910696	3057	910696	0
pop1	NC_091015.1	112000001	113000000	0.0030737490600955	908337	2792	908337	0
pop1	NC_091015.1	113000001	114000000	0.0028586839851835	921403	2634	921403	0
pop1	NC_091015.1	114000001	115000000	0.0035337030041355	922262	3259	922262	0
pop1	NC_091015.1	115000001	116000000	0.0033562006441082	906680	3043	906680	0
pop1	NC_091015.1	116000001	117000000	0.0036337749232938	901817	3277	901817	0
pop1	NC_091015.1	117000001	118000000	0.0030962523991589	915946	2836	915946	0
pop1	NC_091015.1	118000001	119000000	0.0033490231380118	917581	3073	917581	0
pop1	NC_091015.1	119000001	120000000	0.0033337546783031	909785	3033	909785	0
pop1	NC_091015.1	120000001	121000000	0.0027355689221967	919370	2515	919370	0
pop1	NC_091015.1	121000001	122000000	0.002853742944792	915990	2614	915990	0
pop1	NC_091015.1	122000001	123000000	0.0034681127093955	351488	1219	351488	0
pop1	NC_091015.1	123000001	124000000	0.0031179490823814	900592	2808	900592	0
pop1	NC_091015.1	124000001	125000000	0.0034203931787461	901066	3082	901066	0
pop1	NC_091015.1	125000001	126000000	0.0033702010908635	909738	3066	909738	0
pop1	NC_091015.1	126000001	127000000	0.003907854124442	905868	3540	905868	0
pop1	NC_091015.1	127000001	128000000	0.0041224829175569	916438	3778	916438	0
pop1	NC_091015.1	128000001	129000000	0.003460844069322	913361	3161	913361	0
pop1	NC_091015.1	129000001	130000000	0.0029147103356502	916043	2670	916043	0
pop1	NC_091015.1	130000001	131000000	0.0031671990806173	916267	2902	916267	0
pop1	NC_091015.1	131000001	132000000	0.0030919359058064	909786	2813	909786	0
pop1	NC_091015.1	132000001	133000000	0.0026688911027599	925478	2470	925478	0
pop1	NC_091015.1	133000001	134000000	0.003130743573492	913521	2860	913521	0
pop1	NC_091015.1	134000001	135000000	0.0030971653729048	915676	2836	915676	0
pop1	NC_091015.1	135000001	136000000	0.0030208255382462	908692	2745	908692	0
pop1	NC_091015.1	136000001	137000000	0.0027684852807949	908439	2515	908439	0
pop1	NC_091015.1	137000001	138000000	0.0024301310114985	918469	2232	918469	0
pop1	NC_091015.1	138000001	139000000	0.0029485992777638	908567	2679	908567	0
pop1	NC_091015.1	139000001	140000000	0.0033183608657128	911896	3026	911896	0
pop1	NC_091015.1	140000001	141000000	0.0032239296947109	914412	2948	914412	0
pop1	NC_091015.1	141000001	142000000	0.002702560077787	890637	2407	890637	0
pop1	NC_091015.1	142000001	143000000	0.0027618496214859	917139	2533	917139	0
pop1	NC_091015.1	143000001	144000000	0.002266396794288	903637	2048	903637	0
pop1	NC_091015.1	144000001	145000000	0.0024128724761608	906803	2188	906803	0
pop1	NC_091015.1	145000001	146000000	0.0020768235612129	898969	1867	898969	0
pop1	NC_091015.1	146000001	147000000	0.0018311344902692	922379	1689	922379	0
pop1	NC_091015.1	147000001	148000000	0.0024681695757109	914848	2258	914848	0
pop1	NC_091015.1	148000001	149000000	0.0022062101702027	915144	2019	915144	0
pop1	NC_091015.1	149000001	150000000	0.0026734689142954	905191	2420	905191	0
pop1	NC_091015.1	150000001	151000000	0.0027335152693066	893721	2443	893721	0
pop1	NC_091015.1	151000001	152000000	0.0024408582472124	907058	2214	907058	0
pop1	NC_091015.1	152000001	153000000	0.0025689878656318	896462	2303	896462	0
pop1	NC_091015.1	153000001	154000000	0.0018608141804825	908742	1691	908742	0
pop1	NC_091015.1	154000001	155000000	0.0021858445197359	900796	1969	900796	0
pop1	NC_091015.1	155000001	156000000	0.0026364786867825	892099	2352	892099	0
pop1	NC_091015.1	156000001	157000000	0.0023039634516567	914077	2106	914077	0
pop1	NC_091015.1	157000001	158000000	0.0026425838893125	903661	2388	903661	0
pop1	NC_091015.1	158000001	159000000	0.0027115788007006	918653	2491	918653	0
pop1	NC_091015.1	159000001	160000000	0.0033507541677693	906960	3039	906960	0
pop1	NC_091015.1	160000001	161000000	0.0033987894752387	914149	3107	914149	0
pop1	NC_091015.1	161000001	162000000	0.0035308638117706	896098	3164	896098	0
pop1	NC_091015.1	162000001	163000000	0.0039434573031327	891857	3517	891857	0
pop1	NC_091015.1	163000001	164000000	0.0032267966039974	908951	2933	908951	0
pop1	NC_091015.1	164000001	165000000	0.0033294170067829	926889	3086	926889	0
pop1	NC_091015.1	165000001	166000000	0.0042612480453243	909358	3875	909358	0
pop1	NC_091015.1	166000001	167000000	0.0049019607843137	930036	4559	930036	0
pop1	NC_091015.1	167000001	168000000	0.0072130044659095	731318	5275	731318	0
pop1	NC_091015.1	168000001	169000000	0.0061374440703515	565219	3469	565219	0
pop1	NC_091016.1	1	1000000	0.00061010153832745	22947	14	22947	0
pop1	NC_091016.1	1000001	2000000	0.0029548155710099	334031	987	334031	0
pop1	NC_091016.1	2000001	3000000	0.0043065155511284	937649	4038	937649	0
pop1	NC_091016.1	3000001	4000000	0.0032794277617612	935834	3069	935834	0
pop1	NC_091016.1	4000001	5000000	0.0028631641232994	932884	2671	932884	0
pop1	NC_091016.1	5000001	6000000	0.0034508416123827	931367	3214	931367	0
pop1	NC_091016.1	6000001	7000000	0.0034816306803395	914514	3184	914514	0
pop1	NC_091016.1	7000001	8000000	0.003648106846248	921848	3363	921848	0
pop1	NC_091016.1	8000001	9000000	0.0015936751768411	914239	1457	914239	0
pop1	NC_091016.1	9000001	10000000	0.0015213674102296	307618	468	307618	0
pop1	NC_091016.1	10000001	11000000	0	894	0	894	0
pop1	NC_091016.1	11000001	12000000	0.00065905035699717	720734	475	720734	0
pop1	NC_091016.1	12000001	13000000	0.0015216348314668	923349	1405	923349	0
pop1	NC_091016.1	13000001	14000000	0.0029882205992055	922288	2756	922288	0
pop1	NC_091016.1	14000001	15000000	0.0040040550690534	921316	3689	921316	0
pop1	NC_091016.1	15000001	16000000	0.0027769268675999	150166	417	150166	0
pop1	NC_091016.1	16000001	17000000	0.0021342546141619	580062	1238	580062	0
pop1	NC_091016.1	17000001	18000000	0.0038645773899946	695807	2689	695807	0
pop1	NC_091016.1	18000001	19000000	0.0041836846022475	925739	3873	925739	0
pop1	NC_091016.1	19000001	20000000	0.0039512875369577	912867	3607	912867	0
pop1	NC_091016.1	20000001	21000000	0.0037380290056255	919201	3436	919201	0
pop1	NC_091016.1	21000001	22000000	0.0042024217943856	907096	3812	907096	0
pop1	NC_091016.1	22000001	23000000	0.0040123952012801	916161	3676	916161	0
pop1	NC_091016.1	23000001	24000000	0.0041005634832871	907924	3723	907924	0
pop1	NC_091016.1	24000001	25000000	0.0038883457758927	906298	3524	906298	0
pop1	NC_091016.1	25000001	26000000	0.0034317187611211	913245	3134	913245	0
pop1	NC_091016.1	26000001	27000000	0.004246487257355	314142	1334	314142	0
pop1	NC_091016.1	27000001	28000000	0.0034164358264081	184110	629	184110	0
pop1	NC_091016.1	28000001	29000000	0.0031612427966051	927167	2931	927167	0
pop1	NC_091016.1	29000001	30000000	0.0029641718494829	910541	2699	910541	0
pop1	NC_091016.1	30000001	31000000	0.0034242614049293	916402	3138	916402	0
pop1	NC_091016.1	31000001	32000000	0.0033845749058723	919761	3113	919761	0
pop1	NC_091016.1	32000001	33000000	0.0029307669241393	913754	2678	913754	0
pop1	NC_091016.1	33000001	34000000	0.0032015949209776	918917	2942	918917	0
pop1	NC_091016.1	34000001	35000000	0.0022599570184221	919929	2079	919929	0
pop1	NC_091016.1	35000001	36000000	0.0019113777274195	188869	361	188869	0
pop1	NC_091016.1	36000001	37000000	0.0044398015147558	3829	17	3829	0
pop1	NC_091016.1	37000001	38000000	0.0023073348536494	744582	1718	744582	0
pop1	NC_091016.1	38000001	39000000	0.0030615440176055	916531	2806	916531	0
pop1	NC_091016.1	39000001	40000000	0.002529267392107	920820	2329	920820	0
pop1	NC_091016.1	40000001	41000000	0.0027769987818451	912856	2535	912856	0
pop1	NC_091016.1	41000001	42000000	0.0028135109523239	918070	2583	918070	0
pop1	NC_091016.1	42000001	43000000	0.0032113759358253	908022	2916	908022	0
pop1	NC_091016.1	43000001	44000000	0.0030090150308765	915582	2755	915582	0
pop1	NC_091016.1	44000001	45000000	0.0023604995936934	918026	2167	918026	0
pop1	NC_091016.1	45000001	46000000	0.0024361698276912	911677	2221	911677	0
pop1	NC_091016.1	46000001	47000000	0.0024870516631468	906294	2254	906294	0
pop1	NC_091016.1	47000001	48000000	0.0029556542355434	913165	2699	913165	0
pop1	NC_091016.1	48000001	49000000	0.0022421353503827	916983	2056	916983	0
pop1	NC_091016.1	49000001	50000000	0.0035508760201666	897525	3187	897525	0
pop1	NC_091016.1	50000001	51000000	0.0029399802582118	892523	2624	892523	0
pop1	NC_091016.1	51000001	52000000	0.0031629381700159	907068	2869	907068	0
pop1	NC_091016.1	52000001	53000000	0.0030228181474805	908093	2745	908093	0
pop1	NC_091016.1	53000001	54000000	0.0027187913578163	918055	2496	918055	0
pop1	NC_091016.1	54000001	55000000	0.0036318379455447	314166	1141	314166	0
pop1	NC_091016.1	55000001	56000000	0.0027006686227244	458405	1238	458405	0
pop1	NC_091016.1	56000001	57000000	0.0030098195089047	917663	2762	917663	0
pop1	NC_091016.1	57000001	58000000	0.0025957502338024	919580	2387	919580	0
pop1	NC_091016.1	58000001	59000000	0.0030709037556016	923181	2835	923181	0
pop1	NC_091016.1	59000001	60000000	0.0028494348584501	916673	2612	916673	0
pop1	NC_091016.1	60000001	61000000	0.0028463264767818	925052	2633	925052	0
pop1	NC_091016.1	61000001	62000000	0.0028248157232116	918998	2596	918998	0
pop1	NC_091016.1	62000001	63000000	0.0025919356588787	903186	2341	903186	0
pop1	NC_091016.1	63000001	64000000	0.002370974080598	923671	2190	923671	0
pop1	NC_091016.1	64000001	65000000	0.0025297560506519	915108	2315	915108	0
pop1	NC_091016.1	65000001	66000000	0.0037137776485484	921703	3423	921703	0
pop1	NC_091016.1	66000001	67000000	0.0030121457839679	925918	2789	925918	0
pop1	NC_091016.1	67000001	68000000	0.0029161250224317	913884	2665	913884	0
pop1	NC_091016.1	68000001	69000000	0.0032680102935077	896876	2931	896876	0
pop1	NC_091016.1	69000001	70000000	0.0030907145932172	919852	2843	919852	0
pop1	NC_091016.1	70000001	71000000	0.0031602022876739	921460	2912	921460	0
pop1	NC_091016.1	71000001	72000000	0.0030070759880549	913512	2747	913512	0
pop1	NC_091016.1	72000001	73000000	0.0032235175301892	918872	2962	918872	0
pop1	NC_091016.1	73000001	74000000	0.0033561636401133	921290	3092	921290	0
pop1	NC_091016.1	74000001	75000000	0.0032357181814745	925915	2996	925915	0
pop1	NC_091016.1	75000001	76000000	0.0030626667045313	915542	2804	915542	0
pop1	NC_091016.1	76000001	77000000	0.0031811828216128	912868	2904	912868	0
pop1	NC_091016.1	77000001	78000000	0.0032803827625211	911479	2990	911479	0
pop1	NC_091016.1	78000001	79000000	0.0029264096584487	925366	2708	925366	0
pop1	NC_091016.1	79000001	80000000	0.0025225978138952	909380	2294	909380	0
pop1	NC_091016.1	80000001	81000000	0.0024878309060615	916461	2280	916461	0
pop1	NC_091016.1	81000001	82000000	0.0032643802635346	897567	2930	897567	0
pop1	NC_091016.1	82000001	83000000	0.0033825402231009	913219	3089	913219	0
pop1	NC_091016.1	83000001	84000000	0.003136609925989	922971	2895	922971	0
pop1	NC_091016.1	84000001	85000000	0.0022887576269128	914033	2092	914033	0
pop1	NC_091016.1	85000001	86000000	0.0030116389151863	897850	2704	897850	0
pop1	NC_091016.1	86000001	87000000	0.0029545560622128	921289	2722	921289	0
pop1	NC_091016.1	87000001	88000000	0.0025379880200858	916868	2327	916868	0
pop1	NC_091016.1	88000001	89000000	0.0025201821231311	919378	2317	919378	0
pop1	NC_091016.1	89000001	90000000	0.0027454314390994	908054	2493	908054	0
pop1	NC_091016.1	90000001	91000000	0.0032975127300998	905531	2986	905531	0
pop1	NC_091016.1	91000001	92000000	0.0030713121309727	915244	2811	915244	0
pop1	NC_091016.1	92000001	93000000	0.0025074714539499	912473	2288	912473	0
pop1	NC_091016.1	93000001	94000000	0.0029132336133323	921313	2684	921313	0
pop1	NC_091016.1	94000001	95000000	0.0026392618386383	913513	2411	913513	0
pop1	NC_091016.1	95000001	96000000	0.0029071473740984	902947	2625	902947	0
pop1	NC_091016.1	96000001	97000000	0.0023609240443694	901342	2128	901342	0
pop1	NC_091016.1	97000001	98000000	0.0032134567803938	900899	2895	900899	0
pop1	NC_091016.1	98000001	99000000	0.002921071126028	900697	2631	900697	0
pop1	NC_091016.1	99000001	100000000	0.0029776196145759	912138	2716	912138	0
pop1	NC_091016.1	100000001	101000000	0.002715191765191	916694	2489	916694	0
pop1	NC_091016.1	101000001	102000000	0.0024147486790166	897816	2168	897816	0
pop1	NC_091016.1	102000001	103000000	0.0021095140737085	907792	1915	907792	0
pop1	NC_091016.1	103000001	104000000	0.0032668259878842	899650	2939	899650	0
pop1	NC_091016.1	104000001	105000000	0.0025698672141877	892264	2293	892264	0
pop1	NC_091016.1	105000001	106000000	0.0016748814974142	741545	1242	741545	0
pop1	NC_091016.1	106000001	107000000	0.002445507233088	894293	2187	894293	0
pop1	NC_091016.1	107000001	108000000	0.0027347927020483	902445	2468	902445	0
pop1	NC_091016.1	108000001	109000000	0.0027539059492727	909254	2504	909254	0
pop1	NC_091016.1	109000001	110000000	0.0021542952655682	896813	1932	896813	0
pop1	NC_091016.1	110000001	111000000	0.0025488761426935	918444	2341	918444	0
pop1	NC_091016.1	111000001	112000000	0.0026166608518648	900002	2355	900002	0
pop1	NC_091016.1	112000001	113000000	0.0031905201059502	898913	2868	898913	0
pop1	NC_091016.1	113000001	114000000	0.0029095777683441	918690	2673	918690	0
pop1	NC_091016.1	114000001	115000000	0.0032978868129875	882080	2909	882080	0
pop1	NC_091016.1	115000001	116000000	0.0027485062347751	918317	2524	918317	0
pop1	NC_091016.1	116000001	117000000	0.0029002180103319	910966	2642	910966	0
pop1	NC_091016.1	117000001	118000000	0.0028348438127101	904459	2564	904459	0
pop1	NC_091016.1	118000001	119000000	0.0029566021934543	923019	2729	923019	0
pop1	NC_091016.1	119000001	120000000	0.0035100035100035	917378	3220	917378	0
pop1	NC_091016.1	120000001	121000000	0.0028098792161666	927442	2606	927442	0
pop1	NC_091016.1	121000001	122000000	0.0039500805187881	922766	3645	922766	0
pop1	NC_091016.1	122000001	123000000	0.0052605496893226	918155	4830	918155	0
pop1	NC_091016.1	123000001	124000000	0.0044384403429908	933436	4143	933436	0
pop1	NC_091016.1	124000001	125000000	0.012528948893289	529813	6638	529813	0
pop1	NC_091016.1	125000001	126000000	0.0050943780998175	779683	3972	779683	0
pop1	NC_091016.1	126000001	127000000	0.00091289651372223	121591	111	121591	0
pop1	NC_091017.1	1	1000000	0.0025808522986873	566867	1463	566867	0
pop1	NC_091017.1	1000001	2000000	0.0031974727140591	912283	2917	912283	0
pop1	NC_091017.1	2000001	3000000	0.0036837582477397	933286	3438	933286	0
pop1	NC_091017.1	3000001	4000000	0.0036260377613329	918082	3329	918082	0
pop1	NC_091017.1	4000001	5000000	0.0038573553273514	916431	3535	916431	0
pop1	NC_091017.1	5000001	6000000	0.0036233458638448	920420	3335	920420	0
pop1	NC_091017.1	6000001	7000000	0.0042620634927556	917396	3910	917396	0
pop1	NC_091017.1	7000001	8000000	0.003710213286823	892132	3310	892132	0
pop1	NC_091017.1	8000001	9000000	0.0037344493698037	783248	2925	783248	0
pop1	NC_091017.1	9000001	10000000	0.0024721196770794	906105	2240	906105	0
pop1	NC_091017.1	10000001	11000000	0.00064418799277629	908120	585	908120	0
pop1	NC_091017.1	11000001	12000000	0.00064270279297379	197603	127	197603	0
pop1	NC_091017.1	12000001	13000000	0.0003550918117194	292882	104	292882	0
pop1	NC_091017.1	13000001	14000000	0.00083653146026202	913295	764	913295	0
pop1	NC_091017.1	14000001	15000000	0.0017128746318509	420346	720	420346	0
pop1	NC_091017.1	15000001	16000000	0.0035703957466687	899060	3210	899060	0
pop1	NC_091017.1	16000001	17000000	0.0032539085794291	925656	3012	925656	0
pop1	NC_091017.1	17000001	18000000	0.003590605882219	922407	3312	922407	0
pop1	NC_091017.1	18000001	19000000	0.0039112254883878	921706	3605	921706	0
pop1	NC_091017.1	19000001	20000000	0.004291440594483	911582	3912	911582	0
pop1	NC_091017.1	20000001	21000000	0.00355472404116	908650	3230	908650	0
pop1	NC_091017.1	21000001	22000000	0.003748210735154	919372	3446	919372	0
pop1	NC_091017.1	22000001	23000000	0.0039144569278564	914814	3581	914814	0
pop1	NC_091017.1	23000001	24000000	0.0039339888518699	911543	3586	911543	0
pop1	NC_091017.1	24000001	25000000	0.0034492119683605	913542	3151	913542	0
pop1	NC_091017.1	25000001	26000000	0.0031043303873707	618813	1921	618813	0
pop1	NC_091017.1	26000001	27000000	0.00048751421916473	36922	18	36922	0
pop1	NC_091017.1	27000001	28000000	0.003120523179607	853703	2664	853703	0
pop1	NC_091017.1	28000001	29000000	0.0029076464857033	720514	2095	720514	0
pop1	NC_091017.1	29000001	30000000	0.0035794966606316	914095	3272	914095	0
pop1	NC_091017.1	30000001	31000000	0.0035629440601262	907957	3235	907957	0
pop1	NC_091017.1	31000001	32000000	0.0030675447241494	919302	2820	919302	0
pop1	NC_091017.1	32000001	33000000	0.0028299473979652	903197	2556	903197	0
pop1	NC_091017.1	33000001	34000000	0.0026169723776072	922440	2414	922440	0
pop1	NC_091017.1	34000001	35000000	0.0033156001798292	907528	3009	907528	0
pop1	NC_091017.1	35000001	36000000	0.0038248914506452	920549	3521	920549	0
pop1	NC_091017.1	36000001	37000000	0.0036846675072973	916772	3378	916772	0
pop1	NC_091017.1	37000001	38000000	0.0037977137271926	366273	1391	366273	0
pop1	NC_091017.1	38000001	39000000	0.0033749520603401	234670	792	234670	0
pop1	NC_091017.1	39000001	40000000	0.0031821562964908	914160	2909	914160	0
pop1	NC_091017.1	40000001	41000000	0.0026873983367566	917244	2465	917244	0
pop1	NC_091017.1	41000001	42000000	0.0030082818560868	908492	2733	908492	0
pop1	NC_091017.1	42000001	43000000	0.0035800119080214	920388	3295	920388	0
pop1	NC_091017.1	43000001	44000000	0.0036699409580248	916636	3364	916636	0
pop1	NC_091017.1	44000001	45000000	0.0028781502707784	912739	2627	912739	0
pop1	NC_091017.1	45000001	46000000	0.0022116082569632	912006	2017	912006	0
pop1	NC_091017.1	46000001	47000000	0.0022621706755166	912398	2064	912398	0
pop1	NC_091017.1	47000001	48000000	0.0025126963701559	903014	2269	903014	0
pop1	NC_091017.1	48000001	49000000	0.0027920877738016	915444	2556	915444	0
pop1	NC_091017.1	49000001	50000000	0.0023591552396805	908376	2143	908376	0
pop1	NC_091017.1	50000001	51000000	0.002577872079797	914320	2357	914320	0
pop1	NC_091017.1	51000001	52000000	0.00267101781735	915007	2444	915007	0
pop1	NC_091017.1	52000001	53000000	0.0020638044918485	910939	1880	910939	0
pop1	NC_091017.1	53000001	54000000	0.0027020139889635	910432	2460	910432	0
pop1	NC_091017.1	54000001	55000000	0.0026304613348521	911247	2397	911247	0
pop1	NC_091017.1	55000001	56000000	0.0020834261655286	920119	1917	920119	0
pop1	NC_091017.1	56000001	57000000	0.0017996849451294	909048	1636	909048	0
pop1	NC_091017.1	57000001	58000000	0.0024313064706585	904452	2199	904452	0
pop1	NC_091017.1	58000001	59000000	0.0029714993317942	917382	2726	917382	0
pop1	NC_091017.1	59000001	60000000	0.0024505220891439	914499	2241	914499	0
pop1	NC_091017.1	60000001	61000000	0.0019002791138827	902499	1715	902499	0
pop1	NC_091017.1	61000001	62000000	0.0019456081335591	915909	1782	915909	0
pop1	NC_091017.1	62000001	63000000	0.002622486510585	915162	2400	915162	0
pop1	NC_091017.1	63000001	64000000	0.0024837671195504	916350	2276	916350	0
pop1	NC_091017.1	64000001	65000000	0.0023998055967095	892989	2143	892989	0
pop1	NC_091017.1	65000001	66000000	0.0028959476689395	901950	2612	901950	0
pop1	NC_091017.1	66000001	67000000	0.0030101509644559	919223	2767	919223	0
pop1	NC_091017.1	67000001	68000000	0.0029945186572249	909996	2725	909996	0
pop1	NC_091017.1	68000001	69000000	0.0034982343817036	909030	3180	909030	0
pop1	NC_091017.1	69000001	70000000	0.003654170843954	915666	3346	915666	0
pop1	NC_091017.1	70000001	71000000	0.0026565911694779	917341	2437	917341	0
pop1	NC_091017.1	71000001	72000000	0.0029888186743312	916081	2738	916081	0
pop1	NC_091017.1	72000001	73000000	0.0029633903283332	915168	2712	915168	0
pop1	NC_091017.1	73000001	74000000	0.0038705118040249	916933	3549	916933	0
pop1	NC_091017.1	74000001	75000000	0.0047200866151205	914390	4316	914390	0
pop1	NC_091017.1	75000001	76000000	0.0042450543083288	909529	3861	909529	0
pop1	NC_091017.1	76000001	77000000	0.0049675314959452	935676	4648	935676	0
pop1	NC_091017.1	77000001	78000000	0.0067108569782367	777546	5218	777546	0
pop1	NC_091017.1	78000001	79000000	0.0065279641162218	898902	5868	898902	0
pop1	NC_091017.1	79000001	80000000	0.002558855541143	536568	1373	536568	0
pop1	NC_091018.1	1	1000000	0.0016493129416866	857933	1415	857933	0
pop1	NC_091018.1	1000001	2000000	0.0033499417168102	931658	3121	931658	0
pop1	NC_091018.1	2000001	3000000	0.0039312586405001	925149	3637	925149	0
pop1	NC_091018.1	3000001	4000000	0.0045022229115532	921989	4151	921989	0
pop1	NC_091018.1	4000001	5000000	0.0037754518361596	931809	3518	931809	0
pop1	NC_091018.1	5000001	6000000	0.0040008618540847	946796	3788	946796	0
pop1	NC_091018.1	6000001	7000000	0.0032541585737692	921590	2999	921590	0
pop1	NC_091018.1	7000001	8000000	0.00080582118214843	913354	736	913354	0
pop1	NC_091018.1	8000001	9000000	0.00081545567774979	179041	146	179041	0
pop1	NC_091018.1	9000001	10000000	0.00061822299094894	863766	534	863766	0
pop1	NC_091018.1	10000001	11000000	0.0015430008227135	907971	1401	907971	0
pop1	NC_091018.1	11000001	12000000	0.0025179742701299	919787	2316	919787	0
pop1	NC_091018.1	12000001	13000000	0.0031550217158206	923290	2913	923290	0
pop1	NC_091018.1	13000001	14000000	0.0023193074185208	766177	1777	766177	0
pop1	NC_091018.1	14000001	15000000	0.0028028714855626	737458	2067	737458	0
pop1	NC_091018.1	15000001	16000000	0.0035215598083182	910676	3207	910676	0
pop1	NC_091018.1	16000001	17000000	0.0042863705855457	916393	3928	916393	0
pop1	NC_091018.1	17000001	18000000	0.0038656656619502	916013	3541	916013	0
pop1	NC_091018.1	18000001	19000000	0.0041797067804976	921835	3853	921835	0
pop1	NC_091018.1	19000001	20000000	0.0037538794380127	931836	3498	931836	0
pop1	NC_091018.1	20000001	21000000	0.0042985060579095	934976	4019	934976	0
pop1	NC_091018.1	21000001	22000000	0.0034069454487025	796608	2714	796608	0
pop1	NC_091019.1	1	1000000	0.00076666666666667	30000	23	30000	0
pop1	NC_091019.1	1000001	2000000	0.0049121937716686	653883	3212	653883	0
pop1	NC_091019.1	2000001	3000000	0.005360606156503	884788	4743	884788	0
pop1	NC_091019.1	3000001	4000000	0.0038588035908164	944075	3643	944075	0
pop1	NC_091019.1	4000001	5000000	0.0042016409558379	211584	889	211584	0
pop1	NC_091019.1	5000001	6000000	0.0023739806005742	279699	664	279699	0
pop1	NC_091019.1	6000001	7000000	0.0018274312781353	918776	1679	918776	0
pop1	NC_091019.1	7000001	8000000	0.00056661299011657	681241	386	681241	0
pop1	NC_091019.1	8000001	9000000	0.0004169304953485	513275	214	513275	0
pop1	NC_091019.1	9000001	10000000	0.0012380420198154	896577	1110	896577	0
pop1	NC_091019.1	10000001	11000000	0.0032836731802478	917570	3013	917570	0
pop1	NC_091019.1	11000001	12000000	0.004007452378798	917291	3676	917291	0
pop1	NC_091019.1	12000001	13000000	0.003617018969014	922030	3335	922030	0
pop1	NC_091019.1	13000001	14000000	0.0038164552305022	924156	3527	924156	0
pop1	NC_091019.1	14000001	15000000	0.0038379856551413	903599	3468	903599	0
pop1	NC_091019.1	15000001	16000000	0.0039479803186352	922497	3642	922497	0
pop1	NC_091019.1	16000001	17000000	0.0037884516499803	925708	3507	925708	0
pop1	NC_091019.1	17000001	18000000	0.0039293648595065	920505	3617	920505	0
pop1	NC_091019.1	18000001	19000000	0.003573582317256	917007	3277	917007	0
pop1	NC_091019.1	19000001	20000000	0.0035089539383604	925347	3247	925347	0
pop1	NC_091019.1	20000001	21000000	0.0024166285819913	881807	2131	881807	0
pop1	NC_091019.1	21000001	22000000	0.0029510979755732	909492	2684	909492	0
pop1	NC_091019.1	22000001	23000000	0.0031219161128164	917065	2863	917065	0
pop1	NC_091019.1	23000001	24000000	0.0033111564219297	910256	3014	910256	0
pop1	NC_091019.1	24000001	25000000	0.0039447947884878	912595	3600	912595	0
pop1	NC_091019.1	25000001	26000000	0.0032770344421671	915767	3001	915767	0
pop1	NC_091019.1	26000001	27000000	0.0034989955876032	911976	3191	911976	0
pop1	NC_091019.1	27000001	28000000	0.0026735019819285	916027	2449	916027	0
pop1	NC_091019.1	28000001	29000000	0.0019619105957342	917473	1800	917473	0
pop1	NC_091019.1	29000001	30000000	0.0023505242715026	908308	2135	908308	0
pop1	NC_091019.1	30000001	31000000	0.0030413499949564	921959	2804	921959	0
pop1	NC_091019.1	31000001	32000000	0.0023983766845547	918121	2202	918121	0
pop1	NC_091019.1	32000001	33000000	0.0023516670364602	910418	2141	910418	0
pop1	NC_091019.1	33000001	34000000	0.0022155888965539	917589	2033	917589	0
pop1	NC_091019.1	34000001	35000000	0.001904303573645	918446	1749	918446	0
pop1	NC_091019.1	35000001	36000000	0.0024965304599791	910063	2272	910063	0
pop1	NC_091019.1	36000001	37000000	0.0019839615878361	899715	1785	899715	0
pop1	NC_091019.1	37000001	38000000	0.0020373254638358	914925	1864	914925	0
pop1	NC_091019.1	38000001	39000000	0.0029560127813403	915084	2705	915084	0
pop1	NC_091019.1	39000001	40000000	0.0021229876186232	919930	1953	919930	0
pop1	NC_091019.1	40000001	41000000	0.0018615188061694	911084	1696	911084	0
pop1	NC_091019.1	41000001	42000000	0.0015672764060919	914325	1433	914325	0
pop1	NC_091019.1	42000001	43000000	0.0024981686969261	921475	2302	921475	0
pop1	NC_091019.1	43000001	44000000	0.0026614088142655	923571	2458	923571	0
pop1	NC_091019.1	44000001	45000000	0.0016435225874495	910240	1496	910240	0
pop1	NC_091019.1	45000001	46000000	0.0019189052071762	914584	1755	914584	0
pop1	NC_091019.1	46000001	47000000	0.002269601857047	908970	2063	908970	0
pop1	NC_091019.1	47000001	48000000	0.0024069209747864	905306	2179	905306	0
pop1	NC_091019.1	48000001	49000000	0.0029611820314995	917539	2717	917539	0
pop1	NC_091019.1	49000001	50000000	0.0028849617388401	910584	2627	910584	0
pop1	NC_091019.1	50000001	51000000	0.0022851934545765	915021	2091	915021	0
pop1	NC_091019.1	51000001	52000000	0.0022609934707714	922161	2085	922161	0
pop1	NC_091019.1	52000001	53000000	0.0027641445349444	915654	2531	915654	0
pop1	NC_091019.1	53000001	54000000	0.0030681271834766	921409	2827	921409	0
pop1	NC_091019.1	54000001	55000000	0.0023345822003852	905087	2113	905087	0
pop1	NC_091019.1	55000001	56000000	0.0028525722389027	913912	2607	913912	0
pop1	NC_091019.1	56000001	57000000	0.0026964082113465	925305	2495	925305	0
pop1	NC_091019.1	57000001	58000000	0.0026157872115861	919035	2404	919035	0
pop1	NC_091019.1	58000001	59000000	0.0037323996368476	921927	3441	921927	0
pop1	NC_091019.1	59000001	60000000	0.003733877949697	900940	3364	900940	0
pop1	NC_091019.1	60000001	61000000	0.0034760902528872	924602	3214	924602	0
pop1	NC_091019.1	61000001	62000000	0.0039842254509952	911595	3632	911595	0
pop1	NC_091019.1	62000001	63000000	0.0039056343520961	869257	3395	869257	0
pop1	NC_091019.1	63000001	64000000	0.0040465298348319	855795	3463	855795	0
pop1	NC_091019.1	64000001	65000000	0.004080853245909	932158	3804	932158	0
pop1	NC_091019.1	65000001	66000000	0.0047314481944519	931850	4409	931850	0
pop1	NC_091019.1	66000001	67000000	0.0061541680011301	927339	5707	927339	0
pop1	NC_091019.1	67000001	68000000	0.0040494690670912	881844	3571	881844	0
pop1	NC_091019.1	68000001	69000000	0.0020215633423181	1484	3	1484	0
pop1	NC_091020.1	1	1000000	0.00055664841623172	820985	457	820985	0
pop1	NC_091020.1	1000001	2000000	0.00043848801556092	925909	406	925909	0
pop1	NC_091020.1	2000001	3000000	0.00080300825396535	875458	703	875458	0
pop1	NC_091020.1	3000001	4000000	0.0010329827207714	742510	767	742510	0
pop1	NC_091020.1	4000001	5000000	0.0012116887791834	933408	1131	933408	0
pop1	NC_091020.1	5000001	6000000	0.0024631737861806	906148	2232	906148	0
pop1	NC_091020.1	6000001	7000000	0.0017325453653326	921188	1596	921188	0
pop1	NC_091020.1	7000001	8000000	0.0013872963293272	918333	1274	918333	0
pop1	NC_091020.1	8000001	9000000	0.0037484327533756	925987	3471	925987	0
pop1	NC_091020.1	9000001	10000000	0.0035185274693406	910324	3203	910324	0
pop1	NC_091020.1	10000001	11000000	0.0035548597762497	908334	3229	908334	0
pop1	NC_091020.1	11000001	12000000	0.0037978416769269	912097	3464	912097	0
pop1	NC_091020.1	12000001	13000000	0.0027767335083372	923027	2563	923027	0
pop1	NC_091020.1	13000001	14000000	0.0028894864128716	917118	2650	917118	0
pop1	NC_091020.1	14000001	15000000	0.0021586293519218	919565	1985	919565	0
pop1	NC_091020.1	15000001	16000000	0.0020027251995314	910759	1824	910759	0
pop1	NC_091020.1	16000001	17000000	0.0023644570842772	907185	2145	907185	0
pop1	NC_091020.1	17000001	18000000	0.0024096279587197	909684	2192	909684	0
pop1	NC_091020.1	18000001	19000000	0.0034625380149295	904250	3131	904250	0
pop1	NC_091020.1	19000001	20000000	0.0036291435287237	909581	3301	909581	0
pop1	NC_091020.1	20000001	21000000	0.0030038991874877	918140	2758	918140	0
pop1	NC_091020.1	21000001	22000000	0.0028058337055653	922364	2588	922364	0
pop1	NC_091020.1	22000001	23000000	0.0034700469585516	921025	3196	921025	0
pop1	NC_091020.1	23000001	24000000	0.003109176030369	921466	2865	921466	0
pop1	NC_091020.1	24000001	25000000	0.0025471481886706	924956	2356	924956	0
pop1	NC_091020.1	25000001	26000000	0.0034514064151809	910933	3144	910933	0
pop1	NC_091020.1	26000001	27000000	0.0036442635609383	923369	3365	923369	0
pop1	NC_091020.1	27000001	28000000	0.003139461265836	919266	2886	919266	0
pop1	NC_091020.1	28000001	29000000	0.0029220145953525	815191	2382	815191	0
pop1	NC_091020.1	29000001	30000000	0.0035555266311982	921945	3278	921945	0
pop1	NC_091020.1	30000001	31000000	0.0035442325719919	909929	3225	909929	0
pop1	NC_091020.1	31000001	32000000	0.0038872681449003	926872	3603	926872	0
pop1	NC_091020.1	32000001	33000000	0.0042530926816561	905929	3853	905929	0
pop1	NC_091020.1	33000001	34000000	0.0039278873531087	927216	3642	927216	0
pop1	NC_091020.1	34000001	35000000	0.0044325850367196	930157	4123	930157	0
pop1	NC_091020.1	35000001	36000000	0.0040365601915119	934459	3772	934459	0
pop1	NC_091020.1	36000001	37000000	0.0031977181257776	917842	2935	917842	0
pop1	NC_091020.1	37000001	38000000	0.00097144852081784	131762	128	131762	0
pop1	NC_091021.1	1	1000000	0.0011517815762418	800499	922	800499	0
pop1	NC_091021.1	1000001	2000000	0.0028642070171993	926609	2654	926609	0
pop1	NC_091021.1	2000001	3000000	0.0036292586225045	912032	3310	912032	0
pop1	NC_091021.1	3000001	4000000	0.0021555297628917	922743	1989	922743	0
pop1	NC_091021.1	4000001	5000000	0.00097454914685562	906060	883	906060	0
pop1	NC_091021.1	5000001	6000000	0.0015373144567162	889213	1367	889213	0
pop1	NC_091021.1	6000001	7000000	0.0024164137838811	852503	2060	852503	0
pop1	NC_091021.1	7000001	8000000	0.0040332115925274	913416	3684	913416	0
pop1	NC_091021.1	8000001	9000000	0.0033734377178656	925169	3121	925169	0
pop1	NC_091021.1	9000001	10000000	0.0035004412054113	787615	2757	787615	0
pop1	NC_091021.1	10000001	11000000	0.00350205041185	905184	3170	905184	0
pop1	NC_091021.1	11000001	12000000	0.0032512294997634	874746	2844	874746	0
pop1	NC_091021.1	12000001	13000000	0.0026725723590536	919339	2457	919339	0
pop1	NC_091021.1	13000001	14000000	0.0023795205201138	922875	2196	922875	0
pop1	NC_091021.1	14000001	15000000	0.002592582067464	914918	2372	914918	0
pop1	NC_091021.1	15000001	16000000	0.0030015431165234	909199	2729	909199	0
pop1	NC_091021.1	16000001	17000000	0.002619352494333	924656	2422	924656	0
pop1	NC_091021.1	17000001	18000000	0.0026497881475869	918564	2434	918564	0
pop1	NC_091021.1	18000001	19000000	0.002191248707272	919567	2015	919567	0
pop1	NC_091021.1	19000001	20000000	0.0019247444409202	923759	1778	923759	0
pop1	NC_091021.1	20000001	21000000	0.0022796194578599	913749	2083	913749	0
pop1	NC_091021.1	21000001	22000000	0.0019292179572171	923172	1781	923172	0
pop1	NC_091021.1	22000001	23000000	0.002044256789344	912312	1865	912312	0
pop1	NC_091021.1	23000001	24000000	0.0027738020799683	913187	2533	913187	0
pop1	NC_091021.1	24000001	25000000	0.0028311361453397	913061	2585	913061	0
pop1	NC_091021.1	25000001	26000000	0.0034205149347384	662181	2265	662181	0
pop1	NC_091021.1	26000001	27000000	0.0039072932076705	902415	3526	902415	0
pop1	NC_091021.1	27000001	28000000	0.0026025817524195	921777	2399	921777	0
pop1	NC_091021.1	28000001	29000000	0.0028052904118092	918265	2576	918265	0
pop1	NC_091021.1	29000001	30000000	0.0032706619026409	922749	3018	922749	0
pop1	NC_091021.1	30000001	31000000	0.0033908610702439	921005	3123	921005	0
pop1	NC_091021.1	31000001	32000000	0.0038288883020861	916454	3509	916454	0
pop1	NC_091021.1	32000001	33000000	0.0041795069751638	930014	3887	930014	0
pop1	NC_091021.1	33000001	34000000	0.0034749360763317	923758	3210	923758	0
pop1	NC_091021.1	34000001	35000000	0.0037984455227761	928801	3528	928801	0
pop1	NC_091021.1	35000001	36000000	0.003957202619866	919589	3639	919589	0
pop1	NC_091021.1	36000001	37000000	0.0031468981035037	933300	2937	933300	0
pop1	NC_091021.1	37000001	38000000	0.0042927678355683	935294	4015	935294	0
pop1	NC_091021.1	38000001	39000000	0.0052669436993834	923116	4862	923116	0
pop1	NC_091021.1	39000001	40000000	0.0032081455624607	927327	2975	927327	0
pop1	NC_091021.1	40000001	41000000	0.0013941836401263	45905	64	45905	0
pop1	NC_091022.1	1	1000000	0.0022774221007993	448753	1022	448753	0
pop1	NC_091022.1	1000001	2000000	0.0025563416856104	939624	2402	939624	0
pop1	NC_091022.1	2000001	3000000	0.0046176001691138	908264	4194	908264	0
pop1	NC_091022.1	3000001	4000000	0.0046220687670839	868875	4016	868875	0
pop1	NC_091022.1	4000001	5000000	0.0033017593756348	895886	2958	895886	0
pop1	NC_091022.1	5000001	6000000	0.00071174377224199	807875	575	807875	0
pop1	NC_091022.1	6000001	7000000	0.00027862208713273	355320	99	355320	0
pop1	NC_091022.1	7000001	8000000	0.0011537710943883	932594	1076	932594	0
pop1	NC_091022.1	8000001	9000000	0.0022985411953696	936246	2152	936246	0
pop1	NC_091022.1	9000001	10000000	0.0030835375515357	900589	2777	900589	0
pop1	NC_091022.1	10000001	11000000	0.0030561489913404	919785	2811	919785	0
pop1	NC_091022.1	11000001	12000000	0.0027471751258941	920218	2528	920218	0
pop1	NC_091022.1	12000001	13000000	0.003445545731939	908129	3129	908129	0
pop1	NC_091022.1	13000001	14000000	0.0034831795502103	916117	3191	916117	0
pop1	NC_091022.1	14000001	15000000	0.0027104937632487	917545	2487	917545	0
pop1	NC_091022.1	15000001	16000000	0.0027135447664165	919093	2494	919093	0
pop1	NC_091022.1	16000001	17000000	0.0024104358725449	912698	2200	912698	0
pop1	NC_091022.1	17000001	18000000	0.0022228381556907	912797	2029	912797	0
pop1	NC_091022.1	18000001	19000000	0.0028613269022434	918455	2628	918455	0
pop1	NC_091022.1	19000001	20000000	0.0027672198217018	922948	2554	922948	0
pop1	NC_091022.1	20000001	21000000	0.0030061676957024	920441	2767	920441	0
pop1	NC_091022.1	21000001	22000000	0.0032303614663089	915687	2958	915687	0
pop1	NC_091022.1	22000001	23000000	0.002528797784126	920991	2329	920991	0
pop1	NC_091022.1	23000001	24000000	0.0028123575183835	925558	2603	925558	0
pop1	NC_091022.1	24000001	25000000	0.0037791406841828	934604	3532	934604	0
pop1	NC_091022.1	25000001	26000000	0.0035920457633834	916191	3291	916191	0
pop1	NC_091022.1	26000001	27000000	0.0029584834131464	920066	2722	920066	0
pop1	NC_091022.1	27000001	28000000	0.0032545523320161	927931	3020	927931	0
pop1	NC_091022.1	28000001	29000000	0.0036218132225131	932682	3378	932682	0
pop1	NC_091022.1	29000001	30000000	0.0038503402526612	933424	3594	933424	0
pop1	NC_091022.1	30000001	31000000	0.0030930950632009	929813	2876	929813	0
pop1	NC_091022.1	31000001	32000000	0.0044797039278579	942473	4222	942473	0
pop1	NC_091022.1	32000001	33000000	0.003990439347588	926715	3698	926715	0
pop1	NC_091022.1	33000001	34000000	0.00069806829625561	262152	183	262152	0
pop1	NC_091023.1	1	1000000	0.003047150439735	516220	1573	516220	0
pop1	NC_091023.1	1000001	2000000	0.0041497708888092	675218	2802	675218	0
pop1	NC_091023.1	2000001	3000000	0.0053492995962246	930963	4980	930963	0
pop1	NC_091023.1	3000001	4000000	0.0041807920084961	862516	3606	862516	0
pop1	NC_091023.1	4000001	5000000	0.0042280696848522	894025	3780	894025	0
pop1	NC_091023.1	5000001	6000000	0.0032466083177191	918497	2982	918497	0
pop1	NC_091023.1	6000001	7000000	0.0024426352469861	914586	2234	914586	0
pop1	NC_091023.1	7000001	8000000	0.0021075351688843	923828	1947	923828	0
pop1	NC_091023.1	8000001	9000000	0.0018144001416117	926477	1681	926477	0
pop1	NC_091023.1	9000001	10000000	0.0013556187179755	823978	1117	823978	0
pop1	NC_091023.1	10000001	11000000	0.0014188569549945	924688	1312	924688	0
pop1	NC_091023.1	11000001	12000000	0.0015952290914149	920244	1468	920244	0
pop1	NC_091023.1	12000001	13000000	0.0018640103529747	926497	1727	926497	0
pop1	NC_091023.1	13000001	14000000	0.0021938734053791	910718	1998	910718	0
pop1	NC_091023.1	14000001	15000000	0.0023897540154156	874567	2090	874567	0
pop1	NC_091023.1	15000001	16000000	0.0032953163416192	914328	3013	914328	0
pop1	NC_091023.1	16000001	17000000	0.0027263984062377	931632	2540	931632	0
pop1	NC_091023.1	17000001	18000000	0.0030352650299297	922160	2799	922160	0
pop1	NC_091023.1	18000001	19000000	0.0028443249961911	912343	2595	912343	0
pop1	NC_091023.1	19000001	20000000	0.0033700037264464	925815	3120	925815	0
pop1	NC_091023.1	20000001	21000000	0.0034757123473541	921250	3202	921250	0
pop1	NC_091023.1	21000001	22000000	0.0038337262463376	929383	3563	929383	0
pop1	NC_091023.1	22000001	23000000	0.0039068074590944	931963	3641	931963	0
pop1	NC_091023.1	23000001	24000000	0.0040114724027247	930581	3733	930581	0
pop1	NC_091023.1	24000001	25000000	0.005161396121978	939087	4847	939087	0
pop1	NC_091023.1	25000001	26000000	0.0047335320141899	930806	4406	930806	0
pop1	NC_091023.1	26000001	27000000	0.0020986608339313	925352	1942	925352	0
pop1	NC_091023.1	27000001	28000000	0.0028331738906468	27178	77	27178	0
pop1	NC_091024.1	1	1000000	0.0015332514962337	837436	1284	837436	0
pop1	NC_091024.1	1000001	2000000	0.0033484858808757	924597	3096	924597	0
pop1	NC_091024.1	2000001	3000000	0.0030864029643394	919193	2837	919193	0
pop1	NC_091024.1	3000001	4000000	0.0037577345980613	921832	3464	921832	0
pop1	NC_091024.1	4000001	5000000	0.0038477893923812	921828	3547	921828	0
pop1	NC_091024.1	5000001	6000000	0.0036728213369542	930892	3419	930892	0
pop1	NC_091024.1	6000001	7000000	0.003972197877	919642	3653	919642	0
pop1	NC_091024.1	7000001	8000000	0.0031307777640823	932995	2921	932995	0
pop1	NC_091024.1	8000001	9000000	0.0028280841236652	929251	2628	929251	0
pop1	NC_091024.1	9000001	10000000	0.0026254622688923	933169	2450	933169	0
pop1	NC_091024.1	10000001	11000000	0.0022779530735247	934611	2129	934611	0
pop1	NC_091024.1	11000001	12000000	0.0029836188464192	939128	2802	939128	0
pop1	NC_091024.1	12000001	13000000	0.0048800504914516	928474	4531	928474	0
pop1	NC_091024.1	13000001	14000000	0.0030272013962682	921313	2789	921313	0
pop1	NC_091024.1	14000001	15000000	0.0025462100056461	917442	2336	917442	0
pop1	NC_091024.1	15000001	16000000	0.0023163257706848	913084	2115	913084	0
pop1	NC_091024.1	16000001	17000000	0.001129993136582	910625	1029	910625	0
pop1	NC_091024.1	17000001	18000000	0.00069064360673714	519805	359	519805	0
pop1	NC_091024.1	18000001	19000000	0.00069782652840277	891339	622	891339	0
pop1	NC_091024.1	19000001	20000000	0.0049536010776822	867046	4295	867046	0
pop1	NC_091024.1	20000001	21000000	0.0035690044946583	935555	3339	935555	0
pop1	NC_091024.1	21000001	22000000	0.0028230913613404	327655	925	327655	0
pop1	NC_091025.1	1	1000000	0.00100652880344	843493	849	843493	0
pop1	NC_091025.1	1000001	2000000	0.0039702904306312	939226	3729	939226	0
pop1	NC_091025.1	2000001	3000000	0.0046099093061887	950561	4382	950561	0
pop1	NC_091025.1	3000001	4000000	0.0044628079821786	939543	4193	939543	0
pop1	NC_091025.1	4000001	5000000	0.0036532688521399	935053	3416	935053	0
pop1	NC_091025.1	5000001	6000000	0.0031584127894085	924515	2920	924515	0
pop1	NC_091025.1	6000001	7000000	0.0036226568163773	926944	3358	926944	0
pop1	NC_091025.1	7000001	8000000	0.0031689888547997	921114	2919	921114	0
pop1	NC_091025.1	8000001	9000000	0.0028524746334674	917449	2617	917449	0
pop1	NC_091025.1	9000001	10000000	0.0029948927830547	924574	2769	924574	0
pop1	NC_091025.1	10000001	11000000	0.0028044850137359	924947	2594	924947	0
pop1	NC_091025.1	11000001	12000000	0.0032347147762511	919401	2974	919401	0
pop1	NC_091025.1	12000001	13000000	0.0031815857340027	909295	2893	909295	0
pop1	NC_091025.1	13000001	14000000	0.0029400943600398	924120	2717	924120	0
pop1	NC_091025.1	14000001	15000000	0.0034441358340203	919534	3167	919534	0
pop1	NC_091025.1	15000001	16000000	0.0030181516975046	911485	2751	911485	0
pop1	NC_091025.1	16000001	17000000	0.0039880116881626	906216	3614	906216	0
pop1	NC_091025.1	17000001	18000000	0.0039398178233525	907910	3577	907910	0
pop1	NC_091025.1	18000001	19000000	0.004379414845645	892585	3909	892585	0
pop1	NC_091025.1	19000001	20000000	0.0039270574705471	897364	3524	897364	0
pop1	NC_091025.1	20000001	21000000	0.0032545419114666	892906	2906	892906	0
pop1	NC_091025.1	21000001	22000000	0.0035031947044245	286881	1005	286881	0
pop1	NC_091025.1	22000001	23000000	0.0012217470983506	6548	8	6548	0
pop1	NC_091025.1	23000001	24000000	0	5306	0	5306	0
pop1	NC_091025.1	24000001	25000000	0	7848	0	7848	0
pop1	NC_091025.1	25000001	26000000	0.00096671730423975	7241	7	7241	0
pop1	NC_091025.1	26000001	27000000	0.0019605097325305	7141	14	7141	0
pop1	NC_091025.1	27000001	28000000	0.00025354969574037	3944	1	3944	0
pop1	NC_091026.1	1	1000000	0.0019540385323992	806023	1575	806023	0
pop1	NC_091026.1	1000001	2000000	0.0036630358977518	909082	3330	909082	0
pop1	NC_091026.1	2000001	3000000	0.0043977673858582	936839	4120	936839	0
pop1	NC_091026.1	3000001	4000000	0.0032122503022279	607985	1953	607985	0
pop1	NC_091026.1	4000001	5000000	0.0025659892381973	911929	2340	911929	0
pop1	NC_091026.1	5000001	6000000	0.0025777599006957	924834	2384	924834	0
pop1	NC_091026.1	6000001	7000000	0.0028171107970215	928256	2615	928256	0
pop1	NC_091026.1	7000001	8000000	0.0038812376062804	920325	3572	920325	0
pop1	NC_091026.1	8000001	9000000	0.0032368757595736	755358	2445	755358	0
pop1	NC_091026.1	9000001	10000000	0.0023586146846489	836084	1972	836084	0
pop1	NC_091026.1	10000001	11000000	0.003115428785058	930851	2900	930851	0
pop1	NC_091026.1	11000001	12000000	0.0033731735932445	914569	3085	914569	0
pop1	NC_091026.1	12000001	13000000	0.0028768712175781	919054	2644	919054	0
pop1	NC_091026.1	13000001	14000000	0.0034030230950528	918595	3126	918595	0
pop1	NC_091026.1	14000001	15000000	0.0035663624078744	922789	3291	922789	0
pop1	NC_091026.1	15000001	16000000	0.0036640659661729	924110	3386	924110	0
pop1	NC_091026.1	16000001	17000000	0.0035773068113738	924718	3308	924718	0
pop1	NC_091026.1	17000001	18000000	0.0025766021221361	926802	2388	926802	0
pop1	NC_091026.1	18000001	19000000	0.0041831149232225	938296	3925	938296	0
pop1	NC_091026.1	19000001	20000000	0.0045712763122835	938250	4289	938250	0
pop1	NC_091026.1	20000001	21000000	0.0042035967863704	916596	3853	916596	0
pop1	NC_091026.1	21000001	22000000	0.0034706310308849	772482	2681	772482	0
pop1	NC_091026.1	22000001	23000000	0.0017495111659977	9717	17	9717	0
pop1	NC_091026.1	23000001	24000000	0.001779359430605	5058	9	5058	0
pop1	NC_091027.1	1	1000000	0.0019452868037838	872879	1698	872879	0
pop1	NC_091027.1	1000001	2000000	0.0038391352578053	944744	3627	944744	0
pop1	NC_091027.1	2000001	3000000	0.0042224453725794	938082	3961	938082	0
pop1	NC_091027.1	3000001	4000000	0.0036789754827521	936402	3445	936402	0
pop1	NC_091027.1	4000001	5000000	0.0035437076939738	932639	3305	932639	0
pop1	NC_091027.1	5000001	6000000	0.0037540100386924	928607	3486	928607	0
pop1	NC_091027.1	6000001	7000000	0.0037312347964296	928647	3465	928647	0
pop1	NC_091027.1	7000001	8000000	0.0029628679256771	919717	2725	919717	0
pop1	NC_091027.1	8000001	9000000	0.0032041541119978	921304	2952	921304	0
pop1	NC_091027.1	9000001	10000000	0.0026325504204439	929137	2446	929137	0
pop1	NC_091027.1	10000001	11000000	0.0011203096605921	914033	1024	914033	0
pop1	NC_091027.1	11000001	12000000	0.00054244676702957	812983	441	812983	0
pop1	NC_091027.1	12000001	13000000	0.00093894514753817	896751	842	896751	0
pop1	NC_091027.1	13000001	14000000	0.0017649299859272	900319	1589	900319	0
pop1	NC_091027.1	14000001	15000000	0.0030926960610536	919586	2844	919586	0
pop1	NC_091027.1	15000001	16000000	0.0039474831117891	917800	3623	917800	0
pop1	NC_091027.1	16000001	17000000	0.0041782861241265	847716	3542	847716	0
pop1	NC_091027.1	17000001	18000000	0.005868556563848	883011	5182	883011	0
pop1	NC_091027.1	18000001	19000000	0.0025911523697493	800802	2075	800802	0
pop1	NC_091027.1	19000001	20000000	0.0019956572762315	461001	920	461001	0
pop1	NC_091028.1	1	1000000	0.0030744614456671	477482	1468	477482	0
pop1	NC_091028.1	1000001	2000000	0.0043274022595503	916023	3964	916023	0
pop1	NC_091028.1	2000001	3000000	0.0045144452497571	923037	4167	923037	0
pop1	NC_091028.1	3000001	4000000	0.0035727408303975	925340	3306	925340	0
pop1	NC_091028.1	4000001	5000000	0.0041913805036125	927618	3888	927618	0
pop1	NC_091028.1	5000001	6000000	0.0040154218314894	918957	3690	918957	0
pop1	NC_091028.1	6000001	7000000	0.0033605954727932	922158	3099	922158	0
pop1	NC_091028.1	7000001	8000000	0.0027698031690286	920282	2549	920282	0
pop1	NC_091028.1	8000001	9000000	0.0035276257053366	928103	3274	928103	0
pop1	NC_091028.1	9000001	10000000	0.004674690462535	948512	4434	948512	0
pop1	NC_091028.1	10000001	11000000	0.0034986520459394	945507	3308	945507	0
pop1	NC_091028.1	11000001	12000000	0.0032383732732704	931023	3015	931023	0
pop1	NC_091028.1	12000001	13000000	0.0034466843025219	935972	3226	935972	0
pop1	NC_091028.1	13000001	14000000	0.0035071201094591	930393	3263	930393	0
pop1	NC_091028.1	14000001	15000000	0.0038939504235212	924511	3600	924511	0
pop1	NC_091028.1	15000001	16000000	0.0036489214009946	920546	3359	920546	0
pop1	NC_091028.1	16000001	17000000	0.0024424643306183	914650	2234	914650	0
pop1	NC_091028.1	17000001	18000000	0.0004482203614286	196332	88	196332	0
pop1	NC_091029.1	1	1000000	0.0023995269438794	876006	2102	876006	0
pop1	NC_091029.1	1000001	2000000	0.0038557805814782	922511	3557	922511	0
pop1	NC_091029.1	2000001	3000000	0.0035063809094196	937719	3288	937719	0
pop1	NC_091029.1	3000001	4000000	0.0033931689451046	939240	3187	939240	0
pop1	NC_091029.1	4000001	5000000	0.0045663397929309	950214	4339	950214	0
pop1	NC_091029.1	5000001	6000000	0.0041147380555577	918649	3780	918649	0
pop1	NC_091029.1	6000001	7000000	0.0033831680041813	918370	3107	918370	0
pop1	NC_091029.1	7000001	8000000	0.0031046982850752	926338	2876	926338	0
pop1	NC_091029.1	8000001	9000000	0.0028318553226899	918126	2600	918126	0
pop1	NC_091029.1	9000001	10000000	0.0019168944690017	864419	1657	864419	0
pop1	NC_091029.1	10000001	11000000	0.00053135948378481	916517	487	916517	0
pop1	NC_091029.1	11000001	12000000	0.0012462587213085	199798	249	199798	0
pop1	NC_091029.1	12000001	13000000	0.0041458133516108	898738	3726	898738	0
pop1	NC_091029.1	13000001	14000000	0.0044581160489988	913166	4071	913166	0
pop1	NC_091029.1	14000001	15000000	0.0033116496500013	905289	2998	905289	0
pop1	NC_091029.1	15000001	16000000	0.0011262915626071	387999	437	387999	0
pop1	NC_091030.1	1	1000000	0.0038122330927632	883734	3369	883734	0
pop1	NC_091030.1	1000001	2000000	0.0042182815190987	927866	3914	927866	0
pop1	NC_091030.1	2000001	3000000	0.0048809147195734	929334	4536	929334	0
pop1	NC_091030.1	3000001	4000000	0.0036873156342183	913944	3370	913944	0
pop1	NC_091030.1	4000001	5000000	0.0035737987824616	923667	3301	923667	0
pop1	NC_091030.1	5000001	6000000	0.0031598316040962	934227	2952	934227	0
pop1	NC_091030.1	6000001	7000000	0.0035736963972266	935446	3343	935446	0
pop1	NC_091030.1	7000001	8000000	0.0040431137417849	937149	3789	937149	0
pop1	NC_091030.1	8000001	9000000	0.0037158682590406	945674	3514	945674	0
pop1	NC_091030.1	9000001	10000000	0.0018025863101861	934768	1685	934768	0
pop1	NC_091030.1	10000001	11000000	0.001539976759958	925988	1426	925988	0
pop1	NC_091030.1	11000001	12000000	0.00076829447259606	115841	89	115841	0
pop1	NC_091031.1	1	1000000	0.002405549383742	914552	2200	914552	0
pop1	NC_091031.1	1000001	2000000	0.0048687502823789	929602	4526	929602	0
pop1	NC_091031.1	2000001	3000000	0.0033746456836363	933135	3149	933135	0
pop1	NC_091031.1	3000001	4000000	0.00036560064956517	681071	249	681071	0
pop1	NC_091031.1	4000001	5000000	0.00064066550361237	913113	585	913113	0
pop1	NC_091031.1	5000001	6000000	0.0035898100817954	910076	3267	910076	0
pop1	NC_091031.1	6000001	7000000	0.0036991142220354	925627	3424	925627	0
pop1	NC_091031.1	7000001	8000000	0.0037682925402906	940479	3544	940479	0
pop1	NC_091031.1	8000001	9000000	0.0043757407405443	942469	4124	942469	0
pop1	NC_091031.1	9000001	10000000	0.0044119832979744	888036	3918	888036	0
pop1	NC_091031.1	10000001	11000000	0.0044690319710219	905789	4048	905789	0
pop1	NC_091031.1	11000001	12000000	0.0046735877636975	920278	4301	920278	0
pop1	NC_091031.1	12000001	13000000	0.0021826640288717	509011	1111	509011	0
pop1	NC_091032.1	1	1000000	0.0032924578118583	886268	2918	886268	0
pop1	NC_091032.1	1000001	2000000	0.0038195699560755	912930	3487	912930	0
pop1	NC_091032.1	2000001	3000000	0.0043681308957047	904048	3949	904048	0
pop1	NC_091032.1	3000001	4000000	0.004377447549927	901667	3947	901667	0
pop1	NC_091032.1	4000001	5000000	0.0034491015906458	931257	3212	931257	0
pop1	NC_091032.1	5000001	6000000	0.0041628353735524	938543	3907	938543	0
pop1	NC_091032.1	6000001	7000000	0.0035498209655513	939484	3335	939484	0
pop1	NC_091032.1	7000001	8000000	0.0033816368109191	932093	3152	932093	0
pop1	NC_091032.1	8000001	9000000	0.0031469788469683	937407	2950	937407	0
pop1	NC_091032.1	9000001	10000000	0.0034408950590964	938128	3228	938128	0
pop1	NC_091032.1	10000001	11000000	0.0020264867057976	934129	1893	934129	0
pop1	NC_091032.1	11000001	12000000	0.00072139880742183	198226	143	198226	0
pop1	NC_091033.1	1	1000000	0.0012035495357292	320718	386	320718	0
pop1	NC_091033.1	1000001	2000000	0.0015492264800743	914650	1417	914650	0
pop1	NC_091033.1	2000001	3000000	0.0033344662742267	497231	1658	497231	0
pop1	NC_091033.1	3000001	4000000	0.0045371657296001	922382	4185	922382	0
pop1	NC_091033.1	4000001	5000000	0.0048338792447536	926585	4479	926585	0
pop1	NC_091033.1	5000001	6000000	0.0038901523571758	935696	3640	935696	0
pop1	NC_091033.1	6000001	7000000	0.0035818120899668	925230	3314	925230	0
pop1	NC_091033.1	7000001	8000000	0.0033038131016469	929532	3071	929532	0
pop1	NC_091033.1	8000001	9000000	0.0030851455122768	932533	2877	932533	0
pop1	NC_091033.1	9000001	10000000	0.0035898853750146	915071	3285	915071	0
pop1	NC_091033.1	10000001	11000000	0.0035161280919958	926303	3257	926303	0
pop1	NC_091033.1	11000001	12000000	0.003359535501194	935546	3143	935546	0
pop1	NC_091033.1	12000001	13000000	0.0030652920077019	931722	2856	931722	0
pop1	NC_091033.1	13000001	14000000	0.0042188030476701	939603	3964	939603	0
pop1	NC_091033.1	14000001	15000000	0.0029578445551449	933450	2761	933450	0
pop1	NC_091033.1	15000001	16000000	0.0013795849712278	919117	1268	919117	0
pop1	NC_091033.1	16000001	17000000	0.00078522745935293	194848	153	194848	0
pop1	NC_091034.1	1	1000000	0.0037559077720473	742031	2787	742031	0
pop1	NC_091034.1	1000001	2000000	0.0073724996615602	819939	6045	819939	0
pop1	NC_091034.1	2000001	3000000	0.0020167864414439	778962	1571	778962	0
pop1	NC_091034.1	3000001	4000000	0.0014336649753779	428273	614	428273	0
pop1	NC_091034.1	4000001	5000000	0.0021704820943362	921915	2001	921915	0
pop1	NC_091034.1	5000001	6000000	0.0040171971785946	928757	3731	928757	0
pop1	NC_091034.1	6000001	7000000	0.0034407323921298	932069	3207	932069	0
pop1	NC_091034.1	7000001	8000000	0.0047357544058928	926146	4386	926146	0
pop1	NC_091034.1	8000001	9000000	0.0018695803914199	931225	1741	931225	0
pop1	NC_091034.1	9000001	10000000	0.00064208320328176	112135	72	112135	0
pop1	NC_091035.1	1	1000000	0.0020451826891511	795039	1626	795039	0
pop1	NC_091035.1	1000001	2000000	0.0065459774690978	828906	5426	828906	0
pop1	NC_091035.1	2000001	3000000	0.00395670478953	923243	3653	923243	0
pop1	NC_091035.1	3000001	4000000	0.0065564256810463	885696	5807	885696	0
pop1	NC_091035.1	4000001	5000000	0.0039628285818474	929639	3684	929639	0
pop1	NC_091035.1	5000001	6000000	0.0027687028258967	230794	639	230794	0
pop1	NC_091036.1	1	1000000	0.0042650088133452	861194	3673	861194	0
pop1	NC_091036.1	1000001	2000000	0.0063455608524188	655734	4161	655734	0
pop1	NC_091036.1	2000001	3000000	0.002214496408746	907204	2009	907204	0
pop1	NC_091036.1	3000001	4000000	0.00068855943529573	467643	322	467643	0
pop1	NC_091036.1	4000001	5000000	0.0031380730616613	928914	2915	928914	0
pop1	NC_091036.1	5000001	6000000	0.0053707450103409	886283	4760	886283	0
pop1	NC_091036.1	6000001	7000000	0.0044304562834893	934441	4140	934441	0
pop1	NC_091036.1	7000001	8000000	0.0032293838912855	942285	3043	942285	0
pop1	NC_091036.1	8000001	9000000	0.0016447962983046	55326	91	55326	0
pop1	NC_091037.1	1	1000000	0.0020744257874175	780939	1620	780939	0
pop1	NC_091037.1	1000001	2000000	0.0039407650130162	947278	3733	947278	0
pop1	NC_091037.1	2000001	3000000	0.0036203257867287	939142	3400	939142	0
pop1	NC_091037.1	3000001	4000000	0.0042466453307614	941449	3998	941449	0
pop1	NC_091037.1	4000001	5000000	0.0041052174163715	936613	3845	936613	0
pop1	NC_091037.1	5000001	6000000	0.0045213400800401	930034	4205	930034	0
pop1	NC_091037.1	6000001	7000000	0.0044424384290314	928319	4124	928319	0
pop1	NC_091037.1	7000001	8000000	0.0039251712042759	83818	329	83818	0
pop1	NC_091038.1	1	1000000	0.0042346763391534	337452	1429	337452	0
pop1	NC_091038.1	1000001	2000000	0.0074409441592688	817235	6081	817235	0
pop1	NC_091038.1	2000001	3000000	0.0075705200540437	727559	5508	727559	0
pop1	NC_091038.1	3000001	4000000	0.0036611517905755	719992	2636	719992	0
pop1	NC_091038.1	4000001	5000000	0	3858	0	3858	0
pop1	NC_091039.1	1	1000000	0.0034835619420858	27558	96	27558	0
pop1	NC_091039.1	1000001	2000000	0.0040657550448837	716964	2915	716964	0
pop1	NC_091039.1	2000001	3000000	0.0042711874423907	879849	3758	879849	0
pop1	NC_091039.1	3000001	4000000	0.0044226989855109	904199	3999	904199	0
pop1	NC_091039.1	4000001	5000000	0.0040987064192065	936393	3838	936393	0
pop1	NC_091039.1	5000001	6000000	0.0062528693011265	906144	5666	906144	0
pop1	NC_091039.1	6000001	7000000	0.0041036528679832	940138	3858	940138	0
pop1	NC_091039.1	7000001	8000000	0.0015954148834818	925778	1477	925778	0
pop1	NC_091039.1	8000001	9000000	0.0038994186321312	42314	165	42314	0
pop1	NC_091040.1	1	1000000	0.0025353779659057	873637	2215	873637	0
pop1	NC_091040.1	1000001	2000000	0.0073388438450471	836099	6136	836099	0
pop1	NC_091040.1	2000001	3000000	0.0046410000921979	900237	4178	900237	0
pop1	NC_091040.1	3000001	4000000	0.0037998618829952	608180	2311	608180	0
pop1	NC_091040.1	4000001	5000000	0.0047060497461116	562255	2646	562255	0
pop1	NC_091040.1	5000001	6000000	0.0040667949895815	755386	3072	755386	0
pop1	NC_091040.1	6000001	7000000	0.0047664235790641	692343	3300	692343	0
pop1	NC_091041.1	1	1000000	0.002708192281652	8862	24	8862	0
pop1	NC_091041.1	1000001	2000000	0.00387488820803	588146	2279	588146	0
pop1	NC_091041.1	2000001	3000000	0.0046941722644039	870441	4086	870441	0
pop1	NC_091041.1	3000001	4000000	0.0040988355873352	931972	3820	931972	0
pop1	NC_091041.1	4000001	5000000	0.0037393510134346	937061	3504	937061	0
pop1	NC_091041.1	5000001	6000000	0.0050976801321445	885697	4515	885697	0
pop1	NC_091041.1	6000001	7000000	0.0032575409535238	768371	2503	768371	0
pop1	NC_091042.1	1	1000000	0.00386851823787	125371	485	125371	0
pop1	NC_091042.1	1000001	2000000	0.0054065128165953	863958	4671	863958	0
pop1	NC_091042.1	2000001	3000000	0.0057705367328071	823147	4750	823147	0
pop1	NC_091042.1	3000001	4000000	0.0043362992021992	408874	1773	408874	0
pop1	NC_091043.1	1	1000000	0.0084416966177829	686118	5792	686118	0
pop1	NC_091043.1	1000001	2000000	0.011178256173414	429584	4802	429584	0
pop1	NC_091043.1	2000001	3000000	0.0022686760654675	24684	56	24684	0
pop1	NC_091044.1	1	1000000	0.0065077064215098	360803	2348	360803	0
pop1	NC_091044.1	1000001	2000000	0.0075943154083774	444148	3373	444148	0
pop1	NC_091044.1	2000001	3000000	0.0048713397200504	295196	1438	295196	0
pop1	NC_091045.1	1	1000000	0.0074763277068753	425075	3178	425075	0
pop1	NC_138417.1	1	1000000	0.00096742504323531	267721	259	267721	0
pop1	NC_138417.1	1000001	2000000	0.0010342280226545	406100	420	406100	0
pop1	NC_138417.1	2000001	3000000	0.0013250212327181	401503	532	401503	0
pop1	NC_138417.1	3000001	4000000	0.00092503896343027	456197	422	456197	0
pop1	NC_138417.1	4000001	5000000	0.00098415000517974	444038	437	444038	0
pop1	NC_138417.1	5000001	6000000	0.0014376494006959	352659	507	352659	0
pop1	NC_138417.1	6000001	7000000	0.00095528321537893	440707	421	440707	0
pop1	NC_138417.1	7000001	8000000	0.0011357391463638	464015	527	464015	0
pop1	NC_138417.1	8000001	9000000	0.0012809040472477	391130	501	391130	0
pop1	NC_138417.1	9000001	10000000	0.001243010878597	444083	552	444083	0
pop1	NC_138417.1	10000001	11000000	0.0012803762168482	458459	587	458459	0
pop1	NC_138417.1	11000001	12000000	0.0016566728082263	452111	749	452111	0
pop1	NC_138417.1	12000001	13000000	0.0012201451874374	406509	496	406509	0
pop1	NC_138417.1	13000001	14000000	0.0009755417740924	344424	336	344424	0
pop1	NC_138417.1	14000001	15000000	0.00074873896595208	355264	266	355264	0
pop1	NC_138417.1	15000001	16000000	0	1994	0	1994	0
pop1	NC_138417.1	16000001	17000000	0.0015826371188051	251479	398	251479	0
pop1	NC_138417.1	17000001	18000000	0.00073308635550765	484254	355	484254	0
pop1	NC_138417.1	18000001	19000000	0.0013868681454255	352593	489	352593	0
pop1	NC_138417.1	19000001	20000000	0.001296970391814	418668	543	418668	0
pop1	NC_138417.1	20000001	21000000	0.0017083506334209	315509	539	315509	0
pop1	NW_027184081.1	1	1000000	0.00053821313240043	13006	7	13006	0
pop1	NW_027184081.1	1000001	2000000	0.0039096437880104	11510	45	11510	0
pop1	NW_027184081.1	2000001	3000000	0.00076591670655816	10445	8	10445	0
pop1	NW_027184081.1	3000001	4000000	0	3968	0	3968	0
pop1	NW_027184081.1	4000001	5000000	0.0016403629511833	299324	491	299324	0
pop1	NW_027184081.1	5000001	6000000	0.00079405743924975	411809	327	411809	0
pop1	NW_027184081.1	6000001	7000000	0.001015559558491	404703	411	404703	0
pop1	NW_027184081.1	7000001	8000000	0.0010237266753184	193411	198	193411	0
pop1	NW_027184081.1	8000001	9000000	0.0011582030170747	452425	524	452425	0
pop1	NW_027184081.1	9000001	10000000	0.0015339708808499	114083	175	114083	0
pop1	NW_027184082.1	1	1000000	0.0013460270738475	326145	439	326145	0
pop1	NW_027184082.1	1000001	2000000	0.0012135669493114	383992	466	383992	0
pop1	NW_027184082.1	2000001	3000000	0.0011695154546646	404441	473	404441	0
pop1	NW_027184082.1	3000001	4000000	0.0010752075069033	245534	264	245534	0
pop1	NW_027184082.1	4000001	5000000	0.0013025040044346	294049	383	294049	0
pop1	NW_027184083.1	1	1000000	0.0012131318004468	426994	518	426994	0
pop1	NW_027184083.1	1000001	2000000	0.00075491622829889	458329	346	458329	0
pop1	NW_027184083.1	2000001	3000000	0.0011193749701386	439531	492	439531	0
pop1	NW_027184083.1	3000001	4000000	0.00081588251291814	88248	72	88248	0
pop1	NW_027184084.1	1	1000000	0.0011153489946921	401668	448	401668	0
pop1	NW_027184084.1	1000001	2000000	0.0010938304775154	188329	206	188329	0
pop1	NW_027184084.1	2000001	3000000	0.00096782125126209	382302	370	382302	0
pop1	NW_027184084.1	3000001	4000000	0	232	0	232	0
pop1	NC_138418.1	1	1000000	0.0015802676509266	452455	715	452455	0
pop1	NC_138418.1	1000001	2000000	0.0021951955388633	672833	1477	672833	0
pop1	NC_138418.1	2000001	3000000	0.0012639751307765	633715	801	633715	0
pop1	NC_138418.1	3000001	4000000	0.0021619309711831	640631	1385	640631	0
pop1	NC_138418.1	4000001	5000000	0.0013986542057302	609157	852	609157	0
pop1	NC_138418.1	5000001	6000000	0.0012842049386664	606601	779	606601	0
pop1	NC_138418.1	6000001	7000000	0.0012463288021196	612198	763	612198	0
pop1	NC_138418.1	7000001	8000000	0.00098593494734536	629859	621	629859	0
pop1	NC_138418.1	8000001	9000000	0.0009545455351931	563619	538	563619	0
pop1	NC_138418.1	9000001	10000000	0.00099805111389343	614197	613	614197	0
pop1	NC_138418.1	10000001	11000000	0.0011077479193287	617469	684	617469	0
pop1	NC_138418.1	11000001	12000000	0.0018207651083992	620069	1129	620069	0
pop1	NC_138418.1	12000001	13000000	0.0010559936575396	615534	650	615534	0
pop1	NC_138418.1	13000001	14000000	0.0010739592380712	618273	664	618273	0
pop1	NC_138418.1	14000001	15000000	0.0013323531280348	550905	734	550905	0
pop1	NC_138418.1	15000001	16000000	0.001181194606255	618865	731	618865	0
pop1	NC_138418.1	16000001	17000000	0.00087421078193298	607405	531	607405	0
pop1	NC_138418.1	17000001	18000000	0.0010077558934585	627136	632	627136	0
pop1	NC_138418.1	18000001	19000000	0.0010257104980502	620058	636	620058	0
pop1	NC_138418.1	19000001	20000000	0.0011277704375319	604733	682	604733	0
pop1	NC_138418.1	20000001	21000000	0.00088231080781903	614296	542	614296	0
pop1	NC_138418.1	21000001	22000000	0.00080293550577502	605279	486	605279	0
pop1	NC_138418.1	22000001	23000000	0.00054616756027115	609703	333	609703	0
pop1	NC_138418.1	23000001	24000000	0.0004832559497687	585611	283	585611	0
pop1	NC_138418.1	24000001	25000000	0.00086651797816907	601257	521	601257	0
pop1	NC_138418.1	25000001	26000000	0.00077423674904267	621257	481	621257	0
pop1	NC_138418.1	26000001	27000000	0.00074442493986087	615240	458	615240	0
pop1	NC_138418.1	27000001	28000000	0.00071068768637544	624747	444	624747	0
pop1	NC_138418.1	28000001	29000000	0.00080717999625703	614485	496	614485	0
pop1	NC_138418.1	29000001	30000000	0.00083258259967412	614954	512	614954	0
pop1	NC_138418.1	30000001	31000000	0.0010572009022747	615777	651	615777	0
pop1	NC_138418.1	31000001	32000000	0.00086356485404458	617209	533	617209	0
pop1	NC_138418.1	32000001	33000000	0.0007677708023806	582205	447	582205	0
pop1	NC_138418.1	33000001	34000000	0.0008812793266417	591186	521	591186	0
pop1	NC_138418.1	34000001	35000000	0.00096353539364978	614404	592	614404	0
pop1	NC_138418.1	35000001	36000000	0.0009598273599111	620945	596	620945	0
pop1	NC_138418.1	36000001	37000000	0.0010755754328566	599679	645	599679	0
pop1	NC_138418.1	37000001	38000000	0.0009851536198228	608027	599	608027	0
pop1	NC_138418.1	38000001	39000000	0.00079518942207223	628781	500	628781	0
pop1	NC_138418.1	39000001	40000000	0.00098548900730294	600717	592	600717	0
pop1	NC_138418.1	40000001	41000000	0.001161986640718	140277	163	140277	0
pop1	NC_138418.1	41000001	42000000	0.00092240172400493	609279	562	609279	0
pop1	NC_138418.1	42000001	43000000	0.00093054568817495	617917	575	617917	0
pop1	NC_138418.1	43000001	44000000	0.00089916023981958	612794	551	612794	0
pop1	NC_138418.1	44000001	45000000	0.00079565555317324	596992	475	596992	0
pop1	NC_138418.1	45000001	46000000	0.00091351543906655	457573	418	457573	0
pop1	NC_138418.1	46000001	47000000	0.00084248820432768	597041	503	597041	0
pop1	NC_138418.1	47000001	48000000	0.00080727615729664	580966	469	580966	0
pop1	NC_138418.1	48000001	49000000	0.00081057374306976	600809	487	600809	0
pop1	NC_138418.1	49000001	50000000	0.0010360987341147	607085	629	607085	0
pop1	NC_138418.1	50000001	51000000	0.0011637200159843	370364	431	370364	0
pop1	NC_138418.1	51000001	52000000	NA	0	NA	NA	NA
pop1	NC_138418.1	52000001	53000000	NA	0	NA	NA	NA
pop1	NC_138418.1	53000001	54000000	0.00085133731903087	416991	355	416991	0
pop1	NC_138418.1	54000001	55000000	0.00078399403046893	608423	477	608423	0
pop1	NC_138418.1	55000001	56000000	0.00091322841132999	604449	552	604449	0
pop1	NC_138418.1	56000001	57000000	0.00076967573994922	622340	479	622340	0
pop1	NC_138418.1	57000001	58000000	0.00054834729737358	620045	340	620045	0
pop1	NC_138418.1	58000001	59000000	0.00060149798594158	625106	376	625106	0
pop1	NC_138418.1	59000001	60000000	0.00062449590478872	472381	295	472381	0
pop1	NC_138418.1	60000001	61000000	0.00043720701057972	576386	252	576386	0
pop1	NC_138418.1	61000001	62000000	0.00058191294392605	632397	368	632397	0
pop1	NC_138418.1	62000001	63000000	0.00054261205343838	617384	335	617384	0
pop1	NC_138418.1	63000001	64000000	0.00045475885512004	611313	278	611313	0
pop1	NC_138418.1	64000001	65000000	0.00048370843130668	595400	288	595400	0
pop1	NC_138418.1	65000001	66000000	0.00043851093546399	640805	281	640805	0
pop1	NC_138418.1	66000001	67000000	0.00079103277370226	609330	482	609330	0
pop1	NC_138418.1	67000001	68000000	0.00064212861487714	602683	387	602683	0
pop1	NC_138418.1	68000001	69000000	0.00033405279254406	655585	219	655585	0
pop1	NC_138418.1	69000001	70000000	0.0043095838663884	413497	1782	413497	0
pop1	NC_138418.1	70000001	71000000	0.0029244177602682	709201	2074	709201	0
pop1	NC_138418.1	71000001	72000000	0.0013625100013206	643665	877	643665	0
pop1	NC_138418.1	72000001	73000000	0.00049582583829159	173448	86	173448	0
pop1	NW_027184086.1	1	1000000	0.00036565057595189	478599	175	478599	0
pop1	NW_027184086.1	1000001	2000000	0.00022260647095064	637897	142	637897	0
pop1	NW_027184086.1	2000001	3000000	0.00039217723729572	596669	234	596669	0
pop1	NW_027184086.1	3000001	4000000	0.00090832431081869	384224	349	384224	0
pop1	NW_027184086.1	4000001	5000000	0	660	0	660	0
pop1	NW_027184087.1	1	1000000	0.0010036746648532	608763	611	608763	0
pop1	NW_027184087.1	1000001	2000000	0.0011071525767585	161676	179	161676	0
pop1	NW_027184088.1	1	1000000	0.0018220957325873	124033	226	124033	0
pop1	NW_027184088.1	1000001	2000000	0.0068965517241379	435	3	435	0
pop1	NW_027183733.1	1	1000000	0.00060489097560273	34717	21	34717	0
pop1	NW_027183733.1	1000001	2000000	0.00084884839567653	17671	15	17671	0
pop1	NW_027183733.1	2000001	3000000	0.00064664463284955	27836	18	27836	0
pop1	NW_027183733.1	3000001	4000000	0	2460	0	2460	0
pop1	NW_027183733.1	4000001	5000000	0.00022016732716865	4542	1	4542	0
pop1	NW_027183804.1	1	1000000	0.00016000853378847	18749	3	18749	0
pop1	NW_027183804.1	1000001	2000000	0.0060747905323355	328571	1996	328571	0
pop1	NW_027183804.1	2000001	3000000	0.0045356364212279	296761	1346	296761	0
pop1	NW_027183804.1	3000001	4000000	0.0049429657794677	81530	403	81530	0
pop1	NW_027183804.1	4000001	5000000	0.0030161981009123	26855	81	26855	0
pop1	NW_027183894.1	1	1000000	0.0010575296108291	14184	15	14184	0
pop1	NW_027183894.1	1000001	2000000	0.0028266666666667	18750	53	18750	0
pop1	NW_027183894.1	2000001	3000000	0	3107	0	3107	0
pop1	NW_027183894.1	3000001	4000000	0.0015923566878981	628	1	628	0
pop1	NW_027183905.1	1	1000000	0.0038880791957497	429518	1670	429518	0
pop1	NW_027183905.1	1000001	2000000	0.0040142375016302	314381	1262	314381	0
pop1	NW_027183905.1	2000001	3000000	0.0034329984132519	369939	1270	369939	0
pop1	NW_027183916.1	1	1000000	0	442	0	442	0
pop1	NW_027183916.1	1000001	2000000	0.0034659642312491	7213	25	7213	0
pop1	NW_027183916.1	2000001	3000000	0.00025031289111389	3995	1	3995	0
pop1	NW_027183927.1	1	1000000	0.00030134096730451	6637	2	6637	0
pop1	NW_027183927.1	1000001	2000000	0	1126	0	1126	0
pop1	NW_027183927.1	2000001	3000000	0.0027648392158816	40147	111	40147	0
pop1	NW_027183938.1	1	1000000	0.0028096750549719	16372	46	16372	0
pop1	NW_027183938.1	1000001	2000000	0.0014144271570014	1414	2	1414	0
pop1	NW_027183938.1	2000001	3000000	0	726	0	726	0
pop1	NW_027183949.1	1	1000000	0.0073808922587646	293054	2163	293054	0
pop1	NW_027183949.1	1000001	2000000	0.001589915393788	17611	28	17611	0
pop1	NW_027183949.1	2000001	3000000	0.00074773711137348	25410	19	25410	0
pop1	NW_027183960.1	1	1000000	0.00038759689922481	7740	3	7740	0
pop1	NW_027183960.1	1000001	2000000	0.0020855057351408	6713	14	6713	0
pop1	NW_027183960.1	2000001	3000000	0.0012586532410321	1589	2	1589	0
pop1	NW_027183981.1	1	1000000	0.00096366456552589	151505	146	151505	0
pop1	NW_027183981.1	1000001	2000000	0.0014765596160945	94815	140	94815	0
pop1	NW_027183981.1	2000001	3000000	0.0015536825496494	124221	193	124221	0
pop1	NW_027183992.1	1	1000000	0.0057741310919371	349663	2019	349663	0
pop1	NW_027183992.1	1000001	2000000	0	407	0	407	0
pop1	NW_027183992.1	2000001	3000000	0	275	0	275	0
pop1	NW_027184003.1	1	1000000	0.00034470872113064	2901	1	2901	0
pop1	NW_027184003.1	1000001	2000000	0.00066998468606432	10448	7	10448	0
pop1	NW_027184003.1	2000001	3000000	0	1363	0	1363	0
pop1	NW_027184024.1	1	1000000	0.0031770482333686	10387	33	10387	0
pop1	NW_027184024.1	1000001	2000000	0.0018007202881152	1666	3	1666	0
pop1	NW_027184024.1	2000001	3000000	0	2914	0	2914	0
pop1	NW_027184055.1	1	1000000	0.003362534289001	45204	152	45204	0
pop1	NW_027184055.1	1000001	2000000	0.0030662866354775	120341	369	120341	0
pop1	NW_027184055.1	2000001	3000000	0.00214941326827	17214	37	17214	0
pop1	NW_027184058.1	1	1000000	0.0020851308599367	13908	29	13908	0
pop1	NW_027184058.1	1000001	2000000	0.0011764705882353	2550	3	2550	0
pop1	NW_027184058.1	2000001	3000000	0.0015741833923652	10164	16	10164	0
pop1	NW_027184059.1	1	1000000	0.00096227867590454	5196	5	5196	0
pop1	NW_027184059.1	1000001	2000000	0.0039377461091318	5333	21	5333	0
pop1	NW_027184060.1	1	1000000	0.0018034972163413	76518	138	76518	0
pop1	NW_027184060.1	1000001	2000000	0	607	0	607	0
pop1	NW_027184061.1	1	1000000	0.0034610468024475	395834	1370	395834	0
pop1	NW_027184061.1	1000001	2000000	0.0060692745832296	393622	2389	393622	0
pop1	NW_027184062.1	1	1000000	0.0012327773749094	13790	17	13790	0
pop1	NW_027184062.1	1000001	2000000	0.0028051450465244	14616	41	14616	0
pop1	NW_027184063.1	1	1000000	0.0048162007484041	227150	1094	227150	0
pop1	NW_027184063.1	1000001	2000000	0.0078156200429225	267925	2094	267925	0
pop1	NW_027184064.1	1	1000000	0.00062707651813745	743131	466	743131	0
pop1	NW_027184064.1	1000001	2000000	0.00086316491965396	725238	626	725238	0
pop1	NW_027184065.1	1	1000000	0.0019302152932442	6735	13	6735	0
pop1	NW_027184065.1	1000001	2000000	0.0014092446448703	3548	5	3548	0
pop1	NW_027184066.1	1	1000000	0.00097833682739343	7155	7	7155	0
pop1	NW_027184066.1	1000001	2000000	0.0026348146847005	17079	45	17079	0
pop1	NW_027184067.1	1	1000000	0	1521	0	1521	0
pop1	NW_027184067.1	1000001	2000000	0.0011832569146576	6761	8	6761	0
pop1	NW_027184068.1	1	1000000	0.00014894250819184	6714	1	6714	0
pop1	NW_027184068.1	1000001	2000000	0	1831	0	1831	0
pop1	NW_027184069.1	1	1000000	0.0034016360249453	12347	42	12347	0
pop1	NW_027184069.1	1000001	2000000	0.0013208100968594	6814	9	6814	0
pop1	NW_027184070.1	1	1000000	0.0012899064817801	3101	4	3101	0
pop1	NW_027184070.1	1000001	2000000	0	2773	0	2773	0
pop1	NW_027184071.1	1	1000000	0.00237550143847	197432	469	197432	0
pop1	NW_027184071.1	1000001	2000000	0.0011136201936462	32327	36	32327	0
pop1	NW_027184072.1	1	1000000	0.0018278194114421	10942	20	10942	0
pop1	NW_027184072.1	1000001	2000000	0.0039138943248532	3577	14	3577	0
pop1	NW_027184073.1	1	1000000	0	379	0	379	0
pop1	NW_027184074.1	1	1000000	0.0022372556330901	37546	84	37546	0
pop1	NW_027184074.1	1000001	2000000	0	852	0	852	0
pop1	NW_027184075.1	1	1000000	0.0032350494500416	10819	35	10819	0
pop1	NW_027184075.1	1000001	2000000	0.00086206896551724	2320	2	2320	0
pop1	NW_027184076.1	1	1000000	0.0018724492084137	89188	167	89188	0
pop1	NW_027184076.1	1000001	2000000	0.0025397977232528	44098	112	44098	0
pop1	NW_027184077.1	1	1000000	0.0034364261168385	12513	43	12513	0
pop1	NW_027184077.1	1000001	2000000	0.0018736616702355	3736	7	3736	0
pop1	NW_027184078.1	1	1000000	0.0082955092955573	562473	4666	562473	0
pop1	NW_027184078.1	1000001	2000000	0.011792645974941	24422	288	24422	0
pop1	NW_027184079.1	1	1000000	0.001351090523065	5181	7	5181	0
pop1	NW_027183463.1	1	1000000	0.0024116800623989	223081	538	223081	0
pop1	NW_027183463.1	1000001	2000000	0.0011623401782255	2581	3	2581	0
pop1	NW_027183464.1	1	1000000	0.0019089173711481	7334	14	7334	0
pop1	NW_027183465.1	1	1000000	0.0022573363431151	5759	13	5759	0
pop1	NW_027183465.1	1000001	2000000	0.0024213075060533	1239	3	1239	0
pop1	NW_027183466.1	1	1000000	0.0012231126107128	47420	58	47420	0
pop1	NW_027183467.1	1	1000000	0.00035114836488704	637907	224	637907	0
pop1	NW_027183468.1	1	1000000	0.0031122967479675	15744	49	15744	0
pop1	NW_027183469.1	1	1000000	0.0005091649694501	1964	1	1964	0
pop1	NW_027183470.1	1	1000000	0.0020588487604015	11657	24	11657	0
pop1	NW_027183471.1	1	1000000	0.002449214810546	6941	17	6941	0
pop1	NW_027183472.1	1	1000000	0.0026238922718946	20199	53	20199	0
pop1	NW_027183473.1	1	1000000	0.00051861840058085	9641	5	9641	0
pop1	NW_027183474.1	1	1000000	0.0093221240821539	46985	438	46985	0
pop1	NW_027183475.1	1	1000000	0.00052994170641229	5661	3	5661	0
pop1	NW_027183476.1	1	1000000	0.011116926734055	183414	2039	183414	0
pop1	NW_027183477.1	1	1000000	0.00028224668360147	3543	1	3543	0
pop1	NW_027183478.1	1	1000000	0.00077441338186324	12913	10	12913	0
pop1	NW_027183479.1	1	1000000	0.0014578894246944	17834	26	17834	0
pop1	NW_027183480.1	1	1000000	0.00051796218876022	27029	14	27029	0
pop1	NW_027183481.1	1	1000000	0.0020130664064912	80971	163	80971	0
pop1	NW_027183482.1	1	1000000	0.00026574541589158	3763	1	3763	0
pop1	NW_027183483.1	1	1000000	0.00018682858477347	10705	2	10705	0
pop1	NW_027183484.1	1	1000000	0.00018325087044163	5457	1	5457	0
pop1	NW_027183485.1	1	1000000	0.0019455252918288	514	1	514	0
pop1	NW_027183486.1	1	1000000	0.00045599635202918	4386	2	4386	0
pop1	NW_027183488.1	1	1000000	0	192	0	192	0
pop1	NW_027183489.1	1	1000000	0.0022918258212376	2618	6	2618	0
pop1	NW_027183490.1	1	1000000	0.0012863390789812	3887	5	3887	0
pop1	NW_027183491.1	1	1000000	0.010584362043659	171007	1810	171007	0
pop1	NW_027183492.1	1	1000000	0.0056495404361351	255242	1442	255242	0
pop1	NW_027183493.1	1	1000000	0.002522483000658	9118	23	9118	0
pop1	NW_027183494.1	1	1000000	0.012202847331044	179958	2196	179958	0
pop1	NW_027183495.1	1	1000000	0	2164	0	2164	0
pop1	NW_027183496.1	1	1000000	0.008509176166222	98952	842	98952	0
pop1	NW_027183497.1	1	1000000	0	962	0	962	0
pop1	NW_027183498.1	1	1000000	0	277	0	277	0
pop1	NW_027183499.1	1	1000000	0.0012178413761608	6569	8	6569	0
pop1	NW_027183500.1	1	1000000	0.013683639089711	116051	1588	116051	0
pop1	NW_027183501.1	1	1000000	0.0010291090855631	27208	28	27208	0
pop1	NW_027183502.1	1	1000000	0.00032144005143041	3111	1	3111	0
pop1	NW_027183503.1	1	1000000	0.00097481722177092	6155	6	6155	0
pop1	NW_027183504.1	1	1000000	0	3300	0	3300	0
pop1	NW_027183506.1	1	1000000	0.00044326241134752	2256	1	2256	0
pop1	NW_027183507.1	1	1000000	0.0029041626331075	2066	6	2066	0
pop1	NW_027183508.1	1	1000000	0.00026532236667551	3769	1	3769	0
pop1	NW_027183509.1	1	1000000	0.00086157380815623	3482	3	3482	0
pop1	NW_027183510.1	1	1000000	0	185	0	185	0
pop1	NW_027183511.1	1	1000000	0.0026660742057321	4501	12	4501	0
pop1	NW_027183512.1	1	1000000	0.0013166556945359	12152	16	12152	0
pop1	NW_027183513.1	1	1000000	0	1179	0	1179	0
pop1	NW_027183514.1	1	1000000	0	1427	0	1427	0
pop1	NW_027183515.1	1	1000000	0.001601708489055	1873	3	1873	0
pop1	NW_027183516.1	1	1000000	0.0067677501990515	57774	391	57774	0
pop1	NW_027183519.1	1	1000000	0	2418	0	2418	0
pop1	NW_027183520.1	1	1000000	0.0047371942068816	55307	262	55307	0
pop1	NW_027183521.1	1	1000000	0	1449	0	1449	0
pop1	NW_027183523.1	1	1000000	0.010921469983385	86069	940	86069	0
pop1	NW_027183524.1	1	1000000	0	2288	0	2288	0
pop1	NW_027183525.1	1	1000000	0	1063	0	1063	0
pop1	NW_027183526.1	1	1000000	0	3375	0	3375	0
pop1	NW_027183528.1	1	1000000	0.012549055398375	65742	825	65742	0
pop1	NW_027183529.1	1	1000000	0.015218170950389	83650	1273	83650	0
pop1	NW_027183530.1	1	1000000	0.010446723814739	94958	992	94958	0
pop1	NW_027183531.1	1	1000000	0.00015394088669951	6496	1	6496	0
pop1	NW_027183532.1	1	1000000	0.0027755749405234	2522	7	2522	0
pop1	NW_027183533.1	1	1000000	0.00042043304603742	9514	4	9514	0
pop1	NW_027183534.1	1	1000000	0.010997909849969	91381	1005	91381	0
pop1	NW_027183535.1	1	1000000	0.011262965765926	89852	1012	89852	0
pop1	NW_027183536.1	1	1000000	0.011067248318024	130204	1441	130204	0
pop1	NW_027183537.1	1	1000000	0.0014374700527072	2087	3	2087	0
pop1	NW_027183538.1	1	1000000	0.0019550342130987	1023	2	1023	0
pop1	NW_027183539.1	1	1000000	0.00026028110359188	3842	1	3842	0
pop1	NW_027183540.1	1	1000000	0	334	0	334	0
pop1	NW_027183541.1	1	1000000	0.0041897693049696	135807	569	135807	0
pop1	NW_027183542.1	1	1000000	0	331	0	331	0
pop1	NW_027183543.1	1	1000000	0	159	0	159	0
pop1	NW_027183544.1	1	1000000	0	1132	0	1132	0
pop1	NW_027183547.1	1	1000000	0.000814332247557	1228	1	1228	0
pop1	NW_027183548.1	1	1000000	0	263	0	263	0
pop1	NW_027183549.1	1	1000000	0	1988	0	1988	0
pop1	NW_027183550.1	1	1000000	0.010679597209621	67231	718	67231	0
pop1	NW_027183551.1	1	1000000	0.014078670548484	94114	1325	94114	0
pop1	NW_027183552.1	1	1000000	0	116	0	116	0
pop1	NW_027183553.1	1	1000000	0.00690202525546	70559	487	70559	0
pop1	NW_027183554.1	1	1000000	0	130	0	130	0
pop1	NW_027183555.1	1	1000000	0	712	0	712	0
pop1	NW_027183556.1	1	1000000	0	2234	0	2234	0
pop1	NW_027183557.1	1	1000000	0.0079883975251173	85499	683	85499	0
pop1	NW_027183558.1	1	1000000	0.00054824561403509	1824	1	1824	0
pop1	NW_027183559.1	1	1000000	0.0014131778837661	5661	8	5661	0
pop1	NW_027183560.1	1	1000000	0.0023790642347343	1261	3	1261	0
pop1	NW_027183561.1	1	1000000	0	222	0	222	0
pop1	NW_027183562.1	1	1000000	0.0018986417409084	6847	13	6847	0
pop1	NW_027183563.1	1	1000000	0.0083895377529199	12158	102	12158	0
pop1	NW_027183565.1	1	1000000	0	246	0	246	0
pop1	NW_027183566.1	1	1000000	0.0011402508551881	877	1	877	0
pop1	NW_027183567.1	1	1000000	0.014423337121827	36954	533	36954	0
pop1	NW_027183568.1	1	1000000	0	981	0	981	0
pop1	NW_027183569.1	1	1000000	0.0005496727891227	96421	53	96421	0
pop1	NW_027183570.1	1	1000000	0	957	0	957	0
pop1	NW_027183571.1	1	1000000	0.00084961767204758	3531	3	3531	0
pop1	NW_027183572.1	1	1000000	0.0022753128555176	7032	16	7032	0
pop1	NW_027183573.1	1	1000000	0	651	0	651	0
pop1	NW_027183574.1	1	1000000	0.0021824530772588	2291	5	2291	0
pop1	NW_027183576.1	1	1000000	0	441	0	441	0
pop1	NW_027183577.1	1	1000000	0.0055685814771395	13648	76	13648	0
pop1	NW_027183578.1	1	1000000	0	300	0	300	0
pop1	NW_027183579.1	1	1000000	0.0097935769590869	67289	659	67289	0
pop1	NW_027183580.1	1	1000000	0	453	0	453	0
pop1	NW_027183581.1	1	1000000	0	565	0	565	0
pop1	NW_027183582.1	1	1000000	0	267	0	267	0
pop1	NW_027183583.1	1	1000000	0.0082497851618447	17455	144	17455	0
pop1	NW_027183585.1	1	1000000	0	923	0	923	0
pop1	NW_027183586.1	1	1000000	0	171	0	171	0
pop1	NW_027183587.1	1	1000000	0	1734	0	1734	0
pop1	NW_027183589.1	1	1000000	0.013307531586106	71313	949	71313	0
pop1	NW_027183590.1	1	1000000	0	2121	0	2121	0
pop1	NW_027183591.1	1	1000000	0	277	0	277	0
pop1	NW_027183592.1	1	1000000	0	1217	0	1217	0
pop1	NW_027183593.1	1	1000000	0	814	0	814	0
pop1	NW_027183595.1	1	1000000	0.011411521448949	38207	436	38207	0
pop1	NW_027183596.1	1	1000000	0.00044483985765125	2248	1	2248	0
pop1	NW_027183597.1	1	1000000	0	1063	0	1063	0
pop1	NW_027183598.1	1	1000000	0	322	0	322	0
pop1	NW_027183599.1	1	1000000	0.0010566635847312	7571	8	7571	0
pop1	NW_027183600.1	1	1000000	0.0021074815595364	949	2	949	0
pop1	NW_027183601.1	1	1000000	0.00036612155235538	8194	3	8194	0
pop1	NW_027183603.1	1	1000000	0	151	0	151	0
pop1	NW_027183604.1	1	1000000	0	964	0	964	0
pop1	NW_027183608.1	1	1000000	0	1156	0	1156	0
pop1	NW_027183609.1	1	1000000	0.00084700899947062	9445	8	9445	0
pop1	NW_027183610.1	1	1000000	0	477	0	477	0
pop1	NW_027183612.1	1	1000000	0	800	0	800	0
pop1	NW_027183613.1	1	1000000	0.0033052276559865	14825	49	14825	0
pop1	NW_027183614.1	1	1000000	0	258	0	258	0
pop1	NW_027183615.1	1	1000000	0.011670141202261	46529	543	46529	0
pop1	NW_027183616.1	1	1000000	0	518	0	518	0
pop1	NW_027183617.1	1	1000000	0	833	0	833	0
pop1	NW_027183618.1	1	1000000	0.0097258321455521	11927	116	11927	0
pop1	NW_027183619.1	1	1000000	0	1130	0	1130	0
pop1	NW_027183623.1	1	1000000	0.0022434099831744	1783	4	1783	0
pop1	NW_027183624.1	1	1000000	0.010177022862467	13953	142	13953	0
pop1	NW_027183626.1	1	1000000	0	68	0	68	0
pop1	NW_027183627.1	1	1000000	0.00099077814190992	13121	13	13121	0
pop1	NW_027183628.1	1	1000000	0.0075557234605213	10588	80	10588	0
pop1	NW_027183631.1	1	1000000	0	972	0	972	0
pop1	NW_027183633.1	1	1000000	0.0087699572745671	22235	195	22235	0
pop1	NW_027183634.1	1	1000000	0	473	0	473	0
pop1	NW_027183635.1	1	1000000	0.0017898939832025	7263	13	7263	0
pop1	NW_027183636.1	1	1000000	0	1127	0	1127	0
pop1	NW_027183637.1	1	1000000	0	1892	0	1892	0
pop1	NW_027183639.1	1	1000000	0	644	0	644	0
pop1	NW_027183641.1	1	1000000	0	268	0	268	0
pop1	NW_027183642.1	1	1000000	0.0075801006433531	15699	119	15699	0
pop1	NW_027183645.1	1	1000000	0.0017706949977866	2259	4	2259	0
pop1	NW_027183646.1	1	1000000	0	445	0	445	0
pop1	NW_027183648.1	1	1000000	0	583	0	583	0
pop1	NW_027183649.1	1	1000000	0	1550	0	1550	0
pop1	NW_027183650.1	1	1000000	0.0097078402366864	10816	105	10816	0
pop1	NW_027183651.1	1	1000000	0.0029888312096901	69927	209	69927	0
pop1	NW_027183653.1	1	1000000	0	1174	0	1174	0
pop1	NW_027183654.1	1	1000000	0	1763	0	1763	0
pop1	NW_027183656.1	1	1000000	0	297	0	297	0
pop1	NW_027183657.1	1	1000000	0	393	0	393	0
pop1	NW_027183658.1	1	1000000	0.0083229296712443	52866	440	52866	0
pop1	NW_027183661.1	1	1000000	0	852	0	852	0
pop1	NW_027183664.1	1	1000000	0.0088826082567881	9907	88	9907	0
pop1	NW_027183665.1	1	1000000	0	455	0	455	0
pop1	NW_027183666.1	1	1000000	0.001453488372093	1376	2	1376	0
pop1	NW_027183667.1	1	1000000	0	812	0	812	0
pop1	NW_027183669.1	1	1000000	0.01009184109355	18728	189	18728	0
pop1	NW_027183670.1	1	1000000	0	543	0	543	0
pop1	NW_027183672.1	1	1000000	0.0088495575221239	5537	49	5537	0
pop1	NW_027183674.1	1	1000000	0.00087642418930762	1141	1	1141	0
pop1	NW_027183675.1	1	1000000	0	1198	0	1198	0
pop1	NW_027183676.1	1	1000000	0.010028427037271	12664	127	12664	0
pop1	NW_027183678.1	1	1000000	0.00046882325363338	4266	2	4266	0
pop1	NW_027183679.1	1	1000000	0.011361387118483	25261	287	25261	0
pop1	NW_027183681.1	1	1000000	0	579	0	579	0
pop1	NW_027183682.1	1	1000000	0.0068614837958709	16323	112	16323	0
pop1	NW_027183683.1	1	1000000	0.0092748168559715	14879	138	14879	0
pop1	NW_027183685.1	1	1000000	0.0028248587570621	708	2	708	0
pop1	NW_027183686.1	1	1000000	0	625	0	625	0
pop1	NW_027183687.1	1	1000000	0.0036630036630037	546	2	546	0
pop1	NW_027183688.1	1	1000000	0.010498174230569	15336	161	15336	0
pop1	NW_027183690.1	1	1000000	0.014183794802106	11774	167	11774	0
pop1	NW_027183691.1	1	1000000	0.0025874542514257	58745	152	58745	0
pop1	NW_027183692.1	1	1000000	0.00058788947677837	1701	1	1701	0
pop1	NW_027183694.1	1	1000000	0	337	0	337	0
pop1	NW_027183695.1	1	1000000	0.015786749482402	11592	183	11592	0
pop1	NW_027183696.1	1	1000000	0	200	0	200	0
pop1	NW_027183699.1	1	1000000	0	152	0	152	0
pop1	NW_027183700.1	1	1000000	0	378	0	378	0
pop1	NW_027183703.1	1	1000000	0	401	0	401	0
pop1	NW_027183704.1	1	1000000	0	606	0	606	0
pop1	NW_027183706.1	1	1000000	0.007684500507467	13794	106	13794	0
pop1	NW_027183707.1	1	1000000	0	125	0	125	0
pop1	NW_027183708.1	1	1000000	0.0010756246897236	12086	13	12086	0
pop1	NW_027183709.1	1	1000000	0	545	0	545	0
pop1	NW_027183710.1	1	1000000	0.00044742729306488	2235	1	2235	0
pop1	NW_027183712.1	1	1000000	0.0011890606420927	841	1	841	0
pop1	NW_027183713.1	1	1000000	0	199	0	199	0
pop1	NW_027183714.1	1	1000000	0	127	0	127	0
pop1	NW_027183715.1	1	1000000	0	1804	0	1804	0
pop1	NW_027183716.1	1	1000000	0	127	0	127	0
pop1	NW_027183717.1	1	1000000	0.0021458685718614	39611	85	39611	0
pop1	NW_027183718.1	1	1000000	0.0098023198823722	18363	180	18363	0
pop1	NW_027183719.1	1	1000000	0.0044247787610619	226	1	226	0
pop1	NW_027183720.1	1	1000000	0.011104020421187	7835	87	7835	0
pop1	NW_027183721.1	1	1000000	0	684	0	684	0
pop1	NW_027183722.1	1	1000000	0.0095493882423157	13404	128	13404	0
pop1	NW_027183724.1	1	1000000	0	344	0	344	0
pop1	NW_027183725.1	1	1000000	0	793	0	793	0
pop1	NW_027183727.1	1	1000000	0.014497272018706	12830	186	12830	0
pop1	NW_027183728.1	1	1000000	0.013528870609881	18479	250	18479	0
pop1	NW_027183729.1	1	1000000	0.0062850348224902	5887	37	5887	0
pop1	NW_027183730.1	1	1000000	0.0030769230769231	975	3	975	0
pop1	NW_027183732.1	1	1000000	0	519	0	519	0
pop1	NW_027183734.1	1	1000000	0.013251783893986	36297	481	36297	0
pop1	NW_027183735.1	1	1000000	0.0023419203747073	1281	3	1281	0
pop1	NW_027183736.1	1	1000000	0.010900110704249	23486	256	23486	0
pop1	NW_027183738.1	1	1000000	0	143	0	143	0
pop1	NW_027183740.1	1	1000000	0.0017772511848341	1688	3	1688	0
pop1	NW_027183742.1	1	1000000	0	350	0	350	0
pop1	NW_027183743.1	1	1000000	0	418	0	418	0
pop1	NW_027183744.1	1	1000000	0.010537905001573	6358	67	6358	0
pop1	NW_027183746.1	1	1000000	0	169	0	169	0
pop1	NW_027183747.1	1	1000000	0	99	0	99	0
pop1	NW_027183748.1	1	1000000	0	703	0	703	0
pop1	NW_027183753.1	1	1000000	0	289	0	289	0
pop1	NW_027183754.1	1	1000000	0	510	0	510	0
pop1	NW_027183756.1	1	1000000	0.0107447363842	22988	247	22988	0
pop1	NW_027183759.1	1	1000000	0.013138138138138	5328	70	5328	0
pop1	NW_027183761.1	1	1000000	0.0067000441761154	13582	91	13582	0
pop1	NW_027183765.1	1	1000000	0	531	0	531	0
pop1	NW_027183767.1	1	1000000	0	178	0	178	0
pop1	NW_027183769.1	1	1000000	0	198	0	198	0
pop1	NW_027183770.1	1	1000000	0	151	0	151	0
pop1	NW_027183775.1	1	1000000	0.011880202034574	14057	167	14057	0
pop1	NW_027183776.1	1	1000000	0	196	0	196	0
pop1	NW_027183777.1	1	1000000	0.0053667262969589	2795	15	2795	0
pop1	NW_027183778.1	1	1000000	0	106	0	106	0
pop1	NW_027183780.1	1	1000000	0	198	0	198	0
pop1	NW_027183781.1	1	1000000	0.0099655601963802	13647	136	13647	0
pop1	NW_027183782.1	1	1000000	0	209	0	209	0
pop1	NW_027183785.1	1	1000000	0.0081466395112016	6874	56	6874	0
pop1	NW_027183786.1	1	1000000	0.011125332283154	10157	113	10157	0
pop1	NW_027183790.1	1	1000000	0	216	0	216	0
pop1	NW_027183792.1	1	1000000	0	36	0	36	0
pop1	NW_027183796.1	1	1000000	0.0094463150018706	10692	101	10692	0
pop1	NW_027183797.1	1	1000000	0.014209591474245	5630	80	5630	0
pop1	NW_027183803.1	1	1000000	0.012613645671226	12209	154	12209	0
pop1	NW_027183807.1	1	1000000	0	127	0	127	0
pop1	NW_027183809.1	1	1000000	0	258	0	258	0
pop1	NW_027183811.1	1	1000000	0.0018315018315018	1092	2	1092	0
pop1	NW_027183813.1	1	1000000	0.0073324022346369	2864	21	2864	0
pop1	NW_027183815.1	1	1000000	0.0066375018856539	6629	44	6629	0
pop1	NW_027183816.1	1	1000000	0.0086447295036252	7172	62	7172	0
pop1	NW_027183818.1	1	1000000	0	889	0	889	0
pop1	NW_027183819.1	1	1000000	0	1166	0	1166	0
pop1	NW_027183821.1	1	1000000	0.012379138587753	13652	169	13652	0
pop1	NW_027183823.1	1	1000000	0.0014025245441795	713	1	713	0
pop1	NW_027183824.1	1	1000000	0	357	0	357	0
pop1	NW_027183828.1	1	1000000	0	231	0	231	0
pop1	NW_027183830.1	1	1000000	0.006093432633717	2954	18	2954	0
pop1	NW_027183831.1	1	1000000	0.011330298431968	9885	112	9885	0
pop1	NW_027183832.1	1	1000000	0	128	0	128	0
pop1	NW_027183835.1	1	1000000	0	109	0	109	0
pop1	NW_027183836.1	1	1000000	0.012318220701454	5845	72	5845	0
pop1	NW_027183837.1	1	1000000	0.0042918454935622	233	1	233	0
pop1	NW_027183843.1	1	1000000	0	424	0	424	0
pop1	NW_027183845.1	1	1000000	0.0038572806171649	5185	20	5185	0
pop1	NW_027183846.1	1	1000000	0	776	0	776	0
pop1	NW_027183847.1	1	1000000	0	308	0	308	0
pop1	NW_027183849.1	1	1000000	0	365	0	365	0
pop1	NW_027183851.1	1	1000000	0	217	0	217	0
pop1	NW_027183852.1	1	1000000	0.0053610503282276	9140	49	9140	0
pop1	NW_027183861.1	1	1000000	0	293	0	293	0
pop1	NW_027183869.1	1	1000000	0	161	0	161	0
pop1	NW_027183872.1	1	1000000	0.0083093098185518	5897	49	5897	0
pop1	NW_027183873.1	1	1000000	0.0027307482250137	1831	5	1831	0
pop1	NW_027183874.1	1	1000000	0	176	0	176	0
pop1	NW_027183875.1	1	1000000	0.0079872204472843	1878	15	1878	0
pop1	NW_027183880.1	1	1000000	0.011882352941176	8500	101	8500	0
pop1	NW_027183889.1	1	1000000	0	1	0	1	0
pop1	NW_027183892.1	1	1000000	0.0076826871538324	5597	43	5597	0
pop1	NW_027183893.1	1	1000000	0.015033246603064	3459	52	3459	0
pop1	NW_027183896.1	1	1000000	0.012855517633675	8790	113	8790	0
pop1	NW_027183897.1	1	1000000	0.0094593016466192	8563	81	8563	0
pop1	NW_027183908.1	1	1000000	0.01123361764094	4807	54	4807	0
pop1	NW_027183912.1	1	1000000	0.0095090667846086	4522	43	4522	0
pop1	NW_027183918.1	1	1000000	0	779	0	779	0
pop1	NW_027183921.1	1	1000000	0	667	0	667	0
pop1	NW_027183924.1	1	1000000	0.014115535248042	12256	173	12256	0
pop1	NW_027183929.1	1	1000000	0.013369986255154	8003	107	8003	0
pop1	NW_027183932.1	1	1000000	0.0019286403085824	2074	4	2074	0
pop1	NW_027183946.1	1	1000000	0.0095526377859895	25438	243	25438	0
pop1	NW_027183951.1	1	1000000	0	108	0	108	0
pop1	NW_027183953.1	1	1000000	0	98	0	98	0
pop1	NW_027183955.1	1	1000000	0.01	7800	78	7800	0
pop1	NW_027183956.1	1	1000000	0.0047443331576173	1897	9	1897	0
pop1	NW_027183957.1	1	1000000	0	543	0	543	0
pop1	NW_027183958.1	1	1000000	0.0059958289885297	3836	23	3836	0
pop1	NW_027183961.1	1	1000000	0	200	0	200	0
pop1	NW_027183963.1	1	1000000	0.013182096873084	3262	43	3262	0
pop1	NW_027183967.1	1	1000000	0.010910391700948	5591	61	5591	0
pop1	NW_027183970.1	1	1000000	0	81	0	81	0
pop1	NW_027183971.1	1	1000000	0.008603031544449	2441	21	2441	0
pop1	NW_027183975.1	1	1000000	0.0021287919105907	9395	20	9395	0
pop1	NW_027183977.1	1	1000000	0.009683995922528	3924	38	3924	0
pop1	NW_027183980.1	1	1000000	0.0079803560466544	1629	13	1629	0
pop1	NW_027183983.1	1	1000000	0.011660447761194	2144	25	2144	0
pop1	NW_027183985.1	1	1000000	0.0031152647975078	642	2	642	0
pop1	NW_027183987.1	1	1000000	0.007172131147541	1952	14	1952	0
pop1	NW_027183991.1	1	1000000	0.02147577092511	1816	39	1816	0
pop1	NW_027183995.1	1	1000000	0.015643105446118	8630	135	8630	0
pop1	NW_027183999.1	1	1000000	0.010946051602815	1279	14	1279	0
pop1	NW_027184007.1	1	1000000	0.0035456936978154	8743	31	8743	0
pop1	NW_027184010.1	1	1000000	0.01243371731578	5469	68	5469	0
pop1	NW_027184011.1	1	1000000	0	554	0	554	0
pop1	NW_027184012.1	1	1000000	0.0040084885640179	4241	17	4241	0
pop1	NW_027184014.1	1	1000000	0.0099322799097065	2215	22	2215	0
pop1	NW_027184015.1	1	1000000	0	140	0	140	0
pop1	NW_027184016.1	1	1000000	0.016081871345029	684	11	684	0
pop1	NW_027184019.1	1	1000000	0.0064274236743439	3734	24	3734	0
pop1	NW_027184020.1	1	1000000	0.0069605568445476	431	3	431	0
pop1	NW_027184021.1	1	1000000	0.006123230003827	2613	16	2613	0
pop1	NW_027184022.1	1	1000000	0.014485576327844	8077	117	8077	0
pop1	NW_027184025.1	1	1000000	0.010298219266252	4661	48	4661	0
pop1	NW_027184026.1	1	1000000	0.018002322880372	3444	62	3444	0
pop1	NW_027184028.1	1	1000000	0.0099034414459025	8078	80	8078	0
pop1	NW_027184029.1	1	1000000	0	679	0	679	0
pop1	NW_027184030.1	1	1000000	0.0056369785794814	887	5	887	0
pop1	NW_027184033.1	1	1000000	0.010141987829615	1972	20	1972	0
pop1	NW_027184036.1	1	1000000	0.0088480939386422	12093	107	12093	0
pop1	NW_027184040.1	1	1000000	0	289	0	289	0
pop1	NW_027184042.1	1	1000000	0.0090171325518485	1109	10	1109	0
pop1	NW_027184043.1	1	1000000	0.013959822948587	5874	82	5874	0
pop1	NW_027184044.1	1	1000000	0.0028443113772455	6680	19	6680	0
pop1	NW_027184045.1	1	1000000	0	228	0	228	0
pop1	NW_027184048.1	1	1000000	0.00096153846153846	3120	3	3120	0
pop1	NW_027184050.1	1	1000000	0	427	0	427	0
pop1	NW_027184051.1	1	1000000	0.0023584905660377	424	1	424	0
pop1	NW_027184054.1	1	1000000	0.01038961038961	385	4	385	0
pop1	NC_051467.1	1	1000000	0.032258064516129	31	1	31	0
