pop	chromosome	window_pos_1	window_pos_2	avg_pi	no_sites	count_diffs	count_comparisons	count_missing
pop1	NC_091013.1	1	1000000	0.0031694190165141	652170	2067	652170	0
pop1	NC_091013.1	1000001	2000000	0.0047983593211848	766512	3678	766512	0
pop1	NC_091013.1	2000001	3000000	0.004979519981737	911132	4537	911132	0
pop1	NC_091013.1	3000001	4000000	0.0048758437605351	922507	4498	922507	0
pop1	NC_091013.1	4000001	5000000	0.0048449270091953	962450	4663	962450	0
pop1	NC_091013.1	5000001	6000000	0.0046051327406639	983685	4530	983685	0
pop1	NC_091013.1	6000001	7000000	0.0040642909979079	976062	3967	976062	0
pop1	NC_091013.1	7000001	8000000	0.0037245979463222	980777	3653	980777	0
pop1	NC_091013.1	8000001	9000000	0.0047826194419041	971016	4644	971016	0
pop1	NC_091013.1	9000001	10000000	0.0046006545705099	975296	4487	975296	0
pop1	NC_091013.1	10000001	11000000	0.0044602505770201	981335	4377	981335	0
pop1	NC_091013.1	11000001	12000000	0.0043200878914433	966647	4176	966647	0
pop1	NC_091013.1	12000001	13000000	0.0042608709320786	954265	4066	954265	0
pop1	NC_091013.1	13000001	14000000	0.0034803682769782	981218	3415	981218	0
pop1	NC_091013.1	14000001	15000000	0.0033307502468926	978158	3258	978158	0
pop1	NC_091013.1	15000001	16000000	0.003514261741566	986836	3468	986836	0
pop1	NC_091013.1	16000001	17000000	0.0036033686208104	973811	3509	973811	0
pop1	NC_091013.1	17000001	18000000	0.0040062214753487	959258	3843	959258	0
pop1	NC_091013.1	18000001	19000000	0.0038594864871311	964377	3722	964377	0
pop1	NC_091013.1	19000001	20000000	0.0038781061982555	982954	3812	982954	0
pop1	NC_091013.1	20000001	21000000	0.0032238237192292	976170	3147	976170	0
pop1	NC_091013.1	21000001	22000000	0.0036369418700894	981044	3568	981044	0
pop1	NC_091013.1	22000001	23000000	0.0032877856244479	972387	3197	972387	0
pop1	NC_091013.1	23000001	24000000	0.0041791327809939	970297	4055	970297	0
pop1	NC_091013.1	24000001	25000000	0.0031896378161661	978481	3121	978481	0
pop1	NC_091013.1	25000001	26000000	0.0028029058697589	978984	2744	978984	0
pop1	NC_091013.1	26000001	27000000	0.003771992952329	967128	3648	967128	0
pop1	NC_091013.1	27000001	28000000	0.0030614444843694	974050	2982	974050	0
pop1	NC_091013.1	28000001	29000000	0.0035623129707843	963419	3432	963419	0
pop1	NC_091013.1	29000001	30000000	0.0022203149678278	984545	2186	984545	0
pop1	NC_091013.1	30000001	31000000	0.0026310102044233	985553	2593	985553	0
pop1	NC_091013.1	31000001	32000000	0.0025091569809362	970844	2436	970844	0
pop1	NC_091013.1	32000001	33000000	0.0028173354839298	986393	2779	986393	0
pop1	NC_091013.1	33000001	34000000	0.0030723994555978	961789	2955	961789	0
pop1	NC_091013.1	34000001	35000000	0.0027398682379859	982529	2692	982529	0
pop1	NC_091013.1	35000001	36000000	0.0034364963056388	979195	3365	979195	0
pop1	NC_091013.1	36000001	37000000	0.0032258130002903	985178	3178	985178	0
pop1	NC_091013.1	37000001	38000000	0.0034091294390348	973269	3318	973269	0
pop1	NC_091013.1	38000001	39000000	0.0035432230084643	973972	3451	973972	0
pop1	NC_091013.1	39000001	40000000	0.0029035376858183	980528	2847	980528	0
pop1	NC_091013.1	40000001	41000000	0.003146757672252	985141	3100	985141	0
pop1	NC_091013.1	41000001	42000000	0.0033409430330554	982956	3284	982956	0
pop1	NC_091013.1	42000001	43000000	0.0022142235541893	970995	2150	970995	0
pop1	NC_091013.1	43000001	44000000	0.0031384565268291	982330	3083	982330	0
pop1	NC_091013.1	44000001	45000000	0.0039403082577987	967437	3812	967437	0
pop1	NC_091013.1	45000001	46000000	0.0043935311377838	959365	4215	959365	0
pop1	NC_091013.1	46000001	47000000	0.0041823180885257	955451	3996	955451	0
pop1	NC_091013.1	47000001	48000000	0.0038419847873553	965907	3711	965907	0
pop1	NC_091013.1	48000001	49000000	0.0037565616629484	974029	3659	974029	0
pop1	NC_091013.1	49000001	50000000	0.0031328523234279	959509	3006	959509	0
pop1	NC_091013.1	50000001	51000000	0.0035761998997766	979811	3504	979811	0
pop1	NC_091013.1	51000001	52000000	0.0032513917443365	982041	3193	982041	0
pop1	NC_091013.1	52000001	53000000	0.0025050579963203	981614	2459	981614	0
pop1	NC_091013.1	53000001	54000000	0.0038753107512251	977470	3788	977470	0
pop1	NC_091013.1	54000001	55000000	0.0034507203876068	980375	3383	980375	0
pop1	NC_091013.1	55000001	56000000	0.0034588769960003	972570	3364	972570	0
pop1	NC_091013.1	56000001	57000000	0.0046644624593147	971173	4530	971173	0
pop1	NC_091013.1	57000001	58000000	0.002716949003994	79869	217	79869	0
pop1	NC_091013.1	58000001	59000000	0.0024605361196306	461688	1136	461688	0
pop1	NC_091013.1	59000001	60000000	0.003389730500148	982969	3332	982969	0
pop1	NC_091013.1	60000001	61000000	0.0033745234352835	965766	3259	965766	0
pop1	NC_091013.1	61000001	62000000	0.0030610543245065	977441	2992	977441	0
pop1	NC_091013.1	62000001	63000000	0.0030237869892039	986842	2984	986842	0
pop1	NC_091013.1	63000001	64000000	0.0032933086420257	979562	3226	979562	0
pop1	NC_091013.1	64000001	65000000	0.0035976278429928	974809	3507	974809	0
pop1	NC_091013.1	65000001	66000000	0.0033235664408611	968237	3218	968237	0
pop1	NC_091013.1	66000001	67000000	0.0029000139077044	970685	2815	970685	0
pop1	NC_091013.1	67000001	68000000	0.0035056724227292	972424	3409	972424	0
pop1	NC_091013.1	68000001	69000000	0.0042063404531696	979236	4119	979236	0
pop1	NC_091013.1	69000001	70000000	0.0031684034811922	987248	3128	987248	0
pop1	NC_091013.1	70000001	71000000	0.0030252285169678	984719	2979	984719	0
pop1	NC_091013.1	71000001	72000000	0.0034235613245294	974716	3337	974716	0
pop1	NC_091013.1	72000001	73000000	0.0038855764721645	985182	3828	985182	0
pop1	NC_091013.1	73000001	74000000	0.0030425429623209	569918	1734	569918	0
pop1	NC_091013.1	74000001	75000000	0.0035135478826871	424642	1492	424642	0
pop1	NC_091013.1	75000001	76000000	0.0037043632025707	971557	3599	971557	0
pop1	NC_091013.1	76000001	77000000	0.003503997453132	973745	3412	973745	0
pop1	NC_091013.1	77000001	78000000	0.0035908605193314	978874	3515	978874	0
pop1	NC_091013.1	78000001	79000000	0.0036934337822271	980930	3623	980930	0
pop1	NC_091013.1	79000001	80000000	0.0040302737018233	975368	3931	975368	0
pop1	NC_091013.1	80000001	81000000	0.0042042694345958	985189	4142	985189	0
pop1	NC_091013.1	81000001	82000000	0.0039545577104061	967997	3828	967997	0
pop1	NC_091013.1	82000001	83000000	0.0036864114493676	977102	3602	977102	0
pop1	NC_091013.1	83000001	84000000	0.0042747180187596	552785	2363	552785	0
pop1	NC_091013.1	84000001	85000000	0.0038366134048527	794190	3047	794190	0
pop1	NC_091013.1	85000001	86000000	0.0043436718943822	975442	4237	975442	0
pop1	NC_091013.1	86000001	87000000	0.0044577085903546	976735	4354	976735	0
pop1	NC_091013.1	87000001	88000000	0.0035174595487021	974567	3428	974567	0
pop1	NC_091013.1	88000001	89000000	0.0036453195934397	979338	3570	979338	0
pop1	NC_091013.1	89000001	90000000	0.0040895987431022	982737	4019	982737	0
pop1	NC_091013.1	90000001	91000000	0.0036215133302512	973350	3525	973350	0
pop1	NC_091013.1	91000001	92000000	0.004558525586563	979264	4464	979264	0
pop1	NC_091013.1	92000001	93000000	0.00381037647802	842174	3209	842174	0
pop1	NC_091013.1	93000001	94000000	0.0040776523213373	960847	3918	960847	0
pop1	NC_091013.1	94000001	95000000	0.004158978503642	983655	4091	983655	0
pop1	NC_091013.1	95000001	96000000	0.0045543359724705	972919	4431	972919	0
pop1	NC_091013.1	96000001	97000000	0.003969574736405	982473	3900	982473	0
pop1	NC_091013.1	97000001	98000000	0.0035306081526254	977452	3451	977452	0
pop1	NC_091013.1	98000001	99000000	0.0037246125406474	983458	3663	983458	0
pop1	NC_091013.1	99000001	100000000	0.0037737039275416	982854	3709	982854	0
pop1	NC_091013.1	100000001	101000000	0.0041167448419042	986459	4061	986459	0
pop1	NC_091013.1	101000001	102000000	0.0045902653199977	976632	4483	976632	0
pop1	NC_091013.1	102000001	103000000	0.0038938218234407	964605	3756	964605	0
pop1	NC_091013.1	103000001	104000000	0.0031158466169252	963783	3003	963783	0
pop1	NC_091013.1	104000001	105000000	0.001943567103857	964721	1875	964721	0
pop1	NC_091013.1	105000001	106000000	0.00029584224057792	807863	239	807863	0
pop1	NC_091013.1	106000001	107000000	0.0022045413988065	919012	2026	919012	0
pop1	NC_091013.1	107000001	108000000	0.0043389396875211	903677	3921	903677	0
pop1	NC_091013.1	108000001	109000000	0.0043454234904049	915676	3979	915676	0
pop1	NC_091013.1	109000001	110000000	0.0047326168323371	981064	4643	981064	0
pop1	NC_091013.1	110000001	111000000	0.0045674126402562	987211	4509	987211	0
pop1	NC_091013.1	111000001	112000000	0.005100268723836	984654	5022	984654	0
pop1	NC_091013.1	112000001	113000000	0.0051916471438783	977917	5077	977917	0
pop1	NC_091013.1	113000001	114000000	0.0049883849631007	978473	4881	978473	0
pop1	NC_091013.1	114000001	115000000	0.0043875111827532	981422	4306	981422	0
pop1	NC_091013.1	115000001	116000000	0.003583783177036	979970	3512	979970	0
pop1	NC_091013.1	116000001	117000000	0.0043723582826056	988940	4324	988940	0
pop1	NC_091013.1	117000001	118000000	0.0045012122991392	974182	4385	974182	0
pop1	NC_091013.1	118000001	119000000	0.0040975914212898	884422	3624	884422	0
pop1	NC_091013.1	119000001	120000000	0.0043923665149616	950968	4177	950968	0
pop1	NC_091013.1	120000001	121000000	0.0037738095783317	218347	824	218347	0
pop1	NC_091014.1	1	1000000	0.00084891783988233	118975	101	118975	0
pop1	NC_091014.1	1000001	2000000	0.0062257184332103	830105	5168	830105	0
pop1	NC_091014.1	2000001	3000000	0.0055935517759473	927139	5186	927139	0
pop1	NC_091014.1	3000001	4000000	0.0051014524073972	962471	4910	962471	0
pop1	NC_091014.1	4000001	5000000	0.0048502342555502	956861	4641	956861	0
pop1	NC_091014.1	5000001	6000000	0.0044227252188158	980391	4336	980391	0
pop1	NC_091014.1	6000001	7000000	0.0038050942784116	989463	3765	989463	0
pop1	NC_091014.1	7000001	8000000	0.0042058693284251	952954	4008	952954	0
pop1	NC_091014.1	8000001	9000000	0.0035889125621095	764577	2744	764577	0
pop1	NC_091014.1	9000001	10000000	0.0032503236651858	841147	2734	841147	0
pop1	NC_091014.1	10000001	11000000	0.0046544683717988	973688	4532	973688	0
pop1	NC_091014.1	11000001	12000000	0.0044044683366985	980141	4317	980141	0
pop1	NC_091014.1	12000001	13000000	0.0037194756531326	977826	3637	977826	0
pop1	NC_091014.1	13000001	14000000	0.0037494490584739	984678	3692	984678	0
pop1	NC_091014.1	14000001	15000000	0.0033638020399963	985492	3315	985492	0
pop1	NC_091014.1	15000001	16000000	0.0030592347162203	968216	2962	968216	0
pop1	NC_091014.1	16000001	17000000	0.0039149991860923	970626	3800	970626	0
pop1	NC_091014.1	17000001	18000000	0.0030962529935373	980863	3037	980863	0
pop1	NC_091014.1	18000001	19000000	0.0034753454902281	978320	3400	978320	0
pop1	NC_091014.1	19000001	20000000	0.0030234055038569	984982	2978	984982	0
pop1	NC_091014.1	20000001	21000000	0.0029556344689627	967305	2859	967305	0
pop1	NC_091014.1	21000001	22000000	0.0026942701176413	981713	2645	981713	0
pop1	NC_091014.1	22000001	23000000	0.0030844531677365	976186	3011	976186	0
pop1	NC_091014.1	23000001	24000000	0.0034382513022572	958336	3295	958336	0
pop1	NC_091014.1	24000001	25000000	0.0032422869866252	983565	3189	983565	0
pop1	NC_091014.1	25000001	26000000	0.0023067659480638	943312	2176	943312	0
pop1	NC_091014.1	26000001	27000000	0.0023805902271259	979589	2332	979589	0
pop1	NC_091014.1	27000001	28000000	0.0025141687006164	966920	2431	966920	0
pop1	NC_091014.1	28000001	29000000	0.0022144926583973	974038	2157	974038	0
pop1	NC_091014.1	29000001	30000000	0.0022072224715397	982683	2169	982683	0
pop1	NC_091014.1	30000001	31000000	0.0025618396214851	978984	2508	978984	0
pop1	NC_091014.1	31000001	32000000	0.0027752213545121	980102	2720	980102	0
pop1	NC_091014.1	32000001	33000000	0.0031505132287679	974127	3069	974127	0
pop1	NC_091014.1	33000001	34000000	0.0031648695407782	982031	3108	982031	0
pop1	NC_091014.1	34000001	35000000	0.0027417203220037	976759	2678	976759	0
pop1	NC_091014.1	35000001	36000000	0.0028657340668358	977411	2801	977411	0
pop1	NC_091014.1	36000001	37000000	0.0025896993820197	986601	2555	986601	0
pop1	NC_091014.1	37000001	38000000	0.0027744848541246	988652	2743	988652	0
pop1	NC_091014.1	38000001	39000000	0.0034430887865526	952633	3280	952633	0
pop1	NC_091014.1	39000001	40000000	0.0035151628118061	987152	3470	987152	0
pop1	NC_091014.1	40000001	41000000	0.0029887412526822	981015	2932	981015	0
pop1	NC_091014.1	41000001	42000000	0.003105373271	974118	3025	974118	0
pop1	NC_091014.1	42000001	43000000	0.0038828513838124	983298	3818	983298	0
pop1	NC_091014.1	43000001	44000000	0.00358650687	986754	3539	986754	0
pop1	NC_091014.1	44000001	45000000	0.0030739683152621	984070	3025	984070	0
pop1	NC_091014.1	45000001	46000000	0.0037775079476766	979217	3699	979217	0
pop1	NC_091014.1	46000001	47000000	0.0028051825038379	988171	2772	988171	0
pop1	NC_091014.1	47000001	48000000	0.0011586606799592	567034	657	567034	0
pop1	NC_091014.1	48000001	49000000	0.0085357846355877	3046	26	3046	0
pop1	NC_091014.1	49000001	50000000	0.0022744016369131	731621	1664	731621	0
pop1	NC_091014.1	50000001	51000000	0.0030262332683215	958287	2900	958287	0
pop1	NC_091014.1	51000001	52000000	0.0029105622419669	971290	2827	971290	0
pop1	NC_091014.1	52000001	53000000	0.0025878739620066	984592	2548	984592	0
pop1	NC_091014.1	53000001	54000000	0.0030989952268936	979027	3034	979027	0
pop1	NC_091014.1	54000001	55000000	0.0035473683996478	983546	3489	983546	0
pop1	NC_091014.1	55000001	56000000	0.0025956375168223	750490	1948	750490	0
pop1	NC_091014.1	56000001	57000000	0.0033421825633157	990670	3311	990670	0
pop1	NC_091014.1	57000001	58000000	0.0036629584864705	972984	3564	972984	0
pop1	NC_091014.1	58000001	59000000	0.0041474380034088	453533	1881	453533	0
pop1	NC_091014.1	59000001	60000000	0.0037586097871599	676846	2544	676846	0
pop1	NC_091014.1	60000001	61000000	0.0039294634509389	970107	3812	970107	0
pop1	NC_091014.1	61000001	62000000	0.005055661328943	978507	4947	978507	0
pop1	NC_091014.1	62000001	63000000	0.0048318269220882	972510	4699	972510	0
pop1	NC_091014.1	63000001	64000000	0.0040239586723072	983360	3957	983360	0
pop1	NC_091014.1	64000001	65000000	0.0044147650405598	960187	4239	960187	0
pop1	NC_091014.1	65000001	66000000	0.0043025971704954	973598	4189	973598	0
pop1	NC_091014.1	66000001	67000000	0.0048858699329346	975466	4766	975466	0
pop1	NC_091014.1	67000001	68000000	0.0046856647682486	957815	4488	957815	0
pop1	NC_091014.1	68000001	69000000	0.0042336279153654	737429	3122	737429	0
pop1	NC_091014.1	69000001	70000000	0.0039686688397389	966067	3834	966067	0
pop1	NC_091014.1	70000001	71000000	0.0025278351710688	966044	2442	966044	0
pop1	NC_091014.1	71000001	72000000	0.0016241856622682	890908	1447	890908	0
pop1	NC_091014.1	72000001	73000000	0	35	0	35	0
pop1	NC_091014.1	73000001	74000000	0.00061545799691502	779907	480	779907	0
pop1	NC_091014.1	74000001	75000000	0.0019556019955541	976170	1909	976170	0
pop1	NC_091014.1	75000001	76000000	0.0042845399009238	981669	4206	981669	0
pop1	NC_091014.1	76000001	77000000	0.0044902228526193	982802	4413	982802	0
pop1	NC_091014.1	77000001	78000000	0.005002871000452	982236	4914	982236	0
pop1	NC_091014.1	78000001	79000000	0.0043624822442275	979259	4272	979259	0
pop1	NC_091014.1	79000001	80000000	0.0026321098082305	931952	2453	931952	0
pop1	NC_091014.1	80000001	81000000	0	1927	0	1927	0
pop1	NC_091015.1	1	1000000	0.0029339114864792	834381	2448	834381	0
pop1	NC_091015.1	1000001	2000000	0.0064132175163965	928707	5956	928707	0
pop1	NC_091015.1	2000001	3000000	0.0047492792288602	966673	4591	966673	0
pop1	NC_091015.1	3000001	4000000	0.0052263538214458	960134	5018	960134	0
pop1	NC_091015.1	4000001	5000000	0.0046562523969013	977825	4553	977825	0
pop1	NC_091015.1	5000001	6000000	0.0043941096939191	982224	4316	982224	0
pop1	NC_091015.1	6000001	7000000	0.0042798910947202	972221	4161	972221	0
pop1	NC_091015.1	7000001	8000000	0.0049191703507251	971302	4778	971302	0
pop1	NC_091015.1	8000001	9000000	0.0038482906134819	984593	3789	984593	0
pop1	NC_091015.1	9000001	10000000	0.0035696807438754	972636	3472	972636	0
pop1	NC_091015.1	10000001	11000000	0.0036115480237455	985450	3559	985450	0
pop1	NC_091015.1	11000001	12000000	0.004369192152772	981646	4289	981646	0
pop1	NC_091015.1	12000001	13000000	0.0038934321532432	959051	3734	959051	0
pop1	NC_091015.1	13000001	14000000	0.0033894454575143	986002	3342	986002	0
pop1	NC_091015.1	14000001	15000000	0.0035216386599474	983633	3464	983633	0
pop1	NC_091015.1	15000001	16000000	0.0036705839241453	982405	3606	982405	0
pop1	NC_091015.1	16000001	17000000	0.0030364404957166	934647	2838	934647	0
pop1	NC_091015.1	17000001	18000000	0.003641122278057	955200	3478	955200	0
pop1	NC_091015.1	18000001	19000000	0.0028940805409925	977167	2828	977167	0
pop1	NC_091015.1	19000001	20000000	0.0035072215906888	979978	3437	979978	0
pop1	NC_091015.1	20000001	21000000	0.0034562188159737	967242	3343	967242	0
pop1	NC_091015.1	21000001	22000000	0.0028126608547874	979144	2754	979144	0
pop1	NC_091015.1	22000001	23000000	0.0031335328211794	970151	3040	970151	0
pop1	NC_091015.1	23000001	24000000	0.00326622458202	971458	3173	971458	0
pop1	NC_091015.1	24000001	25000000	0.0038919284787636	780076	3036	780076	0
pop1	NC_091015.1	25000001	26000000	0.0020331106593087	3443	7	3443	0
pop1	NC_091015.1	26000001	27000000	NA	0	NA	NA	NA
pop1	NC_091015.1	27000001	28000000	NA	0	NA	NA	NA
pop1	NC_091015.1	28000001	29000000	NA	0	NA	NA	NA
pop1	NC_091015.1	29000001	30000000	NA	0	NA	NA	NA
pop1	NC_091015.1	30000001	31000000	NA	0	NA	NA	NA
pop1	NC_091015.1	31000001	32000000	NA	0	NA	NA	NA
pop1	NC_091015.1	32000001	33000000	0.0019685039370079	508	1	508	0
pop1	NC_091015.1	33000001	34000000	NA	0	NA	NA	NA
pop1	NC_091015.1	34000001	35000000	NA	0	NA	NA	NA
pop1	NC_091015.1	35000001	36000000	NA	0	NA	NA	NA
pop1	NC_091015.1	36000001	37000000	NA	0	NA	NA	NA
pop1	NC_091015.1	37000001	38000000	NA	0	NA	NA	NA
pop1	NC_091015.1	38000001	39000000	NA	0	NA	NA	NA
pop1	NC_091015.1	39000001	40000000	0.0041929143372698	496552	2082	496552	0
pop1	NC_091015.1	40000001	41000000	0.003844978168171	978159	3761	978159	0
pop1	NC_091015.1	41000001	42000000	0.0033811595907327	986348	3335	986348	0
pop1	NC_091015.1	42000001	43000000	0.0027071465176298	973719	2636	973719	0
pop1	NC_091015.1	43000001	44000000	0.0032610076798357	983745	3208	983745	0
pop1	NC_091015.1	44000001	45000000	0.0031877934415838	981243	3128	981243	0
pop1	NC_091015.1	45000001	46000000	0.002886414819044	977337	2821	977337	0
pop1	NC_091015.1	46000001	47000000	0.0040094713532477	977685	3920	977685	0
pop1	NC_091015.1	47000001	48000000	0.0030757519966086	969519	2982	969519	0
pop1	NC_091015.1	48000001	49000000	0.0032678874911569	983816	3215	983816	0
pop1	NC_091015.1	49000001	50000000	0.0025899015127863	986524	2555	986524	0
pop1	NC_091015.1	50000001	51000000	0.003365268562225	985954	3318	985954	0
pop1	NC_091015.1	51000001	52000000	0.0032062267702952	971547	3115	971547	0
pop1	NC_091015.1	52000001	53000000	0.0038583864011712	970613	3745	970613	0
pop1	NC_091015.1	53000001	54000000	0.0034728760441784	982471	3412	982471	0
pop1	NC_091015.1	54000001	55000000	0.0026814156335945	987911	2649	987911	0
pop1	NC_091015.1	55000001	56000000	0.0030996257496433	984635	3052	984635	0
pop1	NC_091015.1	56000001	57000000	0.0035342330305742	978996	3460	978996	0
pop1	NC_091015.1	57000001	58000000	0.0031616576411498	977968	3092	977968	0
pop1	NC_091015.1	58000001	59000000	0.0032786751334291	979359	3211	979359	0
pop1	NC_091015.1	59000001	60000000	0.0036954344400079	971469	3590	971469	0
pop1	NC_091015.1	60000001	61000000	0.0029849026038126	937049	2797	937049	0
pop1	NC_091015.1	61000001	62000000	0.0024409915279037	980749	2394	980749	0
pop1	NC_091015.1	62000001	63000000	0.001441109926551	882653	1272	882653	0
pop1	NC_091015.1	63000001	64000000	0.00097411407174255	368540	359	368540	0
pop1	NC_091015.1	64000001	65000000	0.00030282557142663	957647	290	957647	0
pop1	NC_091015.1	65000001	66000000	0.00016063734780089	522917	84	522917	0
pop1	NC_091015.1	66000001	67000000	0	701	0	701	0
pop1	NC_091015.1	67000001	68000000	0.00019568327772032	786986	154	786986	0
pop1	NC_091015.1	68000001	69000000	0.0001411923376815	949060	134	949060	0
pop1	NC_091015.1	69000001	70000000	0.00087783169461233	981965	862	981965	0
pop1	NC_091015.1	70000001	71000000	0.0019515037069404	981807	1916	981807	0
pop1	NC_091015.1	71000001	72000000	0.0026114907654842	970327	2534	970327	0
pop1	NC_091015.1	72000001	73000000	0.0025064109801959	983079	2464	983079	0
pop1	NC_091015.1	73000001	74000000	0.0028414520842255	978373	2780	978373	0
pop1	NC_091015.1	74000001	75000000	0.0026175981726779	980670	2567	980670	0
pop1	NC_091015.1	75000001	76000000	0.0024762433805164	979306	2425	979306	0
pop1	NC_091015.1	76000001	77000000	0.0031855124195369	984457	3136	984457	0
pop1	NC_091015.1	77000001	78000000	0.0035138566630429	986096	3465	986096	0
pop1	NC_091015.1	78000001	79000000	0.0027198902212983	976510	2656	976510	0
pop1	NC_091015.1	79000001	80000000	0.0032912151542725	967120	3183	967120	0
pop1	NC_091015.1	80000001	81000000	0.0033245542949757	987200	3282	987200	0
pop1	NC_091015.1	81000001	82000000	0.0032130790731932	966674	3106	966674	0
pop1	NC_091015.1	82000001	83000000	0.0033068722184888	977661	3233	977661	0
pop1	NC_091015.1	83000001	84000000	0.003463345057229	966118	3346	966118	0
pop1	NC_091015.1	84000001	85000000	0.0037086902293771	968536	3592	968536	0
pop1	NC_091015.1	85000001	86000000	0.0035657579030389	961086	3427	961086	0
pop1	NC_091015.1	86000001	87000000	0.004025091153728	963208	3877	963208	0
pop1	NC_091015.1	87000001	88000000	0.0038676694809422	956907	3701	956907	0
pop1	NC_091015.1	88000001	89000000	0.0044838322153325	958109	4296	958109	0
pop1	NC_091015.1	89000001	90000000	0.0041125317812084	978959	4026	978959	0
pop1	NC_091015.1	90000001	91000000	0.0027896521721091	819457	2286	819457	0
pop1	NC_091015.1	91000001	92000000	0.0032488756271433	969874	3151	969874	0
pop1	NC_091015.1	92000001	93000000	0.0038095666771351	977539	3724	977539	0
pop1	NC_091015.1	93000001	94000000	0.0040664940168442	964959	3924	964959	0
pop1	NC_091015.1	94000001	95000000	0.0034147911144402	929193	3173	929193	0
pop1	NC_091015.1	95000001	96000000	0.0030645251068409	970134	2973	970134	0
pop1	NC_091015.1	96000001	97000000	0.0033948815631817	260392	884	260392	0
pop1	NC_091015.1	97000001	98000000	0.0032474920167111	646037	2098	646037	0
pop1	NC_091015.1	98000001	99000000	0.0039801497633146	970064	3861	970064	0
pop1	NC_091015.1	99000001	100000000	0.0035132773713091	979712	3442	979712	0
pop1	NC_091015.1	100000001	101000000	0.003301955930492	982448	3244	982448	0
pop1	NC_091015.1	101000001	102000000	0.003708787826558	974712	3615	974712	0
pop1	NC_091015.1	102000001	103000000	0.0033075838828975	980474	3243	980474	0
pop1	NC_091015.1	103000001	104000000	0.0037688068691529	975375	3676	975375	0
pop1	NC_091015.1	104000001	105000000	0.0041079063156379	979331	4023	979331	0
pop1	NC_091015.1	105000001	106000000	0.0038304392236977	971168	3720	971168	0
pop1	NC_091015.1	106000001	107000000	0.003472969896826	975246	3387	975246	0
pop1	NC_091015.1	107000001	108000000	0.0028873219297565	979108	2827	979108	0
pop1	NC_091015.1	108000001	109000000	0.0039166874736807	805017	3153	805017	0
pop1	NC_091015.1	109000001	110000000	0.003836875736823	972927	3733	972927	0
pop1	NC_091015.1	110000001	111000000	0.004007642335371	959916	3847	959916	0
pop1	NC_091015.1	111000001	112000000	0.0037654354600253	973327	3665	973327	0
pop1	NC_091015.1	112000001	113000000	0.0028983571802678	958474	2778	958474	0
pop1	NC_091015.1	113000001	114000000	0.0033735824426858	980560	3308	980560	0
pop1	NC_091015.1	114000001	115000000	0.0033706005234129	984691	3319	984691	0
pop1	NC_091015.1	115000001	116000000	0.0037861305993072	968535	3667	968535	0
pop1	NC_091015.1	116000001	117000000	0.0040736772095773	974304	3969	974304	0
pop1	NC_091015.1	117000001	118000000	0.0038316217390235	976088	3740	976088	0
pop1	NC_091015.1	118000001	119000000	0.0036079841461172	978940	3532	978940	0
pop1	NC_091015.1	119000001	120000000	0.0037989926059532	975785	3707	975785	0
pop1	NC_091015.1	120000001	121000000	0.0029846144796903	986057	2943	986057	0
pop1	NC_091015.1	121000001	122000000	0.0032525547385529	977693	3180	977693	0
pop1	NC_091015.1	122000001	123000000	0.0041285491215592	366957	1515	366957	0
pop1	NC_091015.1	123000001	124000000	0.0040794427536701	972927	3969	972927	0
pop1	NC_091015.1	124000001	125000000	0.0033991467469079	966419	3285	966419	0
pop1	NC_091015.1	125000001	126000000	0.0038281503452751	970965	3717	970965	0
pop1	NC_091015.1	126000001	127000000	0.004054699922009	960367	3894	960367	0
pop1	NC_091015.1	127000001	128000000	0.0045953065353547	982089	4513	982089	0
pop1	NC_091015.1	128000001	129000000	0.003996826169637	981779	3924	981779	0
pop1	NC_091015.1	129000001	130000000	0.0036774572077243	980025	3604	980025	0
pop1	NC_091015.1	130000001	131000000	0.0035541169198738	983648	3496	983648	0
pop1	NC_091015.1	131000001	132000000	0.0035252499485197	976101	3441	976101	0
pop1	NC_091015.1	132000001	133000000	0.0033433787361112	982539	3285	982539	0
pop1	NC_091015.1	133000001	134000000	0.0028934015334824	979470	2834	979470	0
pop1	NC_091015.1	134000001	135000000	0.0036508164143328	976220	3564	976220	0
pop1	NC_091015.1	135000001	136000000	0.00362574833462	978005	3546	978005	0
pop1	NC_091015.1	136000001	137000000	0.0030121935318944	974041	2934	974041	0
pop1	NC_091015.1	137000001	138000000	0.0031143618333416	972912	3030	972912	0
pop1	NC_091015.1	138000001	139000000	0.0033409962000532	973961	3254	973961	0
pop1	NC_091015.1	139000001	140000000	0.003822862714284	972308	3717	972308	0
pop1	NC_091015.1	140000001	141000000	0.0036895593926339	981418	3621	981418	0
pop1	NC_091015.1	141000001	142000000	0.0033080184014429	952534	3151	952534	0
pop1	NC_091015.1	142000001	143000000	0.0029639062764772	973715	2886	973715	0
pop1	NC_091015.1	143000001	144000000	0.0027457564421046	978601	2687	978601	0
pop1	NC_091015.1	144000001	145000000	0.0030095547161231	967585	2912	967585	0
pop1	NC_091015.1	145000001	146000000	0.0025360872746624	962112	2440	962112	0
pop1	NC_091015.1	146000001	147000000	0.0020960679186908	985178	2065	985178	0
pop1	NC_091015.1	147000001	148000000	0.0025704828872387	973747	2503	973747	0
pop1	NC_091015.1	148000001	149000000	0.002549312824895	983010	2506	983010	0
pop1	NC_091015.1	149000001	150000000	0.0032860510549218	965901	3174	965901	0
pop1	NC_091015.1	150000001	151000000	0.0034313725490196	954720	3276	954720	0
pop1	NC_091015.1	151000001	152000000	0.00368320885212	966277	3559	966277	0
pop1	NC_091015.1	152000001	153000000	0.0028099077916818	950565	2671	950565	0
pop1	NC_091015.1	153000001	154000000	0.0020572818279976	968754	1993	968754	0
pop1	NC_091015.1	154000001	155000000	0.0025323509123713	965506	2445	965506	0
pop1	NC_091015.1	155000001	156000000	0.0032184060496915	965074	3106	965074	0
pop1	NC_091015.1	156000001	157000000	0.0026217531718806	975683	2558	975683	0
pop1	NC_091015.1	157000001	158000000	0.0029733541326089	962213	2861	962213	0
pop1	NC_091015.1	158000001	159000000	0.0028972319193345	980246	2840	980246	0
pop1	NC_091015.1	159000001	160000000	0.0037543244543043	966885	3630	966885	0
pop1	NC_091015.1	160000001	161000000	0.0034896748794803	972870	3395	972870	0
pop1	NC_091015.1	161000001	162000000	0.0037276800698127	953408	3554	953408	0
pop1	NC_091015.1	162000001	163000000	0.0043951439734364	954690	4196	954690	0
pop1	NC_091015.1	163000001	164000000	0.0034899560917491	960184	3351	960184	0
pop1	NC_091015.1	164000001	165000000	0.0037217673623475	974537	3627	974537	0
pop1	NC_091015.1	165000001	166000000	0.0047114141147815	955764	4503	955764	0
pop1	NC_091015.1	166000001	167000000	0.0049371294695199	966351	4771	966351	0
pop1	NC_091015.1	167000001	168000000	0.0074804483768314	755436	5651	755436	0
pop1	NC_091015.1	168000001	169000000	0.0060411226769925	594757	3593	594757	0
pop1	NC_091016.1	1	1000000	0.00048076923076923	4160	2	4160	0
pop1	NC_091016.1	1000001	2000000	0.0032945696706309	341471	1125	341471	0
pop1	NC_091016.1	2000001	3000000	0.0044057668247121	953523	4201	953523	0
pop1	NC_091016.1	3000001	4000000	0.0035428390909109	987626	3499	987626	0
pop1	NC_091016.1	4000001	5000000	0.0033396111275843	988139	3300	988139	0
pop1	NC_091016.1	5000001	6000000	0.0038709886791075	986053	3817	986053	0
pop1	NC_091016.1	6000001	7000000	0.0039811215135657	973595	3876	973595	0
pop1	NC_091016.1	7000001	8000000	0.0038373110836701	979071	3757	979071	0
pop1	NC_091016.1	8000001	9000000	0.0012059481071253	970191	1170	970191	0
pop1	NC_091016.1	9000001	10000000	0.00019006709368407	315678	60	315678	0
pop1	NC_091016.1	10000001	11000000	0	1023	0	1023	0
pop1	NC_091016.1	11000001	12000000	0.00020024878590885	754062	151	754062	0
pop1	NC_091016.1	12000001	13000000	0.0017237111226544	985664	1699	985664	0
pop1	NC_091016.1	13000001	14000000	0.0032991592102465	978128	3227	978128	0
pop1	NC_091016.1	14000001	15000000	0.0043680868496518	976400	4265	976400	0
pop1	NC_091016.1	15000001	16000000	0.0032400545222968	134257	435	134257	0
pop1	NC_091016.1	16000001	17000000	0.002403251638697	586289	1409	586289	0
pop1	NC_091016.1	17000001	18000000	0.0042890895769361	728826	3126	728826	0
pop1	NC_091016.1	18000001	19000000	0.0043445756709849	985827	4283	985827	0
pop1	NC_091016.1	19000001	20000000	0.0043508967280638	969915	4220	969915	0
pop1	NC_091016.1	20000001	21000000	0.0041644111563403	980931	4085	980931	0
pop1	NC_091016.1	21000001	22000000	0.0050053010032239	970571	4858	970571	0
pop1	NC_091016.1	22000001	23000000	0.0044775488794792	970397	4345	970397	0
pop1	NC_091016.1	23000001	24000000	0.0041466526175548	954746	3959	954746	0
pop1	NC_091016.1	24000001	25000000	0.0044866477736923	960851	4311	960851	0
pop1	NC_091016.1	25000001	26000000	0.0036121020192109	981423	3545	981423	0
pop1	NC_091016.1	26000001	27000000	0.0045994599727902	335909	1545	335909	0
pop1	NC_091016.1	27000001	28000000	0.0037762640709567	194372	734	194372	0
pop1	NC_091016.1	28000001	29000000	0.0035886933754798	981973	3524	981973	0
pop1	NC_091016.1	29000001	30000000	0.0033888061473375	972909	3297	972909	0
pop1	NC_091016.1	30000001	31000000	0.0038097566441545	981690	3740	981690	0
pop1	NC_091016.1	31000001	32000000	0.003891105725918	987894	3844	987894	0
pop1	NC_091016.1	32000001	33000000	0.0035859526201034	979656	3513	979656	0
pop1	NC_091016.1	33000001	34000000	0.003705659543543	986599	3656	986599	0
pop1	NC_091016.1	34000001	35000000	0.0027551761069179	985055	2714	985055	0
pop1	NC_091016.1	35000001	36000000	0.0019138755980861	197505	378	197505	0
pop1	NC_091016.1	36000001	37000000	0.0067783094098884	2508	17	2508	0
pop1	NC_091016.1	37000001	38000000	0.002849031341845	799921	2279	799921	0
pop1	NC_091016.1	38000001	39000000	0.0032634004267368	986088	3218	986088	0
pop1	NC_091016.1	39000001	40000000	0.0029941612837238	982579	2942	982579	0
pop1	NC_091016.1	40000001	41000000	0.0031544579732914	977664	3084	977664	0
pop1	NC_091016.1	41000001	42000000	0.0031418827918134	983805	3091	983805	0
pop1	NC_091016.1	42000001	43000000	0.002556770151031	964107	2465	964107	0
pop1	NC_091016.1	43000001	44000000	0.003245337755522	981716	3186	981716	0
pop1	NC_091016.1	44000001	45000000	0.0025490641380385	981929	2503	981929	0
pop1	NC_091016.1	45000001	46000000	0.0031964794657708	975761	3119	975761	0
pop1	NC_091016.1	46000001	47000000	0.0033692388901719	969952	3268	969952	0
pop1	NC_091016.1	47000001	48000000	0.002963628565345	981567	2909	981567	0
pop1	NC_091016.1	48000001	49000000	0.0036916853823067	984916	3636	984916	0
pop1	NC_091016.1	49000001	50000000	0.0038831808045096	963643	3742	963643	0
pop1	NC_091016.1	50000001	51000000	0.003452984559256	957143	3305	957143	0
pop1	NC_091016.1	51000001	52000000	0.0040481812341173	977476	3957	977476	0
pop1	NC_091016.1	52000001	53000000	0.0035629405099382	977844	3484	977844	0
pop1	NC_091016.1	53000001	54000000	0.0027543976865081	989327	2725	989327	0
pop1	NC_091016.1	54000001	55000000	0.0027881574296995	331043	923	331043	0
pop1	NC_091016.1	55000001	56000000	0.0033883405591794	484603	1642	484603	0
pop1	NC_091016.1	56000001	57000000	0.0031126560758054	987581	3074	987581	0
pop1	NC_091016.1	57000001	58000000	0.0030737122485606	985128	3028	985128	0
pop1	NC_091016.1	58000001	59000000	0.0035511507757743	985596	3500	985596	0
pop1	NC_091016.1	59000001	60000000	0.003301586528065	984981	3252	984981	0
pop1	NC_091016.1	60000001	61000000	0.0030124299490898	986247	2971	986247	0
pop1	NC_091016.1	61000001	62000000	0.0033465938051462	984882	3296	984882	0
pop1	NC_091016.1	62000001	63000000	0.0032012299353331	965254	3090	965254	0
pop1	NC_091016.1	63000001	64000000	0.0026406922451366	984969	2601	984969	0
pop1	NC_091016.1	64000001	65000000	0.0029387720153065	981022	2883	981022	0
pop1	NC_091016.1	65000001	66000000	0.0033133919055515	982377	3255	982377	0
pop1	NC_091016.1	66000001	67000000	0.003388553835687	987737	3347	987737	0
pop1	NC_091016.1	67000001	68000000	0.0034222616017332	976255	3341	976255	0
pop1	NC_091016.1	68000001	69000000	0.0037610452541037	954256	3589	954256	0
pop1	NC_091016.1	69000001	70000000	0.0035683420583113	987013	3522	987013	0
pop1	NC_091016.1	70000001	71000000	0.0033131068330042	986989	3270	986989	0
pop1	NC_091016.1	71000001	72000000	0.0032626974750443	983542	3209	983542	0
pop1	NC_091016.1	72000001	73000000	0.0040080893858838	983511	3942	983511	0
pop1	NC_091016.1	73000001	74000000	0.0038158389862398	983270	3752	983270	0
pop1	NC_091016.1	74000001	75000000	0.00369144099123	985523	3638	985523	0
pop1	NC_091016.1	75000001	76000000	0.003207633107094	981409	3148	981409	0
pop1	NC_091016.1	76000001	77000000	0.0037590541017641	971521	3652	971521	0
pop1	NC_091016.1	77000001	78000000	0.0039522155080991	983499	3887	983499	0
pop1	NC_091016.1	78000001	79000000	0.0031265401988086	986074	3083	986074	0
pop1	NC_091016.1	79000001	80000000	0.0033269240762875	962150	3201	962150	0
pop1	NC_091016.1	80000001	81000000	0.0029209760046703	983233	2872	983233	0
pop1	NC_091016.1	81000001	82000000	0.0036231393528754	960217	3479	960217	0
pop1	NC_091016.1	82000001	83000000	0.0040151084927052	979052	3931	979052	0
pop1	NC_091016.1	83000001	84000000	0.0031270415317517	982718	3073	982718	0
pop1	NC_091016.1	84000001	85000000	0.0026106952056571	983263	2567	983263	0
pop1	NC_091016.1	85000001	86000000	0.0030556747656147	969344	2962	969344	0
pop1	NC_091016.1	86000001	87000000	0.0036497057297322	980901	3580	980901	0
pop1	NC_091016.1	87000001	88000000	0.003055967957712	980704	2997	980704	0
pop1	NC_091016.1	88000001	89000000	0.0030869954865997	986396	3045	986396	0
pop1	NC_091016.1	89000001	90000000	0.0032362261190416	978918	3168	978918	0
pop1	NC_091016.1	90000001	91000000	0.0037337849405722	971936	3629	971936	0
pop1	NC_091016.1	91000001	92000000	0.0033902519302629	981343	3327	981343	0
pop1	NC_091016.1	92000001	93000000	0.0029899451535147	973262	2910	973262	0
pop1	NC_091016.1	93000001	94000000	0.0036030344560549	981395	3536	981395	0
pop1	NC_091016.1	94000001	95000000	0.0029827954799959	982300	2930	982300	0
pop1	NC_091016.1	95000001	96000000	0.0033557738686631	970268	3256	970268	0
pop1	NC_091016.1	96000001	97000000	0.0029660270988425	971333	2881	971333	0
pop1	NC_091016.1	97000001	98000000	0.0039713852337243	961881	3820	961881	0
pop1	NC_091016.1	98000001	99000000	0.0034983906169524	972733	3403	972733	0
pop1	NC_091016.1	99000001	100000000	0.0035330172789194	973672	3440	973672	0
pop1	NC_091016.1	100000001	101000000	0.0027876428399989	983268	2741	983268	0
pop1	NC_091016.1	101000001	102000000	0.002627417741654	956833	2514	956833	0
pop1	NC_091016.1	102000001	103000000	0.0025174195048625	963288	2425	963288	0
pop1	NC_091016.1	103000001	104000000	0.0035612513316868	958371	3413	958371	0
pop1	NC_091016.1	104000001	105000000	0.0025189853799659	967850	2438	967850	0
pop1	NC_091016.1	105000001	106000000	0.0016065172909659	789285	1268	789285	0
pop1	NC_091016.1	106000001	107000000	0.0026857013632865	963994	2589	963994	0
pop1	NC_091016.1	107000001	108000000	0.0030932968456113	955938	2957	955938	0
pop1	NC_091016.1	108000001	109000000	0.0030397007695172	974767	2963	974767	0
pop1	NC_091016.1	109000001	110000000	0.0025827805614297	961367	2483	961367	0
pop1	NC_091016.1	110000001	111000000	0.0028888266683562	978598	2827	978598	0
pop1	NC_091016.1	111000001	112000000	0.0028469173645323	961742	2738	961742	0
pop1	NC_091016.1	112000001	113000000	0.0035599731754358	961805	3424	961805	0
pop1	NC_091016.1	113000001	114000000	0.0032333897229427	980086	3169	980086	0
pop1	NC_091016.1	114000001	115000000	0.0036710773887651	945499	3471	945499	0
pop1	NC_091016.1	115000001	116000000	0.0031031539235566	982871	3050	982871	0
pop1	NC_091016.1	116000001	117000000	0.0034014819286076	980749	3336	980749	0
pop1	NC_091016.1	117000001	118000000	0.0030862217734343	966554	2983	966554	0
pop1	NC_091016.1	118000001	119000000	0.0034554285290342	983959	3400	983959	0
pop1	NC_091016.1	119000001	120000000	0.0039749709568845	971831	3863	971831	0
pop1	NC_091016.1	120000001	121000000	0.0034171889060942	986776	3372	986776	0
pop1	NC_091016.1	121000001	122000000	0.0046273613709427	977663	4524	977663	0
pop1	NC_091016.1	122000001	123000000	0.0053956204007356	941319	5079	941319	0
pop1	NC_091016.1	123000001	124000000	0.0048148662337195	972405	4682	972405	0
pop1	NC_091016.1	124000001	125000000	0.011590229759261	557366	6460	557366	0
pop1	NC_091016.1	125000001	126000000	0.0050144134743588	759012	3806	759012	0
pop1	NC_091016.1	126000001	127000000	0.00068695703167542	119367	82	119367	0
pop1	NC_091017.1	1	1000000	0.0024462926796417	593960	1453	593960	0
pop1	NC_091017.1	1000001	2000000	0.0033006645212521	957080	3159	957080	0
pop1	NC_091017.1	2000001	3000000	0.0040445306497675	980089	3964	980089	0
pop1	NC_091017.1	3000001	4000000	0.0039766450676823	970416	3859	970416	0
pop1	NC_091017.1	4000001	5000000	0.00440653504514	963115	4244	963115	0
pop1	NC_091017.1	5000001	6000000	0.004231453119469	977442	4136	977442	0
pop1	NC_091017.1	6000001	7000000	0.0045276873297386	977541	4426	977541	0
pop1	NC_091017.1	7000001	8000000	0.0038486317859686	943712	3632	943712	0
pop1	NC_091017.1	8000001	9000000	0.0037215153381468	839443	3124	839443	0
pop1	NC_091017.1	9000001	10000000	0.0020940169596509	954147	1998	954147	0
pop1	NC_091017.1	10000001	11000000	0.00055129842263915	957739	528	957739	0
pop1	NC_091017.1	11000001	12000000	0.00042654533821491	196931	84	196931	0
pop1	NC_091017.1	12000001	13000000	0.00031683458899884	299841	95	299841	0
pop1	NC_091017.1	13000001	14000000	0.00079096721740254	951999	753	951999	0
pop1	NC_091017.1	14000001	15000000	0.0020402776980894	435725	889	435725	0
pop1	NC_091017.1	15000001	16000000	0.0038919730939822	953244	3710	953244	0
pop1	NC_091017.1	16000001	17000000	0.0036468490328674	982492	3583	982492	0
pop1	NC_091017.1	17000001	18000000	0.0039971952367946	981188	3922	981188	0
pop1	NC_091017.1	18000001	19000000	0.0045245243214735	985960	4461	985960	0
pop1	NC_091017.1	19000001	20000000	0.0044974727223382	980106	4408	980106	0
pop1	NC_091017.1	20000001	21000000	0.0035567093547216	972247	3458	972247	0
pop1	NC_091017.1	21000001	22000000	0.0040289243576325	982148	3957	982148	0
pop1	NC_091017.1	22000001	23000000	0.0045727935583787	982113	4491	982113	0
pop1	NC_091017.1	23000001	24000000	0.0042641038309283	975586	4160	975586	0
pop1	NC_091017.1	24000001	25000000	0.0038467937091808	979777	3769	979777	0
pop1	NC_091017.1	25000001	26000000	0.0033813229327999	637916	2157	637916	0
pop1	NC_091017.1	26000001	27000000	0.00019932230416584	5017	1	5017	0
pop1	NC_091017.1	27000001	28000000	0.0034534834530816	895907	3094	895907	0
pop1	NC_091017.1	28000001	29000000	0.0031977357219309	753971	2411	753971	0
pop1	NC_091017.1	29000001	30000000	0.0042695950133425	976205	4168	976205	0
pop1	NC_091017.1	30000001	31000000	0.0038615500530489	975515	3767	975515	0
pop1	NC_091017.1	31000001	32000000	0.0035764741174348	986726	3529	986726	0
pop1	NC_091017.1	32000001	33000000	0.0033248121626316	964265	3206	964265	0
pop1	NC_091017.1	33000001	34000000	0.0033397144589693	987809	3299	987809	0
pop1	NC_091017.1	34000001	35000000	0.0037934005279823	976169	3703	976169	0
pop1	NC_091017.1	35000001	36000000	0.0042295039945316	983094	4158	983094	0
pop1	NC_091017.1	36000001	37000000	0.00412683535438	979443	4042	979443	0
pop1	NC_091017.1	37000001	38000000	0.0043320283241876	376498	1631	376498	0
pop1	NC_091017.1	38000001	39000000	0.004017127608961	241715	971	241715	0
pop1	NC_091017.1	39000001	40000000	0.0033207319472148	981109	3258	981109	0
pop1	NC_091017.1	40000001	41000000	0.0029471056047869	983677	2899	983677	0
pop1	NC_091017.1	41000001	42000000	0.0033112820328874	975755	3231	975755	0
pop1	NC_091017.1	42000001	43000000	0.0040704665153732	982197	3998	982197	0
pop1	NC_091017.1	43000001	44000000	0.0038229476419738	984319	3763	984319	0
pop1	NC_091017.1	44000001	45000000	0.0030285891889964	981315	2972	981315	0
pop1	NC_091017.1	45000001	46000000	0.0022517506237267	978794	2204	978794	0
pop1	NC_091017.1	46000001	47000000	0.0027194764854296	977394	2658	977394	0
pop1	NC_091017.1	47000001	48000000	0.0030459809886992	968161	2949	968161	0
pop1	NC_091017.1	48000001	49000000	0.0030916533487493	984263	3043	984263	0
pop1	NC_091017.1	49000001	50000000	0.0031659269928618	974754	3086	974754	0
pop1	NC_091017.1	50000001	51000000	0.0034276901392627	979085	3356	979085	0
pop1	NC_091017.1	51000001	52000000	0.0029903040108322	977827	2924	977827	0
pop1	NC_091017.1	52000001	53000000	0.0024540658428946	973894	2390	973894	0
pop1	NC_091017.1	53000001	54000000	0.0028838588603145	979937	2826	979937	0
pop1	NC_091017.1	54000001	55000000	0.0028506236378705	977330	2786	977330	0
pop1	NC_091017.1	55000001	56000000	0.0022314442606359	984116	2196	984116	0
pop1	NC_091017.1	56000001	57000000	0.0017669680906351	981342	1734	981342	0
pop1	NC_091017.1	57000001	58000000	0.00011473710215427	967429	111	967429	0
pop1	NC_091017.1	58000001	59000000	0.0020601827426144	976127	2011	976127	0
pop1	NC_091017.1	59000001	60000000	0.0033233935734736	975208	3241	975208	0
pop1	NC_091017.1	60000001	61000000	0.0021593552382748	965566	2085	965566	0
pop1	NC_091017.1	61000001	62000000	0.0021333425133549	987652	2107	987652	0
pop1	NC_091017.1	62000001	63000000	0.0028763826514168	983527	2829	983527	0
pop1	NC_091017.1	63000001	64000000	0.0026478788994671	983051	2603	983051	0
pop1	NC_091017.1	64000001	65000000	0.002836227806647	964309	2735	964309	0
pop1	NC_091017.1	65000001	66000000	0.0033665754239994	967749	3258	967749	0
pop1	NC_091017.1	66000001	67000000	0.0037805683264474	982921	3716	982921	0
pop1	NC_091017.1	67000001	68000000	0.0033939225724423	979987	3326	979987	0
pop1	NC_091017.1	68000001	69000000	0.0042165781372208	980653	4135	980653	0
pop1	NC_091017.1	69000001	70000000	0.0040862756019347	976684	3991	976684	0
pop1	NC_091017.1	70000001	71000000	0.0030138125394264	976504	2943	976504	0
pop1	NC_091017.1	71000001	72000000	0.0037705031265109	984484	3712	984484	0
pop1	NC_091017.1	72000001	73000000	0.0038525392484512	971567	3743	971567	0
pop1	NC_091017.1	73000001	74000000	0.0044371588275838	977878	4339	977878	0
pop1	NC_091017.1	74000001	75000000	0.0049884086122918	960627	4792	960627	0
pop1	NC_091017.1	75000001	76000000	0.004756432987225	961645	4574	961645	0
pop1	NC_091017.1	76000001	77000000	0.0048133616679683	964191	4641	964191	0
pop1	NC_091017.1	77000001	78000000	0.0065831815800634	801740	5278	801740	0
pop1	NC_091017.1	78000001	79000000	0.0060517545601289	891477	5395	891477	0
pop1	NC_091017.1	79000001	80000000	0.0021266652793142	547806	1165	547806	0
pop1	NC_091018.1	1	1000000	0.0019114952421465	909759	1739	909759	0
pop1	NC_091018.1	1000001	2000000	0.0036970290312032	981599	3629	981599	0
pop1	NC_091018.1	2000001	3000000	0.0043934856543805	984412	4325	984412	0
pop1	NC_091018.1	3000001	4000000	0.005118496632622	975091	4991	975091	0
pop1	NC_091018.1	4000001	5000000	0.0043128999252931	985184	4249	985184	0
pop1	NC_091018.1	5000001	6000000	0.0043041973853561	977418	4207	977418	0
pop1	NC_091018.1	6000001	7000000	0.003249202986572	964852	3135	964852	0
pop1	NC_091018.1	7000001	8000000	0.00063691003462741	956179	609	956179	0
pop1	NC_091018.1	8000001	9000000	0.00059986964371204	173371	104	173371	0
pop1	NC_091018.1	9000001	10000000	0.00067740115718959	891643	604	891643	0
pop1	NC_091018.1	10000001	11000000	0.0016985884750462	966685	1642	966685	0
pop1	NC_091018.1	11000001	12000000	0.0028263746181193	983946	2781	983946	0
pop1	NC_091018.1	12000001	13000000	0.0033887808639303	981769	3327	981769	0
pop1	NC_091018.1	13000001	14000000	0.0028869237176033	816440	2357	816440	0
pop1	NC_091018.1	14000001	15000000	0.0032840701455857	780434	2563	780434	0
pop1	NC_091018.1	15000001	16000000	0.0037003803283007	971792	3596	971792	0
pop1	NC_091018.1	16000001	17000000	0.0044634937594689	980846	4378	980846	0
pop1	NC_091018.1	17000001	18000000	0.004229886384963	969766	4102	969766	0
pop1	NC_091018.1	18000001	19000000	0.0045950765097474	957329	4399	957329	0
pop1	NC_091018.1	19000001	20000000	0.0040876217352528	976607	3992	976607	0
pop1	NC_091018.1	20000001	21000000	0.004413428227417	960931	4241	960931	0
pop1	NC_091018.1	21000001	22000000	0.0030835102145077	822115	2535	822115	0
pop1	NC_091019.1	1	1000000	0.00029542097488922	3385	1	3385	0
pop1	NC_091019.1	1000001	2000000	0.0043955607484369	604246	2656	604246	0
pop1	NC_091019.1	2000001	3000000	0.0048578049244506	846267	4111	846267	0
pop1	NC_091019.1	3000001	4000000	0.0043447658958189	986014	4284	986014	0
pop1	NC_091019.1	4000001	5000000	0.0043248350096082	218043	943	218043	0
pop1	NC_091019.1	5000001	6000000	0.0027064692694553	297066	804	297066	0
pop1	NC_091019.1	6000001	7000000	0.0020381982573713	974390	1986	974390	0
pop1	NC_091019.1	7000001	8000000	0.00053134887315679	703869	374	703869	0
pop1	NC_091019.1	8000001	9000000	0.00043863595465179	533472	234	533472	0
pop1	NC_091019.1	9000001	10000000	0.0013008518413236	946303	1231	946303	0
pop1	NC_091019.1	10000001	11000000	0.00375737674195	981802	3689	981802	0
pop1	NC_091019.1	11000001	12000000	0.0045169480014828	979201	4423	979201	0
pop1	NC_091019.1	12000001	13000000	0.0044380331569434	978136	4341	978136	0
pop1	NC_091019.1	13000001	14000000	0.0041689876693813	964023	4019	964023	0
pop1	NC_091019.1	14000001	15000000	0.0041663197368463	948799	3953	948799	0
pop1	NC_091019.1	15000001	16000000	0.0045288346704616	978839	4433	978839	0
pop1	NC_091019.1	16000001	17000000	0.0042076910588862	979397	4121	979397	0
pop1	NC_091019.1	17000001	18000000	0.0044490960333373	986043	4387	986043	0
pop1	NC_091019.1	18000001	19000000	0.0039404948375827	975512	3844	975512	0
pop1	NC_091019.1	19000001	20000000	0.0038942416645241	984017	3832	984017	0
pop1	NC_091019.1	20000001	21000000	0.0027011032675318	946280	2556	946280	0
pop1	NC_091019.1	21000001	22000000	0.0033903877370703	973340	3300	973340	0
pop1	NC_091019.1	22000001	23000000	0.0033441367870359	979625	3276	979625	0
pop1	NC_091019.1	23000001	24000000	0.0037083802452451	979673	3633	979673	0
pop1	NC_091019.1	24000001	25000000	0.0044052049000586	973621	4289	973621	0
pop1	NC_091019.1	25000001	26000000	0.0038189654819551	977228	3732	977228	0
pop1	NC_091019.1	26000001	27000000	0.0038772312513441	976470	3786	976470	0
pop1	NC_091019.1	27000001	28000000	0.002938804145325	980671	2882	980671	0
pop1	NC_091019.1	28000001	29000000	0.0023494476007218	985338	2315	985338	0
pop1	NC_091019.1	29000001	30000000	0.0030509046822486	977415	2982	977415	0
pop1	NC_091019.1	30000001	31000000	0.0035427089874213	987380	3498	987380	0
pop1	NC_091019.1	31000001	32000000	0.0026952043634902	985083	2655	985083	0
pop1	NC_091019.1	32000001	33000000	0.0025527183000276	985616	2516	985616	0
pop1	NC_091019.1	33000001	34000000	0.0024688955645014	986676	2436	986676	0
pop1	NC_091019.1	34000001	35000000	0.0025887701565846	985410	2551	985410	0
pop1	NC_091019.1	35000001	36000000	0.0027974550332159	975887	2730	975887	0
pop1	NC_091019.1	36000001	37000000	0.0022952964998792	968938	2224	968938	0
pop1	NC_091019.1	37000001	38000000	0.0028892583726193	979144	2829	979144	0
pop1	NC_091019.1	38000001	39000000	0.0036962609327287	978827	3618	978827	0
pop1	NC_091019.1	39000001	40000000	0.0025918468515334	980382	2541	980382	0
pop1	NC_091019.1	40000001	41000000	0.0022018389906516	977819	2153	977819	0
pop1	NC_091019.1	41000001	42000000	0.0017800318318726	987061	1757	987061	0
pop1	NC_091019.1	42000001	43000000	0.0025438186729492	984740	2505	984740	0
pop1	NC_091019.1	43000001	44000000	0.0028773214752812	986334	2838	986334	0
pop1	NC_091019.1	44000001	45000000	0.002162588840594	983081	2126	983081	0
pop1	NC_091019.1	45000001	46000000	0.0018667787683942	982441	1834	982441	0
pop1	NC_091019.1	46000001	47000000	0.0027355915552157	987355	2701	987355	0
pop1	NC_091019.1	47000001	48000000	0.0026169621875668	973648	2548	973648	0
pop1	NC_091019.1	48000001	49000000	0.0033723752715588	980911	3308	980911	0
pop1	NC_091019.1	49000001	50000000	0.0027002099364439	973628	2629	973628	0
pop1	NC_091019.1	50000001	51000000	0.0027566431716164	975099	2688	975099	0
pop1	NC_091019.1	51000001	52000000	0.0022306855829887	984899	2197	984899	0
pop1	NC_091019.1	52000001	53000000	0.0029669359560481	988899	2934	988899	0
pop1	NC_091019.1	53000001	54000000	0.0036075593149396	984322	3551	984322	0
pop1	NC_091019.1	54000001	55000000	0.0026684681296399	978464	2611	978464	0
pop1	NC_091019.1	55000001	56000000	0.0034299733337688	979891	3361	979891	0
pop1	NC_091019.1	56000001	57000000	0.0030655582945423	980898	3007	980898	0
pop1	NC_091019.1	57000001	58000000	0.0028272857135543	976555	2761	976555	0
pop1	NC_091019.1	58000001	59000000	0.0042297248398269	986589	4173	986589	0
pop1	NC_091019.1	59000001	60000000	0.0044495492137012	960322	4273	960322	0
pop1	NC_091019.1	60000001	61000000	0.0040837078765939	983420	4016	983420	0
pop1	NC_091019.1	61000001	62000000	0.004565778927632	974423	4449	974423	0
pop1	NC_091019.1	62000001	63000000	0.0041824511276067	918361	3841	918361	0
pop1	NC_091019.1	63000001	64000000	0.0042231266671697	901228	3806	901228	0
pop1	NC_091019.1	64000001	65000000	0.0042797379300737	976228	4178	976228	0
pop1	NC_091019.1	65000001	66000000	0.0048496888908387	957381	4643	957381	0
pop1	NC_091019.1	66000001	67000000	0.0057201608441267	918156	5252	918156	0
pop1	NC_091019.1	67000001	68000000	0.0032448168291477	902054	2927	902054	0
pop1	NC_091019.1	68000001	69000000	0	372	0	372	0
pop1	NC_091020.1	1	1000000	0.00049010583603887	820231	402	820231	0
pop1	NC_091020.1	1000001	2000000	0.00046191480638248	943897	436	943897	0
pop1	NC_091020.1	2000001	3000000	0.0004919161034829	886330	436	886330	0
pop1	NC_091020.1	3000001	4000000	0.00050370160355064	663091	334	663091	0
pop1	NC_091020.1	4000001	5000000	0.0014280832572539	980335	1400	980335	0
pop1	NC_091020.1	5000001	6000000	0.0026954953473674	973105	2623	973105	0
pop1	NC_091020.1	6000001	7000000	0.0016096701694709	987780	1590	987780	0
pop1	NC_091020.1	7000001	8000000	0.0016549547056968	979483	1621	979483	0
pop1	NC_091020.1	8000001	9000000	0.0046272331163564	981364	4541	981364	0
pop1	NC_091020.1	9000001	10000000	0.004211196320593	974070	4102	974070	0
pop1	NC_091020.1	10000001	11000000	0.0039748587110013	975129	3876	975129	0
pop1	NC_091020.1	11000001	12000000	0.0041685192280505	976126	4069	976126	0
pop1	NC_091020.1	12000001	13000000	0.0029514887001304	987976	2916	987976	0
pop1	NC_091020.1	13000001	14000000	0.0033023889905367	977777	3229	977777	0
pop1	NC_091020.1	14000001	15000000	0.0027562732029331	988291	2724	988291	0
pop1	NC_091020.1	15000001	16000000	0.0025603731295363	981107	2512	981107	0
pop1	NC_091020.1	16000001	17000000	0.002902969395866	980031	2845	980031	0
pop1	NC_091020.1	17000001	18000000	0.002778519144687	985417	2738	985417	0
pop1	NC_091020.1	18000001	19000000	0.0037792453197748	975327	3686	975327	0
pop1	NC_091020.1	19000001	20000000	0.0041193884103223	974902	4016	974902	0
pop1	NC_091020.1	20000001	21000000	0.0033239430337595	986479	3279	986479	0
pop1	NC_091020.1	21000001	22000000	0.0033038735417403	990050	3271	990050	0
pop1	NC_091020.1	22000001	23000000	0.0036056251003539	984018	3548	984018	0
pop1	NC_091020.1	23000001	24000000	0.0030630963172487	980707	3004	980707	0
pop1	NC_091020.1	24000001	25000000	0.002996479667323	988827	2963	988827	0
pop1	NC_091020.1	25000001	26000000	0.0037734499164465	978415	3692	978415	0
pop1	NC_091020.1	26000001	27000000	0.0041551611315166	987206	4102	987206	0
pop1	NC_091020.1	27000001	28000000	0.0036255116894641	987171	3579	987171	0
pop1	NC_091020.1	28000001	29000000	0.0031676961583504	870980	2759	870980	0
pop1	NC_091020.1	29000001	30000000	0.0041472925822912	989079	4102	989079	0
pop1	NC_091020.1	30000001	31000000	0.0039940305824508	970949	3878	970949	0
pop1	NC_091020.1	31000001	32000000	0.0045082876510403	987071	4450	987071	0
pop1	NC_091020.1	32000001	33000000	0.0046951313597617	952689	4473	952689	0
pop1	NC_091020.1	33000001	34000000	0.0038496630133697	974371	3751	974371	0
pop1	NC_091020.1	34000001	35000000	0.0046485979531965	957493	4451	957493	0
pop1	NC_091020.1	35000001	36000000	0.0042866424898646	963458	4130	963458	0
pop1	NC_091020.1	36000001	37000000	0.0033303879491711	950640	3166	950640	0
pop1	NC_091020.1	37000001	38000000	0.00057616871482806	126699	73	126699	0
pop1	NC_091021.1	1	1000000	0.0010821517111114	762370	825	762370	0
pop1	NC_091021.1	1000001	2000000	0.0030238366161608	951771	2878	951771	0
pop1	NC_091021.1	2000001	3000000	0.0038636866425498	962811	3720	962811	0
pop1	NC_091021.1	3000001	4000000	0.0026461605296787	985201	2607	985201	0
pop1	NC_091021.1	4000001	5000000	0.0012580147289498	953089	1199	953089	0
pop1	NC_091021.1	5000001	6000000	0.0015314486523252	917432	1405	917432	0
pop1	NC_091021.1	6000001	7000000	0.0026377113058073	891303	2351	891303	0
pop1	NC_091021.1	7000001	8000000	0.0046435007913543	974911	4527	974911	0
pop1	NC_091021.1	8000001	9000000	0.0037689361598322	983832	3708	983832	0
pop1	NC_091021.1	9000001	10000000	0.0035367984578068	831543	2941	831543	0
pop1	NC_091021.1	10000001	11000000	0.0040484801948471	984567	3986	984567	0
pop1	NC_091021.1	11000001	12000000	0.0030392364513798	986761	2999	986761	0
pop1	NC_091021.1	12000001	13000000	0.0030883204965622	987268	3049	987268	0
pop1	NC_091021.1	13000001	14000000	0.0029211206241451	986950	2883	986950	0
pop1	NC_091021.1	14000001	15000000	0.003001581543981	984481	2955	984481	0
pop1	NC_091021.1	15000001	16000000	0.003331667157624	974287	3246	974287	0
pop1	NC_091021.1	16000001	17000000	0.0027039957581194	984469	2662	984469	0
pop1	NC_091021.1	17000001	18000000	0.0030015809002106	986147	2960	986147	0
pop1	NC_091021.1	18000001	19000000	0.0025680424545079	984018	2527	984018	0
pop1	NC_091021.1	19000001	20000000	0.0021197065708873	985042	2088	985042	0
pop1	NC_091021.1	20000001	21000000	0.0011579740258147	978433	1133	978433	0
pop1	NC_091021.1	21000001	22000000	0.0021378296412566	985579	2107	985579	0
pop1	NC_091021.1	22000001	23000000	0.0023177595263283	980257	2272	980257	0
pop1	NC_091021.1	23000001	24000000	0.0033370195758881	979317	3268	979317	0
pop1	NC_091021.1	24000001	25000000	0.0028744718158038	974092	2800	974092	0
pop1	NC_091021.1	25000001	26000000	0.0040310698338083	709241	2859	709241	0
pop1	NC_091021.1	26000001	27000000	0.004257922604235	969252	4127	969252	0
pop1	NC_091021.1	27000001	28000000	0.0032064995847735	988617	3170	988617	0
pop1	NC_091021.1	28000001	29000000	0.0036131641600782	989991	3577	989991	0
pop1	NC_091021.1	29000001	30000000	0.0036638936893759	987747	3619	987747	0
pop1	NC_091021.1	30000001	31000000	0.0039061743840949	981523	3834	981523	0
pop1	NC_091021.1	31000001	32000000	0.0045076911264109	976775	4403	976775	0
pop1	NC_091021.1	32000001	33000000	0.0046719847841812	988445	4618	988445	0
pop1	NC_091021.1	33000001	34000000	0.0039386281843986	988923	3895	988923	0
pop1	NC_091021.1	34000001	35000000	0.004199800337361	987666	4148	987666	0
pop1	NC_091021.1	35000001	36000000	0.0049429447059379	974318	4816	974318	0
pop1	NC_091021.1	36000001	37000000	0.0036200515414331	987555	3575	987555	0
pop1	NC_091021.1	37000001	38000000	0.0045296291941248	978005	4430	978005	0
pop1	NC_091021.1	38000001	39000000	0.0051469878290873	942493	4851	942493	0
pop1	NC_091021.1	39000001	40000000	0.0027044824829883	965804	2612	965804	0
pop1	NC_091021.1	40000001	41000000	0.00038625829319277	44012	17	44012	0
pop1	NC_091022.1	1	1000000	0.0027542018203875	436061	1201	436061	0
pop1	NC_091022.1	1000001	2000000	0.0027000991728155	985149	2660	985149	0
pop1	NC_091022.1	2000001	3000000	0.0051776268826903	956809	4954	956809	0
pop1	NC_091022.1	3000001	4000000	0.0049010331264512	882467	4325	882467	0
pop1	NC_091022.1	4000001	5000000	0.0031690681757877	930873	2950	930873	0
pop1	NC_091022.1	5000001	6000000	0.00076821214035995	843517	648	843517	0
pop1	NC_091022.1	6000001	7000000	0.00035736040609137	369375	132	369375	0
pop1	NC_091022.1	7000001	8000000	0.00085346918478978	985390	841	985390	0
pop1	NC_091022.1	8000001	9000000	0.0025736768576242	979921	2522	979921	0
pop1	NC_091022.1	9000001	10000000	0.0033510872997451	956406	3205	956406	0
pop1	NC_091022.1	10000001	11000000	0.0033307678151851	983557	3276	983557	0
pop1	NC_091022.1	11000001	12000000	0.0031401030190241	981178	3081	981178	0
pop1	NC_091022.1	12000001	13000000	0.0038028819034921	975050	3708	975050	0
pop1	NC_091022.1	13000001	14000000	0.0038421675589817	978354	3759	978354	0
pop1	NC_091022.1	14000001	15000000	0.0029674224421368	983008	2917	983008	0
pop1	NC_091022.1	15000001	16000000	0.0031370730636422	974794	3058	974794	0
pop1	NC_091022.1	16000001	17000000	0.0029295313259185	981727	2876	981727	0
pop1	NC_091022.1	17000001	18000000	0.0023584570143011	984118	2321	984118	0
pop1	NC_091022.1	18000001	19000000	0.0032867799310335	984246	3235	984246	0
pop1	NC_091022.1	19000001	20000000	0.0033229140551076	989192	3287	989192	0
pop1	NC_091022.1	20000001	21000000	0.003436245091802	987124	3392	987124	0
pop1	NC_091022.1	21000001	22000000	0.0037394211734291	982505	3674	982505	0
pop1	NC_091022.1	22000001	23000000	0.0029715644143732	984330	2925	984330	0
pop1	NC_091022.1	23000001	24000000	0.0033438225620669	984502	3292	984502	0
pop1	NC_091022.1	24000001	25000000	0.0032517150814301	983481	3198	983481	0
pop1	NC_091022.1	25000001	26000000	0.0041522803691919	974886	4048	974886	0
pop1	NC_091022.1	26000001	27000000	0.0033166617432847	981710	3256	981710	0
pop1	NC_091022.1	27000001	28000000	0.0036402421821562	985374	3587	985374	0
pop1	NC_091022.1	28000001	29000000	0.0039679915349514	982865	3900	982865	0
pop1	NC_091022.1	29000001	30000000	0.004324303498174	986286	4265	986286	0
pop1	NC_091022.1	30000001	31000000	0.0034017476122739	984200	3348	984200	0
pop1	NC_091022.1	31000001	32000000	0.0046910637874931	965879	4531	965879	0
pop1	NC_091022.1	32000001	33000000	0.0040654444618227	946268	3847	946268	0
pop1	NC_091022.1	33000001	34000000	0.0012594136608052	273937	345	273937	0
pop1	NC_091023.1	1	1000000	0.0032331247121707	529828	1713	529828	0
pop1	NC_091023.1	1000001	2000000	0.0045068026009155	707597	3189	707597	0
pop1	NC_091023.1	2000001	3000000	0.0052060355640972	954277	4968	954277	0
pop1	NC_091023.1	3000001	4000000	0.0046264316497795	890319	4119	890319	0
pop1	NC_091023.1	4000001	5000000	0.0048648027742104	966329	4701	966329	0
pop1	NC_091023.1	5000001	6000000	0.0036010400525705	986104	3551	986104	0
pop1	NC_091023.1	6000001	7000000	0.0024587650990251	978540	2406	978540	0
pop1	NC_091023.1	7000001	8000000	0.002569841329238	988777	2541	988777	0
pop1	NC_091023.1	8000001	9000000	0.0026068969139431	990066	2581	990066	0
pop1	NC_091023.1	9000001	10000000	0.0017340481781123	879445	1525	879445	0
pop1	NC_091023.1	10000001	11000000	0.001603730112534	989568	1587	989568	0
pop1	NC_091023.1	11000001	12000000	0.001424655758819	987607	1407	987607	0
pop1	NC_091023.1	12000001	13000000	0.0025047159500312	988136	2475	988136	0
pop1	NC_091023.1	13000001	14000000	0.0021163427557332	980465	2075	980465	0
pop1	NC_091023.1	14000001	15000000	0.0029274871656108	938689	2748	938689	0
pop1	NC_091023.1	15000001	16000000	0.0037581531128863	981067	3687	981067	0
pop1	NC_091023.1	16000001	17000000	0.0031448831163576	988590	3109	988590	0
pop1	NC_091023.1	17000001	18000000	0.0034207665334497	979605	3351	979605	0
pop1	NC_091023.1	18000001	19000000	0.0032816210777815	976042	3203	976042	0
pop1	NC_091023.1	19000001	20000000	0.003839080320237	988518	3795	988518	0
pop1	NC_091023.1	20000001	21000000	0.0037639793361285	986456	3713	986456	0
pop1	NC_091023.1	21000001	22000000	0.0043460842751873	988476	4296	988476	0
pop1	NC_091023.1	22000001	23000000	0.0044715702589903	986678	4412	986678	0
pop1	NC_091023.1	23000001	24000000	0.0043279464900998	978062	4233	978062	0
pop1	NC_091023.1	24000001	25000000	0.0051954851740865	966416	5021	966416	0
pop1	NC_091023.1	25000001	26000000	0.0048693900069563	958847	4669	958847	0
pop1	NC_091023.1	26000001	27000000	0.0021660384747173	980592	2124	980592	0
pop1	NC_091023.1	27000001	28000000	0.001481552284458	20924	31	20924	0
pop1	NC_091024.1	1	1000000	0.0016222958461367	890713	1445	890713	0
pop1	NC_091024.1	1000001	2000000	0.0037132268225315	985127	3658	985127	0
pop1	NC_091024.1	2000001	3000000	0.00336537732942	989785	3331	989785	0
pop1	NC_091024.1	3000001	4000000	0.0044846097040421	985816	4421	985816	0
pop1	NC_091024.1	4000001	5000000	0.0044794402832713	984498	4410	984498	0
pop1	NC_091024.1	5000001	6000000	0.0038832281816654	981915	3813	981915	0
pop1	NC_091024.1	6000001	7000000	0.0045127684319153	976784	4408	976784	0
pop1	NC_091024.1	7000001	8000000	0.0036117761124321	987049	3565	987049	0
pop1	NC_091024.1	8000001	9000000	0.0031587791439789	990256	3128	990256	0
pop1	NC_091024.1	9000001	10000000	0.0029274649345664	989935	2898	989935	0
pop1	NC_091024.1	10000001	11000000	0.0026119580187111	989679	2585	989679	0
pop1	NC_091024.1	11000001	12000000	0.0030401905050478	983491	2990	983491	0
pop1	NC_091024.1	12000001	13000000	0.0047841860103295	951259	4551	951259	0
pop1	NC_091024.1	13000001	14000000	0.0034895758418032	987226	3445	987226	0
pop1	NC_091024.1	14000001	15000000	0.0029265515161843	979993	2868	979993	0
pop1	NC_091024.1	15000001	16000000	0.0025684336235772	978028	2512	978028	0
pop1	NC_091024.1	16000001	17000000	0.0012283607052357	970399	1192	970399	0
pop1	NC_091024.1	17000001	18000000	0.00072297087074827	556039	402	556039	0
pop1	NC_091024.1	18000001	19000000	0.00069585307468858	947039	659	947039	0
pop1	NC_091024.1	19000001	20000000	0.0045706470884618	889152	4064	889152	0
pop1	NC_091024.1	20000001	21000000	0.0036484745540183	974928	3557	974928	0
pop1	NC_091024.1	21000001	22000000	0.0028970370646673	321708	932	321708	0
pop1	NC_091025.1	1	1000000	0.00096526831987127	889908	859	889908	0
pop1	NC_091025.1	1000001	2000000	0.0038564978498019	959679	3701	959679	0
pop1	NC_091025.1	2000001	3000000	0.0046291187968622	969731	4489	969731	0
pop1	NC_091025.1	3000001	4000000	0.0047602780116231	983556	4682	983556	0
pop1	NC_091025.1	4000001	5000000	0.0041035343964115	989391	4060	989391	0
pop1	NC_091025.1	5000001	6000000	0.0036807039800895	990028	3644	990028	0
pop1	NC_091025.1	6000001	7000000	0.0039064405456822	984016	3844	984016	0
pop1	NC_091025.1	7000001	8000000	0.0036067487102155	968185	3492	968185	0
pop1	NC_091025.1	8000001	9000000	0.0033767238576549	971948	3282	971948	0
pop1	NC_091025.1	9000001	10000000	0.0036186471515789	989320	3580	989320	0
pop1	NC_091025.1	10000001	11000000	0.003182252217259	988608	3146	988608	0
pop1	NC_091025.1	11000001	12000000	0.003828406574758	989968	3790	989968	0
pop1	NC_091025.1	12000001	13000000	0.0039046621032269	979086	3823	979086	0
pop1	NC_091025.1	13000001	14000000	0.0034820342602244	989077	3444	989077	0
pop1	NC_091025.1	14000001	15000000	0.0041204138465377	986066	4063	986066	0
pop1	NC_091025.1	15000001	16000000	0.0032675627663524	977793	3195	977793	0
pop1	NC_091025.1	16000001	17000000	0.004241942320723	969603	4113	969603	0
pop1	NC_091025.1	17000001	18000000	0.0044510713148629	951681	4236	951681	0
pop1	NC_091025.1	18000001	19000000	0.00467302771374	930874	4350	930874	0
pop1	NC_091025.1	19000001	20000000	0.004454685904318	954725	4253	954725	0
pop1	NC_091025.1	20000001	21000000	0.0035263232956016	946595	3338	946595	0
pop1	NC_091025.1	21000001	22000000	0.0025948763539518	263211	683	263211	0
pop1	NC_091025.1	22000001	23000000	0.0016353229762878	1223	2	1223	0
pop1	NC_091025.1	23000001	24000000	0	578	0	578	0
pop1	NC_091025.1	24000001	25000000	0.0022779043280182	878	2	878	0
pop1	NC_091025.1	25000001	26000000	0.0035440047253396	1693	6	1693	0
pop1	NC_091025.1	26000001	27000000	0.0039486673247779	3039	12	3039	0
pop1	NC_091025.1	27000001	28000000	0.001123595505618	890	1	890	0
pop1	NC_091026.1	1	1000000	0.0022794010966545	833991	1901	833991	0
pop1	NC_091026.1	1000001	2000000	0.0041221066587231	953396	3930	953396	0
pop1	NC_091026.1	2000001	3000000	0.004862589881679	977257	4752	977257	0
pop1	NC_091026.1	3000001	4000000	0.0037698049054863	632924	2386	632924	0
pop1	NC_091026.1	4000001	5000000	0.0031256114820409	965891	3019	965891	0
pop1	NC_091026.1	5000001	6000000	0.0032876501307865	986723	3244	986723	0
pop1	NC_091026.1	6000001	7000000	0.0031302376273694	982673	3076	982673	0
pop1	NC_091026.1	7000001	8000000	0.0044716468219403	987332	4415	987332	0
pop1	NC_091026.1	8000001	9000000	0.003715037432672	797031	2961	797031	0
pop1	NC_091026.1	9000001	10000000	0.0027029385531969	882373	2385	882373	0
pop1	NC_091026.1	10000001	11000000	0.003540471372818	985462	3489	985462	0
pop1	NC_091026.1	11000001	12000000	0.0034720874802653	979238	3400	979238	0
pop1	NC_091026.1	12000001	13000000	0.0031238380846149	984366	3075	984366	0
pop1	NC_091026.1	13000001	14000000	0.003685398916513	984968	3630	984968	0
pop1	NC_091026.1	14000001	15000000	0.0040410881359079	980429	3962	980429	0
pop1	NC_091026.1	15000001	16000000	0.0042356162994143	985925	4176	985925	0
pop1	NC_091026.1	16000001	17000000	0.0042227489974514	987982	4172	987982	0
pop1	NC_091026.1	17000001	18000000	0.0029411020786014	988405	2907	988405	0
pop1	NC_091026.1	18000001	19000000	0.0044137860815558	982150	4335	982150	0
pop1	NC_091026.1	19000001	20000000	0.0048794087510442	972044	4743	972044	0
pop1	NC_091026.1	20000001	21000000	0.0044104592084805	956363	4218	956363	0
pop1	NC_091026.1	21000001	22000000	0.0035796805958923	795043	2846	795043	0
pop1	NC_091026.1	22000001	23000000	0.0028473804100228	1756	5	1756	0
pop1	NC_091026.1	23000001	24000000	0.00078003120124805	1282	1	1282	0
pop1	NC_091027.1	1	1000000	0.0021516537340683	911392	1961	911392	0
pop1	NC_091027.1	1000001	2000000	0.0039354295357146	965333	3799	965333	0
pop1	NC_091027.1	2000001	3000000	0.0044288993694116	967509	4285	967509	0
pop1	NC_091027.1	3000001	4000000	0.0039347429496113	975159	3837	975159	0
pop1	NC_091027.1	4000001	5000000	0.0038805897523235	986448	3828	986448	0
pop1	NC_091027.1	5000001	6000000	0.0041110052832523	982728	4040	982728	0
pop1	NC_091027.1	6000001	7000000	0.0041135054144665	980429	4033	980429	0
pop1	NC_091027.1	7000001	8000000	0.0034550340039483	979151	3383	979151	0
pop1	NC_091027.1	8000001	9000000	0.0036828876631991	973964	3587	973964	0
pop1	NC_091027.1	9000001	10000000	0.0029817995114209	981622	2927	981622	0
pop1	NC_091027.1	10000001	11000000	0.0011956963136457	975164	1166	975164	0
pop1	NC_091027.1	11000001	12000000	0.00049362353138035	836670	413	836670	0
pop1	NC_091027.1	12000001	13000000	0.0010892784483928	943744	1028	943744	0
pop1	NC_091027.1	13000001	14000000	0.0021178921581457	955195	2023	955195	0
pop1	NC_091027.1	14000001	15000000	0.0033517764313115	980674	3287	980674	0
pop1	NC_091027.1	15000001	16000000	0.0043585413020517	979915	4271	979915	0
pop1	NC_091027.1	16000001	17000000	0.0046952412235587	879827	4131	879827	0
pop1	NC_091027.1	17000001	18000000	0.0053702719590747	856195	4598	856195	0
pop1	NC_091027.1	18000001	19000000	0.0028478628411577	832203	2370	832203	0
pop1	NC_091027.1	19000001	20000000	0.0017678685337626	493815	873	493815	0
pop1	NC_091028.1	1	1000000	0.0025119814906627	484080	1216	484080	0
pop1	NC_091028.1	1000001	2000000	0.0049009477133831	948388	4648	948388	0
pop1	NC_091028.1	2000001	3000000	0.0043335480396608	947030	4104	947030	0
pop1	NC_091028.1	3000001	4000000	0.0040790843722635	978651	3992	978651	0
pop1	NC_091028.1	4000001	5000000	0.0050075610721499	985310	4934	985310	0
pop1	NC_091028.1	5000001	6000000	0.0048136953950282	973057	4684	973057	0
pop1	NC_091028.1	6000001	7000000	0.0039355322338831	987160	3885	987160	0
pop1	NC_091028.1	7000001	8000000	0.0032767213392942	990014	3244	990014	0
pop1	NC_091028.1	8000001	9000000	0.0039200149060896	976782	3829	976782	0
pop1	NC_091028.1	9000001	10000000	0.0046278457767321	975832	4516	975832	0
pop1	NC_091028.1	10000001	11000000	0.0036491774570534	981043	3580	981043	0
pop1	NC_091028.1	11000001	12000000	0.0036690205710777	977100	3585	977100	0
pop1	NC_091028.1	12000001	13000000	0.003936764766917	987867	3889	987867	0
pop1	NC_091028.1	13000001	14000000	0.0040685074293819	981441	3993	981441	0
pop1	NC_091028.1	14000001	15000000	0.0041291889789448	984697	4066	984697	0
pop1	NC_091028.1	15000001	16000000	0.0040258465079467	976689	3932	976689	0
pop1	NC_091028.1	16000001	17000000	0.002803288098069	975640	2735	975640	0
pop1	NC_091028.1	17000001	18000000	0.000577801731463	205953	119	205953	0
pop1	NC_091029.1	1	1000000	0.0026933320149692	930446	2506	930446	0
pop1	NC_091029.1	1000001	2000000	0.0043349597074972	981324	4254	981324	0
pop1	NC_091029.1	2000001	3000000	0.0038706732597946	985875	3816	985875	0
pop1	NC_091029.1	3000001	4000000	0.0036098734918209	983968	3552	983968	0
pop1	NC_091029.1	4000001	5000000	0.0047098331020454	971372	4575	971372	0
pop1	NC_091029.1	5000001	6000000	0.0043333477400938	971766	4211	971766	0
pop1	NC_091029.1	6000001	7000000	0.0037755553697127	980518	3702	980518	0
pop1	NC_091029.1	7000001	8000000	0.0036631522581326	986036	3612	986036	0
pop1	NC_091029.1	8000001	9000000	0.0033801688543785	973620	3291	973620	0
pop1	NC_091029.1	9000001	10000000	0.0021666684997195	909230	1970	909230	0
pop1	NC_091029.1	10000001	11000000	0.00043990088678598	959307	422	959307	0
pop1	NC_091029.1	11000001	12000000	0.00082294553918079	198069	163	198069	0
pop1	NC_091029.1	12000001	13000000	0.0038310606392774	912280	3495	912280	0
pop1	NC_091029.1	13000001	14000000	0.0043922264665406	933012	4098	933012	0
pop1	NC_091029.1	14000001	15000000	0.003440321340424	929855	3199	929855	0
pop1	NC_091029.1	15000001	16000000	0.0017586512689192	401444	706	401444	0
pop1	NC_091030.1	1	1000000	0.0040210859135301	907715	3650	907715	0
pop1	NC_091030.1	1000001	2000000	0.0044402282590753	957158	4250	957158	0
pop1	NC_091030.1	2000001	3000000	0.0051113161428899	951614	4864	951614	0
pop1	NC_091030.1	3000001	4000000	0.003946558190741	964638	3807	964638	0
pop1	NC_091030.1	4000001	5000000	0.0038163815270259	971863	3709	971863	0
pop1	NC_091030.1	5000001	6000000	0.0034287994722418	982268	3368	982268	0
pop1	NC_091030.1	6000001	7000000	0.0039397766815295	982543	3871	982543	0
pop1	NC_091030.1	7000001	8000000	0.0041884393267387	964321	4039	964321	0
pop1	NC_091030.1	8000001	9000000	0.0038807822070684	978411	3797	978411	0
pop1	NC_091030.1	9000001	10000000	0.0020800500426638	987957	2055	987957	0
pop1	NC_091030.1	10000001	11000000	0.0016560768223733	980027	1623	980027	0
pop1	NC_091030.1	11000001	12000000	0.00068104049699346	120404	82	120404	0
pop1	NC_091031.1	1	1000000	0.0022157742573801	953617	2113	953617	0
pop1	NC_091031.1	1000001	2000000	0.0047502642566181	944158	4485	944158	0
pop1	NC_091031.1	2000001	3000000	0.0034646398076164	968066	3354	968066	0
pop1	NC_091031.1	3000001	4000000	0.00029178003973234	716293	209	716293	0
pop1	NC_091031.1	4000001	5000000	0.0007527750868468	972402	732	972402	0
pop1	NC_091031.1	5000001	6000000	0.0039392363877265	953992	3758	953992	0
pop1	NC_091031.1	6000001	7000000	0.0041641050015757	967795	4030	967795	0
pop1	NC_091031.1	7000001	8000000	0.0042186001917546	980420	4136	980420	0
pop1	NC_091031.1	8000001	9000000	0.0045765441610386	976064	4467	976064	0
pop1	NC_091031.1	9000001	10000000	0.0048781703232181	923092	4503	923092	0
pop1	NC_091031.1	10000001	11000000	0.0049297353703392	927636	4573	927636	0
pop1	NC_091031.1	11000001	12000000	0.0049323807257738	933018	4602	933018	0
pop1	NC_091031.1	12000001	13000000	0.002635284878826	529734	1396	529734	0
pop1	NC_091032.1	1	1000000	0.0033342302866818	903057	3011	903057	0
pop1	NC_091032.1	1000001	2000000	0.0042818948951458	957520	4100	957520	0
pop1	NC_091032.1	2000001	3000000	0.0046919925433654	949490	4455	949490	0
pop1	NC_091032.1	3000001	4000000	0.00459459402912	955906	4392	955906	0
pop1	NC_091032.1	4000001	5000000	0.0036488166205829	985525	3596	985525	0
pop1	NC_091032.1	5000001	6000000	0.0045437994415407	969453	4405	969453	0
pop1	NC_091032.1	6000001	7000000	0.0038714474604636	976379	3780	976379	0
pop1	NC_091032.1	7000001	8000000	0.0037705499559644	981024	3699	981024	0
pop1	NC_091032.1	8000001	9000000	0.0033630827609464	975593	3281	975593	0
pop1	NC_091032.1	9000001	10000000	0.0036755524795709	981077	3606	981077	0
pop1	NC_091032.1	10000001	11000000	0.0020310040224233	985227	2001	985227	0
pop1	NC_091032.1	11000001	12000000	0.00087893517731667	205931	181	205931	0
pop1	NC_091033.1	1	1000000	0.0011992456460105	316032	379	316032	0
pop1	NC_091033.1	1000001	2000000	0.0016577430197289	963358	1597	963358	0
pop1	NC_091033.1	2000001	3000000	0.0034812932676441	502974	1751	502974	0
pop1	NC_091033.1	3000001	4000000	0.0045258566349815	951864	4308	951864	0
pop1	NC_091033.1	4000001	5000000	0.0052138528705344	977588	5097	977588	0
pop1	NC_091033.1	5000001	6000000	0.0046710008359915	985656	4604	985656	0
pop1	NC_091033.1	6000001	7000000	0.0040879318739263	979713	4005	979713	0
pop1	NC_091033.1	7000001	8000000	0.0033941978582917	981086	3330	981086	0
pop1	NC_091033.1	8000001	9000000	0.0033064376835196	972648	3216	972648	0
pop1	NC_091033.1	9000001	10000000	0.0040355630677499	941876	3801	941876	0
pop1	NC_091033.1	10000001	11000000	0.0039708720376708	971575	3858	971575	0
pop1	NC_091033.1	11000001	12000000	0.003971494396343	987034	3920	987034	0
pop1	NC_091033.1	12000001	13000000	0.0035222018007307	989154	3484	989154	0
pop1	NC_091033.1	13000001	14000000	0.0043890034434592	977215	4289	977215	0
pop1	NC_091033.1	14000001	15000000	0.0033393358725565	984028	3286	984028	0
pop1	NC_091033.1	15000001	16000000	0.0018170031411557	977984	1777	977984	0
pop1	NC_091033.1	16000001	17000000	0.00083971126073035	197687	166	197687	0
pop1	NC_091034.1	1	1000000	0.0036574915606336	770200	2817	770200	0
pop1	NC_091034.1	1000001	2000000	0.0067818650366145	842836	5716	842836	0
pop1	NC_091034.1	2000001	3000000	0.0019521454593612	815513	1592	815513	0
pop1	NC_091034.1	3000001	4000000	0.00074525869163664	437432	326	437432	0
pop1	NC_091034.1	4000001	5000000	0.0023794868868363	981304	2335	981304	0
pop1	NC_091034.1	5000001	6000000	0.0043544123881006	962472	4191	962472	0
pop1	NC_091034.1	6000001	7000000	0.0038263628592096	973248	3724	973248	0
pop1	NC_091034.1	7000001	8000000	0.0046741605309069	946908	4426	946908	0
pop1	NC_091034.1	8000001	9000000	0.0017531538932757	981089	1720	981089	0
pop1	NC_091034.1	9000001	10000000	0.00021901879579484	100448	22	100448	0
pop1	NC_091035.1	1	1000000	0.0022479599763215	800726	1800	800726	0
pop1	NC_091035.1	1000001	2000000	0.0059375146157804	855240	5078	855240	0
pop1	NC_091035.1	2000001	3000000	0.0043332429265412	954943	4138	954943	0
pop1	NC_091035.1	3000001	4000000	0.0060080926248551	887969	5335	887969	0
pop1	NC_091035.1	4000001	5000000	0.0038065343249416	960191	3655	960191	0
pop1	NC_091035.1	5000001	6000000	0.002812302681865	240728	677	240728	0
pop1	NC_091036.1	1	1000000	0.0039980975767247	864161	3455	864161	0
pop1	NC_091036.1	1000001	2000000	0.0063854222494449	653050	4170	653050	0
pop1	NC_091036.1	2000001	3000000	0.0022196352838708	948354	2105	948354	0
pop1	NC_091036.1	3000001	4000000	0.00036644217770168	483023	177	483023	0
pop1	NC_091036.1	4000001	5000000	0.0034675487153464	969561	3362	969561	0
pop1	NC_091036.1	5000001	6000000	0.0050812181100054	897029	4558	897029	0
pop1	NC_091036.1	6000001	7000000	0.0041533630352794	950555	3948	950555	0
pop1	NC_091036.1	7000001	8000000	0.0029069857564932	967669	2813	967669	0
pop1	NC_091036.1	8000001	9000000	0.00038898810050038	56557	22	56557	0
pop1	NC_091037.1	1	1000000	0.0021122097423029	803424	1697	803424	0
pop1	NC_091037.1	1000001	2000000	0.0039278370306948	974073	3826	974073	0
pop1	NC_091037.1	2000001	3000000	0.004312057087931	971694	4190	971694	0
pop1	NC_091037.1	3000001	4000000	0.0043705500416636	969672	4238	969672	0
pop1	NC_091037.1	4000001	5000000	0.0041425636799103	968241	4011	968241	0
pop1	NC_091037.1	5000001	6000000	0.0046560762526527	957029	4456	957029	0
pop1	NC_091037.1	6000001	7000000	0.0046028041027027	961805	4427	961805	0
pop1	NC_091037.1	7000001	8000000	0.0041135832940123	82653	340	82653	0
pop1	NC_091038.1	1	1000000	0.003835526794154	330072	1266	330072	0
pop1	NC_091038.1	1000001	2000000	0.0066299260301547	818712	5428	818712	0
pop1	NC_091038.1	2000001	3000000	0.0066369831944404	729699	4843	729699	0
pop1	NC_091038.1	3000001	4000000	0.0035582875688229	709611	2525	709611	0
pop1	NC_091038.1	4000001	5000000	0	281	0	281	0
pop1	NC_091039.1	1	1000000	0.0030322521363595	10883	33	10883	0
pop1	NC_091039.1	1000001	2000000	0.0040793416924758	698397	2849	698397	0
pop1	NC_091039.1	2000001	3000000	0.0045946811781476	930206	4274	930206	0
pop1	NC_091039.1	3000001	4000000	0.0046582343997671	927390	4320	927390	0
pop1	NC_091039.1	4000001	5000000	0.0042005237715693	966070	4058	966070	0
pop1	NC_091039.1	5000001	6000000	0.005863753636713	910850	5341	910850	0
pop1	NC_091039.1	6000001	7000000	0.0042977276718882	956552	4111	956552	0
pop1	NC_091039.1	7000001	8000000	0.0017374276372738	969249	1684	969249	0
pop1	NC_091039.1	8000001	9000000	0.0015599784830554	37180	58	37180	0
pop1	NC_091040.1	1	1000000	0.0023919701842324	888389	2125	888389	0
pop1	NC_091040.1	1000001	2000000	0.0063410082144075	847657	5375	847657	0
pop1	NC_091040.1	2000001	3000000	0.0044346713819769	924082	4098	924082	0
pop1	NC_091040.1	3000001	4000000	0.0044164962897196	613835	2711	613835	0
pop1	NC_091040.1	4000001	5000000	0.004354523256133	510274	2222	510274	0
pop1	NC_091040.1	5000001	6000000	0.0041866409747332	769113	3220	769113	0
pop1	NC_091040.1	6000001	7000000	0.004646892229172	695949	3234	695949	0
pop1	NC_091041.1	1	1000000	0.0028195488721805	2128	6	2128	0
pop1	NC_091041.1	1000001	2000000	0.0040496090399325	564252	2285	564252	0
pop1	NC_091041.1	2000001	3000000	0.0047755016533699	863993	4126	863993	0
pop1	NC_091041.1	3000001	4000000	0.0041620384061159	956983	3983	956983	0
pop1	NC_091041.1	4000001	5000000	0.0038843637195851	961290	3734	961290	0
pop1	NC_091041.1	5000001	6000000	0.0038879123615646	891481	3466	891481	0
pop1	NC_091041.1	6000001	7000000	0.0029811268841319	770514	2297	770514	0
pop1	NC_091042.1	1	1000000	0.0044956254106581	115668	520	115668	0
pop1	NC_091042.1	1000001	2000000	0.0052321184150998	868673	4545	868673	0
pop1	NC_091042.1	2000001	3000000	0.0054621798760542	840690	4592	840690	0
pop1	NC_091042.1	3000001	4000000	0.0043964992813881	412601	1814	412601	0
pop1	NC_091043.1	1	1000000	0.0081047103489416	717484	5815	717484	0
pop1	NC_091043.1	1000001	2000000	0.011209813401168	446573	5006	446573	0
pop1	NC_091043.1	2000001	3000000	0.0014270887389725	7708	11	7708	0
pop1	NC_091044.1	1	1000000	0.0073149479717042	377583	2762	377583	0
pop1	NC_091044.1	1000001	2000000	0.0090396189997602	525354	4749	525354	0
pop1	NC_091044.1	2000001	3000000	0.0051271431291272	299387	1535	299387	0
pop1	NC_091045.1	1	1000000	0.0075675058321401	472811	3578	472811	0
pop1	NC_138417.1	1	1000000	0.00050268161306663	258613	130	258613	0
pop1	NC_138417.1	1000001	2000000	0.00073580749583317	425383	313	425383	0
pop1	NC_138417.1	2000001	3000000	0.00074780242577458	414548	310	414548	0
pop1	NC_138417.1	3000001	4000000	0.00071762426616119	477966	343	477966	0
pop1	NC_138417.1	4000001	5000000	0.00080852375895029	437835	354	437835	0
pop1	NC_138417.1	5000001	6000000	0.00091675834250092	354510	325	354510	0
pop1	NC_138417.1	6000001	7000000	0.00085253475718625	472708	403	472708	0
pop1	NC_138417.1	7000001	8000000	0.00069802547698408	528634	369	528634	0
pop1	NC_138417.1	8000001	9000000	0.00089880059215098	397196	357	397196	0
pop1	NC_138417.1	9000001	10000000	0.00076758683763555	428616	329	428616	0
pop1	NC_138417.1	10000001	11000000	0.0006766025859875	483297	327	483297	0
pop1	NC_138417.1	11000001	12000000	0.00077707645627727	472283	367	472283	0
pop1	NC_138417.1	12000001	13000000	0.0007313625612692	426601	312	426601	0
pop1	NC_138417.1	13000001	14000000	0.00081473273803528	337534	275	337534	0
pop1	NC_138417.1	14000001	15000000	0.00064693345715501	383347	248	383347	0
pop1	NC_138417.1	15000001	16000000	0	360	0	360	0
pop1	NC_138417.1	16000001	17000000	0.0010261466988941	249477	256	249477	0
pop1	NC_138417.1	17000001	18000000	0.00065391684950731	533707	349	533707	0
pop1	NC_138417.1	18000001	19000000	0.00087094264744016	354788	309	354788	0
pop1	NC_138417.1	19000001	20000000	0.00096961634576425	426973	414	426973	0
pop1	NC_138417.1	20000001	21000000	0.0010706710668085	295142	316	295142	0
pop1	NW_027184081.1	1	1000000	0.00038153376573827	2621	1	2621	0
pop1	NW_027184081.1	1000001	2000000	0.0075245996527108	5183	39	5183	0
pop1	NW_027184081.1	2000001	3000000	0	1306	0	1306	0
pop1	NW_027184081.1	3000001	4000000	0	777	0	777	0
pop1	NW_027184081.1	4000001	5000000	0.0014430791431987	278571	402	278571	0
pop1	NW_027184081.1	5000001	6000000	0.00071663503668378	428391	307	428391	0
pop1	NW_027184081.1	6000001	7000000	0.0006495964443142	409485	266	409485	0
pop1	NW_027184081.1	7000001	8000000	0.00079358177153542	183976	146	183976	0
pop1	NW_027184081.1	8000001	9000000	0.00087062434318429	454846	396	454846	0
pop1	NW_027184081.1	9000001	10000000	0.00087666865909544	100380	88	100380	0
pop1	NW_027184082.1	1	1000000	0.00094787277697825	346038	328	346038	0
pop1	NW_027184082.1	1000001	2000000	0.00089071515569061	406415	362	406415	0
pop1	NW_027184082.1	2000001	3000000	0.00066432570940495	442554	294	442554	0
pop1	NW_027184082.1	3000001	4000000	0.00076599469883034	246738	189	246738	0
pop1	NW_027184082.1	4000001	5000000	0.00080628488732686	290220	234	290220	0
pop1	NW_027184083.1	1	1000000	0.00075826899358514	427289	324	427289	0
pop1	NW_027184083.1	1000001	2000000	0.00042285623267332	527366	223	527366	0
pop1	NW_027184083.1	2000001	3000000	0.00081766497029576	469630	384	469630	0
pop1	NW_027184083.1	3000001	4000000	0.00044239566098336	113021	50	113021	0
pop1	NW_027184084.1	1	1000000	0.000725911018328	399498	290	399498	0
pop1	NW_027184084.1	1000001	2000000	0.00064669654269965	197929	128	197929	0
pop1	NW_027184084.1	2000001	3000000	0.00075727676369018	405400	307	405400	0
pop1	NC_138418.1	1	1000000	0.0019411373611221	467767	908	467767	0
pop1	NC_138418.1	1000001	2000000	0.0012512783807047	765617	958	765617	0
pop1	NC_138418.1	2000001	3000000	0.00011377462718732	747091	85	747091	0
pop1	NC_138418.1	3000001	4000000	0.00034736839386669	774394	269	774394	0
pop1	NC_138418.1	4000001	5000000	0.0001597631807925	757371	121	757371	0
pop1	NC_138418.1	5000001	6000000	0.00013291694973054	744826	99	744826	0
pop1	NC_138418.1	6000001	7000000	0.00012473326528888	745591	93	745591	0
pop1	NC_138418.1	7000001	8000000	6.5274577510297e-05	765995	50	765995	0
pop1	NC_138418.1	8000001	9000000	9.8482500528619e-05	690478	68	690478	0
pop1	NC_138418.1	9000001	10000000	8.2123633650646e-05	718429	59	718429	0
pop1	NC_138418.1	10000001	11000000	0.00013233836489198	740526	98	740526	0
pop1	NC_138418.1	11000001	12000000	0.00039360912555745	777421	306	777421	0
pop1	NC_138418.1	12000001	13000000	0.00011122348419204	773218	86	773218	0
pop1	NC_138418.1	13000001	14000000	0.00017576969807385	779429	137	779429	0
pop1	NC_138418.1	14000001	15000000	0.00023232767954842	697291	162	697291	0
pop1	NC_138418.1	15000001	16000000	0.00025581259455002	770095	197	770095	0
pop1	NC_138418.1	16000001	17000000	0.00011784794284887	780667	92	780667	0
pop1	NC_138418.1	17000001	18000000	0.00012993895416977	784984	102	784984	0
pop1	NC_138418.1	18000001	19000000	0.00012727945940942	777816	99	777816	0
pop1	NC_138418.1	19000001	20000000	0.00020769155526136	746299	155	746299	0
pop1	NC_138418.1	20000001	21000000	0.0001020229697429	754732	77	754732	0
pop1	NC_138418.1	21000001	22000000	0.00010342818614455	763815	79	763815	0
pop1	NC_138418.1	22000001	23000000	8.2304849323337e-05	765447	63	765447	0
pop1	NC_138418.1	23000001	24000000	9.2879299253005e-05	732133	68	732133	0
pop1	NC_138418.1	24000001	25000000	0.00014222297138026	759371	108	759371	0
pop1	NC_138418.1	25000001	26000000	0.00010255345111835	770330	79	770330	0
pop1	NC_138418.1	26000001	27000000	0.00010966298629084	775102	85	775102	0
pop1	NC_138418.1	27000001	28000000	9.6302880367096e-05	768409	74	768409	0
pop1	NC_138418.1	28000001	29000000	0.00025209671491444	753679	190	753679	0
pop1	NC_138418.1	29000001	30000000	8.0580491463017e-05	769417	62	769417	0
pop1	NC_138418.1	30000001	31000000	9.6800355806713e-05	764460	74	764460	0
pop1	NC_138418.1	31000001	32000000	9.7108316129187e-05	792929	77	792929	0
pop1	NC_138418.1	32000001	33000000	0.00010303631759047	737604	76	737604	0
pop1	NC_138418.1	33000001	34000000	0.00011742414133597	749420	88	749420	0
pop1	NC_138418.1	34000001	35000000	7.3048827374087e-05	780300	57	780300	0
pop1	NC_138418.1	35000001	36000000	9.5709003242466e-05	773177	74	773177	0
pop1	NC_138418.1	36000001	37000000	0.00017091422703699	731361	125	731361	0
pop1	NC_138418.1	37000001	38000000	0.00011447828771352	777440	89	777440	0
pop1	NC_138418.1	38000001	39000000	8.6898479906301e-05	794030	69	794030	0
pop1	NC_138418.1	39000001	40000000	0.00010436468985853	756961	79	756961	0
pop1	NC_138418.1	40000001	41000000	0.0021561910831408	188295	406	188295	0
pop1	NC_138418.1	41000001	42000000	8.7333440359608e-05	778625	68	778625	0
pop1	NC_138418.1	42000001	43000000	0.00010634644854113	780468	83	780468	0
pop1	NC_138418.1	43000001	44000000	8.0026014806083e-05	787244	63	787244	0
pop1	NC_138418.1	44000001	45000000	8.9161852363707e-05	762658	68	762658	0
pop1	NC_138418.1	45000001	46000000	9.2975931513578e-05	570040	53	570040	0
pop1	NC_138418.1	46000001	47000000	0.00015383442332825	747557	115	747557	0
pop1	NC_138418.1	47000001	48000000	0.00016236781814804	726745	118	726745	0
pop1	NC_138418.1	48000001	49000000	0.00010390689941812	750672	78	750672	0
pop1	NC_138418.1	49000001	50000000	8.9346248245923e-05	761084	68	761084	0
pop1	NC_138418.1	50000001	51000000	0.00017645942977135	453362	80	453362	0
pop1	NC_138418.1	51000001	52000000	NA	0	NA	NA	NA
pop1	NC_138418.1	52000001	53000000	NA	0	NA	NA	NA
pop1	NC_138418.1	53000001	54000000	9.5030642723914e-05	536669	51	536669	0
pop1	NC_138418.1	54000001	55000000	0.0001052773864174	769396	81	769396	0
pop1	NC_138418.1	55000001	56000000	0.00011508256181719	755979	87	755979	0
pop1	NC_138418.1	56000001	57000000	8.3170511063597e-05	781527	65	781527	0
pop1	NC_138418.1	57000001	58000000	6.8815494190825e-05	784707	54	784707	0
pop1	NC_138418.1	58000001	59000000	7.748826243369e-05	787216	61	787216	0
pop1	NC_138418.1	59000001	60000000	7.5278026845817e-05	597784	45	597784	0
pop1	NC_138418.1	60000001	61000000	8.411403104773e-05	725206	61	725206	0
pop1	NC_138418.1	61000001	62000000	0.00011266696796545	781063	88	781063	0
pop1	NC_138418.1	62000001	63000000	8.0273239750273e-05	772362	62	772362	0
pop1	NC_138418.1	63000001	64000000	9.8733057407349e-05	759624	75	759624	0
pop1	NC_138418.1	64000001	65000000	0.00011697119052746	752322	88	752322	0
pop1	NC_138418.1	65000001	66000000	7.9483816710319e-05	780033	62	780033	0
pop1	NC_138418.1	66000001	67000000	0.0002799102070227	721660	202	721660	0
pop1	NC_138418.1	67000001	68000000	0.00019145893134483	699889	134	699889	0
pop1	NC_138418.1	68000001	69000000	6.2359285622417e-05	769733	48	769733	0
pop1	NC_138418.1	69000001	70000000	0.0041250970114839	355628	1467	355628	0
pop1	NC_138418.1	70000001	71000000	0.0014887993085915	792585	1180	792585	0
pop1	NC_138418.1	71000001	72000000	0.00012996753519277	738646	96	738646	0
pop1	NC_138418.1	72000001	73000000	0.00012062376963755	207256	25	207256	0
pop1	NW_027184086.1	1	1000000	0.00015805001404889	569440	90	569440	0
pop1	NW_027184086.1	1000001	2000000	6.8258350271517e-05	791112	54	791112	0
pop1	NW_027184086.1	2000001	3000000	0.00014679819785194	749328	110	749328	0
pop1	NW_027184086.1	3000001	4000000	0.00049265569437602	428291	211	428291	0
pop1	NW_027184086.1	4000001	5000000	0	192	0	192	0
pop1	NW_027184087.1	1	1000000	0.00013418701836445	730324	98	730324	0
pop1	NW_027184087.1	1000001	2000000	0.00010523491062925	190051	20	190051	0
pop1	NW_027184088.1	1	1000000	0.0015780933964571	44991	71	44991	0
pop1	NW_027184088.1	1000001	2000000	0	249	0	249	0
pop1	NW_027183733.1	1	1000000	0.0013619339462036	5874	8	5874	0
pop1	NW_027183733.1	1000001	2000000	0	3626	0	3626	0
pop1	NW_027183733.1	2000001	3000000	0.00090579710144928	3312	3	3312	0
pop1	NW_027183733.1	3000001	4000000	0.0030165912518854	663	2	663	0
pop1	NW_027183733.1	4000001	5000000	0	538	0	538	0
pop1	NW_027183804.1	1	1000000	0.00032137118371719	9335	3	9335	0
pop1	NW_027183804.1	1000001	2000000	0.0046486156833216	160693	747	160693	0
pop1	NW_027183804.1	2000001	3000000	0.0025374319638949	103254	262	103254	0
pop1	NW_027183804.1	3000001	4000000	0.0023171342685371	31936	74	31936	0
pop1	NW_027183804.1	4000001	5000000	0.0013147515119642	7606	10	7606	0
pop1	NW_027183894.1	1	1000000	0.00066844919786096	1496	1	1496	0
pop1	NW_027183894.1	1000001	2000000	0.0015979546180888	3129	5	3129	0
pop1	NW_027183894.1	2000001	3000000	0	456	0	456	0
pop1	NW_027183894.1	3000001	4000000	0	80	0	80	0
pop1	NW_027183905.1	1	1000000	0.0033143607037676	327665	1086	327665	0
pop1	NW_027183905.1	1000001	2000000	0.0028246108180999	125327	354	125327	0
pop1	NW_027183905.1	2000001	3000000	0.0019206269544068	103612	199	103612	0
pop1	NW_027183916.1	1	1000000	0	390	0	390	0
pop1	NW_027183916.1	1000001	2000000	0.0033783783783784	888	3	888	0
pop1	NW_027183916.1	2000001	3000000	0.00083333333333333	1200	1	1200	0
pop1	NW_027183927.1	1	1000000	0	919	0	919	0
pop1	NW_027183927.1	1000001	2000000	0	311	0	311	0
pop1	NW_027183927.1	2000001	3000000	0.0011373578302712	11430	13	11430	0
pop1	NW_027183938.1	1	1000000	0.0024162927166034	2897	7	2897	0
pop1	NW_027183938.1	1000001	2000000	0	146	0	146	0
pop1	NW_027183938.1	2000001	3000000	0	6	0	6	0
pop1	NW_027183949.1	1	1000000	0.0071677359449773	238011	1706	238011	0
pop1	NW_027183949.1	1000001	2000000	0.00065316786414108	3062	2	3062	0
pop1	NW_027183949.1	2000001	3000000	0.0022249690976514	4045	9	4045	0
pop1	NW_027183960.1	1	1000000	0	1461	0	1461	0
pop1	NW_027183960.1	1000001	2000000	0.0025608194622279	1562	4	1562	0
pop1	NW_027183960.1	2000001	3000000	0.0048154093097913	623	3	623	0
pop1	NW_027183981.1	1	1000000	0.0012180436557919	144494	176	144494	0
pop1	NW_027183981.1	1000001	2000000	0.0012453640979321	73071	91	73071	0
pop1	NW_027183981.1	2000001	3000000	0.0014626034341127	99822	146	99822	0
pop1	NW_027183992.1	1	1000000	0.0062290636465146	250760	1562	250760	0
pop1	NW_027183992.1	1000001	2000000	0	39	0	39	0
pop1	NW_027183992.1	2000001	3000000	0	136	0	136	0
pop1	NW_027184003.1	1	1000000	0.001230012300123	813	1	813	0
pop1	NW_027184003.1	1000001	2000000	0.0018292682926829	1640	3	1640	0
pop1	NW_027184003.1	2000001	3000000	0	76	0	76	0
pop1	NW_027184024.1	1	1000000	0.00060771801883926	3291	2	3291	0
pop1	NW_027184024.1	1000001	2000000	0	273	0	273	0
pop1	NW_027184024.1	2000001	3000000	0	265	0	265	0
pop1	NW_027184055.1	1	1000000	0.0016441222629101	13381	22	13381	0
pop1	NW_027184055.1	1000001	2000000	0.0017420253948591	25832	45	25832	0
pop1	NW_027184055.1	2000001	3000000	0.0016435783047664	4259	7	4259	0
pop1	NW_027184058.1	1	1000000	0.0028628685943315	3493	10	3493	0
pop1	NW_027184058.1	1000001	2000000	0	571	0	571	0
pop1	NW_027184058.1	2000001	3000000	0.0015420200462606	1297	2	1297	0
pop1	NW_027184059.1	1	1000000	0.001727115716753	1158	2	1158	0
pop1	NW_027184059.1	1000001	2000000	0.007164790174002	977	7	977	0
pop1	NW_027184059.1	2000001	3000000	0	99	0	99	0
pop1	NW_027184060.1	1	1000000	0.002348888192922	38316	90	38316	0
pop1	NW_027184060.1	1000001	2000000	0	288	0	288	0
pop1	NW_027184061.1	1	1000000	0.0018418948787485	127586	235	127586	0
pop1	NW_027184061.1	1000001	2000000	0.0071828243239912	202845	1457	202845	0
pop1	NW_027184062.1	1	1000000	0.00042247570764681	2367	1	2367	0
pop1	NW_027184062.1	1000001	2000000	0.0036184210526316	3040	11	3040	0
pop1	NW_027184063.1	1	1000000	0.0055304693649281	144834	801	144834	0
pop1	NW_027184063.1	1000001	2000000	0.0090162214259621	257314	2320	257314	0
pop1	NW_027184064.1	1	1000000	0.00050229211336486	770468	387	770468	0
pop1	NW_027184064.1	1000001	2000000	0.00049857938114998	752137	375	752137	0
pop1	NW_027184065.1	1	1000000	0.0032520325203252	1230	4	1230	0
pop1	NW_027184065.1	1000001	2000000	0.010903426791277	642	7	642	0
pop1	NW_027184066.1	1	1000000	0	730	0	730	0
pop1	NW_027184066.1	1000001	2000000	0.0028665931642778	4535	13	4535	0
pop1	NW_027184067.1	1	1000000	0	150	0	150	0
pop1	NW_027184067.1	1000001	2000000	0.0033444816053512	598	2	598	0
pop1	NW_027184068.1	1	1000000	0	1217	0	1217	0
pop1	NW_027184068.1	1000001	2000000	0	638	0	638	0
pop1	NW_027184069.1	1	1000000	0.0059400826446281	3872	23	3872	0
pop1	NW_027184069.1	1000001	2000000	0	539	0	539	0
pop1	NW_027184070.1	1	1000000	0	623	0	623	0
pop1	NW_027184070.1	1000001	2000000	0	248	0	248	0
pop1	NW_027184071.1	1	1000000	0.0026229973061109	84636	222	84636	0
pop1	NW_027184071.1	1000001	2000000	0.0012430080795525	6436	8	6436	0
pop1	NW_027184072.1	1	1000000	0.002689376961004	2231	6	2231	0
pop1	NW_027184072.1	1000001	2000000	0.005152224824356	2135	11	2135	0
pop1	NW_027184073.1	1	1000000	0	79	0	79	0
pop1	NW_027184073.1	1000001	2000000	0	71	0	71	0
pop1	NW_027184074.1	1	1000000	0.0012440712230775	12861	16	12861	0
pop1	NW_027184074.1	1000001	2000000	0	332	0	332	0
pop1	NW_027184075.1	1	1000000	0.0041450777202073	2895	12	2895	0
pop1	NW_027184075.1	1000001	2000000	0.0023419203747073	427	1	427	0
pop1	NW_027184076.1	1	1000000	0.0016010420341375	36851	59	36851	0
pop1	NW_027184076.1	1000001	2000000	0.0028156739181443	29833	84	29833	0
pop1	NW_027184077.1	1	1000000	0.00276570525484	2531	7	2531	0
pop1	NW_027184077.1	1000001	2000000	0.0035945363048167	1391	5	1391	0
pop1	NW_027184078.1	1	1000000	0.0084692247687679	484578	4104	484578	0
pop1	NW_027184078.1	1000001	2000000	0.010004262467718	39883	399	39883	0
pop1	NW_027184079.1	1	1000000	0.0043731778425656	1372	6	1372	0
pop1	NW_027184079.1	1000001	2000000	0	77	0	77	0
pop1	NW_027183463.1	1	1000000	0.0014905296833533	192549	287	192549	0
pop1	NW_027183463.1	1000001	2000000	0	413	0	413	0
pop1	NW_027183464.1	1	1000000	0.0012953367875648	772	1	772	0
pop1	NW_027183465.1	1	1000000	0.0028103044496487	2135	6	2135	0
pop1	NW_027183465.1	1000001	2000000	0.0044247787610619	226	1	226	0
pop1	NW_027183466.1	1	1000000	0.0013893713094825	11516	16	11516	0
pop1	NW_027183467.1	1	1000000	0.00031740565790557	667915	212	667915	0
pop1	NW_027183468.1	1	1000000	0.0016851227732306	4154	7	4154	0
pop1	NW_027183469.1	1	1000000	0	953	0	953	0
pop1	NW_027183470.1	1	1000000	0.0021626297577855	2312	5	2312	0
pop1	NW_027183471.1	1	1000000	0.00099800399201597	1002	1	1002	0
pop1	NW_027183472.1	1	1000000	0.0020028039254957	4993	10	4993	0
pop1	NW_027183473.1	1	1000000	0.00081201786439302	2463	2	2463	0
pop1	NW_027183474.1	1	1000000	0.011941613756016	88514	1057	88514	0
pop1	NW_027183475.1	1	1000000	0.00068681318681319	1456	1	1456	0
pop1	NW_027183476.1	1	1000000	0.012714864421007	274010	3484	274010	0
pop1	NW_027183477.1	1	1000000	0	1323	0	1323	0
pop1	NW_027183478.1	1	1000000	0.00056497175141243	1770	1	1770	0
pop1	NW_027183479.1	1	1000000	0.0014968022860253	7349	11	7349	0
pop1	NW_027183480.1	1	1000000	0.0011283497884344	3545	4	3545	0
pop1	NW_027183481.1	1	1000000	0.0020913985671695	22473	47	22473	0
pop1	NW_027183482.1	1	1000000	0	702	0	702	0
pop1	NW_027183483.1	1	1000000	0	3526	0	3526	0
pop1	NW_027183484.1	1	1000000	0	1106	0	1106	0
pop1	NW_027183485.1	1	1000000	0	143	0	143	0
pop1	NW_027183486.1	1	1000000	0	1074	0	1074	0
pop1	NW_027183487.1	1	1000000	0	730	0	730	0
pop1	NW_027183488.1	1	1000000	0	213	0	213	0
pop1	NW_027183489.1	1	1000000	0	694	0	694	0
pop1	NW_027183490.1	1	1000000	0	493	0	493	0
pop1	NW_027183491.1	1	1000000	0.011811063095942	199474	2356	199474	0
pop1	NW_027183492.1	1	1000000	0.0065158457707778	271492	1769	271492	0
pop1	NW_027183493.1	1	1000000	0.0035603026257232	2247	8	2247	0
pop1	NW_027183494.1	1	1000000	0.012568989222686	256743	3227	256743	0
pop1	NW_027183495.1	1	1000000	0	41	0	41	0
pop1	NW_027183496.1	1	1000000	0.010363264318247	90898	942	90898	0
pop1	NW_027183497.1	1	1000000	0	258	0	258	0
pop1	NW_027183498.1	1	1000000	0.0067114093959732	149	1	149	0
pop1	NW_027183499.1	1	1000000	0.00472016183412	2966	14	2966	0
pop1	NW_027183500.1	1	1000000	0.01367850680113	196732	2691	196732	0
pop1	NW_027183501.1	1	1000000	0.00067750677506775	5904	4	5904	0
pop1	NW_027183502.1	1	1000000	0	549	0	549	0
pop1	NW_027183503.1	1	1000000	0	708	0	708	0
pop1	NW_027183504.1	1	1000000	0	626	0	626	0
pop1	NW_027183505.1	1	1000000	0	85	0	85	0
pop1	NW_027183506.1	1	1000000	0	674	0	674	0
pop1	NW_027183507.1	1	1000000	0	552	0	552	0
pop1	NW_027183508.1	1	1000000	0.0043668122270742	687	3	687	0
pop1	NW_027183509.1	1	1000000	0	224	0	224	0
pop1	NW_027183510.1	1	1000000	0	22	0	22	0
pop1	NW_027183511.1	1	1000000	0	945	0	945	0
pop1	NW_027183512.1	1	1000000	0.00069662138627656	2871	2	2871	0
pop1	NW_027183513.1	1	1000000	0	495	0	495	0
pop1	NW_027183514.1	1	1000000	0	926	0	926	0
pop1	NW_027183515.1	1	1000000	0.0021929824561404	456	1	456	0
pop1	NW_027183516.1	1	1000000	0.0081339318808945	48562	395	48562	0
pop1	NW_027183518.1	1	1000000	0.0032258064516129	620	2	620	0
pop1	NW_027183519.1	1	1000000	0	495	0	495	0
pop1	NW_027183520.1	1	1000000	0.0036274771850777	26189	95	26189	0
pop1	NW_027183521.1	1	1000000	0	298	0	298	0
pop1	NW_027183522.1	1	1000000	0	119	0	119	0
pop1	NW_027183523.1	1	1000000	0.010790089507662	109823	1185	109823	0
pop1	NW_027183524.1	1	1000000	0	440	0	440	0
pop1	NW_027183525.1	1	1000000	0	193	0	193	0
pop1	NW_027183526.1	1	1000000	0	439	0	439	0
pop1	NW_027183528.1	1	1000000	0.012076158534091	97796	1181	97796	0
pop1	NW_027183529.1	1	1000000	0.016200119903287	151789	2459	151789	0
pop1	NW_027183530.1	1	1000000	0.012840127381317	88239	1133	88239	0
pop1	NW_027183531.1	1	1000000	0.00095846645367412	3130	3	3130	0
pop1	NW_027183532.1	1	1000000	0	162	0	162	0
pop1	NW_027183533.1	1	1000000	0	569	0	569	0
pop1	NW_027183534.1	1	1000000	0.011114152297063	120567	1340	120567	0
pop1	NW_027183535.1	1	1000000	0.01166998076735	122708	1432	122708	0
pop1	NW_027183536.1	1	1000000	0.011894314256372	160665	1911	160665	0
pop1	NW_027183537.1	1	1000000	0	470	0	470	0
pop1	NW_027183538.1	1	1000000	0	627	0	627	0
pop1	NW_027183539.1	1	1000000	0.00098522167487685	1015	1	1015	0
pop1	NW_027183540.1	1	1000000	0	137	0	137	0
pop1	NW_027183541.1	1	1000000	0.0054274565448741	140950	765	140950	0
pop1	NW_027183543.1	1	1000000	0	1174	0	1174	0
pop1	NW_027183544.1	1	1000000	0	463	0	463	0
pop1	NW_027183545.1	1	1000000	0	63	0	63	0
pop1	NW_027183546.1	1	1000000	0	263	0	263	0
pop1	NW_027183547.1	1	1000000	0	36	0	36	0
pop1	NW_027183548.1	1	1000000	0	294	0	294	0
pop1	NW_027183549.1	1	1000000	0	794	0	794	0
pop1	NW_027183550.1	1	1000000	0.012664629185814	90962	1152	90962	0
pop1	NW_027183551.1	1	1000000	0.014062344246187	140446	1975	140446	0
pop1	NW_027183552.1	1	1000000	0	999	0	999	0
pop1	NW_027183553.1	1	1000000	0.0085202495695149	89434	762	89434	0
pop1	NW_027183554.1	1	1000000	0	228	0	228	0
pop1	NW_027183555.1	1	1000000	0	481	0	481	0
pop1	NW_027183556.1	1	1000000	0	532	0	532	0
pop1	NW_027183557.1	1	1000000	0.0090633185049682	96212	872	96212	0
pop1	NW_027183558.1	1	1000000	0	255	0	255	0
pop1	NW_027183559.1	1	1000000	0	1314	0	1314	0
pop1	NW_027183560.1	1	1000000	0	360	0	360	0
pop1	NW_027183561.1	1	1000000	0	98	0	98	0
pop1	NW_027183562.1	1	1000000	0.0034334763948498	1165	4	1165	0
pop1	NW_027183563.1	1	1000000	0.010099685204617	30496	308	30496	0
pop1	NW_027183565.1	1	1000000	0	60	0	60	0
pop1	NW_027183566.1	1	1000000	0	27	0	27	0
pop1	NW_027183567.1	1	1000000	0.012168933428776	51689	629	51689	0
pop1	NW_027183568.1	1	1000000	0	246	0	246	0
pop1	NW_027183569.1	1	1000000	0.00025685083166528	112906	29	112906	0
pop1	NW_027183570.1	1	1000000	0	154	0	154	0
pop1	NW_027183571.1	1	1000000	0	644	0	644	0
pop1	NW_027183572.1	1	1000000	0.00071275837491091	1403	1	1403	0
pop1	NW_027183573.1	1	1000000	0	309	0	309	0
pop1	NW_027183574.1	1	1000000	0	1007	0	1007	0
pop1	NW_027183576.1	1	1000000	0	265	0	265	0
pop1	NW_027183577.1	1	1000000	0.0099849365181838	23235	232	23235	0
pop1	NW_027183578.1	1	1000000	0	144	0	144	0
pop1	NW_027183579.1	1	1000000	0.013532998035899	88081	1192	88081	0
pop1	NW_027183580.1	1	1000000	0	238	0	238	0
pop1	NW_027183581.1	1	1000000	0	72	0	72	0
pop1	NW_027183582.1	1	1000000	0	3	0	3	0
pop1	NW_027183583.1	1	1000000	0.012518959545424	44173	553	44173	0
pop1	NW_027183584.1	1	1000000	0	83	0	83	0
pop1	NW_027183585.1	1	1000000	0	168	0	168	0
pop1	NW_027183586.1	1	1000000	0	140	0	140	0
pop1	NW_027183587.1	1	1000000	0	364	0	364	0
pop1	NW_027183588.1	1	1000000	0	184	0	184	0
pop1	NW_027183589.1	1	1000000	0.01300089047195	101070	1314	101070	0
pop1	NW_027183590.1	1	1000000	0	671	0	671	0
pop1	NW_027183591.1	1	1000000	0.0060240963855422	166	1	166	0
pop1	NW_027183592.1	1	1000000	0	175	0	175	0
pop1	NW_027183593.1	1	1000000	0	269	0	269	0
pop1	NW_027183595.1	1	1000000	0.014887282007656	75232	1120	75232	0
pop1	NW_027183596.1	1	1000000	0	582	0	582	0
pop1	NW_027183597.1	1	1000000	0	182	0	182	0
pop1	NW_027183599.1	1	1000000	0	744	0	744	0
pop1	NW_027183600.1	1	1000000	0.021505376344086	93	2	93	0
pop1	NW_027183601.1	1	1000000	0.0011086474501109	902	1	902	0
pop1	NW_027183603.1	1	1000000	0	575	0	575	0
pop1	NW_027183604.1	1	1000000	0	167	0	167	0
pop1	NW_027183608.1	1	1000000	0	591	0	591	0
pop1	NW_027183609.1	1	1000000	0	1733	0	1733	0
pop1	NW_027183610.1	1	1000000	0	358	0	358	0
pop1	NW_027183611.1	1	1000000	0	35	0	35	0
pop1	NW_027183613.1	1	1000000	0.00046125461254613	4336	2	4336	0
pop1	NW_027183614.1	1	1000000	0	184	0	184	0
pop1	NW_027183615.1	1	1000000	0.014041548524112	88523	1243	88523	0
pop1	NW_027183616.1	1	1000000	0	45	0	45	0
pop1	NW_027183617.1	1	1000000	0	583	0	583	0
pop1	NW_027183618.1	1	1000000	0.0098434190306101	24077	237	24077	0
pop1	NW_027183619.1	1	1000000	0	302	0	302	0
pop1	NW_027183620.1	1	1000000	0	123	0	123	0
pop1	NW_027183622.1	1	1000000	0	119	0	119	0
pop1	NW_027183623.1	1	1000000	0	367	0	367	0
pop1	NW_027183624.1	1	1000000	0.015109484742962	16943	256	16943	0
pop1	NW_027183626.1	1	1000000	0	191	0	191	0
pop1	NW_027183627.1	1	1000000	0	1497	0	1497	0
pop1	NW_027183628.1	1	1000000	0.0098794919118445	18422	182	18422	0
pop1	NW_027183631.1	1	1000000	0	371	0	371	0
pop1	NW_027183632.1	1	1000000	0	61	0	61	0
pop1	NW_027183633.1	1	1000000	0.013309671694765	38318	510	38318	0
pop1	NW_027183634.1	1	1000000	0	145	0	145	0
pop1	NW_027183635.1	1	1000000	0	1884	0	1884	0
pop1	NW_027183636.1	1	1000000	0	249	0	249	0
pop1	NW_027183637.1	1	1000000	0	572	0	572	0
pop1	NW_027183638.1	1	1000000	0	13	0	13	0
pop1	NW_027183639.1	1	1000000	0	36	0	36	0
pop1	NW_027183641.1	1	1000000	0	40	0	40	0
pop1	NW_027183642.1	1	1000000	0.0088577133787312	19531	173	19531	0
pop1	NW_027183644.1	1	1000000	0	519	0	519	0
pop1	NW_027183645.1	1	1000000	0	689	0	689	0
pop1	NW_027183646.1	1	1000000	0	357	0	357	0
pop1	NW_027183648.1	1	1000000	0	148	0	148	0
pop1	NW_027183649.1	1	1000000	0	840	0	840	0
pop1	NW_027183650.1	1	1000000	0.010696458283813	12621	135	12621	0
pop1	NW_027183651.1	1	1000000	0.003353406204515	70078	235	70078	0
pop1	NW_027183654.1	1	1000000	0	521	0	521	0
pop1	NW_027183655.1	1	1000000	0	206	0	206	0
pop1	NW_027183656.1	1	1000000	0	145	0	145	0
pop1	NW_027183657.1	1	1000000	0	122	0	122	0
pop1	NW_027183658.1	1	1000000	0.0077649594320487	63104	490	63104	0
pop1	NW_027183660.1	1	1000000	0	128	0	128	0
pop1	NW_027183661.1	1	1000000	0	156	0	156	0
pop1	NW_027183662.1	1	1000000	0	82	0	82	0
pop1	NW_027183664.1	1	1000000	0.011934789295601	16255	194	16255	0
pop1	NW_027183666.1	1	1000000	0	450	0	450	0
pop1	NW_027183667.1	1	1000000	0	172	0	172	0
pop1	NW_027183668.1	1	1000000	0	90	0	90	0
pop1	NW_027183669.1	1	1000000	0.010220603116778	19764	202	19764	0
pop1	NW_027183670.1	1	1000000	0	111	0	111	0
pop1	NW_027183671.1	1	1000000	0	86	0	86	0
pop1	NW_027183672.1	1	1000000	0.0070309361189233	9956	70	9956	0
pop1	NW_027183674.1	1	1000000	0	66	0	66	0
pop1	NW_027183675.1	1	1000000	0	341	0	341	0
pop1	NW_027183676.1	1	1000000	0.0099968010236724	25008	250	25008	0
pop1	NW_027183677.1	1	1000000	0	160	0	160	0
pop1	NW_027183678.1	1	1000000	0	527	0	527	0
pop1	NW_027183679.1	1	1000000	0.013047943606741	42842	559	42842	0
pop1	NW_027183681.1	1	1000000	0	76	0	76	0
pop1	NW_027183682.1	1	1000000	0.011243818232714	21434	241	21434	0
pop1	NW_027183683.1	1	1000000	0.011271385441127	14905	168	14905	0
pop1	NW_027183684.1	1	1000000	0	489	0	489	0
pop1	NW_027183685.1	1	1000000	0	74	0	74	0
pop1	NW_027183686.1	1	1000000	0	237	0	237	0
pop1	NW_027183687.1	1	1000000	0.0075757575757576	132	1	132	0
pop1	NW_027183688.1	1	1000000	0.01524926686217	34100	520	34100	0
pop1	NW_027183690.1	1	1000000	0.012032563964931	22356	269	22356	0
pop1	NW_027183691.1	1	1000000	0.0023620322863221	63928	151	63928	0
pop1	NW_027183692.1	1	1000000	0.0023228803716609	861	2	861	0
pop1	NW_027183694.1	1	1000000	0.0094339622641509	212	2	212	0
pop1	NW_027183695.1	1	1000000	0.014276881569333	35582	508	35582	0
pop1	NW_027183696.1	1	1000000	0	20	0	20	0
pop1	NW_027183699.1	1	1000000	0	106	0	106	0
pop1	NW_027183700.1	1	1000000	0	157	0	157	0
pop1	NW_027183702.1	1	1000000	0	239	0	239	0
pop1	NW_027183703.1	1	1000000	0	109	0	109	0
pop1	NW_027183704.1	1	1000000	0	176	0	176	0
pop1	NW_027183706.1	1	1000000	0.012920104648823	24845	321	24845	0
pop1	NW_027183707.1	1	1000000	0	130	0	130	0
pop1	NW_027183708.1	1	1000000	0.0017452006980803	2292	4	2292	0
pop1	NW_027183709.1	1	1000000	0	71	0	71	0
pop1	NW_027183710.1	1	1000000	0	596	0	596	0
pop1	NW_027183711.1	1	1000000	0	58	0	58	0
pop1	NW_027183712.1	1	1000000	0	283	0	283	0
pop1	NW_027183713.1	1	1000000	0.0026281208935611	761	2	761	0
pop1	NW_027183714.1	1	1000000	0	142	0	142	0
pop1	NW_027183715.1	1	1000000	0	362	0	362	0
pop1	NW_027183716.1	1	1000000	0	363	0	363	0
pop1	NW_027183717.1	1	1000000	0.0022666314079559	26471	60	26471	0
pop1	NW_027183718.1	1	1000000	0.0093041287071138	15477	144	15477	0
pop1	NW_027183719.1	1	1000000	0.0032310177705977	619	2	619	0
pop1	NW_027183720.1	1	1000000	0.009041095890411	10950	99	10950	0
pop1	NW_027183721.1	1	1000000	0	202	0	202	0
pop1	NW_027183722.1	1	1000000	0.013215859030837	20657	273	20657	0
pop1	NW_027183725.1	1	1000000	0	170	0	170	0
pop1	NW_027183727.1	1	1000000	0.015101043748612	22515	340	22515	0
pop1	NW_027183728.1	1	1000000	0.013420065635256	34128	458	34128	0
pop1	NW_027183729.1	1	1000000	0.010624860688015	13459	143	13459	0
pop1	NW_027183730.1	1	1000000	0.0019723865877712	507	1	507	0
pop1	NW_027183731.1	1	1000000	0	68	0	68	0
pop1	NW_027183732.1	1	1000000	0	117	0	117	0
pop1	NW_027183734.1	1	1000000	0.012708371496611	43672	555	43672	0
pop1	NW_027183735.1	1	1000000	0	299	0	299	0
pop1	NW_027183736.1	1	1000000	0.017097281509773	44510	761	44510	0
pop1	NW_027183737.1	1	1000000	0	70	0	70	0
pop1	NW_027183738.1	1	1000000	0	145	0	145	0
pop1	NW_027183739.1	1	1000000	0	40	0	40	0
pop1	NW_027183740.1	1	1000000	0	164	0	164	0
pop1	NW_027183741.1	1	1000000	0	66	0	66	0
pop1	NW_027183743.1	1	1000000	0	148	0	148	0
pop1	NW_027183744.1	1	1000000	0.013352755523185	12357	165	12357	0
pop1	NW_027183745.1	1	1000000	0	127	0	127	0
pop1	NW_027183746.1	1	1000000	0.0047619047619048	210	1	210	0
pop1	NW_027183747.1	1	1000000	0.0022831050228311	438	1	438	0
pop1	NW_027183748.1	1	1000000	0	70	0	70	0
pop1	NW_027183751.1	1	1000000	0	49	0	49	0
pop1	NW_027183752.1	1	1000000	0.0025575447570332	782	2	782	0
pop1	NW_027183753.1	1	1000000	0	34	0	34	0
pop1	NW_027183754.1	1	1000000	0	170	0	170	0
pop1	NW_027183756.1	1	1000000	0.0089004018465013	30111	268	30111	0
pop1	NW_027183757.1	1	1000000	0	8	0	8	0
pop1	NW_027183758.1	1	1000000	0.0039525691699605	253	1	253	0
pop1	NW_027183759.1	1	1000000	0.012834569493712	15505	199	15505	0
pop1	NW_027183761.1	1	1000000	0.010115102895012	14335	145	14335	0
pop1	NW_027183764.1	1	1000000	0.017241379310345	58	1	58	0
pop1	NW_027183765.1	1	1000000	0	384	0	384	0
pop1	NW_027183767.1	1	1000000	0	387	0	387	0
pop1	NW_027183770.1	1	1000000	0	80	0	80	0
pop1	NW_027183771.1	1	1000000	0	328	0	328	0
pop1	NW_027183773.1	1	1000000	0	31	0	31	0
pop1	NW_027183775.1	1	1000000	0.010919197935279	15111	165	15111	0
pop1	NW_027183776.1	1	1000000	0	148	0	148	0
pop1	NW_027183777.1	1	1000000	0.011706512778236	6065	71	6065	0
pop1	NW_027183781.1	1	1000000	0.0084566596194503	13244	112	13244	0
pop1	NW_027183782.1	1	1000000	0.0016474464579901	607	1	607	0
pop1	NW_027183785.1	1	1000000	0.013111638954869	10525	138	10525	0
pop1	NW_027183786.1	1	1000000	0.011840628507295	17820	211	17820	0
pop1	NW_027183787.1	1	1000000	0	56	0	56	0
pop1	NW_027183789.1	1	1000000	0	69	0	69	0
pop1	NW_027183790.1	1	1000000	0	168	0	168	0
pop1	NW_027183791.1	1	1000000	0	31	0	31	0
pop1	NW_027183792.1	1	1000000	0	653	0	653	0
pop1	NW_027183794.1	1	1000000	0	61	0	61	0
pop1	NW_027183795.1	1	1000000	0	92	0	92	0
pop1	NW_027183796.1	1	1000000	0.0091459314055145	7435	68	7435	0
pop1	NW_027183797.1	1	1000000	0.014989293361884	7939	119	7939	0
pop1	NW_027183800.1	1	1000000	0	67	0	67	0
pop1	NW_027183803.1	1	1000000	0.014576271186441	26550	387	26550	0
pop1	NW_027183805.1	1	1000000	0	250	0	250	0
pop1	NW_027183807.1	1	1000000	0	282	0	282	0
pop1	NW_027183810.1	1	1000000	0	78	0	78	0
pop1	NW_027183811.1	1	1000000	0	472	0	472	0
pop1	NW_027183813.1	1	1000000	0.0084059775840598	6424	54	6424	0
pop1	NW_027183815.1	1	1000000	0.0094339622641509	6890	65	6890	0
pop1	NW_027183816.1	1	1000000	0.015451991406379	12102	187	12102	0
pop1	NW_027183819.1	1	1000000	0	181	0	181	0
pop1	NW_027183821.1	1	1000000	0.012244463373083	18784	230	18784	0
pop1	NW_027183822.1	1	1000000	0	255	0	255	0
pop1	NW_027183823.1	1	1000000	0	207	0	207	0
pop1	NW_027183825.1	1	1000000	0.0035460992907801	282	1	282	0
pop1	NW_027183826.1	1	1000000	0	231	0	231	0
pop1	NW_027183828.1	1	1000000	0	40	0	40	0
pop1	NW_027183830.1	1	1000000	0.014087050749503	5537	78	5537	0
pop1	NW_027183831.1	1	1000000	0.013817565779025	18889	261	18889	0
pop1	NW_027183832.1	1	1000000	0	102	0	102	0
pop1	NW_027183833.1	1	1000000	0	97	0	97	0
pop1	NW_027183835.1	1	1000000	0	36	0	36	0
pop1	NW_027183836.1	1	1000000	0.012742658038825	10045	128	10045	0
pop1	NW_027183838.1	1	1000000	0	165	0	165	0
pop1	NW_027183845.1	1	1000000	0.0037313432835821	1608	6	1608	0
pop1	NW_027183846.1	1	1000000	0	215	0	215	0
pop1	NW_027183847.1	1	1000000	0	89	0	89	0
pop1	NW_027183849.1	1	1000000	0	160	0	160	0
pop1	NW_027183852.1	1	1000000	0.00103770321688	2891	3	2891	0
pop1	NW_027183853.1	1	1000000	0	194	0	194	0
pop1	NW_027183858.1	1	1000000	0	63	0	63	0
pop1	NW_027183860.1	1	1000000	0	98	0	98	0
pop1	NW_027183861.1	1	1000000	0	43	0	43	0
pop1	NW_027183862.1	1	1000000	0	262	0	262	0
pop1	NW_027183869.1	1	1000000	0	247	0	247	0
pop1	NW_027183870.1	1	1000000	0	278	0	278	0
pop1	NW_027183871.1	1	1000000	0	120	0	120	0
pop1	NW_027183872.1	1	1000000	0.014111429695845	17787	251	17787	0
pop1	NW_027183873.1	1	1000000	0.0077891945641366	6034	47	6034	0
pop1	NW_027183874.1	1	1000000	0	160	0	160	0
pop1	NW_027183875.1	1	1000000	0.011090945755193	4959	55	4959	0
pop1	NW_027183880.1	1	1000000	0.012266438453858	14022	172	14022	0
pop1	NW_027183882.1	1	1000000	0	90	0	90	0
pop1	NW_027183883.1	1	1000000	0.0045454545454545	220	1	220	0
pop1	NW_027183884.1	1	1000000	0	42	0	42	0
pop1	NW_027183892.1	1	1000000	0.0095668811967299	5749	55	5749	0
pop1	NW_027183893.1	1	1000000	0.013829787234043	6580	91	6580	0
pop1	NW_027183895.1	1	1000000	0	120	0	120	0
pop1	NW_027183896.1	1	1000000	0.015849192531668	16657	264	16657	0
pop1	NW_027183897.1	1	1000000	0.011632270168856	10660	124	10660	0
pop1	NW_027183899.1	1	1000000	0	284	0	284	0
pop1	NW_027183907.1	1	1000000	0	69	0	69	0
pop1	NW_027183908.1	1	1000000	0.011363636363636	7832	89	7832	0
pop1	NW_027183909.1	1	1000000	0	29	0	29	0
pop1	NW_027183910.1	1	1000000	0	13	0	13	0
pop1	NW_027183912.1	1	1000000	0.0093468220804926	9094	85	9094	0
pop1	NW_027183918.1	1	1000000	0	112	0	112	0
pop1	NW_027183921.1	1	1000000	0	116	0	116	0
pop1	NW_027183922.1	1	1000000	0	116	0	116	0
pop1	NW_027183924.1	1	1000000	0.012338131495582	17993	222	17993	0
pop1	NW_027183928.1	1	1000000	0	46	0	46	0
pop1	NW_027183929.1	1	1000000	0.01248563768671	13055	163	13055	0
pop1	NW_027183930.1	1	1000000	0	57	0	57	0
pop1	NW_027183932.1	1	1000000	0.0076508433315945	5751	44	5751	0
pop1	NW_027183933.1	1	1000000	0	47	0	47	0
pop1	NW_027183935.1	1	1000000	0	3	0	3	0
pop1	NW_027183936.1	1	1000000	0	22	0	22	0
pop1	NW_027183942.1	1	1000000	0	35	0	35	0
pop1	NW_027183943.1	1	1000000	0	234	0	234	0
pop1	NW_027183945.1	1	1000000	0	37	0	37	0
pop1	NW_027183946.1	1	1000000	0.0086360575208969	25243	218	25243	0
pop1	NW_027183950.1	1	1000000	0	298	0	298	0
pop1	NW_027183951.1	1	1000000	0	124	0	124	0
pop1	NW_027183953.1	1	1000000	0.0073529411764706	136	1	136	0
pop1	NW_027183955.1	1	1000000	0.012715210867162	12662	161	12662	0
pop1	NW_027183956.1	1	1000000	0.012372834753918	3637	45	3637	0
pop1	NW_027183958.1	1	1000000	0.005477082732776	3469	19	3469	0
pop1	NW_027183963.1	1	1000000	0.014419806829003	7351	106	7351	0
pop1	NW_027183967.1	1	1000000	0.011715160796325	13060	153	13060	0
pop1	NW_027183969.1	1	1000000	0.0055555555555556	180	1	180	0
pop1	NW_027183971.1	1	1000000	0.0093457943925234	2782	26	2782	0
pop1	NW_027183975.1	1	1000000	0.0035460992907801	2820	10	2820	0
pop1	NW_027183977.1	1	1000000	0.014096916299559	5675	80	5675	0
pop1	NW_027183978.1	1	1000000	0	74	0	74	0
pop1	NW_027183979.1	1	1000000	0	17	0	17	0
pop1	NW_027183980.1	1	1000000	0.0094012864918357	4042	38	4042	0
pop1	NW_027183982.1	1	1000000	0	27	0	27	0
pop1	NW_027183983.1	1	1000000	0.015789473684211	9310	147	9310	0
pop1	NW_027183985.1	1	1000000	0	176	0	176	0
pop1	NW_027183987.1	1	1000000	0.013041556145004	4524	59	4524	0
pop1	NW_027183991.1	1	1000000	0.018628095551172	4563	85	4563	0
pop1	NW_027183995.1	1	1000000	0.016501650165017	12120	200	12120	0
pop1	NW_027183999.1	1	1000000	0.0095633345362685	5542	53	5542	0
pop1	NW_027184007.1	1	1000000	0.0036315615714757	6058	22	6058	0
pop1	NW_027184010.1	1	1000000	0.017085719833026	10301	176	10301	0
pop1	NW_027184011.1	1	1000000	0	647	0	647	0
pop1	NW_027184012.1	1	1000000	0.0071307300509338	2945	21	2945	0
pop1	NW_027184014.1	1	1000000	0.015091175854119	4771	72	4771	0
pop1	NW_027184016.1	1	1000000	0.015281757402101	3141	48	3141	0
pop1	NW_027184019.1	1	1000000	0.0093632958801498	3204	30	3204	0
pop1	NW_027184020.1	1	1000000	0.0091628488129946	2401	22	2401	0
pop1	NW_027184021.1	1	1000000	0.01650287409605	5393	89	5393	0
pop1	NW_027184022.1	1	1000000	0.011259863463073	11279	127	11279	0
pop1	NW_027184023.1	1	1000000	0	38	0	38	0
pop1	NW_027184025.1	1	1000000	0.016651355075792	8708	145	8708	0
pop1	NW_027184026.1	1	1000000	0.013316151202749	6984	93	6984	0
pop1	NW_027184027.1	1	1000000	0	18	0	18	0
pop1	NW_027184028.1	1	1000000	0.013419836473516	11252	151	11252	0
pop1	NW_027184029.1	1	1000000	0	75	0	75	0
pop1	NW_027184030.1	1	1000000	0.015497967479675	3936	61	3936	0
pop1	NW_027184033.1	1	1000000	0.012983974733887	8549	111	8549	0
pop1	NW_027184036.1	1	1000000	0.0093599449415003	14530	136	14530	0
pop1	NW_027184040.1	1	1000000	0	54	0	54	0
pop1	NW_027184042.1	1	1000000	0.0099972229936129	3601	36	3601	0
pop1	NW_027184043.1	1	1000000	0.011289666395443	9832	111	9832	0
pop1	NW_027184044.1	1	1000000	0.0067114093959732	2831	19	2831	0
pop1	NW_027184047.1	1	1000000	0	83	0	83	0
pop1	NW_027184048.1	1	1000000	0	1195	0	1195	0
pop1	NW_027184049.1	1	1000000	0	226	0	226	0
pop1	NW_027184050.1	1	1000000	0.0074953154278576	1601	12	1601	0
pop1	NW_027184054.1	1	1000000	0	137	0	137	0
pop1	NC_051467.1	1	1000000	0	249	0	249	0
