0
0
0
0
0
0
0
0
0
0
0
0
0
0
0
0.004525
0
0
0
0.291667
0
0
0
0
0
0
0
0
0
0
0
0
0
0
0
0
0
0
0
0.001988
0
0
0.002037
0
0
0.002058
0
0
0
0
0
0
0
0.005917
0
0
0
0
0
0
0
0
0
0
0
0
0
0
0.0022
0
0.00106
0.001041
0.021694
0
0
0.000985
0.002024
0
0
0
0.000971
0.000859
0
0
0.00084
0.000849
0.000823
0.000815
0
0
0
0.000794
0
0
0
0
0
0.000785
0
0
0.000777
0
0
0
0
0.000734
0
0
0
0
0
0
0
0.001974
0
0.00065
0
0
0
0
0
0.001259
0.001238
0
0
0.000612
0
0
0.000593
0.000589
0
0
0
0
0
0.000572
0
0
0
0.000549
0
0
0.001113
0
0
0.000533
0
0.001656
0.000537
0
0.000526
0.000527
0
0
0
0
0
0
0.000497
0
0.00099
0.001005
0.00051
0.000504
0
0
0
0
0
0.000962
0
0
0.000479
0.000486
0.000482
0
0.000479
0
0.000981
0
0
0
0
0.000477
0
0
0.001437
0
0
0
0
0.000478
0.001426
0.000929
0.000466
0.00044
0
0
0
0
0
0
0.000893
0.000436
0
0.00235
0
0
0
0
0
0.001881
0.000448
0.000444
0.001369
0.000442
0
0.000453
0
0
0.000899
0
0.000429
0.000422
0
0
0.001295
0
0.000832
0
0.000797
0.000401
0.000405
0.000827
0
0.002041
0.002342
0
0.000767
0.000379
0
0.000388
0
0.000374
0
0.000365
0
0
0.000722
0
0.000346
0
0.000356
0.000351
0.001063
0
0.00309
0
0.00035
0
0
0
0.001052
0
0
0.000357
0
0
0.000349
0.000331
0
0.000333
0.000672
0
0
0.000335
0.000334
0
0.002026
0
0
0.003128
0
0
0
0
0.000976
0
0.000338
0.000659
0
0.00033
0
0.000328
0.000327
0
0
0.000324
0.000334
0
0
0
0.000327
0
0.000325
0.000329
0
0.000328
0.000989
0
0.000328
0
0
0.000327
0.000328
0
0
0
0.000334
0
0
0.000657
0.001014
0.00034
0.001029
0.000337
0.000334
0.000331
0
0
0
0.000324
0
0
0
0.000321
0.000629
0
0.000955
0
0.000641
0.00032
0.000655
0.004093
0.000331
0.000677
0
0
0
0.00033
0
0.000331
0.000327
0
0.00065
0.00032
0
0.00032
0.000316
0.000319
0
0.000324
0.000325
0
0.000322
0.000315
0
0.000322
0.000328
0
0
0
0.000617
0
0.000622
0
0
0
0.000632
0.00032
0.000319
0
0
0.00031
0
0.00031
0.000311
0.000616
0
0.000307
0
0.000306
0
0
0.000314
0.001913
0
0.000312
0.000636
0.000312
0.00064
0.00032
0
0.000319
0.00032
0.000978
0.000328
0.000328
0.000328
0
0.000322
0.000326
0.001304
0
0
0
0
0.000318
0.000649
0
0
0.022742
0.000329
0.000325
0
0
0.000322
0.00032
0
0.000325
0
0
0.000325
0.001973
0.000329
0
0.002055
0.000982
0.000321
0
0
0.000322
0.000646
0
0
0
0.001672
0.000327
0.000326
0.000975
0.00032
0
0.000647
0
0
0
0.000324
0
0.001635
0.001669
0.000998
0.001305
0
0
0.000637
0.000318
0.00032
0
0
0.000983
0.000319
0
0
0
0.000319
0.000638
0
0
0
0
0.000328
0
0.000322
0.000986
0
0.00067
0.000657
0
0.000986
0
0.000333
0
0
0
0
0
0.000316
0
0
0.000637
0
0
0.000621
0.000642
0.000317
0.00063
0
0
0
0
0.002639
0
0.000614
0
0
0.000313
0.000308
0
0.000925
0.000609
0.000955
0
0
0.000309
0.000925
0
0.000608
0
0.000303
0
0
0
0.00188
0
0.00191
0.000316
0
0.000318
0.000962
0.000317
0
0
0.000314
0.000315
0
0
0
0
0.00032
0
0.000318
0
0
0
0
0.00123
0.000309
0
0.000895
0
0.000297
0.0003
0.000297
0
0.000303
0
0
0.000612
0
0.000311
0.000311
0
0.00031
0
0
0
0
0
0
0.000308
0.000606
0
0.000303
0.000606
0
0.000603
0
0
0
0
0.000605
0
0
0
0
0.000289
0.000569
0.000576
0.000858
0
0
0
0
0
0
0.000569
0.000285
0.000849
0
0.000566
0.000552
0
0
0.000861
0
0.00086
0
0.000565
0
0
0.000287
0.000558
0.000279
0.000279
0
0.000566
0
0.005554
0.000278
0.000274
0
0.000558
0
0.000828
0.000827
0.000274
0
0.003857
0.000805
0.011038
0
0.000812
0
0.00026
0.001063
0.000261
0.000517
0
0
0
0.000256
0.00204
0.00077
0.000258
0.000786
0.000783
0
0
0.000261
0
0
0.000265
0
0
0.000263
0.000267
0
0
0.000258
0
0
0.000792
0.000523
0
0
0
0.000554
0.000827
0.000274
0
0
0
0.000282
0.000275
0
0
0.00057
0.001133
0
0
0
0.014636
0.000571
0
0.000284
0
0.000277
0
0.000272
0.000274
0.000275
0
0.000275
0.000554
0
0
0
0.000568
0.000287
0
0.000579
0.000589
0
0.000865
0.001156
0.000287
0.000585
0.000284
0
0.001405
0
0.000279
0.000279
0.000279
0.000554
0.000276
0.001121
0
0.000837
0.001421
0.000282
0.000852
0
0.000281
0.000284
0.000277
0
0.000559
0.00084
0
0
0.000847
0
0.000278
0.000885
0
0.000595
0
0.000577
0.000575
0.000281
0.000277
0
0.000279
0
0.000282
0
0.000276
0
0
0.000566
0.000564
0.000272
0.000271
0.000272
0
0.00054
0
0.000533
0.000267
0.000266
0.000267
0.000271
0.000272
0.00054
0
0.000274
0.000538
0.000791
0.000773
0.000259
0.000259
0.000517
0
0.00024
0.000241
0
0.000248
0.000244
0.000242
0.000244
0.001775
0.000259
0.001032
0
0.001025
0
0.000257
0.000781
0.000786
0
0
0.00078
0.000516
0.000258
0.000514
0.000514
0.000259
0.000259
0.000253
0.001042
0.000765
0.000254
0
0
0.000255
0.000258
0.00052
0.000264
0.000784
0
0.000261
0.00052
0.000521
0
0
0.001029
0
0.000258
0
0
0
0.000254
0
0
0.020972
0.000257
0.000779
0.000515
0.000512
0
0.000255
0.000256
0.000768
0.000258
0.000777
0.001296
0.000513
0.001024
0.001316
0.000511
0.000255
0
0
0.000518
0.000528
0.000782
0.000779
0.001298
0
0.000261
0.001048
0
0
0.000253
0.000255
0
0.000522
0.000259
0.000527
0.00026
0
0
0
0.00026
0
0
0.000262
0.000522
0
0
0.000256
0.000768
0.000776
0
0
0.000261
0.001069
0
0.000261
0
0.000781
0.000523
0
0
0
0
0
0.00026
0.000521
0.000268
0.000536
0.000269
0.000524
0
0
0.000257
0.000774
0.00078
0.000258
0
0.000265
0.001108
0
0.000532
0.001887
0.001085
0
0.000575
0
0.011661
0.005121
0.000274
0
0.00026
0
0
0
0
0
0.000263
0
0
0
0
0
0
0.000541
0
0.000837
0
0.000556
0.001108
0
0
0.000552
0
0.000273
0
0.000275
0
0
0.00082
0
0.000833
0
0.000279
0.000834
0.000284
0
0
0
0
0
0
0
0.2
0
0
0.000278
0
0.000274
0.001104
0.000816
0
0.016781
0
0
0.000546
0.000541
0
0.000274
0.000554
0
0
0
0
0.001092
0
0.000534
0
0.000259
0.000522
0.000255
0
0
0
0
0.001047
0.000519
0
0
0.000765
0.000255
0
0.000252
0.000253
0
0.000248
0
0
0
0.000251
0.00025
0
0.000496
0.000247
0
0.000239
0.000721
0
0.000237
0.000235
0.000232
0.000463
0
0.000699
0.0007
0.00023
0.000229
0
0
0.000232
0.000228
0.000231
0
0.000227
0
0.000226
0.000228
0.000455
0
0
0
0
0
0.019608
0
0
0
0
0
0.000232
0
0
0.00112
0.000448
0.000226
0.000907
0.000448
0.000221
0.000219
0.000221
0.000439
0
0.000221
0.000222
0.001135
0.000443
0.00022
0.000438
0.000219
0.000442
0.000219
0
0.000224
0.000224
0.000444
0
0.001391
0.002071
0.000693
0.000228
0.00046
0
0
0.000228
0.000461
0.000464
0
0.000231
0.000696
0.000233
0.014655
0.000235
0
0.040521
0.00024
0
0.000471
0.000477
0.000722
0.000239
0.001185
0
0
0.000473
0.000236
0.000702
0
0.000233
0
0.000236
0
0
0
0.000487
0
0
0.000242
0.000976
0.000243
0.00048
0.000242
0.000727
0
0.000741
0.000489
0.000487
0.000244
0.000242
0
0.000973
0.000489
0
0.000246
0
0.000244
0.000736
0.000989
0.000487
0.000247
0.000244
0.002277
0.000255
0.000248
0
0
0
0
0.000247
0.000757
0.000248
0.000243
0.000247
0.000744
0.000253
0
0.000503
0.000758
0
0.000972
0.000988
0.000247
0
0.000247
0
0.000235
0
0.037308
0
0.000231
0
0.000462
0
0
0.000234
0
0
0.000475
0.000237
0.000476
0.000238
0
0.000716
0
0
0.001203
0.000478
0
0.000743
0
0.00024
0.000241
0.000242
0.000239
0.000241
0
0.000713
0.000241
0
0
0.00046
0
0.000465
0.000241
0.000245
0
0
0.000503
0.000252
0.000255
0.001043
0.000255
0.00025
0
0.000252
0.000254
0.000503
0.000502
0.000508
0.000768
0
0.000503
0.000757
0.028909
0.000754
0.000253
0.000502
0.000515
0
0
0.00025
0
0.000507
0
0.000776
0
0.000252
0.000771
0.000251
0.00025
0
0.000247
0.000745
0.001265
0.000244
0
0.000487
0.00096
0.000482
0
0.000956
0
0.00048
0.000236
0
0
0.000237
0
0.000235
0
0.000226
0.000232
0.000225
0.000224
0.000666
0
0.000898
0.000445
0.000674
0.000902
0.000447
0.000226
0.000455
0.000224
0.000223
0.000447
0.000226
0
0
0.001353
0.001125
0.001127
0.000893
0.000449
0.000882
0.000655
0.000449
0.000658
0.000886
0.000221
0.000224
0
0.00132
0.000458
0.000228
0.00045
0
0
0.000225
0
0.000445
0.000453
0.000671
0.000901
0.001607
0.001324
0.000214
0.002212
0.000872
0
0.000442
0.000215
0
0
0
0.000227
0.000463
0.000475
0
0.000474
0.000239
0.000473
0
0
0.000242
0.000722
0
0.000729
0.000488
0.000741
0.000733
0.000491
0.000241
0
0
0
0.000244
0.000982
0.00049
0.000251
0
0
0.002269
0
0
0
0.00025
0.000249
0.00025
0.000255
0
0
0.000258
0.000507
0.000258
0.007459
0
0.00026
0
0.000258
0.000259
0
0.000538
0.000527
0.000266
0.000262
0
0.00136
0.000274
0.000276
0.000814
0.000548
0.001097
0.001068
0
0.000263
0.000515
0
0.000262
0.000264
0.000525
0
0.000796
0
0.000265
0
0
0
0.000268
0.000529
0.000269
0.000267
0.000267
0.000819
0.000543
0.001097
0
0.000282
0.000285
0
0.000282
0
0.000277
0
0.000835
0.034747
0.000548
0.000269
0.000274
0.000275
0
0
0.000287
0.000582
0
0.000291
0.000284
0
0.000286
0.003883
0
0
0.000572
0.001157
0
0.000283
0.000281
0
0
0
0.000286
0.00028
0
0.000278
0.000276
0
0.00028
0.000281
0.000279
0.000273
0
0
0.000542
0
0.000263
0.000794
0.0008
0
0.000775
0.000264
0.000531
0.000262
0
0
0
0.000282
0
0.00116
0.000578
0.001172
0
0.000287
0.000285
0
0.000291
0.000294
0
0
0.000286
0
0
0
0
0.000551
0.000824
0.000833
0.000843
0
0
0.000546
0.000272
0.000267
0.000269
0.000806
0
0.000807
0
0.000824
0
0.000271
0.00082
0.000539
0
0.000537
0.000543
0.001093
0.000274
0.001097
0
0
0.000532
0.000266
0
0
0
0
0
0.000262
0.000267
0.000527
0.00026
0.000264
0.001311
0.000786
0
0
0.000256
0.000255
0.000254
0.000518
0.000782
0.000513
0.000518
0.000258
0.000523
0
0.000816
0.000273
0.000263
0
0.000801
0
0
0.000261
0.000262
0.000258
0.000521
0
0
0.00104
0.000513
0
0
0
0.001002
0.000251
0.000507
0
0.000249
0.000253
0.001307
0.000265
0
0.000527
0.000802
0.00053
0.000532
0.00027
0.000273
0.000545
0.000266
0.000264
0
0.000272
0
0.000261
0.000801
0
0.000267
0.000794
0
0
0
0.000513
0.000258
0.001038
0
0.000259
0
0.00214
0.000764
0.000775
0
0
0.000254
0
0.000252
0
0.000257
0
0.001576
0
0.000811
0.001088
0.000277
0
0.000266
0.000268
0
0.000269
0
0
0.000516
0
0
0.000263
0.000258
0
0
0.000266
0.001616
0
0
0
0.000253
0
0.001543
0
0
0
0.00053
0
0
0.000518
0.000778
0
0.000252
0.000509
0.000256
0
0.000262
0.000267
0.00026
0.000531
0.000772
0.000762
0.000256
0
0.000256
0.000257
0
0.000258
0.000774
0.00026
0.000257
0
0.000254
0.001026
0
0
0
0.000252
0
0
0.000249
0.000505
0.000254
0.001029
0
0.000503
0
0.000509
0.001021
0
0.000255
0
0.000515
0.000759
0.000512
0
0.000249
0.000487
0.000245
0.000489
0
0
0.000243
0.000741
0
0.000502
0
0.000243
0
0.000244
0.000484
0.00024
0
0.000246
0.000487
0
0.000251
0.000251
0.000252
0
0.000505
0
0.000753
0.000258
0
0.031746
0
0
0
0.000508
0
0.000256
0.000252
0.000515
0.00103
0.047793
0.000507
0
0.000506
0.000244
0.000733
0.000488
0.000481
0
0.000244
0.000972
0
0.00121
0.000493
0.000492
0.000243
0
0.00074
0.000714
0.00024
0
0
0.000941
0.015122
0.000488
0.000241
0.000243
0
0.000241
0.002707
0.000237
0.000236
0.000952
0.000691
0.000463
0.000684
0.000916
0.000459
0.000458
0.000693
0
0.024858
0.000237
0.000704
0
0
0.000234
0.001409
0.000477
0.001446
0
0.000699
0.000233
0
0
0.000239
0.000714
0.000476
0
0
0
0.000236
0.000474
0.000944
0
0.000238
0
0
0.000243
0.000247
0.00073
0.00073
0.000242
0.000731
0.000244
0.000984
0.000742
0.000509
0.000251
0.000746
0.000244
0
0
0.000493
0
0.000243
0.000242
0
0.000244
0
0.00073
0
0.000248
0
0.000246
0.00025
0
0.000754
0.000743
0
0.000242
0.000728
0.000485
0.000727
0.000238
0.00072
0.000474
0.000484
0.000994
0.001002
0.000494
0.000747
0.000497
0.00025
0.000249
0.00025
0.000248
0.00075
0.000753
0.000249
0.000252
0
0.000496
0.000256
0.000256
0.000789
0.000257
0
0
0.00025
0
0
0.000508
0.000511
0
0.000516
0.000778
0.000256
0.000774
0
0
0
0.000517
0.00026
0
0
0
0
0.00025
0.000251
0.000511
0
0.000502
0.001006
0.000252
0.000505
0.000752
0.000249
0
0.000482
0
0
0
0
0.000491
0.000246
0.00025
0
0
0.000243
0
0.000252
0.00025
0.000252
0.000504
0
0.000248
0.000251
0.000508
0.000255
0.000786
0
0.001548
0.000528
0.000264
0
0.000536
0
0.000277
0.000276
0.000275
0.000554
0.000822
0.000271
0.000272
0
0.000257
0.001029
0.000509
0.000513
0
0.000265
0
0
0.000785
0
0.00025
0.001001
0.000254
0
0.001285
0.000772
0.001042
0.000511
0.001029
0
0
0
0.000515
0.000515
0
0.00025
0.000249
0
0.000508
0.000251
0.000254
0.000251
0
0.00076
0
0
0
0.000257
0
0.00077
0.000511
0.000251
0
0.000254
0.00129
0.000503
0
0.000778
0.00051
0.000252
0.000744
0.000747
0.000251
0
0
0.00026
0
0.000505
0
0
0.000257
0.000255
0.000255
0
0
0.000512
0.000256
0
0.000257
0.001527
0.000741
0.002548
0
0.000505
0
0.00025
0
0
0.000501
0
0.000744
0
0
0.0005
0
0
0.000516
0.000526
0
0.00025
0.001015
0.001023
0.000492
0.000243
0.000489
0.000245
0.000491
0.000244
0.000246
0.00049
0.000742
0
0.000751
0
0
0.000489
0.000245
0.000502
0.000253
0
0.000254
0.001038
0.001045
0.000529
0.000529
0.00026
0.000527
0.000532
0.00054
0
0
0.00027
0.00027
0
0.00054
0.000269
0
0.00107
0
0.000272
0.000269
0.000277
0
0.000272
0.001364
0
0
0
0.000263
0.000262
0.000255
0
0.00025
0
0.000504
0.000503
0.000255
0.001292
0.000256
0.000512
0.000528
0
0.000262
0.000518
0.000525
0.000258
0.000531
0.00106
0.000262
0
0.000266
0.000269
0.000802
0.000269
0
0
0.000275
0
0.000271
0
0.000541
0.00027
0
0.000555
0
0
0.000282
0.000547
0.000546
0.000273
0.000544
0.000274
0.000542
0
0.000831
0
0.001677
0.000272
0.000282
0.00028
0.000284
0.000529
0
0
0
0.00026
0.000262
0.000522
0.001331
0.000528
0
0
0.000265
0.000264
0
0.000265
0
0.000804
0
0
0.000266
0
0.000267
0.000266
0
0.000261
0.000528
0
0.000271
0.000273
0.00028
0.000272
0
0.000549
0.000275
0
0
0.000271
0
0.000276
0.000273
0.000559
0.000282
0.000285
0
0
0.000284
0.000283
0
0
0
0
0
0.000586
0.000292
0
0.000293
0.000296
0
0.000583
0
0
0.000295
0.000299
0.000293
0.000294
0.000293
0.000293
0.000293
0
0.000895
0
0
0.000606
0
0.000305
0.000299
0.000293
0.001158
0.000292
0.000289
0.000289
0
0.012251
0.000279
0.000844
0.000281
0
0.000564
0
0
0.000563
0.000826
0.001109
0.000274
0.000555
0.000557
0
0
0
0.002239
0
0.000279
0
0.000838
0.000278
0
0.000276
0
0
0.000291
0.000294
0.000293
0.000292
0
0.000585
0
0
0
0
0
0.000589
0
0.00058
0.000883
0
0
0.000284
0.000823
0
0
0.00052
0
0
0.000256
0.000255
0.000509
0.00052
0.000253
0.000257
0.000254
0.000761
0.000247
0.00025
0.00048
0.000727
0
0
0.000238
0
0.000493
0.000497
0.003799
0.000499
0
0.000501
0.000249
0
0.000249
0.000508
0.000505
0.00025
0
0.000496
0.000502
0.000506
0.000764
0
0
0
0.000257
0
0.000247
0.000765
0.000496
0.000505
0.000501
0
0.000737
0.001497
0.000491
0.000998
0.000248
0.000248
0
0.000252
0
0.000248
0.00025
0.000251
0.000248
0
0.000251
0
0
0
0
0
0.000246
0.000245
0.000485
0
0
0.000986
0.000741
0.000243
0
0.000729
0
0.000743
0.000493
0.000997
0.000246
0.000492
0.000247
0.000247
0.000495
0.00025
0.000505
0.000246
0.001253
0.001007
0.001261
0.000246
0
0
0.000746
0.032068
0.000508
0.000252
0.001517
0.000248
0.000246
0.00025
0.000499
0.00051
0.000254
0.001035
0
0
0
0.000498
0
0.000253
0.000744
0.0005
0.000247
0.00075
0.00051
0.000256
0.000772
0.000519
0.000501
0.000504
0.000517
0.000773
0.000254
0.000514
0.010728
0.000257
0
0.000256
0.000253
0.000504
0
0.000512
0.000506
0
0.000249
0.000249
0.000247
0.000241
0.00024
0.000479
0
0.000243
0.000245
0
0.000484
0.000502
0.000252
0.000533
0.000269
0
0.000531
0.000265
0.000259
0.000263
0
0.001365
0.000267
0
0
0.000273
0.000267
0
0.000277
0.000277
0.00084
0
0.000282
0.000282
0
0.000849
0.000275
0.000808
0.000269
0
0
0.00055
0.000561
0.001683
0.000266
0
0
0
0
0
0.000277
0.004928
0.000818
0.000531
0.000265
0.000266
0.000264
0.000529
0.000271
0.000534
0
0.000537
0.00082
0.000792
0.001068
0.000271
0.002224
0.001056
0.002435
0.000257
0.00078
0.00291
0.000793
0.000519
0.001537
0.000507
0.000763
0.000257
0.000765
0
0
0
0.001027
0.000517
0.000254
0
0.000506
0.000757
0.000509
0.001033
0.001064
0.000529
0.00026
0.00026
0.011426
0
0
0
0.001267
0.000251
0.000251
0.0005
0.000501
0.00025
0.001013
0
0
0
0
0.000256
0.000257
0.000759
0.000255
0.000255
0
0
0
0.000769
0
0
0
0.000778
0.000522
0.000523
0.001041
0
0.000251
0.000254
0.000507
0.000517
0.001569
0
0.001045
0
0.000537
0.000269
0.000539
0
0
0.000272
0.001931
0.000273
0.00027
0.00027
0
0.00273
0.000542
0.000804
0.000273
0.003012
0.000538
0
0.000276
0
0
0
0
0
0
0
0.001142
0.000284
0
0.000574
0.000571
0
0
0.00028
0.000294
0.000289
0.00029
0.000875
0.001448
0.000296
0.000877
0
0.000295
0
0
0
0
0.000304
0.000303
0
0.000316
0.000623
0
0
0
0.00031
0
0.000304
0.000612
0.000607
0.000306
0
0.000611
0.000309
0.000309
0.000317
0.000312
0
0
0.000315
0
0.000628
0.000313
0
0
0
0
0.001321
0
0.000324
0.00065
0
0.00032
0.000323
0.000322
0.000326
0.000983
0.000652
0.000649
0.000646
0
0
0
0
0.000654
0
0
0
0.001645
0.00033
0
0
0.000673
0.000988
0
0
0.00033
0.000335
0
0
0
0
0.00034
0
0.000672
0.000336
0.000658
0.000326
0.000327
0.00033
0
0
0.000644
0
0
0
0.000323
0.000322
0.000656
0.000328
0
0
0
0.000328
0.001318
0
0.000332
0
0
0
0
0.000674
0.000343
0
0
0
0
0
0
0
0
0.000331
0
0.000335
0.000331
0
0
0.00237
0.001364
0.000337
0
0.000329
0
0
0
0
0.000342
0
0.000339
0
0
0.000344
0.001034
0.000675
0.000671
0.000341
0.000342
0
0
0
0.000996
0.000325
0.000322
0
0
0
0
0
0.000321
0
0.000634
0
0.000312
0.001567
0
0
0
0.000587
0
0.000287
0.000289
0.001192
0
0
0
0
0.0003
0.000302
0.002616
0
0.000266
0
0.000809
0.000258
0
0
0
0.000263
0.000782
0.001575
0.000776
0.000511
0
0.000259
0.000257
0
0.000256
0.000259
0.000777
0.000519
0
0
0
0.000518
0.000514
0.000776
0
0
0
0
0.000528
0
0.000531
0.000261
0.000516
0.000256
0.000516
0
0
0.000262
0.00105
0
0
0.000261
0.000262
0
0.00185
0
0
0.000527
0.000525
0
0.00026
0.000263
0
0.000266
0
0
0.000272
0.000544
0.000269
0.00027
0
0.001627
0.000541
0.000555
0
0
0.000271
0.000269
0.000272
0
0.000277
0
0
0.001125
0.00055
0.000552
0.000567
0.00145
0.00114
0.000283
0.000279
0
0
0.000276
0.000276
0
0
0
0.001725
0.000562
0
0.020857
0.000281
0.00086
0.000854
0.000286
0
0.000291
0.000299
0.001188
0
0
0
0.000305
0
0.026001
0
0
0
0
0.001241
0
0
0.029967
0
0
0.000329
0
0
0.000792
0
0
0
0.030616
0.000399
0.000397
0
0
0.000314
0.000316
0.000309
0
0
0
0.00061
0
0
0
0.000292
0.000282
0.000284
0
0
0.000285
0.081887
0.000319
0.000322
0.012564
0
0
0
0
0.025415
0.000683
0
0.025533
0.000345
0
0.001068
0.013879
0
0
0.000353
0
0
0
0
0.000336
0.000332
0.000331
0.002384
0.000331
0
0
0
0.000315
0.022419
0.000322
0.000314
0.075743
0.000311
0.000315
0.000633
0.000632
0.000623
0.000913
0
0
0
0.00031
0.000312
0.001269
0
0
0.000623
0.000312
0
0.022942
0.000307
0.000307
0
0
0.000293
0.003225
0.000889
0
0.000591
0
0
0.022117
0
0
0.022539
0.022033
0.000871
0.000847
0.000284
0.000287
0
0
0
0
0.000894
0.000295
0.000295
0.000292
0.000585
0.000286
0
0.000284
0
0.00085
0.000556
0.000848
0.000285
0
0
0.000282
0.000285
0.039072
0
0
0.016194
0
0.000866
0.00029
0
0
0.003417
0.00086
0.000285
0.000284
0.000569
0
0.01694
0.000284
0.000286
0.004842
0.000278
0
0.049497
0.001441
0.000282
0.017474
0
0.000559
0.00083
0
0.000281
0.017068
0.00028
0
0.000554
0
0.000279
0.000834
0.001136
0.00056
0.000856
0.001157
0.001133
0
0.000282
0.000279
0
0
0.00028
0
0
0.000918
0.000308
0
0
0.000969
0.00062
0.000312
0.000309
0
0.000629
0.001607
0.000979
0
0.000328
0.001681
0.002849
0.0003
0.000295
0.000301
0.015417
0.00088
0.000934
0.00087
0
0.000598
0.017231
0.000604
0.000286
0.001419
0
0
0.000889
0.001451
0.000576
0.013602
0
0
0
0.00029
0
0.00029
0
0.000298
0
0.000897
0.000297
0.000599
0.000305
0.000591
0.014438
0.000288
0
0.000294
0.000577
0.000283
0.000572
0.000282
0
0
0.00174
0.000891
0.0009
0
0
0.014085
0.000593
0.000592
0
0.000303
0.000592
0.016304
0.000304
0.000306
0
0
0.000955
0
0
0
0.018097
0.001346
0
0.000621
0
0.000314
0
0.000319
0.001025
0.018775
0.000328
0
0.046787
0.000666
0
0.000331
0
0.000305
0.000632
0.001945
0
0.0009
0
0
0.001343
0.000628
0.000623
0.000309
0
0
0.00092
0
0.00031
0.016758
0
0.000898
0.000311
0.000314
0
0
0.000309
0.000934
0.000949
0.000328
0.000971
0
0
0.000312
0.000308
0.000316
0.001282
0.000614
0
0.000301
0
0.031318
0
0.000909
0
0.000585
0.011246
0.001528
0.000294
0.001193
0.016553
0
0.000299
0.000298
0.000296
0.0006
0
0
0
0.000575
0.000287
0
0
0.00029
0.002834
0.00029
0.000293
0.001481
0.000286
0
0.000866
0.000583
0
0.001214
0
0
0.023183
0.000292
0
0.000902
0.000299
0.000587
0
0.000302
0.000293
0.001199
0
0
0.000882
0
0.000302
0.00061
0
0
0.00343
0
0.000307
0.000939
0
0
0.001261
0
0.000946
0.000639
0.000319
0
0.021339
0
0.000313
0.000627
0.000959
0.000323
0.000643
0.000313
0
0.000957
0.000311
0
0.000307
0
0.000305
0.000309
0.000311
0.000309
0.00153
0.000311
0.000306
0.0224
0
0.00031
0.000312
0
0
0.001596
0.000635
0.000301
0
0
0.000586
0
0
0.000594
0
0
0.000287
0
0.000286
0.000576
0.00057
0.000286
0
0
0
0.000282
0.000832
0.00028
0.000275
0.021538
0.000273
0.000272
0.00027
0.000543
0.000272
0.000542
0.000273
0.000276
0.0011
0
0.001116
0.001123
0
0.000538
0
0
0
0
0.000817
0.000276
0.001085
0
0.000812
0.000272
0.000822
0.00027
0.000809
0.000275
0.000274
0.000843
0.000276
0
0
0
0.000843
0
0.000283
0.000282
0.023139
0.000276
0
0
0.00028
0.000864
0.001708
0
0.000882
0.038728
0.000294
0.000292
0.001431
0.000564
0
0
0.000851
0
0.00141
0
0
0
0
0.000271
0.000275
0
0.000545
0.000268
0
0
0.000261
0
0.000516
0.000257
0.000778
0.000259
0
0.01558
0.001066
0.037861
0
0.000267
0.022466
0
0
0.001255
0.000749
0.000746
0.019775
0
0.000491
0.00074
0.002789
0.00073
0.000726
0.000243
0
0.001209
0.00024
0
0.000246
0
0.00049
0
0
0.001004
0
0.007107
0.000513
0.011518
0
0.000504
0
0.00025
0.000252
0
0.000496
0.000249
0.00125
0.000251
0.00025
0.00327
0.000244
0
0.000504
0.000247
0
0
0.000487
0.000481
0.00049
0.000242
0.000736
0
0.000249
0
0.000527
0.000259
0
0.001038
0
0
0.01354
0.000727
0.000244
0.000239
0.000492
0
0
0
0.000505
0.017921
0.002055
0.000503
0.00075
0.000251
0.0005
0.000252
0
0
0
0
0.000256
0.000767
0.000256
0
0.001009
0
0.000759
0.001004
0.000252
0
0.00025
0.00076
0.000252
0
0
0.000257
0
0
0.0005
0.000504
0.001258
0.000749
0.00025
0.002026
0.000249
0.000499
0
0.000494
0.015437
0
0
0.000501
0
0.000732
0.000486
0.000738
0
0.000243
0.00148
0.000244
0.001223
0.000247
0.000248
0.001473
0
0.000241
0.000954
0.000244
0
0
0
0
0.000243
0.000979
0.000485
0
0.000247
0
0
0
0.000776
0
0.000516
0.000256
0.00026
0
0.000261
0
0.000262
0.000533
0.00187
0.000266
0.000267
0.000549
0.000831
0.000277
0.00112
0
0.000276
0.000832
0.000551
0
0.000274
0.000824
0.000275
0
0.000836
0.000547
0.001103
0
0
0.000284
0.000847
0
0.002539
0.000276
0.000282
0.000847
0.000285
0.000842
0.001111
0.000276
0
0.000825
0.000841
0
0.000271
0.00027
0
0
0.000828
0
0.00055
0.000541
0
0.001076
0.000542
0.000267
0.000268
0
0.000282
0.003978
0.000283
0
0
0
0.000287
0.002332
0.00056
0.000273
0.000545
0.000829
0.000274
0.013748
0
0.000544
0.015502
0
0.000278
0.005349
0.000561
0.000276
0.000552
0
0
0.000277
0
0.000278
0.000277
0.000829
0
0
0
0.000286
0.001694
0.000285
0
0.001792
0.000892
0
0.000836
0.000554
0.00028
0.001674
0.000276
0.000545
0.000281
0
0.000277
0
0.000281
0.000279
0.000278
0.000551
0.000834
0.000832
0.000821
0
0.00054
0
0
0.000808
0.000274
0.000549
0.001114
0.00028
0.000274
0.000551
0.000563
0
0.001096
0
0.000561
0.002006
0.000282
0.000278
0.001144
0
0.000286
0.000282
0.000569
0
0.000284
0.000568
0
0
0
0.000283
0
0
0
0.02714
0.00056
0.000279
0.000842
0
0
0
0.001121
0
0.001108
0
0
0.032497
0
0.000568
0
0
0.000541
0.000272
0
0.000271
0.000554
0.000279
0.000276
0.000825
0
0.000279
0
0
0.000552
0.003941
0
0.002255
0.001395
0.000275
0
0
0.000819
0.000278
0.000576
0
0
0.016124
0
0.000285
0
0
0
0.000576
0.000288
0.000289
0.000574
0.000292
0
0.000293
0.000293
0.000602
0
0.000287
0.000572
0.000855
0
0
0.000279
0.000283
0
0.019449
0
0
0.001156
0.001159
0
0.000568
0.000576
0.000285
0.000572
0.000855
0.001139
0.000276
0.001125
0.00495
0.038672
0
0.000273
0.000282
0.000556
0
0.001382
0.000545
0.000536
0.017895
0
0
0.000267
0
0.000262
0
0
0.000555
0.020199
0.001098
0.000533
0.010817
0.016582
0.000272
0.000271
0
0.00054
0
0
0.000273
0.000274
0
0.000549
0
0.000272
0.000565
0.001716
0.001696
0.000561
0.000276
0.000551
0.000272
0.000273
0
0.000552
0.001949
0
0
0.000546
0.000277
0.001344
0.000512
0.000525
0.000525
0.000267
0.000527
0
0
0.00106
0.000265
0
0.000268
0
0.000529
0.000542
0.000536
0.001879
0.001086
0
0.001087
0.000547
0
0.000813
0
0.000521
0
0.000271
0
0
0.000546
0
0
0.000279
0.002024
0
0.000287
0.000287
0.027634
0.001159
0
0.000269
0
0.000264
0.000264
0.000266
0
0
0
0.000533
0.000818
0.000267
0.000261
0
0
0.003155
0.000523
0
0.000519
0.000259
0
0
0.001588
0.001302
0.001283
0.000782
0
0.000261
0
0
0.000244
0.000746
0
0.000243
0.000243
0
0.000246
0
0.000505
0
0.000254
0.000258
0.000252
0
0
0.000252
0.000507
0.000486
0.000738
0
0.000242
0.000507
0
0
0
0
0
0
0.000254
0.017762
0.000509
0.001035
0.000257
0.000766
0.000253
0.000501
0.000506
0.000257
0
0.000255
0.000251
0.000507
0.000253
0.002256
0
0.00176
0.00262
0.000777
0
0
0.000256
0
0.000255
0.000508
0.000258
0.000259
0.000795
0
0.000264
0.000796
0
0
0.000518
0
0
0
0.000259
0
0.000263
0.000263
0.000266
0.000261
0
0.000255
0
0.000252
0.001267
0.00025
0.000247
0.000247
0.001554
0.000256
0.000515
0.00026
0.000256
0.000258
0.000515
0.000777
0.00155
0.001338
0.001317
0.004659
0.000792
0
0.000788
0
0
0.000267
0.000806
0.00027
0
0
0
0.013799
0.000281
0.000553
0.000542
0.000268
0.000552
0
0.000272
0.000276
0.000541
0.000272
0.000271
0.001107
0
0
0.000572
0.001407
0
0.000277
0.00027
0
0
0
0.000262
0.000533
0.000261
0.000256
0.000257
0
0.000262
0.001298
0
0
0.00027
0.000264
0
0.000258
0.000261
0.000259
0.000262
0.000522
0
0
0.000259
0
0
0.000269
0.000269
0.000537
0
0
0
0.000274
0
0.000269
0
0
0.000542
0.000272
0.000277
0.000281
0.000277
0
0
0.000285
0
0.000849
0.000566
0.000569
0.000872
0.000566
0.000563
0.002466
0
0.000292
0.00029
0
0
0.001858
0.00059
0
0.00029
0.000284
0.000287
0
0.000285
0.000289
0
0
0.000586
0.000292
0.00089
0.000618
0.000623
0.0003
0.000302
0
0
0
0.000886
0.000293
0.000294
0.000906
0
0
0
0.000923
0
0
0.000308
0.033806
0
0
0.008095
0.000292
0.000579
0.000576
0.000292
0
0.000296
0.000296
0
0.001598
0.00031
0
0.000608
0.000618
0
0.00098
0.000322
0
0.000625
0.000316
0
0
0.000969
0
0
0
0
0
0.000317
0.000318
0.000314
0
0
0.00031
0.000313
0
0.000624
0.000311
0.001261
0.002797
0.000312
0.000949
0.000299
0.000298
0
0.02343
0.000301
0.000297
0.000295
0.000577
0
0.022565
0.000595
0.000592
0
0.000281
0
0.012739
0
0
0
0.0006
0.000304
0.002271
0.002323
0
0.001963
0.000328
0
0.003678
0
0
0.000303
0.000612
0.000613
0
0
0
0
0.000311
0
0
0.000299
0
0
0.000583
0.000588
0
0.001777
0
0
0.000996
0
0.001952
0
0
0.003612
0
0.000301
0
0.000304
0.000906
0
0.000584
0
0.001815
0.000297
0
0.000884
0
0
0.013703
0
0
0
0
0.00085
0.000276
0.000276
0.000272
0
0.000278
0.001437
0.001151
0
0.000273
0.02473
0.001416
0
0
0.000564
0
0.000281
0
0.000562
0.00028
0
0.000567
0.00028
0
0.000842
0.000562
0
0.00028
0.001424
0.000276
0
0.002836
0.000559
0.000276
0
0.000833
0.000278
0.001132
0.001445
0.000283
0.031054
0.000284
0.000282
0.000286
0
0.00029
0.000864
0
0
0.001184
0.000294
0
0.001167
0.000291
0.000288
0
0.000584
0.000288
0.000859
0.000861
0
0
0
0.00059
0
0.00059
0
0.000888
0.000893
0
0.000595
0.0009
0.000298
0.000598
0.000902
0.000294
0
0.000306
0.000313
0.001231
0
0
0.011879
0.000611
0.000307
0.000921
0.000303
0
0.001544
0
0.000313
0
0.000626
0.000305
0.003947
0.000308
0
0
0
0.000298
0
0.00029
0
0.001476
0
0.000586
0.017096
0
0.001156
0
0.000862
0.00059
0.00265
0
0.002067
0.001461
0.000891
0.000295
0
0
0.000301
0.00092
0.005435
0.000621
0.000305
0
0
0.001218
0.000608
0
0.0003
0.000584
0.000594
0
0.001748
0
0.000579
0
0.000572
0
0
0.000551
0
0.000554
0.000547
0
0.000271
0.000573
0.013074
0
0.000281
0
0.000296
0
0
0.000595
0
0.000298
0.001221
0.001217
0.001741
0
0
0.000275
0.000281
0
0.019247
0
0
0
0
0
0
0.001933
0.000952
0.000311
0.001561
0.000312
0.000938
0.000308
0.000308
0.000936
0.00027
0.000552
0.000267
0.000813
0
0.001331
0
0.000263
0.000262
0.000258
0.000519
0.002803
0.000511
0.000251
0
0.000251
0
0.019787
0.000489
0
0.000246
0.000251
0
0
0
0.00025
0.000757
0.000249
0.00025
0
0.000489
0
0.000481
0
0.000723
0.000245
0
0.00048
0.000955
0.000241
0.001957
0.00095
0.000715
0
0.012137
0.000478
0
0
0.000485
0.000246
0.004797
0.000764
0.00128
0.026111
0
0.000249
0
0.000242
0
0.014454
0
0
0
0.000246
0.000485
0
0.000517
0.000255
0.016649
0.001308
0.001298
0.000518
0.000257
0.00026
0.000258
0.00026
0
0
0.001346
0.000798
0.000262
0
0
0.000538
0.000527
0
0.018216
0.000529
0.000267
0.000783
0
0
0.016855
0.016608
0
0
0
0
0
0.000284
0.000852
0.018244
0.000268
0.000781
0
0
0
0.000265
0.000534
0.000266
0
0
0
0
0.000542
0.000261
0.000264
0.00026
0.000532
0
0.000527
0.001285
0.000257
0.000252
0
0
0.000785
0.000764
0.000257
0
0.00026
0.001315
0
0.000791
0.000276
0
0.00026
0
0.000519
0.003327
0.011574
0.000265
0.000258
0.000785
0.00026
0
0.001052
0.000533
0
0.000531
0
0.000547
0.011296
0.000272
0.001034
0.00026
0.001338
0
0.002623
0
0.000243
0.000996
0.000243
0.0005
0.014406
0.001014
0.000253
0.000246
0
0
0.014944
0.000248
0
0
0
0.000494
0.000245
0.000243
0.000245
0.016349
0.000736
0.000245
0
0
0.000243
0.000497
0
0.000243
0
0
0.001954
0
0.000249
0
0
0.000249
0.000249
0.016683
0
0
0.000247
0.000249
0.000249
0
0.000248
0.000496
0
0.000764
0.000254
0.002878
0
0
0.00101
0
0.00051
0.015945
0.000249
0
0.000248
0.000499
0
0
0
0.000992
0.000246
0
0
0.000245
0
0
0
0.00024
0.000241
0.000476
0
0.000748
0.000742
0
0
0.00024
0
0.000487
0.000489
0.01656
0
0.015495
0.000477
0.00073
0.012145
0
0.000242
0.000725
0.000244
0
0.000499
0.000254
0.002539
0.001781
0.000252
0.000257
0.001303
0.000254
0.000497
0.002545
0.000247
0.000251
0.000504
0
0
0.000498
0.000511
0.000265
0.000808
0.000265
0
0.000792
0.000788
0
0.000257
0
0.000255
0
0.000518
0.000515
0
0.00026
0
0.001078
0.000267
0.000266
0.000536
0.000523
0.000261
0.001061
0.000265
0.001358
0.000791
0.000262
0.000528
0.000798
0.0008
0.000264
0.000804
0.000275
0.000548
0.000275
0
0
0.000591
0.000868
0.000283
0.000859
0
0.000283
0.000283
0.000273
0
0
0.000557
0.001121
0
0.00056
0.000286
0.000568
0.00086
0.001415
0.000286
0.002094
0
0.000294
0
0
0.001173
0.000296
0.000291
0.000882
0
0.001178
0.000587
0.000297
0
0
0.000289
0.000291
0.000289
0.019521
0
0
0
0
0
0.000835
0.000282
0.000828
0.001119
0
0.001115
0.00084
0.000835
0.000276
0
0.000274
0.000275
0.000277
0
0
0
0.000272
0.000557
0.000569
0.000282
0
0
0.000284
0.000569
0
0.000552
0
0
0
0.019921
0
0.000546
0
0.000835
0.0011
0.001921
0.000275
0
0
0.000523
0.000261
0.000512
0.000515
0
0.000525
0
0
0
0
0
0.000268
0.000813
0.000263
0.000518
0
0.000505
0.000251
0
0.000248
0.000501
0
0
0.000515
0.000502
0
0.02147
0.000761
0
0.000246
0.000246
0
0
0.000498
0.000498
0.000252
0.000254
0.00025
0.00025
0.001044
0.001005
0.000761
0.001031
0.001259
0.000747
0
0.00049
0.000248
0.000246
0.000489
0.000991
0.0005
0.000506
0.000512
0.000745
0
0.00199
0.002076
0.001013
0.00098
0.000494
0
0.000246
0.000248
0
0.000485
0.00048
0
0.000487
0.000974
0
0.030288
0.000986
0.000241
0.000983
0.000749
0.000505
0.000253
0.000249
0.000502
0
0.000501
0.000246
0.000244
0.00049
0.000749
0.000755
0.000247
0.000248
0.000743
0
0
0.000494
0
0.000251
0
0.000247
0.000247
0.000245
0
0
0.000239
0
0.000242
0.000728
0
0.000489
0.010128
0.000985
0
0.000489
0.000484
0.000501
0
0
0.000245
0
0.000485
0.000502
0.000244
0.000984
0.000511
0.000245
0.016434
0
0.00024
0.015969
0.000728
0.000243
0.000712
0.00024
0.000238
0.000235
0
0.010156
0
0.000471
0
0.000461
0.000458
0.00023
0.000239
0.000712
0.000242
0
0
0
0.000247
0.00049
0.000245
0.000247
0.000248
0.015734
0.000502
0
0
0.000252
0.000252
0.000251
0
0.000261
0.015251
0
0
0.001092
0.000261
0.000265
0
0
0.000267
0
0
0.000553
0.012729
0
0.000276
0.009953
0.000288
0
0.001181
0.000286
0.000574
0.01245
0
0
0.014459
0.000288
0.000571
0.000858
0.000278
0
0.000554
0.000283
0.000561
0.01318
0.00028
0.000549
0.001085
0
0
0
0
0
0
0
0.0008
0.001077
0.000264
0.000271
0.000266
0.000267
0.000533
0.012844
0.00026
0.000528
0.001343
0.000526
0.001061
0.001322
0.000265
0
0
0.000515
0.000786
0.000792
0.000526
0.000522
0
0.000261
0.000522
0.00026
0.000513
0.013535
0.000773
0.000255
0.000257
0
0.001036
0
0.000257
0
0
0
0.016962
0.000514
0
0
0.015452
0.000772
0.000255
0.000256
0.001861
0.001072
0.000256
0
0.000261
0
0.000767
0.000261
0
0.001644
0
0.000271
0.000535
0.000266
0.00026
0.000517
0.00026
0.000251
0.000505
0.000249
0.001503
0.00025
0.000254
0
0.015865
0
0.000758
0.000254
0.00052
0
0.000258
0.000533
0.000511
0.000775
0.00652
0
0.000256
0.000536
0.000261
0.014732
0
0.000526
0.000269
0
0
0
0
0
0
0.000267
0.000536
0.000274
0.001374
0.000263
0.000543
0.000258
0.00105
0.000258
0
0.000268
0.000269
0.012158
0.000555
0.000821
0.000274
0.0008
0
0.000814
0.000529
0.000266
0
0.000542
0.000804
0
0.000267
0
0.000822
0.000543
0.000808
0.00026
0.001025
0.000257
0.000772
0.000518
0
0.00103
0.001059
0
0.000768
0.000261
0.000516
0
0.00026
0.000524
0.000265
0
0
0
0.000276
0.000551
0
0.000536
0
0.001123
0
0
0
0
0.000273
0.000828
0.000817
0.000536
0.000547
0.00195
0.000822
0.000272
0.000547
0.000543
0.000273
0
0
0.000545
0.000269
0.002196
0
0.000542
0
0.004292
0.000268
0.000533
0
0
0.000273
0
0.000266
0
0.000533
0
0
0
0.000556
0
0
0
0.000566
0
0
0.000561
0.000275
0
0
0.000279
0.00028
0.000561
0.000562
0
0.002
0.000272
0.000799
0.001082
0.000274
0
0.000269
0.000262
0
0.00027
0.000271
0.000282
0.000851
0.000281
0.000282
0.000863
0
0
0.000572
0
0.000571
0.001143
0
0
0.000565
0.000571
0
0
0.000572
0.000578
0.000875
0.000291
0.00029
0.001214
0.00059
0.000289
0.00058
0.000293
0
0.000295
0
0
0
0
0.000295
0.000298
0
0.000297
0.000297
0.000299
0.000301
0.000303
0
0
0.0006
0.000301
0
0
0
0
0
0
0
0
0
0.000283
0
0
0.000279
0
0
0
0.000288
0
0.00029
0.000293
0
0
0
0.000574
0.00029
0
0
0.000291
0
0
0.000282
0.000281
0.000565
0
0.000272
0.00027
0.001064
0
0
0.000273
0.000275
0
0.001364
0
0.000278
0
0.00028
0
0.000279
0
0.000269
0.000275
0.000546
0.000551
0.000542
0.000271
0.000263
0.000265
0.000274
0
0.000275
0.000275
0
0.000809
0
0.00054
0.000546
0.000268
0.000276
0.014651
0.000543
0
0.001075
0.000538
0.000534
0
0.000257
0.000767
0.00052
0.000517
0
0.001037
0.000783
0
0.000266
0.000536
0.001339
0
0.000267
0.001083
0.000812
0.000265
0
0
0.000803
0.000272
0.000541
0.012577
0.000265
0.000534
0.001139
0
0.000281
0.000569
0.000828
0
0
0
0.000262
0.000522
0.00026
0
0
0.000533
0.000267
0.000267
0
0.000534
0.000541
0.000268
0.000267
0
0.000266
0.000267
0.000536
0
0.000265
0.000265
0.000535
0.000531
0
0
0.000515
0.000258
0.000259
0.0008
0.000259
0.000256
0.000251
0
0.000758
0
0
0.001292
0.004607
0
0.000511
0
0.000254
0.002094
0
0.000248
0.000752
0.00025
0.000259
0.000257
0
0.000527
0
0.000266
0
0
0.000253
0
0.000767
0
0.000518
0
0.001016
0.000253
0.000515
0.000515
0.000761
0.000755
0
0.000751
0.026888
0
0
0
0
0.000247
0.000488
0.000244
0.000248
0
0.000735
0
0.000493
0.000729
0.000725
0.000246
0.000246
0.000249
0.00025
0.000238
0.000235
0.000472
0.000978
0.000245
0
0.00047
0
0
0
0.000237
0.000243
0.000238
0.000241
0.000241
0.000238
0
0
0.000972
0
0.000491
0.000479
0.000239
0.000241
0
0.001204
0.01511
0
0.000243
0.000245
0
0.00025
0.000497
0
0.000492
0.000249
0.00025
0.000496
0.000496
0.000247
0.000247
0
0.000497
0.000244
0.000491
0.000483
0.000244
0.00073
0
0
0
0.00024
0.000478
0.000246
0
0.000483
0.000979
0.000248
0.000248
0
0
0.000242
0
0.000247
0
0.000493
0.000249
0
0.000498
0.000737
0.000966
0.000997
0
0.000242
0.002479
0.000486
0.000241
0.00072
0.000473
0.00264
0.000473
0
0.000238
0
0.000234
0.000472
0.000712
0.000473
0
0
0.000719
0.000478
0.000241
0
0.00024
0
0.000237
0.000478
0.000476
0.00024
0.000721
0.000239
0.000479
0.002627
0.000236
0.000241
0.000241
0.00048
0
0.000461
0.000232
0.003944
0.000466
0.000233
0.000233
0
0.000235
0.000476
0.000948
0.000239
0.000238
0.000485
0.000477
0.000233
0.000949
0
0.000713
0.012192
0.000238
0.000475
0.000473
0.000246
0.000252
0.00127
0.000747
0.000496
0.000494
0.000248
0.000245
0
0
0
0.00049
0
0
0.000498
0.000238
0.000471
0.000474
0.000239
0.000493
0.000488
0
0.000251
0.01675
0.000521
0.000522
0.000252
0
0
0.000805
0.00081
0
0.030451
0.000536
0.000267
0.001359
0.002213
0.000261
0.00051
0
0.000509
0.000257
0.001309
0.000769
0.000256
0.000254
0
0
0.000514
0
0.000255
0.000507
0
0.000257
0.000246
0.00049
0
0.000486
0.000242
0.000488
0
0
0.001758
0.000999
0.00049
0
0.000502
0.000247
0.000497
0
0.00051
0
0
0.000254
0.00051
0.00075
0
0.000249
0
0.000506
0.001528
0
0.000507
0
0.000256
0.000253
0.001279
0.000502
0
0.000513
0.000252
0.000251
0
0
0.000251
0.000742
0.000508
0.000504
0.000743
0
0.000495
0.000503
0.000254
0.000248
0.000253
0.001519
0
0.001538
0.000252
0.000251
0.000755
0
0.000253
0.000506
0
0.000257
0.000755
0.000514
0
0.000529
0.000529
0.000525
0
0.00026
0.000258
0
0
0
0.019316
0.000257
0.000253
0.000505
0
0.000252
0
0.00075
0.000249
0
0
0
0
0
0.000492
0.049505
0.00051
0.000506
0.014297
0
0.001012
0.000249
0.000737
0
0
0.000245
0.000246
0.000492
0.000743
0.0005
0.01392
0
0.000248
0.0005
0
0.000248
0.015041
0.000774
0.000521
0.000252
0
0.000755
0.009381
0.000771
0.000511
0.00051
0.000761
0.000507
0
0
0.000789
0.000522
0.000262
0.000265
0
0.000789
0
0.000261
0
0.000265
0.000519
0.000261
0
0.000777
0.000257
0.000258
0
0.000515
0
0.000255
0.000777
0.000255
0
0.000508
0.000503
0.014941
0
0.000777
0.000524
0.001904
0.000263
0.000264
0.000264
0.000263
0.000526
0.000261
0
0.000262
0
0.000258
0.01808
0.00052
0.000257
0.000261
0
0.000499
0
0
0
0.017862
0
0.000749
0.000246
0
0.000247
0.000249
0
0.000755
0.021385
0.000258
0.000252
0.000255
0.000523
0.000259
0.015459
0.000768
0
0.000255
0.000254
0
0.000256
0.001562
0.000255
0
0.000256
0.000255
0
0
0
0.000806
0
0.000268
0.000269
0
0.000255
0.002025
0
0.000246
0
0
0
0
0.000248
0.000246
0.000245
0.000495
0.000243
0
0.000242
0
0.000241
0
0.000254
0.000258
0
0
0.000527
0.000243
0.000722
0.000484
0.000244
0
0.00025
0
0.000255
0
0
0.000503
0
0
0
0
0
0.000249
0.000249
0.000248
0
0.000756
0.000249
0.000245
0.000245
0
0.000248
0.000484
0
0
0.001456
0.000488
0
0.000241
0.000236
0.000715
0.002182
0
0.000964
0.000474
0.000245
0.000719
0.000476
0.000716
0.00023
0.001903
0.000467
0.000232
0
0.000458
0
0.000229
0.000457
0.000231
0.00116
0.00046
0.000463
0
0
0.000461
0.000691
0
0.000695
0.001162
0.000688
0.000234
0.000233
0.000234
0.00024
0.001462
0
0
0.000244
0.000241
0
0.001168
0.000235
0
0.000239
0.000235
0.000232
0.000938
0.000462
0.001878
0.000234
0.000231
0
0.000684
0.000228
0
0.000707
0.000709
0.000235
0.016548
0
0
0.000241
0.000245
0
0
0.000242
0.00072
0
0
0.000486
0.001205
0.000728
0.000492
0.018637
0
0
0.001805
0.000252
0.001526
0
0.000245
0.000246
0.000244
0.000493
0.000252
0.017839
0
0.000245
0.000489
0
0.000249
0.000252
0.000252
0.000504
0
0.000744
0
0.000259
0.000257
0.000255
0
0.000255
0
0
0.000258
0
0.000245
0.000738
0.000246
0.000496
0.000259
0
0.000257
0.000507
0
0.000254
0.000255
0.000507
0.000253
0.000512
0.000513
0.001571
0.000238
0.000241
0
0.001217
0
0.004549
0.000947
0.000468
0.000688
0.001194
0
0.000236
0.000468
0.000466
0.000235
0.000233
0
0
0.000235
0.000467
0.000237
0.000237
0.000239
0.000956
0
0.000481
0.000481
0
0
0.00024
0
0
0
0.000239
0.000234
0.000235
0.001207
0.000244
0.000977
0.008734
0.000736
0.000742
0.002146
0.000257
0.000763
0.000251
0.000254
0.000501
0.001499
0
0.015833
0
0.000252
0.015369
0.000497
0
0.000499
0.003179
0.000504
0.000509
0
0
0.030104
0.000511
0.000253
0.000505
0.000257
0.00026
0
0
0
0.000511
0
0.001044
0.000257
0.000782
0.000258
0.000517
0.000266
0.000265
0.000262
0
0.000522
0.000259
0
0.000513
0.000517
0.000513
0
0.000262
0.001313
0.000259
0
0.000506
0.000775
0.017193
0
0.000258
0.000513
0.001546
0
0.018504
0
0.000542
0.00027
0
0
0.000264
0.000527
0.000802
0.000527
0.000803
0
0.017716
0
0
0.000532
0.000544
0.000545
0.001097
0.00027
0.000268
0.000809
0.000278
0.000552
0.000292
0
0.00028
0.000555
0.000284
0.000574
0.043798
0.000308
0
0.000305
0
0.000262
0.0013
0.000775
0
0
0.000493
0
0.000505
0.000245
0.000486
0.00024
0
0
0
0
0
0.014725
0.000757
0.000502
0.002028
0.001533
0
0.000511
0.001285
0
0
0.000512
0.00026
0.000526
0.000261
0.000513
0.000518
0.000263
0
0.000525
0.000807
0.000807
0.00079
0
0
0.00026
0
0
0.000265
0.000265
0
0.000265
0
0
0.032893
0
0.000804
0.000262
0.000528
0.000258
0.00026
0.000523
0.000263
0
0.000267
0
0.00053
0
0.000267
0.000548
0.000268
0.000531
0
0.000268
0.000264
0.000263
0.000262
0.000263
0
0
0
0
0.000264
0
0.017132
0.000258
0
0
0.000263
0.000527
0.023144
0
0.000522
0.000509
0.002618
0
0
0.00224
0
0
0.000732
0
0
0
0.000249
0.000497
0
0
0.016218
0.0005
0
0
0.000761
0
0.000758
0
0.000252
0.000508
0
0.000253
0.000253
0.000255
0.000256
0
0.000765
0.000509
0.000257
0.000518
0.000257
0.000256
0.003421
0.000253
0.000251
0.000253
0
0.002663
0.000965
0.000477
0.000239
0.001192
0.000234
0.000466
0.000695
0.000234
0
0.000463
0.000234
0.0007
0
0.000238
0.00024
0.000241
0
0.001816
0.000249
0
0.005419
0.001221
0.000255
0
0.000523
0.000259
0.002073
0
0.000804
0.001069
0
0
0.00163
0
0.000817
0.000272
0
0.000277
0.001393
0.000283
0
0
0.000559
0.000279
0.001112
0.00028
0.000277
0.000274
0
0
0.001663
0.000276
0.000274
0
0.000274
0.000555
0.00111
0
0.000282
0.001746
0
0
0
0
0.000257
0.00233
0.000523
0
0.002601
0.001034
0.000254
0.00026
0.000262
0.000789
0.001828
0.000259
0
0
0
0.000749
0
0
0
0.000487
0.00048
0
0.000243
0
0.000249
0.00308
0.000255
0.00051
0.001538
0.000248
0.000247
0.000492
0.000245
0
0
0.000244
0
0.00073
0.000488
0.000243
0.000482
0.000485
0.000241
0.000487
0.000489
0.000249
0.001028
0
0.000759
0.000502
0.000248
0.001002
0
0.000246
0.000248
0
0.000249
0.001011
0
0.000261
0.000261
0.034339
0.001304
0
0.001819
0.000261
0.000792
0.004436
0
0.000256
0.000759
0.000519
0.000257
0.002548
0.000512
0
0.000504
0.000507
0
0
0
0
0.000255
0.000254
0
0
0.000261
0
0.000526
0.000266
0.000267
0
0.001091
0
0
0.001606
0
0
0
0.00053
0.000523
0.000263
0.000524
0.000261
0
0.000271
0.001906
0
0.00026
0.002135
0.000528
0.000535
0.002077
0.000264
0
0.000264
0.000264
0
0
0.001036
0.000265
0.000258
0
0.000251
0.000256
0.000764
0.000765
0.0005
0.000252
0.000745
0.001255
0.000248
0.000247
0.000244
0.001478
0.00049
0.000485
0
0.000978
0.00048
0.000241
0.000992
0.000489
0.000503
0
0.00025
0.000247
0.000499
0.000508
0.000258
0.001038
0
0.000259
0
0.000779
0.000265
0.000535
0.000528
0.000793
0.00026
0.000269
0.000267
0.000272
0
0.000274
0.000275
0.026736
0.000281
0.001121
0
0.000573
0.000575
0.001803
0.000304
0
0.022088
0.001236
0.002163
0.003659
0.000286
0
0.000557
0
0.000556
0.000277
0
0
0
0.002672
0.000292
0.000875
0
0
0
0.000284
0.000286
0.001187
0
0
0.036305
0.000578
0
0
0.000292
0
0.013647
0.000588
0
0.000295
0.00057
0
0.000285
0.000287
0.000287
0.019669
0
0.000287
0
0.000301
0.000297
0.000296
0.000298
0.00059
0.000299
0.000294
0.00061
0.000624
0
0.00031
0.006526
0.0003
0.000593
0
0.000299
0
0.000919
0.000291
0.000571
0
0.00028
0.000277
0
0.001117
0.000271
0
0.000281
0.001148
0
0.000574
0
0.002077
0.000885
0
0.000293
0
0.000301
0
0
0.000604
0.000303
0.000608
0.000614
0.000304
0
0
0.00063
0
0
0.000949
0.00061
0
0.000293
0.000923
0.000594
0
0.001518
0.000293
0.0003
0.000597
0
0.000299
0
0
0
0.000313
0.0009
0.0003
0.000296
0
0
0
0.0006
0.013922
0
0.000911
0
0.000309
0
0
0.000609
0
0
0.000303
0.000303
0
0.000596
0.000602
0.016285
0
0.000296
0
0.000296
0.00028
0
0.00084
0.000278
0
0.000555
0.000279
0.000274
0.000537
0.000544
0
0.000267
0.00054
0.000526
0.000273
0.000528
0.026551
0.003249
0.000261
0.000259
0.00052
0.000256
0.000256
0.000508
0
0
0.015167
0.000258
0.001239
0
0.000496
0.00074
0.000737
0.000724
0
0
0.000736
0.000503
0.000248
0
0
0.000501
0
0.018383
0.000495
0
0.000246
0
0.000749
0.000252
0
0.0005
0
0.000496
0
0
0.001018
0
0.000495
0.001271
0.000248
0
0.00025
0
0.01872
0
0.000245
0
0.000246
0
0.000989
0
0.000242
0.000249
0.000249
0.000764
0
0.005004
0.002118
0.000523
0.001864
0.001049
0.002105
0
0
0.015216
0.000264
0
0
0.000262
0.000261
0.000793
0.000526
0.001066
0.000534
0.000266
0
0
0.000788
0.000263
0
0.000535
0.000257
0.00156
0
0.000782
0.000268
0
0
0.001351
0.001808
0
0
0.001214
0.000305
0.002744
0.000302
0.000303
0.000305
0.0003
0.000601
0.02032
0
0.000552
0.000274
0.000547
0
0.000543
0
0.00054
0.001336
0.000264
0.000263
0.001051
0.000263
0.00026
0.000265
0.000532
0.000263
0.001061
0.000268
0
0.000263
0.000261
0.000523
0.000526
0.000266
0.000267
0.002294
0.000252
0
0.001051
0.001036
0.00052
0
0.000258
0
0
0
0.000263
0.000524
0
0.000259
0.000781
0
0
0.000533
0.00027
0
0.000272
0.000271
0.000559
0.036677
0
0.000271
0
0.000545
0.000278
0
0.000837
0.000275
0.039267
0
0
0
0
0.000286
0
0.001733
0
0
0.000284
0.000568
0.000283
0.000283
0.00028
0
0
0
0.000287
0.000871
0.000569
0.000286
0.000285
0
0
0.00146
0.000288
0.000574
0
0.000288
0
0.000294
0.000589
0.000297
0
0
0.000308
0.000673
0.000334
0.024456
0
0.000335
0.000337
0
0
0
0.000316
0
0
0
0.000626
0.027526
0
0
0.000301
0
0.000605
0.000299
0
0
0
0
0
0.000919
0.000905
0
0.000301
0.00061
0.000302
0.000301
0
0.000311
0
0
0.000621
0
0.000619
0.003085
0.000306
0
0.000624
0.000962
0
0.00062
0.000935
0.002887
0
0.000315
0.000309
0.00062
0
0.000947
0.00032
0
0.000327
0.000325
0.000323
0.000332
0.000326
0
0.000668
0.000337
0.00101
0.000658
0.000328
0
0.000987
0.00066
0.019174
0
0.000668
0
0.00068
0
0.000339
0
0
0.001052
0.000353
0
0.000364
0.001098
0.000718
0
0
0
0.000371
0.000373
0
0.001112
0
0
0
0
0.000353
0
0.000359
0
0.000348
0
0.000365
0.00146
0
0.000364
0
0.001474
0.000747
0.000369
0
0.000747
0.014142
0.001869
0.000372
0.001866
0
0
0.000377
0.001122
0
0.000745
0.000376
0.001125
0
0.000364
0.000366
0.001819
0
0.000355
0.000705
0
0.000724
0.00254
0
0.000344
0.000345
0
0.00103
0.00034
0.000679
0
0
0.00033
0
0.00033
0
0.000323
0.004243
0.000328
0.000326
0
0
0
0
0.000628
0
0
0.000314
0.000627
0.000315
0.00032
0.000944
0.00064
0.000318
0.000326
0.000657
0
0.00033
0.00033
0.00033
0
0
0
0
0
0
0.000335
0
0.000332
0
0.001666
0.000327
0.000329
0
0
0
0.000333
0.000326
0
0.000322
0.001311
0.000641
0
0
0
0.000319
0
0.000329
0.000326
0
0.000678
0.000329
0.00033
0.00064
0.000333
0.000324
0
0.000322
0
0.000639
0.000661
0.000324
0.000644
0
0.000331
0
0.00136
0
0
0
0.001018
0
0.000345
0
0
0.02385
0.001982
0
0
0.000654
0.000321
0
0.000324
0
0.000329
0.000327
0.001305
0
0.000338
0
0.000342
0.00214
0
0
0
0.000365
0.017391
0
0.00073
0
0.000362
0
0.000356
0.000358
0.029049
0
0.000367
0.03284
0.000675
0.000335
0
0.017898
0.000325
0.000649
0.002544
0.000317
0
0.000633
0
0.000643
0
0
0.000955
0
0.001507
0
0.000613
0.00091
0.000296
0
0.001828
0
0.001495
0
0.000302
0.000305
0.020199
0.00031
0.001264
0.002254
0
0.000315
0.000315
0.000631
0
0
0.000627
0
0.000307
0.000309
0.001233
0.000302
0
0.000311
0.000315
0
0
0.000318
0.000985
0.000323
0.000328
0.000641
0.000632
0
0.000624
0.000309
0.00031
0
0
0.000629
0.000628
0
0.000937
0.000311
0.000309
0
0.000619
0
0.000621
0
0.001921
0.000311
0
0
0.021336
0.000608
0
0.000309
0.000624
0.00094
0.000638
0.000326
0.00064
0.000321
0.000322
0
0
0.000644
0.00032
0.000318
0
0
0
0.000327
0.000322
0
0
0.001003
0.00066
0.000335
0
0.00033
0.000329
0.000335
0.02483
0
0.000662
0.001683
0.000671
0
0
0.000322
0
0
0
0
0.000326
0.000662
0.000653
0.000334
0
0.000337
0.000333
0
0
0
0.000338
0.00068
0
0.000332
0.00033
0
0.000326
0
0
0.000947
0.000623
0
0
0.000595
0.000294
0.001575
0
0.000598
0
0
0.000908
0
0
0.000317
0.000328
0.000639
0
0.000941
0
0.000892
0.000592
0.001174
0
0.0003
0.000294
0
0.000301
0.000311
0
0
0
0
0.000318
0.000639
0.00128
0.000322
0.000322
0.005611
0.00063
0.000637
0.000316
0.000316
0
0.000308
0
0
0.001804
0.000305
0.0019
0.005144
0
0
0
0.000311
0.000306
0.021891
0
0
0
0
0
0
0
0.000293
0.001173
0
0.000894
0.000882
0
0.000297
0
0
0.000585
0.035322
0
0
0.000289
0
0.000587
0.001179
0.000288
0
0.000586
0.000583
0.000294
0.007353
0.000596
0.000612
0.034451
0.0003
0
0
0.000298
0.000299
0
0
0
0.0003
0.023072
0
0.0006
0
0.000298
0
0
0
0.025711
0.000292
0
0
0.000572
0
0.00058
0.000564
0.000281
0
0
0
0.001412
0.000556
0
0
0.000278
0.000274
0.00056
0.000281
0.000277
0.002774
0.000842
0
0.000552
0
0.000273
0.000552
0
0
0.00156
0.000529
0
0.000263
0
0.000792
0.001554
0
0
0.000267
0.000544
0.000553
0.001668
0.000277
0
0.002235
0.000572
0.000286
0.000567
0.000289
0.000865
0.042787
0.000289
0
0.00029
0.000292
0
0.000582
0.00029
0
0
0
0.000616
0.03169
0.014616
0.000298
0
0.000297
0
0.000289
0.00059
0
0.014015
0
0
0.003257
0.000578
0.000883
0.028276
0.000298
0
0.000593
0
0.000577
0.000577
0.000289
0
0.000299
0
0
0.000572
0.000572
0
0.000283
0
0.00056
0.000567
0.000573
0
0.000571
0.000284
0
0.000289
0
0.000876
0.0006
0
0
0.000284
0.000287
0
0.036822
0.000577
0
0
0.000287
0
0.002337
0
0
0
0.000296
0.000295
0.023043
0
0.000565
0.001144
0.000281
0.000282
0.000282
0
0
0
0.000283
0.000562
0.038616
0.000276
0.000274
0.002794
0.000271
0
0.022925
0
0.000512
0.001569
0
0.000256
0.001548
0.000257
0
0
0.000265
0
0.037037
0.000527
0.000254
0.000508
0
0.000255
0.000519
0.001046
0.000259
0
0.001292
0
0
0
0.000525
0.000262
0.000267
0.000261
0
0.000534
0
0
0.000534
0.001609
0.001609
0.00054
0.000269
0
0
0.000275
0.000279
0.0014
0.000546
0.000271
0.000272
0
0.000271
0
0
0.001615
0
0.000269
0.00027
0
0
0.000548
0.000273
0
0.000534
0
0.000525
0
0
0
0.000524
0.018768
0.000263
0.000524
0.000264
0
0
0.000257
0.000514
0.000255
0.000512
0
0
0.000264
0.000801
0.000536
0
0
0
0
0
0.000257
0.00102
0.000253
0.000255
0
0
0.000262
0.000257
0
0.00051
0.000528
0
0.000519
0
0
0.036077
0
0
0
0.000261
0.000267
0.002458
0
0
0.000269
0
0
0.001084
0.000532
0.00027
0.000265
0.001093
0.000537
0
0.000268
0
0.002452
0.000269
0
0.000522
0
0
0.000793
0.00026
0.000261
0.001846
0.000264
0
0.001538
0
0.000262
0.00026
0
0.000256
0
0.000789
0.000266
0.002444
0.000537
0
0
0.000271
0.000282
0.0003
0.000298
0
0.039869
0
0.000596
0
0.000599
0
0.018248
0.000606
0
0
0
0
0.021942
0
0
0.000295
0.001177
0.000583
0.000289
0.000293
0.000287
0.000281
0.004088
0.000585
0.00203
0.000279
0
0.001133
0.000282
0
0
0
0.000839
0.000562
0.001705
0
0.018847
0.000282
0
0.001722
0.000289
0.000285
0
0
0
0.002555
0
0.000284
0.000287
0.00085
0.000282
0
0.000283
0
0.000283
0.00113
0.000276
0
0.001706
0
0
0
0.00028
0
0.000275
0.000556
0
0.000566
0.000288
0
0.000299
0
0
0
0.000597
0.000891
0.000302
0
0
0
0
0.000302
0.000609
0.000909
0.000302
0
0
0.000878
0
0
0.000876
0
0
0.001204
0
0.000292
0.001088
0.000272
0
0
0.000276
0.000259
0
0
0.000525
0.000806
0.000262
0.000264
0
0
0.000267
0
0
0.000263
0
0.00053
0
0.000261
0.00105
0.000789
0
0.000259
0
0.000264
0.000794
0
0.021231
0.000268
0.000536
0.000268
0
0.000278
0
0.000829
0.000273
0.000267
0
0
0.020782
0
0
0.000538
0.00081
0.00027
0.000273
0.000273
0.000273
0
0
0.00027
0.000276
0.000275
0
0.000273
0.000543
0.00027
0.000272
0
0
0.000519
0
0
0
0.000785
0.000266
0.00082
0.000266
0
0.000254
0.000255
0
0.000776
0.02105
0.000518
0.000524
0.001034
0
0
0.000262
0.00026
0
0.000768
0.000782
0.000258
0.000517
0
0
0.000512
0
0.001021
0.000252
0.000253
0.000252
0
0.000254
0
0.000251
0.000248
0.017344
0
0.000252
0
0.000505
0
0.001506
0
0.000504
0
0.000503
0
0.000252
0
0.000507
0.000258
0
0
0.000253
0.000506
0.000255
0.000255
0.001036
0.000515
0
0.000515
0.000258
0.000516
0.002289
0
0.000251
0
0.000251
0.016775
0
0
0.000254
0
0
0.000763
0.000764
0.000255
0
0.000252
0.000502
0.001
0.000251
0
0.000271
0
0.000271
0.000268
0.000267
0
0.034969
0.000559
0
0.000272
0.000272
0.000274
0
0.000547
0
0.000534
0
0.000267
0.000272
0
0.000278
0
0.000268
0
0
0.000275
0.000552
0
0.000275
0.000272
0.000274
0.001093
0.000547
0
0.000274
0.000547
0
0
0
0.000283
0
0.000281
0.00056
0.000278
0.000562
0
0.000564
0
0.000283
0.000281
0.000276
0.000567
0.019253
0.000284
0
0.000275
0.000276
0.001342
0.000268
0
0
0.000794
0
0.02342
0.000825
0.001104
0.000278
0.000284
0.000853
0.001951
0
0
0.000539
0
0.000277
0.001395
0.000565
0
0.000554
0
0
0
0
0.000832
0.001409
0.000559
0.000833
0.000277
0.000279
0.000565
0.021493
0
0.000576
0.000282
0.000286
0.000883
0.001783
0.000897
0.001207
0.002737
0
0.000281
0
0
0.000535
0.002389
0
0.00027
0.018736
0.000561
0.000554
0
0.000836
0.000544
0.002742
0
0.000543
0
0
0
0.00169
0.000283
0
0.00196
0.000275
0.000546
0.000276
0.00055
0
0
0
0
0.000277
0.000277
0.00057
0
0.000566
0.018161
0.000274
0.000556
0
0.000285
0.000286
0.00058
0.023959
0.000277
0
0
0.00139
0.000555
0.00055
0.00027
0
0.000271
0.000285
0.000863
0.000276
0.000552
0
0.000282
0.000282
0.000283
0.00028
0
0.000832
0.00028
0.000281
0.000566
0
0.00146
0.001152
0.000293
0.000293
0.000289
0.000291
0.000292
0.018065
0.000284
0
0.00087
0.000286
0
0
0.000289
0.000285
0.000277
0.000283
0.000282
0.000564
0.000284
0.000281
0.015586
0.000556
0.000558
0.000282
0.000842
0
0.000834
0.000537
0.000269
0.000553
0
0.000539
0.00027
0.000288
0.000564
0.000573
0.000292
0.000283
0.029785
0
0
0.002911
0.051274
0.000305
0.000612
0.016255
0.000279
0
0.000283
0.00059
0.000594
0.000299
0.000593
0.000294
0
0
0.000293
0.000297
0.000908
0.000593
0.000888
0
0
0.000305
0.00061
0.00091
0.000301
0
0.000606
0.000303
0
0.036152
0
0
0
0.000838
0.000554
0.000283
0.001721
0.000853
0
0.000574
0.000592
0.004658
0.000296
0.000288
0.00116
0.000301
0.000293
0.000884
0.000294
0
0
0
0.0003
0
0
0.000295
0.001167
0.000577
0
0
0.000282
0.000574
0
0.000562
0
0.000807
0.00027
0.000273
0.00027
0
0.001957
0.021932
0.000555
0.000279
0.000282
0
0
0.014576
0
0
0.001277
0
0
0.000787
0.000257
0.000514
0.000259
0.000255
0.000523
0
0.000803
0
0
0.000266
0
0.000264
0.00134
0.000266
0
0.00027
0.000798
0.000271
0.000534
0.000261
0.000774
0.001033
0.000518
0.001026
0
0.001029
0.000502
0.000503
0.000503
0.000253
0.000497
0.000251
0.021677
0
0
0.000255
0.000248
0.000732
0.001947
0
0
0.000244
0.000238
0
0
0.00049
0.001468
0
0.00024
0.000242
0
0.000249
0
0.000497
0.00025
0.00025
0.000253
0.000518
0
0.001245
0.000247
0.000244
0.000243
0.000246
0
0
0
0.000499
0.000764
0.000251
0.000255
0.000773
0.000771
0.00076
0
0.000247
0.00051
0.001496
0.000249
0.000504
0
0.000253
0.000256
0
0.000511
0
0.000503
0.002108
0.000257
0.000255
0.000252
0.000251
0.000248
0
0.000512
0.001895
0
0.000261
0
0.000263
0
0.036267
0
0
0.000529
0.000258
0.000266
0.000263
0.000268
0.02208
0.001306
0.000531
0.00027
0
0.000267
0
0.001663
0
0
0.000786
0.000265
0.000773
0.001263
0.000257
0
0
0.002503
0.000272
0.013951
0.000535
0
0.024284
0.000283
0.000286
0.0017
0.000567
0.000269
0.000273
0.000265
0.000266
0
0
0
0.000512
0.000257
0
0.000539
0.001376
0
0
0.000269
0
0.001635
0
0.000269
0.000271
0.000266
0
0.000267
0.000789
0.000255
0.000257
0.000528
0.000262
0.000528
0.00078
0.001033
0.000257
0
0.000267
0.000534
0.000537
0
0.017189
0
0.000272
0.020005
0
0
0.000566
0.023746
0.000296
0.042496
0.000294
0
0
0
0.000264
0
0.000263
0.000261
0.000262
0
0.000536
0.000537
0.000267
0
0.000267
0.000268
0.000266
0.033554
0
0
0.000779
0.000517
0.000776
0.000782
0.000527
0.000262
0
0.000268
0.000524
0
0.001035
0
0.000773
0.000777
0.000258
0.000256
0.000259
0.000262
0.00026
0
0.000523
0.000526
0.00026
0
0.001042
0.000264
0
0
0.010756
0
0.001136
0
0.000284
0.001132
0
0.000257
0
0.000258
0.000778
0.028542
0.000254
0.000253
0.000753
0
0
0.00101
0
0
0
0
0.000242
0
0.00151
0.000507
0.021478
0.000499
0
0.019006
0
0.000242
0.000976
0.001245
0.000743
0.000248
0.000249
0.000501
0.000497
0.000253
0.00026
0.001056
0
0
0.000248
0.000747
0
0
0
0.001076
0.000534
0.000264
0
0.013393
0
0.00026
0
0.018426
0.000276
0.000824
0
0.000272
0.01251
0
0
0
0.000267
0.000819
0
0.000551
0
0
0.000545
0
0
0
0
0
0.000267
0
0.000832
0
0.00027
0
0
0
0
0.000264
0.000267
0.02107
0
0
0.00082
0.001095
0
0.000261
0.001296
0.00051
0
0
0.000266
0.000268
0.000275
0.000265
0.000268
0
0.000277
0.020171
0.000548
0
0.000272
0.001091
0.000269
0
0.000269
0.000268
0
0.000523
0.000263
0.001058
0.000268
0.000263
0.000513
0
0.000791
0.00052
0.000258
0
0
0.000255
0
0.000261
0.001312
0
0.014858
0.000513
0.000255
0.000525
0.00025
0.00025
0.020746
0.001003
0.000486
0.000481
0.000487
0.000972
0
0.00048
0
0.02155
0
0.000482
0.000477
0.000245
0.001737
0.000242
0.000489
0.000243
0
0.000245
0.000737
0.000244
0.000244
0.000243
0.000999
0
0.000753
0
0.002212
0.000747
0.00051
0.012406
0.011968
0.00078
0
0
0.000261
0
0.000276
0.001081
0.00052
0
0
0
0
0
0.000528
0.000261
0.000273
0
0
0.000536
0.000538
0.000523
0.000263
0.000539
0.000264
0
0.00052
0
0.015313
0
0.000261
0
0
0
0
0
0.000519
0.000254
0
0.00025
0.000251
0.000506
0.000253
0.000249
0
0.000257
0.001026
0.000747
0
0.001245
0
0.000517
0.000259
0
0.000255
0.000511
0
0.000256
0.001844
0
0.000501
0
0
0.000259
0.019758
0
0.000519
0.020131
0.000798
0
0.000533
0.000539
0
0.012998
0.000273
0
0.000543
0.000271
0
0.00027
0.000264
0
0.000526
0
0.000267
0.023431
0.000257
0
0.000772
0
0
0.013082
0.000517
0
0.001064
0.000543
0
0.025356
0
0
0.000272
0
0
0.020755
0
0.00027
0.00083
0.00027
0.000538
0
0
0
0.02231
0
0.000537
0
0.000531
0
0
0.000535
0.000537
0.000268
0.00027
0.00053
0.000264
0.000812
0
0.000278
0.000276
0
0.000276
0
0.000555
0.000829
0.000554
0.000278
0.001369
0.000269
0.000544
0
0.001334
0.000264
0
0.000265
0
0.000267
0.000267
0.001078
0
0.000262
0
0
0.000261
0.000541
0.001643
0.000271
0.000801
0.000263
0.000266
0.000263
0
0
0
0
0.000503
0.000752
0
0.001019
0.00025
0
0.001535
0.00025
0.000741
0.019469
0
0
0.000745
0.000498
0
0.000248
0
0
0.000244
0
0.00049
0.000738
0.000247
0
0
0.000255
0.000252
0.000253
0.000755
0.000254
0.000516
0.001052
0.000775
0
0.001287
0
0
0.00026
0.000256
0.000257
0.000259
0.000257
0.000519
0.004031
0.000255
0.000259
0
0
0.000269
0.000269
0.000529
0
0.00053
0
0.001066
0.000259
0
0.000523
0.001041
0
0.038863
0
0.000251
0.00025
0.00025
0
0.000251
0
0.000491
0.000505
0
0.000248
0.018936
0.000509
0.0005
0.000502
0.001018
0.000256
0
0
0
0
0
0
0.00025
0.000248
0.000246
0.000251
0.000254
0.000493
0
0.000501
0.000251
0.003887
0.000243
0
0.001211
0.000246
0.000494
0.000242
0.000491
0
0.000489
0.000244
0
0.000497
0.000247
0.000246
0.000243
0.000243
0.000247
0.000253
0
0.000248
0.000252
0.000505
0.000495
0
0.000254
0.000249
0.000248
0
0
0.001253
0.000509
0.00077
0
0.0005
0.000505
0.000499
0.001004
0
0.000252
0
0
0.000257
0.001287
0.015597
0.000255
0
0
0.000251
0.000766
0
0.00075
0
0.000257
0.003139
0.000263
0
0
0
0.000786
0
0.000524
0
0
0
0
0
0.000265
0
0.000533
0.000534
0
0.000529
0
0.000268
0.030773
0
0.000261
0.000261
0
0.000271
0.000805
0.000264
0.000262
0
0
0.000262
0.000529
0.000522
0.00026
0.000263
0.000516
0.000513
0.00051
0
0
0.000521
0.001068
0.000512
0.000504
0.001284
0.000251
0
0
0
0.034527
0.00051
0.000257
0.001805
0.000242
0.000728
0
0.000486
0
0.000489
0.000738
0
0.000488
0
0
0.000244
0.000243
0
0.000246
0.001753
0
0.000494
0.002004
0.000486
0.000962
0
0.00048
0.000235
0.000239
0
0.017029
0
0.000696
0
0.000468
0.000235
0.000481
0.000231
0
0.000231
0.000467
0
0.000238
0.000242
0
0.000238
0.000495
0.000737
0
0.000495
0.000247
0
0
0.000249
0.000755
0
0
0.012652
0
0
0.007145
0
0
0
0.000252
0.000251
0.000252
0
0.000254
0.000512
0
0.000257
0.000523
0.003717
0
0
0
0.000262
0
0
0.000522
0
0
0
0
0
0.000264
0
0.000258
0.000521
0.024434
0.000254
0
0
0.000258
0.000258
0
0
0
0
0.000256
0
0.000506
0.001017
0.000511
0.000255
0.000761
0.000252
0.00102
0.000253
0.000517
0.001278
0
0.000499
0.00151
0
0.000251
0
0
0.000251
0.021303
0
0.00076
0.001278
0.000777
0.001545
0.00025
0.000254
0.000508
0
0
0.000748
0
0.0005
0
0.000993
0.000506
0.000247
0.000246
0.000492
0.000244
0
0.000247
0
0
0.000245
0
0.000978
0.000984
0.000745
0.001
0.001004
0.001021
0.000253
0.003325
0
0.000997
0.001023
0.000252
0.000254
0
0
0.034909
0
0.000477
0.018195
0
0.00334
0.000239
0.000727
0.00049
0.000492
0.000988
0
0.019664
0.000256
0.00026
0.017493
0.000765
0
0
0.000238
0.000715
0.000474
0.000236
0
0.00023
0
0
0.000239
0
0.000238
0.013692
0
0.00024
0
0.000236
0
0
0
0.000239
0
0.00071
0
0.001646
0.000472
0.000237
0.000719
0
0.000236
0.012282
0.00047
0.00024
0.026291
0.000241
0
0.000237
0
0.000235
0.000918
0.000456
0
0.000223
0.000225
0.000448
0.000451
0.001558
0.000447
0
0
0
0.000216
0
0
0.001979
0.000432
0.000429
0.012672
0.000218
0.001103
0.001322
0.000665
0.000665
0.047349
0
0.000448
0.000896
0
0.000458
0.0163
0
0.000228
0.000232
0
0.000229
0
0.00046
0.000231
0
0.000697
0.000233
0.000698
0.000235
0
0.000475
0
0.000234
0.000231
0
0.00047
0.000697
0.000233
0
0
0.000461
0.000464
0.000917
0.000459
0
0.000228
0.000917
0.00023
0.00183
0.000464
0
0.000462
0.000698
0
0.000461
0
0.000227
0
0.000228
0
0.000453
0.001851
0.000227
0.00023
0
0.000232
0.000459
0.000682
0.000224
0.015544
0.000457
0.00068
0.000908
0.00023
0.000678
0.000463
0.000448
0.000232
0.001675
0.00023
0
0.000684
0
0
0.016561
0.000459
0
0.000446
0.000669
0
0.00022
0
0
0.000428
0.001092
0.000222
0.001117
0.000225
0
0.006696
0.001152
0.000457
0.000233
0.000458
0.000232
0.001907
0
0.000714
0.000713
0.000471
0
0.000228
0.00023
0.000457
0.00023
0.000235
0
0.000233
0.000236
0
0.000956
0
0.000236
0.011806
0.000234
0
0.001661
0
0.000432
0.000863
0.000216
0.00022
0.000433
0
0
0.000448
0
0.00046
0.001884
0.000231
0.00047
0.000706
0
0
0
0
0
0.00048
0.001724
0.000481
0.000489
0.000486
0
0.000479
0.000236
0
0.000482
0.000244
0.000241
0.000974
0.000235
0
0
0.000231
0
0.001377
0.001156
0.000901
0.000446
0.002296
0
0.001808
0
0.00022
0.000437
0.001333
0.000217
0.000216
0
0
0.00021
0.000213
0
0.018599
0.000648
0.000207
0.000208
0.000414
0.000418
0.00063
0.000207
0.000415
0.001232
0.000204
0.000414
0.000409
0.000416
0.00062
0.001687
0.00042
0.000407
0
0.000834
0.000202
0.000407
0.000412
0.000205
0.000206
0.000206
0.000407
0.001019
0.000205
0
0.001029
0.000414
0.000203
0
0
0.000853
0.000211
0.00042
0.000214
0.000214
0.000212
0
0.000425
0.000428
0.000215
0.000432
0.000443
0.00022
0.001611
0
0.000896
0.016522
0
0.000441
0.000221
0.000662
0
0
0
0.000464
0.000231
0.000691
0.000464
0.000459
0
0
0.002121
0.000466
0.000456
0.00023
0.004393
0
0
0.000233
0
0.000697
0.000463
0.000229
0.000915
0.000452
0.000225
0.000896
0.000888
0.000669
0
0.000218
0.000663
0.000861
0
0
0
0.000216
0.000213
0
0
0.000222
0
0.00044
0.000221
0.002054
0.000668
0.000666
0.000223
0.002072
0.000445
0
0.000225
0
0.000448
0.000225
0.000218
0.000218
0.00044
0.000217
0.000641
0.000216
0.000422
0.000427
0
0
0.000223
0.000671
0
0.000221
0
0
0.000707
0
0.000232
0.0007
0.000443
0
0.000651
0
0.000432
0.000219
0
0.000881
0.000214
0
0.000429
0.000213
0.000866
0.000214
0.000215
0.00044
0.000439
0.000226
0.000219
0.000221
0.000221
0
0.000453
0.000229
0
0
0.000228
0.000471
0
0.000236
0.00071
0
0.000943
0.000233
0.000465
0.000474
0.000234
0.000243
0.000241
0.000731
0.000492
0.000243
0.000245
0.000505
0.000498
0.000252
0
0
0.00026
0
0.000257
0.00026
0.000261
0.001306
0.000516
0
0
0
0
0
0.000521
0
0.000782
0.00079
0.000521
0
0.006815
0.000266
0.000536
0.000267
0
0
0.001346
0.001343
0.000263
0
0.000789
0.000526
0.000791
0.013816
0.000515
0
0
0.00025
0
0.000245
0.000483
0.000245
0.000247
0.000241
0.000484
0
0.000238
0.00047
0
0.001193
0.000236
0
0
0.000479
0.000243
0.000489
0
0.001431
0.000477
0.000484
0.000492
0
0.000495
0.000254
0.000252
0.000252
0.000263
0
0.000263
0.004493
0.000263
0
0.000266
0.000535
0.000265
0
0.000267
0.017605
0
0.000525
0.000781
0
0.000269
0.017911
0.000829
0
0.00055
0.000272
0.000527
0.000528
0.000264
0.000521
0.000774
0.002938
0
0
0.00052
0.001028
0
0.000513
0.000536
0
0.000531
0
0.000527
0.000263
0.000268
0
0.000292
0.000564
0.001412
0
0
0
0
0.000279
0.001112
0.000282
0.000857
0.00112
0.000807
0.00027
0.000274
0.000265
0
0
0.000525
0
0
0.000264
0.000534
0
0
0.00026
0
0
0
0.000783
0.002695
0
0.000513
0.001028
0.000256
0.000256
0.00026
0
0.000253
0.000769
0
0.000777
0.001024
0.001034
0.000249
0.000255
0
0
0
0.000513
0.000802
0.000505
0
0.023958
0
0
0
0
0.000256
0.000527
0.00026
0
0
0
0
0.000262
0
0
0.012908
0
0.000239
0.01062
0.000239
0.000238
0.000478
0.006003
0.000725
0.000972
0.000251
0
0.000256
0.000255
0.000502
0
0
0.000521
0.000254
0
0
0
0.000257
0.000259
0.000518
0.000521
0.000264
0.000529
0.000266
0.000257
0.000256
0.000263
0.000263
0.000528
0.000261
0
0.000264
0.000539
0
0.000263
0.000264
0.000514
0.000256
0
0.000513
0.000521
0.001874
0.000516
0
0
0.00054
0.000265
0.000528
0.000266
0.000794
0
0.000532
0.001059
0
0
0.00054
0
0
0
0.000266
0
0.020237
0
0.000291
0.013127
0.000887
0.000291
0.002682
0
0.000282
0.000282
0
0.000551
0.001378
0.000282
0.001147
0
0
0
0.000564
0.001687
0.001138
0.000287
0.000274
0.000276
0.027226
0
0.000547
0.001093
0
0
0.001739
0.00467
0.000299
0.000275
0.000275
0.000276
0.000863
0.000883
0.000584
0
0.000292
0
0.002089
0
0.001208
0
0.000297
0
0.00774
0.000296
0.000593
0.000294
0.000597
0
0.000598
0
0.000569
0.000285
0.000567
0.000888
0
0
0.00061
0.002467
0
0.020056
0
0.000305
0.000295
0.016944
0.000283
0.000284
0.00027
0.000274
0.000278
0
0.000268
0.00027
0
0.000543
0.000547
0.023209
0.000278
0
0.000819
0.000563
0.000279
0.00028
0.017746
0.001143
0.000555
0.000279
0.000282
0.010744
0.000826
0
0.018071
0
0.000284
0.017323
0.00028
0.000288
0
0.001135
0
0
0.000267
0.000809
0.000274
0.000828
0.000269
0
0.001079
0.000276
0.000275
0
0
0
0
0.000547
0
0
0.000815
0
0.000272
0
0.000271
0.016945
0.000808
0.000267
0
0
0
0.000267
0.00053
0
0
0
0.000257
0.001307
0.000521
0.000257
0
0
0.000776
0.000267
0.000263
0.000534
0
0.000807
0
0.000256
0.000255
0.010986
0
0
0
0
0
0
0.000263
0.000262
0
0.000259
0.000259
0.000515
0.000764
0.000257
0.000775
0.000259
0.000785
0
0.000775
0.000783
0
0.000261
0
0.000266
0
0
0
0
0
0.000274
0.000272
0
0.000554
0.000553
0
0
0.000554
0.000541
0
0
0
0
0
0
0.000263
0.000777
0.00026
0.000771
0.000254
0.000251
0
0.000248
0.000251
0.000533
0.000262
0
0.000262
0.018008
0.000256
0.0005
0
0.001267
0.000254
0.00025
0
0.000253
0.000511
0
0
0.000259
0.000254
0.000248
0.000248
0.003206
0.000498
0
0
0.000752
0
0
0.000252
0
0.000496
0.000501
0.001258
0.000253
0
0.000256
0
0.000263
0
0
0.000253
0.000509
0
0.01243
0.000256
0.000508
0.000254
0
0.000263
0
0
0
0.000536
0
0
0.000252
0
0.000512
0
0.000502
0.000495
0
0
0.000494
0.000245
0.000249
0.001227
0.000957
0.000244
0.000243
0.004552
0.000733
0.000484
0.038754
0.000485
0
0.000486
0.000241
0
0.000493
0.000251
0.000251
0.000507
0
0.000502
0.0005
0
0
0.000249
0
0
0.000252
0
0.001052
0
0.001322
0.000257
0.000256
0.000255
0.000255
0.000255
0
0.000515
0.015582
0.000252
0
0.000774
0.000507
0
0.000256
0.01687
0.000504
0.000252
0.00025
0.001262
0.000767
0.000262
0.000263
0.000525
0.000254
0.000252
0.000251
0
0
0.001005
0
0
0
0
0.00025
0.000249
0.000243
0
0
0.000243
0
0
0.000712
0.000472
0.028033
0.000738
0
0.001
0.00025
0
0.000269
0.00107
0.000263
0.000263
0
0.000268
0.020329
0.0008
0.000268
0.016245
0.000533
0
0
0.000273
0.00082
0.000847
0.000558
0
0.00108
0
0.00027
0
0.00027
0.000276
0.017692
0
0.000282
0
0.000282
0.000847
0.000566
0.000284
0.000286
0.00029
0.032714
0.000287
0.000583
0
0
0.000285
0.000296
0.000288
0.000289
0.000582
0.000575
0
0.000293
0.002405
0.000853
0.000826
0.000831
0.00028
0.001428
0
0.000819
0.000268
0
0
0
0
0.034439
0
0
0
0.000316
0
0.008723
0
0.000282
0
0.000281
0
0.014164
0.000556
0.000283
0.012831
0.000563
0
0.000842
0.000566
0
0.000281
0
0
0.000288
0
0
0.001401
0
0
0
0
0.00028
0
0
0.000278
0.00083
0.000271
0.000267
0
0.018911
0.000281
0.0148
0.000279
0
0.016165
0
0.000266
0.000528
0
0.000264
0
0.002164
0.000532
0.019613
0.000536
0.00053
0.009356
0.000793
0.000527
0.00026
0
0
0.000521
0
0
0
0.0003
0
0.0003
0.000298
0
0.007948
0
0
0.000585
0.00059
0
0.00059
0
0.000278
0.000835
0
0.000561
0
0.002301
0.000548
0.000267
0.000271
0.000268
0.00108
0.000535
0
0.000538
0.000535
0
0.000266
0
0
0.001352
0
0.000258
0
0
0.000257
0.000256
0
0
0
0
0
0.000536
0.000269
0
0.000268
0
0
0.000566
0
0.000267
0.000268
0.000269
0.029059
0.000265
0.000264
0
0.000259
0
0
0.000529
0.001675
0.016886
0.000839
0.000275
0.000563
0.00027
0
0
0.000815
0
0.000268
0
0
0
0
0
0.00054
0.014053
0.000274
0.000567
0.002353
0.001541
0
0.000298
0
0
0.000846
0.00113
0
0
0
0.013077
0
0
0.000286
0.030165
0.000281
0.015821
0
0.000275
0
0
0.00028
0.001137
0.000265
0.000267
0.110598
0.000794
0
0
0.000518
0
0.000262
0.000262
0.000268
0.000267
0
0
0.000259
0.001013
0.000261
0.005079
0.000255
0
0
0
0
0.000509
0
0.000255
0
0.000253
0
0.00026
0.002837
0.000774
0.000579
0.000289
0
0.000292
0.000291
0.000291
0.000901
0
0
0.012277
0.011224
0.000269
0.000266
0.000531
0.000793
0
0
0
0
0.00027
0.000271
0
0.000526
0.000518
0.000518
0.00026
0.000518
0
0
0.000263
0.000522
0
0.000268
0.001083
0.000266
0.000785
0.026433
0.000266
0.000524
0
0
0
0
0
0.000273
0.000277
0.000277
0.000276
0
0.000275
0.000275
0
0.000805
0.000264
0.000263
0.003513
0.000265
0
0
0.000267
0.018331
0.000271
0.000833
0.003531
0.000519
0
0
0.000247
0.000249
0
0.000495
0
0.000487
0
0
0.015496
0.00025
0
0.003653
0.000766
0
0.00025
0.001029
0.00077
0.000258
0.000509
0
0.001918
0.001032
0.000253
0.001251
0
0.000249
0.000994
0.014963
0.00049
0.000253
0
0
0
0.000766
0
0.000247
0.000499
0
0.000771
0
0
0
0.000255
0
0.000251
0
0.000501
0.001007
0
0.000752
0
0.022371
0.00105
0.001038
0
0
0.018676
0
0
0.000548
0.000269
0.000254
0
0.001015
0.000263
0.000781
0.000522
0.000256
0
0.000258
0
0.000267
0.00027
0.000266
0.004508
0.000264
0.000272
0
0
0.000261
0.014481
0
0
0.000567
0.000266
0.000516
0
0.000513
0
0
0
0.00026
0.000257
0
0.000262
0.013632
0
0.000266
0.00053
0
0.000827
0.016488
0.016921
0
0.000831
0.000278
0.000561
0.0189
0
0.000259
0.000506
0
0
0.00051
0.000513
0.000519
0.000525
0.000779
0
0
0.000772
0.000775
0
0
0.000521
0.000514
0.000255
0
0.000504
0.000252
0.0005
0.000994
0.000504
0
0.018957
0.000259
0.00051
0.000758
0.000248
0
0.000253
0.000764
0.000262
0.000254
0.000508
0.000251
0.000506
0.000261
0.000523
0.000258
0.000519
0.000258
0
0.000267
0
0.000264
0
0
0.000787
0.000261
0.000266
0.00107
0.000534
0
0
0.000264
0.000259
0.000265
0.000263
0
0.000268
0
0
0.000258
0.000255
0.000768
0.000511
0
0
0.001296
0.000257
0
0.000255
0
0.00026
0.000766
0.000768
0.000511
0
0
0
0
0.000264
0.000263
0.018458
0.000274
0.000267
0.00027
0.00027
0.000545
0.000542
0.000273
0.00027
0.000533
0
0
0.000269
0
0.000282
0.001133
0.001402
0
0.000531
0.000267
0
0.000253
0
0
0
0.000286
0.000271
0.00111
0
0.000533
0
0
0.000259
0
0
0
0.000268
0
0.000528
0.000792
0
0.000524
0.000527
0
0.000264
0.000266
0.000269
0.000265
0
0
0.00026
0
0
0.000516
0.000521
0
0
0
0
0.000271
0.000276
0.000272
0
0.000529
0
0.000264
0
0.001086
0.000524
0
0
0.000262
0.001563
0
0
0
0.001028
0.000251
0.000759
0
0
0.000251
0.000498
0.000252
0
0
0
0
0.000526
0.000256
0.000497
0.000251
0.000248
0
0.000768
0.000256
0.000257
0
0
0.000261
0.000264
0
0
0.000786
0.000263
0
0.000267
0
0.004766
0
0.000521
0.000531
0.000526
0.000259
0
0.000256
0.000255
0
0.000508
0.000254
0.000775
0.00025
0.000248
0.012917
0.000245
0.000249
0.000249
0.000245
0
0.000247
0.000493
0.00024
0
0
0.000241
0.000478
0.000238
0.000468
0.000477
0.001479
0.000966
0.013494
0.000469
0
0.000233
0
0.000239
0.000473
0
0.000233
0
0
0.000471
0.017447
0.00347
0
0.000715
0
0
0
0
0.000689
0.000227
0.000469
0.000473
0
0.000727
0.000237
0.00048
0
0.000244
0.000488
0.000244
0.000962
0.000715
0
0.00049
0.000486
0.000486
0.000242
0
0.000245
0.000246
0.018449
0.000495
0
0.000253
0.000253
0.000488
0.001248
0.000246
0.000984
0.000243
0.000241
0.001222
0
0.00024
0.000244
0.000242
0.000249
0.000503
0.00025
0.000497
0
0
0.000248
0
0.000262
0.000242
0
0.000236
0.000476
0
0.000249
0.002238
0.00048
0.000486
0.021214
0.000722
0.000716
0.000483
0.00096
0.000707
0.000489
0
0.000523
0
0
0.00026
0.004497
0.000523
0.022443
0
0
0.00075
0
0.000498
0.000493
0.000247
0.000247
0.000758
0
0
0.000256
0
0.000519
0.000804
0
0.000255
0
0.000251
0.000498
0.000509
0
0.000253
0.000504
0.000519
0.00051
0
0.000255
0.00051
0
0.000251
0.000256
0.000252
0.000253
0
0.000255
0.000255
0
0.02443
0.000528
0.000505
0.001015
0.001592
0.000258
0.011804
0.000519
0
0
0.000249
0.000257
0.000259
0.000783
0.000258
0.000524
0
0.000535
0.001047
0
0.000812
0
0.000258
0
0
0.000506
0
0.001033
0.000259
0
0.001313
0.000758
0.00074
0
0.000747
0.000248
0.000745
0
0
0.001258
0.00025
0.001296
0
0
0
0.020759
0.000516
0.000566
0.000256
0.000511
0
0.0005
0
0
0
0
0
0.001044
0
0
0.001048
0.000508
0.000254
0
0
0.000256
0.011707
0
0
0
0
0.000527
0.019659
0.001083
0.000529
0.003479
0.000279
0.000796
0.035448
0
0
0
0
0
0
0.002306
0.000561
0.001063
0.000262
0
0.020463
0.000542
0
0
0.000272
0.000806
0.01682
0
0.000264
0.000789
0.000261
0
0.000526
0
0.000535
0.000265
0.000267
0
0
0
0
0.000265
0
0.000261
0
0.000769
0.000257
0.000999
0.000253
0.000762
0.00025
0.002068
0
0.000507
0.000253
0.003201
0.000534
0
0
0.000265
0.000527
0.000266
0.000528
0.000269
0.000273
0.000275
0
0.000277
0.001389
0
0.000259
0
0.000522
0.000262
0.000258
0
0.000262
0.011321
0
0.000257
0.000263
0.000515
0
0
0
0.000265
0
0.000265
0
0
0.000861
0.000287
0.003781
0
0
0.000525
0
0
0
0
0.001082
0.017417
0.001931
0
0.017792
0.000281
0
0
0.000268
0.000272
0.006439
0.000823
0
0.000272
0
0
0.000272
0.000279
0
0.018847
0
0
0.000557
0
0.000279
0
0.000832
0
0.019856
0
0
0.000863
0.000266
0.000261
0
0.000787
0.00052
0
0.000258
0
0.000258
0
0.000257
0.002953
0.000519
0.000256
0
0
0
0.000258
0
0
0.000271
0.000824
0
0
0.000538
0
0.019797
0
0
0.000261
0.000256
0.000258
0
0.000253
0
0.000255
0.00077
0
0.000505
0.001288
0.000507
0.00051
0.000781
0.000517
0
0.000264
0
0.003112
0.000255
0.000508
0.000254
0.000484
0.000241
0.000242
0
0.000247
0.000244
0
0
0
0.000252
0
0.003476
0
0.000255
0
0.000259
0
0.000256
0.000255
0.000254
0.001294
0
0
0.000788
0
0
0.000522
0.000508
0.000254
0
0.000511
0.000254
0.000506
0.000256
0
0.017745
0.000259
0
0
0.000262
0
0.019112
0
0.000266
0
0.000528
0
0.005273
0.00028
0
0.020482
0
0.000267
0.000265
0
0.00082
0.00027
0.000542
0.000819
0
0
0.000553
0
0.000281
0
0
0.000287
0
0.000284
0.000286
0.000289
0
0.000288
0
0.000566
0.001773
0.000288
0.000589
0.027476
0
0
0
0.000837
0.001107
0.00028
0.00055
0.000279
0.000547
0.000275
0.00082
0
0.00026
0.000785
0
0
0
0
0.001078
0.000543
0.000285
0.000289
0.000894
0.014536
0.000581
0
0
0.000275
0
0.000275
0.000278
0.001662
0.000276
0.000276
0.001394
0.000799
0
0.000255
0
0
0
0
0.000249
0
0.000251
0.000253
0.000256
0
0.000254
0.017356
0.000489
0.00049
0
0.000245
0.000246
0.001267
0.000748
0.000494
0.000246
0
0
0.016815
0.000253
0
0.000251
0.000504
0
0.02801
0
0
0
0
0
0.017232
0
0.001381
0.000527
0.000533
0.000517
0.00078
0.00079
0
0.000261
0
0
0.015857
0.000524
0.000525
0
0.001562
0.000517
0.00026
0.0132
0.000254
0.000509
0.000257
0.000256
0
0.031634
0
0.000513
0.001024
0.000255
0
0
0.000258
0
0
0.000259
0
0.000497
0.000243
0
0.000247
0.000243
0.000491
0
0
0.001518
0.000251
0.000506
0.000762
0.000246
0
0.000731
0.000241
0.000241
0.001253
0
0.000491
0
0.001205
0.000723
0.000713
0
0.00071
0
0.000238
0.000237
0.000236
0
0.000234
0
0.000234
0
0.000467
0.000239
0
0
0.000965
0.000238
0
0.000237
0
0.000713
0.000242
0.001494
0
0
0.000736
0.000483
0.000246
0
0.00252
0.000244
0
0
0.000488
0.000243
0.000249
0.000498
0.000247
0
0.000255
0
0
0.01227
0
0.000248
0
0
0.000513
0.014433
0
0.000992
0.000251
0
0
0.000252
0
0.000774
0
0.000527
0
0.000262
0.00026
0
0.000264
0
0
0.000535
0.001042
0
0.000525
0
0.000261
0.000264
0.000534
0.000262
0.000261
0
0.000517
0.000263
0
0.000778
0
0.001052
0.00051
0
0
0
0.000255
0.000768
0
0.000254
0.000249
0
0.003747
0.000518
0.017973
0.000249
0
0.000246
0
0.000716
0.000239
0.000236
0
0.000989
0.015104
0.000493
0.000976
0.000244
0.00025
0.000248
0.000252
0
0.000505
0
0
0.000502
0.000744
0.001249
0.004545
0.000502
0
0.000243
0.000978
0.000237
0.011574
0
0.000765
0.001536
0.001257
0.00025
0
0
0.000248
0
0.000489
0
0.000493
0.000249
0.008426
0.018668
0.000244
0
0
0
0.000477
0.000481
0
0.000241
0.000246
0
0.003198
0.00024
0.000727
0.000477
0.001181
0.000242
0.000478
0.00024
0.005897
0.000253
0.001011
0
0.00025
0.000493
0.000247
0
0
0.000757
0.0005
0.001039
0.000256
0.000752
0.00049
0
0.001572
0.000766
0.000511
0.000768
0.013864
0.000517
0.000523
0.040922
0.000252
0.000511
0
0.000264
0.000515
0
0.000262
0.000259
0.001558
0.000775
0.000261
0
0.000796
0
0
0
0.000258
0.000258
0
0.00026
0.040426
0.000266
0.000262
0
0
0.000252
0.018431
0.001266
0
0
0.000501
0.000248
0
0.000251
0
0.000261
0.000792
0
0.000518
0.000803
0
0.000261
0.000266
0
0
0
0.000273
0.001917
0
0.000802
0.000799
0.00027
0
0.00054
0.034125
0
0
0
0.000265
0
0.001718
0.000532
0
0.000285
0.000283
0
0.00029
0
0.001432
0.000579
0.000587
0.000291
0.000282
0.000274
0.000281
0
0.00028
0
0
0.000286
0.001129
0.00028
0.000832
0
0
0.000288
0
0.002904
0
0.000285
0.000302
0
0
0.000291
0
0.002807
0
0.000294
0
0.000292
0.000593
0.0003
0
0.000628
0
0
0
0.000293
0.000295
0
0.000291
0
0.000591
0.000296
0
0.000293
0.001235
0
0
0
0
0
0
0.00058
0.000582
0
0
0.000288
0
0.031623
0.000294
0.000885
0.000293
0.000289
0
0.000581
0
0.000292
0.000293
0.00029
0
0.000289
0
0
0
0
0.000881
0.000295
0.000293
0
0
0
0
0.018807
0
0.000603
0.019195
0
0.000299
0
0.000592
0
0.000296
0.000297
0.000309
0.00094
0
0
0
0.000301
0.000597
0.000301
0.00062
0
0.000619
0
0.000939
0.000308
0
0.000622
0.000608
0.000303
0.000303
0.000306
0
0
0
0
0
0.000623
0.000306
0
0.000301
0.000601
0
0
0
0.000296
0
0.000292
0.000293
0
0.000592
0.000291
0.0003
0
0
0.00058
0
0.000572
0
0
0.000294
0.000585
0.000599
0.016602
0.000296
0.000299
0.000333
0.000334
0.046827
0
0.016383
0.000601
0
0
0
0.000582
0.00029
0
0.000282
0
0.000282
0.000589
0
0.000276
0
0.000287
0
0.001131
0
0
0.000555
0.000281
0
0
0
0.000546
0.000268
0.000538
0.000801
0.000534
0
0.001127
0
0.000283
0.000567
0
0
0
0.000878
0.000293
0.000295
0.000291
0.00059
0.00029
0
0.00029
0
0
0.012339
0.000584
0
0
0
0
0.00061
0.000304
0
0
0.00031
0.000301
0
0
0.00031
0
0
0.000603
0
0
0.000301
0.018362
0
0
0
0
0.000302
0
0
0
0.000896
0.000296
0
0
0.000293
0
0.000297
0.000606
0
0.000295
0
0.001452
0.000883
0.00029
0.000581
0.001762
0.000314
0
0.000943
0.000637
0.000314
0
0
0.000294
0.069643
0
0
0
0
0
0
0.000283
0.023562
0
0.000822
0
0.000547
0
0
0.001901
0.000275
0
0.000562
0.000837
0.001638
0.000562
0
0.000264
0
0.000532
0.017647
0
0.000271
0.000277
0.000539
0
0.000268
0.000276
0
0.000272
0
0.000271
0.004799
0.000909
0.005682
0.022488
0.000677
0.001292
0.004663
0.000598
0.001961
0.000895
0.000683
0.000307
0.006623
0
0.000858
0.022639
0
0.000603
0.001824
0
0
0.001691
0.000295
0.000581
0.000617
0
0
0.001542
0.000328
0.000342
0.020677
0.000962
0.000326
0.000311
0.017363
0.000293
0.000636
0.000608
0.001217
0.000596
0
0
0
0.000902
0.000584
0.000291
0
0.000864
0.000295
0
0.000872
0.037747
0.000305
0.000895
0.01905
0.000585
0.000826
0.000265
0.001381
0.000805
0.001097
0.000553
0
0.000537
0.000541
0.000531
0.000265
0
0.000267
0.000531
0
0.000536
0.000794
0.000267
0.000522
0
0
0
0.000266
0
0
0.036524
0.000266
0
0.001085
0.000841
0.000264
0
0.000565
0.000535
0.000259
0.000545
0.000265
0.000549
0.01586
0.00028
0.000279
0
0.000275
0.000553
0.000847
0.000272
0.000277
0.000283
0.000844
0.000567
0.000282
0.000274
0
0
0
0.000796
0.000276
0
0.017664
0
0.000278
0.001126
0
0
0.000553
0.000281
0
0.000554
0.000279
0.000265
0
0.000533
0.000532
0.000264
0.001645
0.000791
0.00027
0.004797
0.000545
0.001381
0.000272
0.000274
0.001344
0
0
0.016778
0.019056
0.000286
0
0.00028
0
0.000554
0
0.000552
0.000276
0.000559
0
0
0.001141
0.00088
0
0.000587
0.000295
0.00029
0
0.000584
0
0.00029
0.001517
0
0
0.000284
0.00086
0
0
0.001778
0
0
0.001487
0.000295
0.000298
0.000293
0
0.000296
0.001473
0.000913
0
0.000879
0.000297
0.000584
0.000872
0.001495
0.001187
0.032049
0
0.000278
0.00028
0
0.000284
0
0.001716
0.000569
0.004975
0.000286
0.000285
0.001704
0.000286
0.000572
0.000882
0
0
0.000306
0.000306
0
0.001537
0
0
0.014554
0
0.000323
0.023135
0
0
0.02051
0.000307
0.00031
0.001573
0.000628
0.000311
0.001569
0.000312
0.000307
0
0.000308
0.000306
0
0
0
0.005324
0
0
0.010863
0.000917
0.000316
0.002847
0
0
0.000313
0.000621
0
0.064286
0
0
0
0.000302
0
0.000308
0.0006
0.000604
0.015582
0.000642
0.000321
0.001914
0.00032
0
0.000637
0
0.00032
0.002967
0.000308
0
0.000306
0.000302
0.000301
0.002088
0.000614
0
0.022649
0.000308
0.0003
0.000934
0.000617
0.00094
0
0
0.000302
0.000615
0.000619
0.00066
0.034137
0.002699
0
0.000322
0.00032
0.000315
0.002478
0.000305
0
0.019219
0.000305
0.000306
0.000298
0.000605
0.001192
0
0
0
0.000587
0.000592
0
0.002037
0
0
0.002961
0.000294
0.000291
0.019653
0
0.002058
0.022338
0
0
0.000293
0.000581
0.000287
0.000286
0
0
0.001731
0
0.000279
0.001394
0
0.000279
0.02513
0.000621
0.000306
0.001242
0
0.000604
0.022256
0
0.000308
0
0.026233
0
0.038973
0
0
0.014516
0.00112
0.011858
0.001405
0.000279
0
0.000265
0.000268
0
0.00133
0.000516
0
0.000748
0.000248
0
0.000754
0.00101
0.000247
0
0.000493
0.000751
0.024096
0
0.000246
0.000989
0.000246
0
0
0
0.000248
0.000492
0.001
0
0.000732
0
0
0.000495
0.000494
0
0.000482
0
0.000241
0
0
0
0.00729
0
0
0.000484
0.002195
0.00049
0.000245
0
0.00076
0.000763
0.000252
0
0.00051
0.000524
0.000521
0.000787
0.000261
0.000262
0.000786
0.000262
0
0
0.00027
0.000268
0.000553
0
0
0
0.000831
0.000832
0.000833
0.00028
0
0
0.000544
0.000278
0.000834
0
0.000274
0.000283
0.000563
0.000564
0
0
0.000564
0
0
0
0
0.000275
0
0.025411
0
0
0.025044
0.000291
0
0.001151
0.000584
0
0.000581
0
0.000305
0.001247
0.000615
0.000297
0
0.000293
0
0.000291
0.000588
0.000292
0.043623
0.000299
0
0.025962
0
0
0
0
0.000285
0.000285
0.000294
0.000885
0.0009
0
0.000307
0.000308
0.001915
0.000618
0.000922
0.00063
0.00097
0.001232
0
0
0.023507
0
0
0.041298
0.00033
0
0.000944
0
0.000644
0.015464
0
0.00063
0.017019
0
0
0.001904
0.000378
0.000379
0
0
0.000393
0
0
0.000355
0
0
0.000344
0.000688
0.000347
0.000701
0
0
0
0.003219
0.000355
0.00035
0.000347
0
0.00069
0.022617
0.000329
0.000654
0
0.000324
0.000323
0
0.000324
0
0.000328
0.000653
0.000657
0.000329
0
0
0.000321
0
0.00132
0.00032
0.000318
0
0
0
0.000638
0.00032
0.00064
0.001949
0.00063
0.000321
0.000317
0.000319
0.07072
0.000316
0.000636
0
0.000306
0
0.000606
0.000295
0.000603
0.000296
0.001512
0.000605
0.000298
0.017788
0.000292
0
0
0.000613
0.001548
0
0
0.000295
0.000298
0.000293
0
0
0.000588
0
0
0.001142
0.000287
0.000287
0.000298
0
0.001865
0.035714
0.036905
0
0.000634
0
0.000316
0
0.000317
0
0
0
0
0.016677
0
0
0.000614
0
0
0.000305
0.000613
0.000307
0.000305
0
0
0
0.000316
0
0.018378
0.000312
0.000313
0.000313
0
0.000304
0.000305
0.000303
0.000302
0.000609
0
0.000296
0.017694
0.000602
0
0.000303
0.000301
0.000578
0.000588
0.00029
0
0.0006
0.00059
0.000295
0.000294
0.000291
0
0.000882
0.000596
0.000299
0.000607
0
0.000599
0.000302
0
0.000296
0
0.00029
0.000293
0.000583
0
0
0.020971
0
0
0.018182
0.001748
0.00029
0.00029
0.00029
0.000859
0.000564
0.000281
0.001458
0.01687
0.000891
0
0
0
0.000299
0.000602
0.000599
0.000289
0.001172
0.000891
0.000299
0
0
0.000293
0
0
0.000305
0.000295
0
0
0.000297
0
0.000605
0.000297
0
0
0.020604
0.000291
0.000582
0.000292
0.000581
0.000582
0.000585
0.000588
0.001526
0.000302
0.000301
0.000322
0.000939
0
0.000627
0
0
0
0.023771
0
0
0.000969
0.000326
0.000651
0.000697
0
0
0.047025
0
0.000352
0.001068
0
0.000331
0.00033
0
0.000325
0
0
0
0.022256
0
0
0.000926
0.001281
0.000614
0.024055
0.00031
0.000309
0.002186
0
0
0.017205
0.000304
0
0.000904
0.000602
0.000308
0.000928
0.000307
0
0.018634
0
0
0.000884
0.000292
0
0.020887
0
0.000863
0.003749
0
0.00054
0
0
0.000285
0.000287
0.000564
0.000825
0.000821
0.005063
0.000577
0.000871
0.000285
0.000287
0.020613
0.000858
0.000896
0.023206
0
0
0.040582
0.000297
0
0.002349
0.000594
0.001112
0.000275
0
0.001106
0.036624
0.000269
0.001083
0.000535
0.000265
0.000536
0.021999
0
0
0.000275
0
0
0.000261
0.000526
0
0
0.000261
0.000523
0.000263
0
0.000262
0.000521
0
0.000255
0.000774
0.000255
0.000752
0
0.000492
0
0.000244
0
0.000249
0.036258
0.000752
0.0005
0.000251
0
0
0.00079
0
0.001024
0.000509
0.000505
0.000252
0
0.000251
0
0
0.000507
0.000261
0.017576
0
0
0.001025
0
0.000258
0.000259
0.00026
0.000259
0.000518
0.00051
0
0
0.000768
0.000765
0.000762
0.000508
0.000256
0.000257
0.00026
0.00026
0
0.000259
0.000259
0.000263
0.000258
0
0
0.000259
0
0
0.000513
0.000509
0
0
0
0.033559
0
0
0.000547
0
0.000275
0.016935
0.000569
0.000286
0.000286
0
0.000284
0
0.000288
0.000286
0
0.000589
0
0
0
0
0
0
0.000815
0.018308
0
0
0
0.000418
0
0.000432
0.045153
0.000882
0.0018
0
0
0.039486
0
0
0.011483
0
0
0.000955
0
0
0
0
0
0.00092
0
0
0
0
0.001044
0.008097
0.000331
0
0.018549
0.000328
0
0
0.000646
0.000324
0
0
0
0
0
0.000638
0
0.000632
0
0.001342
0.000322
0.000318
0.010149
0
0
0
0.000317
0
0
0.000632
0.000647
0.000966
0
0
0.000326
0.000338
0.000339
0.000351
0.000349
0
0.000704
0
0
0.000357
0
0
0.000702
0
0.000703
0.000348
0.000349
0.000354
0.00035
0
0.004786
0
0
0.000353
0.000704
0
0.000353
0.000358
0.000343
0.000338
0.001032
0
0
0.000339
0.000684
0
0
0
0
0.000338
0
0
0
0
0.000329
0.00033
0
0
0
0
0
0.001325
0.000327
0
0.000975
0
0
0.03569
0.000329
0
0.000648
0.000318
0.000305
0
0.000609
0.000609
0
0
0.000921
0.006993
0.024817
0.000304
0.000293
0.001198
0
0.000296
0.000596
0
0
0.000896
0
0
0
0.000296
0.042022
0.000295
0.000587
0.000888
0.000578
0
0.000285
0.001747
0
0.000289
0
0.000542
0.000271
0.000275
0.000553
0.000821
0.000819
0
0.020546
0
0
0.000567
0
0.000276
0.000274
0.000274
0.000552
0.011187
0.022313
0
0.00027
0
0.000803
0.000268
0.000548
0
0.000267
0
0.00027
0.021479
0
0
0
0.001143
0
0.000555
0
0.000276
0.000277
0
0.00028
0.000558
0.000285
0
0.000281
0.000287
0.000285
0.000854
0.000864
0
0.000876
0.000293
0.00029
0.000589
0.00029
0.000288
0
0
0.000576
0.02142
0
0.000572
0
0.000288
0.000299
0.021758
0
0.000292
0
0.000866
0.000286
0.000289
0
0.000288
0.014252
0.000896
0
0.000864
0.000853
0.000566
0.000283
0
0.000556
0.000574
0.000286
0.000865
0.001438
0
0
0.000561
0
0.000291
0.000865
0.00029
0
0.001434
0.000582
0.000288
0.024542
0.000294
0
0.000291
0
0
0.00029
0.021499
0.000589
0
0.000284
0.000824
0.000826
0
0
0.000287
0.000286
0
0.07198
0.00031
0
0.000307
0.00031
0.000289
0
0.000284
0
0.000288
0
0.000287
0
0
0.000568
0.000286
0.000286
0.000575
0.000563
0.000287
0
0
0.000284
0.000283
0.000281
0.001105
0.000267
0.000538
0
0
0.02258
0.000281
0
0.015271
0.000289
0.000877
0.019359
0
0.000294
0.000585
0
0.000296
0.000883
0.000296
0
0
0.067388
0
0.020497
0.020352
0
0
0
0.000303
0
0
0.000923
0
0.00031
0
0.022948
0.000315
0
0.038257
0.000308
0
0.000602
0.000298
0.000302
0
0.000901
0
0
0.000296
0
0.000886
0
0
0.03602
0.000307
0.00031
0.02396
0.000945
0.001214
0.000287
0
0.000572
0
0.000292
0.002244
0.001535
0.000608
0
0
0
0.000306
0.000618
0.000307
0.000617
0
0.000311
0
0.000325
0.000319
0
0.000978
0
0
0.000327
0.000908
0.000298
0.000888
0.000917
0
0.02929
0.000297
0
0
0
0.000595
0.000604
0.000302
0
0.000587
0.00029
0
0.039493
0.000295
0.000287
0.000296
0.000286
0.000577
0.00028
0.000285
0.000281
0.000284
0
0.000281
0.000278
0.000292
0.000564
0.000561
0
0.00029
0.000288
0.001175
0.000578
0.001464
0
0.000293
0.000576
0.000586
0.001154
0
0
0
0
0.00086
0
0.026478
0.000295
0
0
0.001844
0.000295
0
0
0
0.000599
0
0
0
0
0.000585
0.022944
0.000304
0
0.000316
0
0.000602
0
0.000302
0.00031
0.037931
0.000311
0.000941
0
0.000304
0
0
0
0.000297
0.000301
0
0
0
0.000294
0.000583
0.000859
0
0
0.000845
0.002284
0.000857
0.005086
0.000279
0.000275
0
0.00028
0.000278
0.000569
0
0.000278
0.000277
0.000827
0.000834
0.000558
0.000563
0
0.000844
0.000841
0.000849
0
0.00028
0.000277
0.000277
0.00028
0.00028
0
0.000294
0
0.000296
0.000297
0
0
0.0003
0
0.011347
0.000607
0
0.000667
0
0
0.036938
0.000343
0
0
0
0
0.041525
0.003749
0
0.000295
0
0.000581
0.000291
0.01883
0
0
0.015497
0
0
0.000281
0.000278
0.000275
0
0
0.003434
0.006366
0.000288
0.000282
0
0.000862
0
0.002726
0
0
0.000572
0.001168
0
0.000567
0
0.00029
0.000286
0.00029
0
0.003589
0
0.000331
0.000987
0
0.000326
0.00164
0.000323
0.000645
0.004087
0
0.01543
0.000295
0.006651
0.001222
0.020641
0.000303
0.016077
0
0.000588
0.000886
0.000291
0
0.000585
0.000891
0.000867
0.000292
0.000295
0.000297
0.002115
0.000586
0.000594
0.002798
0.000896
0
0.001171
0.000295
0.000606
0.000601
0.000302
0.000306
0.001277
0
0.000899
0
0.000872
0.000588
0.000292
0.000894
0.000583
0
0.000615
0.000603
0.026543
0.02307
0.000297
0.000576
0.002027
0
0.010909
0
0.000581
0.011454
0.000581
0
0.000296
0.000296
0.000599
0.000598
0.000293
0
0.001199
0
0
0.022992
0.000298
0.000598
0.000889
0
0.000599
0.000599
0
0.000608
0.000306
0.000308
0
0.001939
0
0
0.022407
0
0
0
0
0.000598
0
0
0
0.000582
0.000285
0
0
0
0.000278
0.000281
0
0.000561
0.001119
0.000573
0
0
0
0
0
0.001144
0
0.000833
0
0
0.001389
0
0
0
0.000286
0
0.000868
0.00085
0.000285
0.001399
0.000282
0.000276
0.000279
0.000275
0.000824
0.000273
0.000552
0.000273
0.000834
0.001121
0
0.002011
0.001119
0.000559
0.000268
0.000264
0.000794
0.012189
0
0.001048
0.000261
0.000531
0.000262
0.011316
0.000265
0.000264
0
0
0.000275
0.000279
0.023368
0.000283
0.040186
0
0.00027
0.000269
0
0.000273
0.001412
0.001141
0.00027
0.000274
0.000572
0
0.000815
0.000275
0.00028
0.005551
0.000275
0
0.002791
0
0.001112
0.000852
0.003552
0
0.010481
0
0
0
0.001892
0
0.000556
0
0.000558
0
0.000274
0.000272
0.000268
0.000548
0
0
0.000283
0
0
0
0.00057
0
0.001172
0
0.000575
0.000579
0.000578
0.012293
0.000282
0.001114
0.021448
0.001639
0.000269
0.000267
0.000803
0
0
0.00027
0
0
0.002467
0.000263
0.000264
0.000536
0.001612
0
0.000259
0.000521
0.001292
0
0.000263
0
0.00026
0.000268
0.026186
0.000285
0.000285
0.000288
0
0
0
0.000547
0.000541
0.000276
0
0
0
0
0
0.011971
0
0.000551
0.002262
0
0
0.000271
0
0.000547
0
0.000277
0.000274
0
0.000558
0
0.000559
0
0
0
0
0.000543
0.023868
0.000267
0
0.000265
0.001077
0
0.001865
0.000542
0.000268
0.00161
0.00027
0
0.000268
0
0.000265
0
0.000271
0.000262
0
0.000816
0.004493
0.001092
0.000819
0.000276
0.000583
0.00115
0.023529
0.001399
0.000563
0.000836
0.000562
0.000272
0
0.000272
0.000529
0.001059
0.000264
0.000518
0
0.009481
0
0.00027
0
0.000267
0
0
0.00052
0.00026
0.000255
0.000509
0
0.000762
0.00025
0.000248
0.00178
0.000251
0
0.001056
0.002691
0.000254
0.000753
0.000255
0.000751
0.000248
0.000248
0.000499
0
0
0
0
0.00104
0.000254
0
0
0.000255
0.002061
0.000753
0
0.012509
0.000736
0
0.016805
0.001217
0.000479
0.000239
0.000484
0.000971
0
0.000244
0.000746
0
0.000493
0
0.000245
0
0
0.001507
0.000251
0.000245
0
0
0.000251
0.000781
0
0.000253
0.000259
0.00026
0
0.000255
0.000264
0
0.001053
0.000263
0.000519
0
0.000793
0
0.001089
0
0
0
0.000546
0.00053
0.000543
0
0.000537
0.000542
0.000807
0
0.000544
0
0.000265
0
0
0.000269
0.017171
0
0.000781
0.000261
0.00026
0.000792
0.000528
0.001343
0.000781
0.000266
0.000276
0
0.000282
0.000285
0.000279
0.000281
0.000566
0.000286
0.001969
0.000565
0
0.001408
0.000279
0.000566
0.000566
0.000283
0
0.000285
0.00029
0.00029
0.00028
0.000285
0.000583
0
0.000283
0.000852
0.000289
0.000285
0.001699
0.000549
0.000272
0.000275
0.000547
0.000546
0.00027
0.000544
0.000836
0.000574
0
0
0
0.000565
0.000566
0.000568
0.023959
0
0.00027
0.000264
0
0
0.002814
0.000259
0.000252
0
0.000258
0
0.000264
0
0.000544
0.001397
0.00028
0.000863
0.025546
0.00055
0
0.000543
0.000833
0
0.027116
0
0.000267
0.000267
0
0
0.005053
0.024048
0.000265
0.00027
0
0
0.001332
0.00109
0
0
0
0.000268
0.023572
0
0.000815
0.00027
0
0
0.001394
0
0.000272
0
0.00083
0.000544
0.000273
0.000272
0.000277
0.001403
0.000279
0.000277
0.006326
0.000263
0
0
0
0
0.000257
0.00026
0
0.000256
0.000258
0
0
0.000255
0
0
0.000762
0.00051
0.000258
0.000255
0.000251
0.000753
0.000251
0
0
0.001282
0.000254
0.000253
0.000253
0.000988
0.000492
0
0.000499
0
0
0
0.002134
0.000259
0
0.031773
0
0.20655
0.000261
0
0.001018
0.002644
0
0
0.001693
0
0.000252
0.000514
0
0.001003
0
0.00051
0.000249
0
0
0.002269
0.005685
0.000503
0.000497
0.000763
0
0
0.000256
0.021599
0.000511
0.001785
0.000508
0.000253
0.008867
0.000259
0.000255
0.000258
0.000266
0.000255
0
0
0
0.000265
0.00081
0.000813
0.019875
0.000807
0
0.000764
0
0.000521
0.034745
0
0.000266
0.018373
0.000276
0.000281
0.01085
0
0
0.000296
0.000291
0
0
0
0.000301
0.00149
0
0
0.000603
0.000303
0
0
0
0
0.000308
0
0.000621
0.002196
0
0
0
0
0.000294
0
0
0
0.014706
0.000922
0.000303
0.0003
0.000286
0
0.000285
0.000288
0.000283
0
0
0
0.0003
0.000297
0.000288
0.000569
0.000567
0
0
0
0
0
0.000624
0
0.036547
0.000592
0.000877
0
0
0
0
0
0
0.001418
0.000284
0
0.000861
0
0.00028
0.000278
0.000558
0.000282
0.000279
0
0
0.000826
0
0
0.001711
0
0
0.004108
0
0
0.001405
0.000278
0.00028
0.000564
0
0.000602
0.000297
0
0
0.000287
0
0.000564
0.000278
0.000841
0
0.00142
0
0
0.001154
0
0.000284
0.000281
0
0.001437
0.000571
0.001186
0.000859
0.026824
0
0
0.027588
0.000292
0.000287
0.000279
0.000851
0
0.001152
0.000283
0.000286
0.001116
0
0.000283
0.018328
0
0
0.000562
0.000555
0.000289
0.000553
0.000553
0
0.000555
0.000839
0.000276
0.000277
0
0
0.000284
0
0.000588
0.002054
0
0.000288
0.000289
0.000579
0.00029
0
0.001232
0
0.000295
0
0.000294
0.00029
0
0.000292
0
0.000584
0
0.000589
0
0.000279
0.000561
0.00349
0.00055
0.000552
0.000278
0.00029
0.000887
0.000296
0.000576
0.018545
0.000568
0.000856
0.00057
0
0.000564
0
0.000567
0.000285
0.000581
0
0
0.019958
0.000297
0
0.002068
0.000295
0
0
0
0.000306
0.000302
0
0
0.002706
0.000302
0.000886
0.000288
0.000579
0.001767
0.002368
0.00029
0.001451
0.000285
0.016657
0.000304
0.000308
0
0
0.023131
0
0.000685
0.038939
0.000336
0
0.001015
0
0
0.007027
0
0.000312
0.00563
0.023482
0
0
0
0
0
0
0
0.001545
0
0.000295
0.002101
0
0
0.003805
0.000313
0
0
0.000616
0.000308
0
0.000309
0
0.002376
0
0.0006
0.001198
0.0003
0.000299
0.000299
0.001182
0.000588
0
0.000905
0
0.000599
0
0.000279
0.000278
0.001113
0.000281
0
0.002943
0
0.000282
0
0.000293
0.00241
0
0.000289
0.017862
0.000289
0.000301
0
0.00061
0.000301
0
0
0
0.000305
0.000299
0.000603
0.002109
0
0.000879
0
0
0
0
0.000297
0
0.000294
0.0003
0.000296
0.01699
0.000299
0
0.027227
0.0003
0.000608
0.019643
0
0.000305
0.000319
0.000641
0.00032
0.036098
0.001287
0
0.000315
0.000954
0
0.011254
0
0
0.000629
0.000627
0
0
0
0
0
0.000319
0
0.000627
0.000311
0
0.023615
0.000624
0.000615
0.000305
0
0.00061
0
0
0
0
0.000915
0.000304
0
0.0003
0
0
0
0
0.002215
0.001247
0
0.001257
0
0
0.000319
0.000641
0
0
0
0.000323
0.001592
0.000315
0.000316
0.00032
0.000961
0
0.001285
0
0
0
0
0.000639
0
0.000653
0
0.000333
0
0
0.000327
0
0.000659
0
0.000652
0.000324
0.000318
0.00032
0.000619
0
0
0.000626
0.000628
0
0.000924
0.001583
0
0
0
0.000955
0.000319
0.020924
0
0.001251
0.000912
0
0.000606
0.000621
0.000928
0.000309
0.000939
0.00062
0
0
0.000305
0
0.000316
0
0
0.004939
0
0.000319
0.000321
0
0.000325
0
0.000322
0
0
0.000323
0.000313
0.000626
0.000621
0.000314
0
0.005882
0.000623
0
0.00031
0
0.000318
0.000631
0.000965
0.00193
0
0
0.000296
0
0
0.000892
0.000293
0.000295
0
0.000293
0.000293
0
0.000578
0.000289
0.000571
0.000286
0.000278
0.001128
0.00028
0.001112
0.002456
0.00027
0.002188
0.00253
0.00232
0.000268
0.001052
0.000532
0.019006
0.000536
0.000539
0.000549
0.001634
0.000538
0.000521
0
0
0
0.000786
0.000259
0.000535
0.000263
0.000265
0.000804
0.000522
0
0.000265
0.000266
0.00078
0
0.000269
0.000813
0.00027
0.000551
0.00136
0.000805
0
0.000274
0
0.007347
0.000537
0
0.000269
0
0.000273
0.000552
0.00028
0
0.000823
0.000276
0
0
0
0
0.017918
0.000283
0
0.000284
0.000289
0.000879
0.000873
0
0.000287
0.000882
0
0
0.000293
0.0003
0
0.016404
0
0
0.00133
0
0.000333
0.000334
0
0
0
0.000308
0.000306
0.012743
0.013851
0.000589
0
0.002166
0.001824
0.000295
0
0.000301
0.000304
0.000589
0
0
0
0.000302
0.017143
0.000905
0
0
0.000635
0.000959
0
0.00032
0.000318
0.000956
0
0.000321
0.001937
0
0.000638
0.024952
0
0
0.000617
0.00031
0.00063
0.000313
0
0.000319
0
0.000327
0.000317
0.000628
0.000315
0.000307
0
0
0.000329
0.000656
0.001981
0
0.000952
0.000315
0
0.000977
0.011013
0
0.001928
0
0.000307
0
0.000308
0.000959
0.000988
0
0.000921
0
0.0006
0.000312
0
0
0.000979
0.000318
0
0
0.012724
0.000341
0.000996
0
0
0.000323
0.000325
0
0.000316
0
0.000649
0
0.001629
0
0
0.00064
0
0.000326
0
0.000649
0.000968
0.000962
0.000648
0
0
0
0.0003
0.017341
0
0
0.000318
0.000316
0.000927
0.000307
0.02084
0.000622
0.000633
0.000921
0
0.020705
0
0.000307
0
0.000623
0
0
0
0.000611
0
0.001248
0
0.019426
0
0.000608
0.003955
0.000299
0
0.000306
0
0.000601
0.000921
0.000915
0
0.016681
0
0.000571
0
0.000285
0
0.000293
0
0
0
0.000279
0
0
0
0
0.000575
0.000287
0.000288
0.000576
0.000576
0.00028
0
0.001749
0
0
0.000285
0
0.043885
0.000586
0
0.017959
0
0
0
0.000292
0
0.018901
0
0
0.000573
0
0
0
0.000585
0
0
0.000297
0.000299
0.000596
0
0
0
0.0003
0.000299
0.001199
0
0.000324
0.000355
0.000709
0
0
0
0.000343
0.002473
0
0.00034
0
0.001019
0.000308
0.009127
0.000596
0.000593
0.001203
0.000296
0
0.003867
0.000296
0
0
0.000307
0
0.000303
0
0
0
0
0
0.0003
0.000298
0.0003
0.000302
0.000911
0.000304
0.000935
0.003885
0
0
0
0
0
0
0
0
0.000656
0
0.001981
0.000994
0
0.00161
0.003442
0.00033
0.000328
0.000336
0
0
0.000649
0.000319
0.000317
0
0
0
0.000326
0.00032
0.001299
0.00032
0
0.000645
0.000645
0
0.000324
0.000332
0.000327
0
0
0
0.00133
0.000322
0.000994
0.000666
0.000977
0
0
0
0.016856
0
0.000667
0
0.000971
0
0.000321
0.000328
0.000654
0.000663
0
0
0.000349
0
0.000352
0.000347
0.000343
0.000341
0
0
0
0.000348
0.000342
0
0.001038
0.000345
0.000345
0
0
0.000343
0.000345
0
0
0
0
0.000722
0.000351
0
0.000716
0.000358
0.00071
0
0
0.000348
0.001764
0.000355
0
0
0.000344
0
0
0.001796
0.000354
0.000696
0.000352
0.013268
0
0.00069
0.000701
0
0
0.000328
0.000986
0.00033
0
0
0.000323
0
0.000656
0
0.000717
0
0.0015
0.008246
0
0.000377
0.002695
0
0
0.000355
0
0
0.000367
0.001098
0
0
0.000714
0.000358
0
0.000355
0
0.004006
0.000355
0.01329
0
0.000705
0
0
0
0.000351
0
0
0.000364
0
0.000353
0.000352
0
0
0.000349
0
0.000355
0
0
0
0.000353
0.000349
0
0
0.000698
0.001052
0.000711
0.000359
0.000358
0
0.000742
0
0.000364
0
0.000725
0.000362
0
0
0.000704
0.000349
0.000354
0.001423
0.000709
0
0.000351
0.00035
0.000349
0
0
0.000702
0.000726
0.000721
0.00072
0
0.00109
0.000716
0.008837
0.000715
0
0.000752
0.001114
0
0.000369
0.000757
0.0238
0
0.001132
0.00038
0
0.000376
0
0.001168
0
0.000382
0.000382
0
0
0
0.001542
0.000386
0.023283
0.001138
0.001554
0.003925
0.000764
0.001577
0.001528
0.000766
0.003349
0.002565
0.000349
0.002235
0.05034
0.001067
0.000338
0.001073
0
0.000347
0
0.000357
0.000346
0.001072
0
0.000358
0.00034
0
0.001017
0.000717
0.000343
0
0.001414
0
0.000654
0.002137
0
0.001774
0.000735
0
0.001895
0
0
0.000347
0.024972
0
0
0.00035
0.000717
0.001103
0.015362
0.000702
0.000701
0
0
0
0
0.000345
0.001063
0.000347
0.001067
0.002925
0.001851
0.000723
0.000354
0.000353
0
0
0.000736
0.000733
0.000367
0.000358
0.000709
0.001111
0.002939
0
0.00036
0.000359
0
0.000373
0.00072
0.000354
0.000357
0.000342
0
0.000344
0
0.00071
0.000337
0
0
0.000355
0.000347
0.000341
0
0.000351
0
0
0.000337
0.007024
0.000333
0.00135
0.00033
0.000339
0.001059
0.001051
0.001758
0.02507
0.000694
0.000349
0.001453
0.000348
0.001784
0
0
0.000679
0.016306
0.003561
0.001022
0
0
0.000334
0
0.000679
0.000337
0.000344
0.001051
0.000682
0.000709
0.000346
0
0.000689
0
0
0.000712
0
0
0.001782
0
0
0.0309
0
0.00435
0.070259
0.002714
0.002185
0.000536
0
0.000525
0
0.001151
0
0
0.000513
0.001529
0.001481
0
0
0.03533
0.000393
0
0
0.00039
0.000405
0.000426
0
0.001655
0.001201
0.001177
0.000796
0.001231
0
0.000795
0.001158
0.001481
0.003108
0.026296
0.000812
0.000794
0.004259
0.000758
0.000388
0.000396
0
0.000384
0.001174
0
0.001624
0.003065
0.000407
0.001619
0.049299
0.001164
0.001156
0.001912
0.00036
0.001155
0.00108
0.000361
0.001136
0
0.000361
0.00118
0
0.000732
0.001491
0.001833
0.000355
0.000718
0.003869
0.000705
0.001969
0
0.000751
0.029423
0.00112
0
0
0.000378
0.000756
0.000385
0.001444
0
0.001071
0.000337
0.000675
0
0.000329
0.000986
0.000993
0.000935
0.000309
0.000633
0.000633
0.024139
0.001268
0.000303
0.00152
0.000617
0.000922
0.000948
0.000306
0.000303
0.001521
0.000298
0
0.001554
0.000302
0.0003
0.000305
0.000292
0
0
0.004679
0.000898
0.000292
0.000294
0.001495
0.000598
0.000598
0.029691
0.00031
0.000611
0.024422
0.000612
0.0003
0.000606
0.001215
0.000607
0.019536
0
0
0.000884
0.001142
0
0.001127
0.000564
0
0.000852
0.001137
0.000832
0.001738
0
0.000287
0.000285
0.000852
0.000279
0.000551
0
0
0.000828
0.000276
0.000276
0.001386
0
0.000271
0.001382
0
0.000879
0.000844
0
0.000532
0.001069
0
0
0.041714
0.000287
0.001468
0.042565
0.001419
0.000286
0
0
0.00117
0.000589
0.00058
0.001533
0.000309
0
0.046504
0
0
0.000952
0.00249
0
0.000318
0.026341
0.001152
0.000278
0
0.000268
0.000265
0
0.000541
0.00027
0.00134
0
0.000532
0.000268
0.000535
0.001378
0.001073
0
0.003102
0.001095
0
0.000268
0.000796
0.000266
0.000556
0.028305
0
0.044266
0.001159
0.000285
0
0.000285
0
0.001416
0
0.000283
0.000554
0.000838
0.000277
0.000281
0.00057
0.000292
0.001113
0.00027
0
0.000274
0.043824
0.000262
0.000521
0
0
0.000277
0.000272
0
0
0
0
0.000287
0.000866
0.000285
0.000288
0.000582
0.00203
0
0.040352
0.000285
0
0.000566
0
0.000555
0
0.000558
0.000829
0.000274
0
0.000563
0.000851
0
0
0
0
0
0.00058
0
0.002583
0.00028
0.001115
0.001133
0
0
0.000567
0.000284
0.001416
0.000862
0.000569
0
0.001133
0.000281
0.000283
0.000863
0.001134
0.000281
0.001459
0
0.000553
0.000533
0
0
0.000269
0.000271
0.002198
0.000269
0
0.000276
0.000278
0.002519
0.000266
0
0.000255
0.000522
0.00026
0.000257
0
0.000259
0.000556
0
0
0
0.000271
0
0.000275
0.000265
0.000803
0.000532
0
0.000534
0.000269
0.000271
0.001142
0.003136
0.000289
0.000574
0.002021
0
0.000544
0.000269
0
0
0.000272
0
0
0.020043
0.000551
0.000547
0.000819
0.000832
0.000822
0.017945
0
0.000265
0.000537
0.000539
0.00189
0
0.000273
0.000815
0.001099
0.000275
0.016023
0.038286
0
0
0.000808
0
0.000263
0.00027
0.000547
0.00027
0.001054
0.000532
0.000789
0
0.000799
0.000787
0.000263
0.000265
0.000528
0
0
0.000537
0
0.000281
0.000279
0.001404
0.001123
0.000545
0
0.000521
0.000526
0.001074
0.000537
0.00214
0.000529
0.001836
0.000262
0
0.000794
0
0.000509
0.000509
0.000258
0.000255
0.000255
0.000503
0.001045
0.000256
0.001571
0.000256
0.000255
0.0022
0.000531
0.000531
0.00053
0.000264
0.00135
0
0.000795
0.000531
0.003
0.00027
0.000272
0.000264
0.000803
0.000268
0.000272
0
0
0.000541
0.000545
0.000811
0.00054
0.001355
0.000275
0
0.000278
0.00027
0.000831
0.001163
0.000848
0
0.0167
0.001188
0
0.000293
0.001222
0.00063
0.003473
0.002464
0.001377
0.000297
0.001051
0.001614
0.000966
0.001941
0.013096
0.000503
0.002357
0
0
0.001259
0.000823
0.000829
0.565049
0.0026
0.071485
0
0
0
0
0
0
0
0.000344
0.006743
0.014129
0.003864
0.0011
0.000694
0
0.000343
0.000329
0.019592
0
0.011823
0.000347
0.000726
0.000323
0
0.001597
0
0
0
0.000299
0.005559
0
0.001886
0.000605
0.004516
0
0
0
0.001222
0.000571
0.000279
0.005418
0.000559
0.000288
0.000283
0.000295
0.002528
0.001221
0.002484
0
0.001887
0.000289
0.000604
0.017575
0.063612
0.000294
0.000578
0.000583
0.044712
0.002472
0.000286
0
0
0.059175
0
0.00027
0.001093
0.000264
0.001639
0.001344
0.002737
0
0.000269
0.000264
0.000267
0.039273
0.000266
0.000267
0.000529
0
0.002463
0
0.000519
0
0.00106
0
0.000264
0
0.000268
0
0
0.02267
0.072153
0.001127
0
0
0
0
0
0.000288
0.000304
0.000611
0.005758
0.022616
0.000252
0
0
0
0.000241
0.00097
0
0.000238
0.000474
0
0.000457
0.00327
0.000464
0.000464
0.000687
0.000911
0.001402
0.000457
0
0.000443
0.000219
0
0.000436
0
0.000213
0.000638
0.000211
0
0
0.00064
0.030226
0.000214
0.000637
0.000215
0.00042
0.001678
0.000642
0.000211
0.00021
0
0
0.040654
0
0.041065
0.000222
0.000437
0.000432
0.000216
0.000218
0
0.000654
0.000214
0.000217
0
0.000212
0.000641
0.000216
0.02252
0
0.00022
0.001114
0.000651
0.000873
0.00087
0.000886
0.00126
0
0.000831
0.000207
0.002813
0.000213
0
0.000213
0.000642
0
0.000637
0.000419
0.000209
0.000211
0.000422
0.000853
0.000654
0.000219
0.00087
0
0.000213
0.000216
0
0.017369
0.030636
0.001066
0
0.000634
0.001282
0.000424
0.000855
0.000214
0.000421
0.000212
0.000213
0
0.000426
0.001958
0.000639
0.000213
0.001715
0.000213
0.000214
0.000647
0.000436
0.00044
0.001129
0.000222
0.00289
0.000447
0.032765
0.016603
0.016667
0.000441
0.00045
0.000448
0.000228
0.015568
0.000228
0.001378
0.000687
0.000689
0.00048
0.021455
0.000464
0.000693
0.001178
0.000236
0.000474
0.000466
0.000459
0.006639
0
0.015246
0
0.000465
0.000232
0.000231
0.000464
0.000468
0
0.000729
0.000242
0.00048
0
0.000463
0
0
0.000232
0.032103
0
0.000229
0.017684
0
0
0
0.000232
0
0.000232
0.000233
0.000231
0.000233
0.000504
0.002583
0.000512
0
0.000252
0
0.000248
0.000248
0
0.000247
0.036215
0.00025
0
0
0.000477
0.000239
0
0.000729
0.000242
0.018022
0.000477
0.000481
0
0.000244
0
0.00092
0.000458
0
0
0
0
0.000228
0
0.000228
0.00046
0.000449
0
0
0.00023
0.001166
0
0.000234
0
0
0.000697
0
0.00023
0.000465
0.001177
0
0.000691
0.005985
0.002998
0.00023
0.000229
0.000228
0
0
0
0.000482
0.000238
0.00072
0.000473
0.000465
0.000974
0
0.001163
0.000468
0
0.02731
0.001507
0.030387
0.001271
0.003403
0.001527
0
0.000255
0.000256
0.001319
0
0.000331
0.000992
0
0.001005
0
0.000327
0.000329
0.000327
0
0.00133
0.000981
0.001614
0.00064
0.000322
0.011007
0.000652
0.000317
0.000628
0.00031
0
0.02457
0.00026
0.000254
0.000509
0.000797
0
0.0005
0.00025
0.000744
0
0.000245
0.000248
0
0.000251
0.001004
0.00077
0.000243
0
0
0.000512
0.000251
0.000503
0.001013
0
0.000513
0.000513
0
0
0.00075
0.000755
0
0.000255
0.000257
0.007977
0.00052
0.000256
0.000764
0.000253
0
0
0.000746
0
0.000509
0.000509
0
0
0
0
0.000501
0
0
0.000495
0
0.0005
0.000246
0.000243
0.000493
0.000245
0
0
0.000252
0
0.000505
0
0.000501
0.000487
0.000744
0.000493
0
0.000504
0.000502
0.000493
0.000783
0.000253
0.000257
0.001394
0.000891
0
0.006907
0.000872
0.00029
0.033698
0
0
0.000514
0.000262
0.000257
0.003145
0
0
0
0.000251
0
0
0
0.000527
0
0.00026
0
0.00026
0
0.000529
0.002508
0.000273
0
0
0.000524
0.000789
0.000522
0.000524
0.000539
0.001075
0.000811
0
0.000263
0.00026
0
0.000528
0.000267
0.000827
0.000268
0.000276
0
0
0
0.000289
0.000284
0.00029
0.000571
0
0.000287
0
0.00029
0.000289
0
0
0.000892
0
0.000295
0.000585
0.000288
0.00029
0
0
0.000292
0.000878
0
0
0.000296
0
0.000295
0
0.000289
0.00058
0.000285
0.000561
0
0
0.000569
0
0.000874
0
0.00085
0.000277
0.00028
0.00058
0.000579
0.00055
0.000277
0.000846
0
0.000284
0
0
0.000275
0.004914
0.000274
0.000555
0.001698
0
0.000853
0
0.015554
0.016281
0.000279
0
0.000269
0
0
0
0
0.001099
0
0.000271
0.000271
0.00027
0
0
0.000558
0
0.000562
0
0
0
0.000538
0.000274
0.000268
0
0
0.000542
0
0
0.005329
0
0
0.173913
0
0
0
0.00103
0
0.000308
0
0.000599
0
0
0.000289
0.00029
0
0.000282
0
0.000285
0.000584
0.0006
0.000297
0
0.001173
0.000292
0
0.000278
0
0.000276
0.000555
0.000273
0.000548
0.000551
0
0.000273
0
0.000271
0
0
0.000807
0.000553
0.000545
0.000275
0.000275
0.000551
0
0.000278
0.001133
0.000555
0.000837
0
0.000554
0.001094
0.000274
0.000274
0
0.00198
0
0
0
0.001125
0.000566
0.000278
0.001699
0
0.000842
0.00056
0.000281
0
0
0.000276
0.000274
0.000552
0.00055
0.002861
0.000558
0.000272
0.00111
0.000828
0.000274
0.000274
0.000271
0.00027
0
0.000258
0.000521
0.000262
0
0
0
0.00238
0
0.000262
0.000261
0
0
0
0.000543
0
0.000259
0.00026
0
0.000802
0.001039
0.00026
0.000259
0.000257
0
0.000775
0.000258
0.000254
0.000256
0.000257
0
0.000784
0
0.00026
0
0.000255
0
0
0.000257
0.00052
0
0.000785
0.000526
0.000523
0.000523
0
0.00053
0.00054
0
0.000268
0.000268
0
0
0.000531
0.000267
0
0.000272
0
0.000552
0.000835
0
0.000561
0.000283
0.000284
0
0.000575
0.00029
0
0
0
0.000296
0.000292
0
0
0.000293
0
0.000297
0.000299
0
0
0.000597
0.000603
0
0.000596
0.00089
0
0
0
0.000302
0
0.001223
0
0.00032
0
0
0.000324
0.000327
0.000653
0.000651
0.000654
0.000328
0
0.000656
0.000333
0.000331
0
0
0.000663
0
0.00033
0
0.000324
0
0
0.000332
0
0.000334
0.000329
0
0
0
0.000348
0.00069
0.001737
0
0.000346
0
0.000342
0
0
0
0.000689
0.000343
0
0
0
0.000346
0.000694
0.000347
0
0.000695
0.000346
0.000673
0
0.000673
0.000697
0
0.000352
0
0
0
0
0
0
0.001117
0
0
0.00037
0
0.000383
0.000387
0.000392
0
0.000782
0
0.000397
0.0004
0
0
0.000402
0
0.000403
0
0.000403
0.000395
0
0
0
0.000402
0
0.00041
0.000404
0.002092
0.000431
0
0
0.000443
0.000447
0
0.003653
0
0
0
0.000449
0
0.001795
0
0.002183
0.000891
0.000441
0
0.000442
0
0.00045
0.003579
0.000909
0.004237
0
0
0.000918
0
0.000463
0.000924
0
0
0
0.002312
0
0
0
0
0
0.000922
0
0.001833
0
0
0
0.001426
0
0
0
0
0
0
0
0.001502
0.000476
0.000472
0.000955
0.000478
0
0
0.000477
0
0.000461
0.000462
0.000462
0
0.000463
0
0.000939
0.001465
0
0.001002
0.025381
0.002962
0
0
0
0.000883
0.000455
0
0
0.000449
0
0
0.000464
0.001915
0
0
0
0
0
0
0
0.00341
0.000467
0
0.000482
0
0
0
0
0
0
0.000479
0.000488
0
0.000517
0.000475
0
0
0.000506
0
0
0
0.001015
0.000492
0.000491
0
0.000499
0
0
0
0
0
0.000497
0.000497
0
0
0
0
0.000506
0
0
0.000513
0.001572
0
0
0.000504
0
0.000514
0
0.00166
0.000553
0.000555
0.000545
0.000537
0
0.000548
0.000537
0.001081
0
0
0.002168
0.000558
0
0
0
0.000567
0
0
0.000576
0.00058
0.002915
0
0
0
0
0.000582
0
0
0
0
0
0.007159
0
0
0.000537
0
0
0
0.00113
0
0
0.000547
0
0
0
0
0
0.000543
0
0
0
0.000557
0
0
0
0
0
0.00054
0.000536
0
0
0.00055
0
0
0
0
0
0.000723
0.033261
0
0
0
0.000648
0
0.043189
0
0.000641
0.001267
0.012125
0
0.03121
0
0.010962
0
0
0
0
0
0.001721
0
0
0
0.001051
0
0
0
0.000506
0.000502
0.001028
0
0.00103
0
0
0
0
0.001007
0
0.000501
0
0
0
0
0.000518
0
0
0.00052
0
0
0.000518
0.000521
0
0
0.000535
0
0.000531
0.000538
0
0
0.000538
0
0
0
0.000565
0.000565
0.001107
0
0
0.000552
0
0
0
0
0
0
0.000558
0
0
0
0
0
0
0.000549
0.028136
0
0
0
0.026187
0
0
0.001002
0.000511
0
0.000969
0
0.000481
0
0
0
0.000486
0.000464
0.00294
0
0
0.000921
0.003239
0.000467
0.000956
0.00675
0
0.000478
0
0.001968
0
0
0
0
0.001021
0.000498
0
0
0
0.00052
0.023749
0.001068
0.000532
0
0
0.001638
0.028386
0
0
0
0
0
0
0.030769
0
0
0.333333
0
0
0.006202
0
0
0
0
0
0
0
0
0
0
0
0
0
0.005697
0.006753
0
0
0.001135
0
0.001671
0
0.002582
0.001297
0.000678
0.008536
0.001272
0.000648
0.001294
0
0.001343
0
0
0
0
0.00944
0.000703
0
0
0
0
0
0
0.000688
0
0
0
0
0.000709
0
0
0
0
0
0.181818
0
0
0
