0
0
0
0
0
0
0
0
0.00158
0
0
0
0
0.001355
0
0
0
0
0
0.321429
0
0
0
0
0
0
0
0
0
0.000738
0
0
0
0.001329
0.000664
0
0.000642
0.000646
0
0
0.001155
0
0.000574
0.000569
0
0
0
0
0
0.000543
0
0
0
0.002717
0
0
0
0
0
0
0.000411
0
0.000364
0
0
0.001074
0.00035
0
0
0
0
0.000324
0.010376
0
0
0.000612
0.003442
0
0.000298
0
0.0003
0.00027
0
0
0
0.00054
0.000523
0.000254
0.000255
0.000251
0.000248
0.000504
0.000248
0.000244
0
0.000743
0.000245
0
0
0
0.00024
0
0.000457
0
0
0.000226
0
0
0
0.000417
0.000203
0.000201
0
0.000802
0
0.000598
0
0
0
0
0
0.000189
0.000563
0.000185
0.000183
0.000185
0
0.000362
0
0.000357
0.000179
0.000359
0.000349
0.000173
0.000171
0.000172
0.000173
0.00017
0.000167
0
0.000164
0.000332
0
0.000663
0
0.000321
0.00079
0.001318
0.000323
0
0.000469
0.000156
0
0.000156
0.000319
0.000151
0.000302
0.000453
0.000148
0
0.00059
0.000301
0.000606
0.000757
0.000296
0.0006
0.0003
0.000148
0.000146
0.000439
0.000288
0
0
0.000589
0.000288
0
0.000144
0
0.000149
0.000146
0.000144
0.000143
0.000285
0.000433
0
0.000574
0.000434
0
0.000287
0.000433
0.000434
0.000287
0.000712
0.000279
0.000421
0.000268
0.000541
0.000262
0.000391
0.000257
0.000783
0.000132
0.000537
0.000131
0.000132
0.002551
0
0.000134
0.000269
0.00027
0.000274
0.000984
0.000134
0.000133
0.000687
0.000133
0
0
0.000135
0.000272
0.000816
0.000269
0
0.00013
0.000261
0
0.000804
0
0.000394
0.000125
0.000254
0.000382
0.000257
0.001424
0.0005
0.00272
0.000991
0.000247
0.000243
0.000121
0.000484
0.000123
0.00036
0.000119
0.00096
0.000233
0.000354
0.000234
0.000114
0.000115
0.000222
0
0.000226
0.000449
0.000226
0.00055
0.000994
0.000333
0
0
0.000459
0.000682
0.000113
0
0.000228
0.000576
0
0
0.000339
0.000217
0.000108
0
0.000219
0.000218
0.000773
0.000217
0.000655
0.000217
0.000773
0
0.000325
0.003963
0
0
0.000543
0
0.000322
0.000327
0.000674
0.00011
0.000333
0.000218
0.000328
0.000219
0.000219
0.000109
0.000109
0.000109
0.000558
0.000778
0.000332
0.000221
0
0.000221
0.000221
0.000111
0
0.000334
0.000336
0.0009
0.000659
0.000108
0.000109
0.000553
0.00033
0
0.000109
0.000111
0.000671
0.000796
0.000336
0.000111
0.000678
0.000801
0.00092
0.000569
0.000453
0.000112
0.000221
0.000219
0.000218
0.000218
0.000219
0.000545
0.000215
0.000435
0.000108
0.000438
0.000109
0.00022
0.000661
0
0.000796
0.00369
0.000802
0.00035
0.000458
0.000115
0.000231
0.000116
0.000114
0
0.001248
0.000112
0.000226
0.000334
0.000331
0.000222
0
0.000443
0.000446
0.000786
0.000112
0.000218
0.000442
0
0.000221
0.00033
0.000112
0
0.000324
0.000324
0.000219
0.00011
0.000219
0
0.000108
0.000215
0.00121
0.000223
0.000111
0.000445
0.000551
0.000109
0.000108
0.000218
0.000216
0.000109
0.000437
0.000326
0.000326
0
0.000439
0
0.000337
0.001255
0.000445
0.000223
0
0.000112
0.000115
0.000457
0.000227
0
0.000229
0.000233
0.000233
0.000234
0.000351
0.000346
0.000114
0.000461
0.000115
0
0.000225
0.000112
0.00011
0.000222
0.000569
0.000115
0.000581
0.014356
0.000341
0.000224
0.000451
0.000668
0.00011
0
0.000221
0.000221
0.000333
0.000775
0.000221
0.000224
0
0.00022
0.003302
0.047381
0.000216
0.000216
0.000536
0.000107
0.000109
0.000216
0.000214
0.000108
0.002658
0.000325
0.000435
0.000765
0.000323
0.000214
0.000327
0.000107
0.000326
0.00011
0.000327
0.000329
0.000331
0.000449
0.000222
0.000555
0.000217
0.000108
0.000537
0
0.000108
0
0.000107
0.001786
0.000218
0.000546
0.00011
0
0.000328
0.000109
0.000553
0.000544
0.000332
0.000556
0.000112
0.000222
0.000222
0.000452
0.000453
0.00023
0.000113
0
0
0.000113
0.000456
0.000329
0.000331
0.000111
0.000219
0
0.000217
0.00011
0.000221
0.000219
0.000324
0.000107
0.000109
0.000225
0.000223
0.000221
0.000558
0.000335
0.00033
0.00011
0.00606
0.000326
0.000109
0.000442
0.000111
0.000443
0.000437
0.000108
0.000438
0.000217
0.000109
0.000431
0.000108
0.000107
0.000433
0.000217
0
0.000429
0.000428
0.000427
0.000431
0.000108
0.001441
0.000112
0.000451
0
0.000109
0.000787
0.000339
0.000224
0.000111
0.000333
0
0
0.00011
0.000333
0.000111
0.000557
0
0.000113
0.000112
0.000111
0.000222
0.000219
0.000331
0.000326
0.000109
0.000214
0.000214
0.000327
0.000108
0.000544
0.000108
0.000216
0.00022
0.000222
0.000112
0
0
0.000114
0
0.000342
0.000114
0
0.000113
0.000227
0.000567
0
0.000112
0.000224
0.000111
0.000109
0.000221
0.000331
0.00022
0.00011
0.000108
0
0.000109
0
0.000109
0.000109
0.000109
0.000328
0.000216
0.000323
0.000647
0.000108
0.000539
0.000319
0.000106
0
0.000107
0.000535
0.000432
0
0.000322
0.000533
0.000322
0.000972
0.000106
0.000218
0.000223
0.00022
0.000432
0.000543
0
0.000535
0
0
0.000535
0.000211
0.000212
0.000213
0.000106
0.000215
0.000105
0.003404
0.000106
0.000213
0.000323
0.000326
0.000213
0.000759
0.000435
0.000214
0.000107
0.002628
0.000324
0.009136
0.000214
0
0.000213
0.000107
0.001436
0.000217
0
0.000107
0.000107
0.000429
0.000108
0.00139
0
0.00032
0.000761
0
0
0.000324
0.000109
0.000218
0.00022
0.00011
0.000328
0.000218
0
0.00011
0.000108
0.000216
0.000106
0
0
0.000766
0
0.000326
0.000109
0.00011
0.000112
0.000336
0.000443
0
0.000112
0.000226
0.000682
0.000665
0.000333
0.000113
0.000346
0.000573
0.000344
0.00023
0.000232
0.012063
0.000466
0.000232
0.000116
0.000348
0.000113
0
0.000109
0.000439
0.000222
0.00011
0.000332
0.000224
0.000447
0.000114
0.000227
0.000229
0.000231
0
0
0.000475
0.000233
0.000348
0.000349
0.00023
0.000823
0
0.000339
0.000336
0.000112
0.000223
0
0.000339
0.000226
0.000113
0.00069
0.000343
0.000459
0.001289
0.000231
0.000234
0.00047
0
0
0.000115
0.000351
0.00035
0.00035
0.000464
0.000115
0.000234
0.000347
0.000115
0
0.000117
0
0.000345
0.00023
0.00023
0.000113
0.000445
0.00022
0.000555
0
0.000443
0.000219
0
0.000106
0.000214
0.000216
0.000434
0.000321
0
0.000108
0.000218
0.000435
0.000323
0
0.00043
0.000216
0
0.00043
0.000322
0
0.000431
0.000652
0.000753
0.00054
0.000213
0.000537
0.000435
0.000536
0.000213
0.000106
0.00032
0.000318
0.000213
0.000107
0.000105
0.000428
0.00166
0.000111
0.001869
0.000332
0.000217
0
0.000215
0.001397
0.000649
0
0.000323
0.000325
0.000214
0.000107
0
0.000108
0.000545
0
0.000107
0.001529
0.000432
0.000433
0.000109
0.000542
0.000108
0.000111
0.000111
0.00034
0.000225
0.000224
0.000337
0.000449
0.000335
0.000438
0.000331
0.000442
0.000329
0.000333
0.00022
0.000219
0.000217
0.000324
0.000328
0.00022
0.013881
0.000435
0.001098
0.000108
0.000215
0.000214
0.000541
0.000324
0.000217
0.000878
0.000879
0.000672
0.000335
0.000443
0.001947
0.000111
0.000111
0.000335
0
0.000226
0.004236
0.000452
0.000675
0.000902
0.000222
0.000339
0.001022
0.000332
0
0
0.00011
0.000331
0.00091
0.000226
0.000686
0
0.000113
0.000113
0.000568
0
0.000337
0.000113
0.00034
0.000113
0.000336
0.000223
0.000331
0.000109
0.00011
0.000109
0.00011
0.000223
0.000797
0
0.000111
0.000332
0.000779
0.001119
0.000329
0.000329
0.000544
0.000218
0.000445
0.00044
0.000442
0.000228
0.000913
0.000686
0.000556
0.00011
0.000441
0.00044
0.000332
0.000224
0.000443
0.000446
0.000224
0.00045
0.000653
0.000325
0.001203
0.000442
0.000333
0.000683
0.000339
0.009332
0.003834
0.000217
0.000325
0
0.000107
0.000429
0.000215
0.000107
0.000214
0.000214
0.000107
0.000216
0.000108
0.000216
0
0.000647
0.000214
0.000215
0.00043
0
0.000641
0.00065
0.000107
0.000107
0.000657
0.000217
0.000329
0.000554
0.000439
0
0.000543
0.000109
0.000661
0.000224
0.000219
0.00033
0.000108
0.000994
0.000219
0
0
0
0
0
0.117647
0.4
0
0
0.000216
0.000108
0.000536
0.000215
0.000324
0.000218
0.012422
0.000108
0.000109
0.00011
0.000217
0.000326
0.000334
0
0.000442
0.000109
0.000218
0.000225
0.000552
0.000433
0.000758
0.000107
0.000321
0.000431
0.000213
0.000107
0.000107
0.000647
0.000551
0.001649
0.000328
0.000109
0.000322
0.000216
0.000864
0.000214
0.000428
0.000754
0.000321
0.000214
0.000325
0.000218
0.000215
0.000216
0.00043
0.000536
0.000646
0.000214
0.000319
0.000425
0.000106
0.000543
0.000107
0
0.000213
0.000323
0.000213
0.000649
0.001517
0.000321
0.000107
0.000109
0.000439
0
0.000108
0.000217
0.000215
0.000535
0.000212
0.000107
0.000323
0.000754
0
0
0
0
0
0.04698
0
0
0.001385
0
0
0.000329
0.000218
0.000322
0.000322
0.000766
0.000221
0.000111
0.000108
0.000107
0.000538
0.000326
0.000325
0.000218
0.00022
0.000111
0.000785
0.00011
0.00011
0.00022
0.000218
0.00011
0.000327
0.00011
0.000222
0.000221
0.000439
0.000221
0.000442
0.000545
0.000657
0.000324
0.000109
0.00054
0.000215
0.000432
0
0.000438
0.000217
0.000216
0.000215
0.000541
0.008946
0.000327
0
0.02843
0.000108
0.000216
0.000214
0.000109
0.000327
0.000647
0.000427
0.000108
0.000215
0.000541
0.000322
0.000215
0.000436
0
0.000219
0.000438
0.000443
0.00033
0.00066
0.000792
0.000114
0.000114
0.000113
0.000458
0.000341
0.000225
0.000341
0.000337
0.000562
0.000681
0.000222
0.000443
0.000446
0
0.000445
0.000223
0.000446
0.000111
0.000788
0.000114
0.000112
0.000334
0.000561
0.000443
0.000337
0.000445
0.001613
0.000574
0.000111
0.000558
0.000217
0.000965
0.000108
0.000214
0.000652
0.000429
0.000106
0.000321
0.000431
0.001206
0.000542
0.000878
0.00022
0.000107
0.000539
0.000108
0.000546
0.000215
0.000217
0.000431
0.000322
0.000322
0.025884
0
0.000319
0.000321
0.000323
0.000321
0.000107
0.000325
0.000214
0.000216
0.000325
0.000541
0.001312
0.000216
0.000215
0.00065
0.000222
0.00022
0.000328
0.00022
0.001016
0.000336
0.000218
0.000328
0.000223
0.000333
0.00033
0.000326
0
0.000773
0.000113
0.00055
0.000327
0.000319
0.000214
0.000325
0.000109
0.000218
0.000107
0
0.00056
0.000223
0.00011
0.000781
0.000548
0.000215
0.000331
0.000323
0.000654
0.000215
0.000323
0.000432
0.000659
0
0.000431
0.000431
0.021436
0.000214
0.000216
0.000429
0.00011
0.00032
0.000214
0.000106
0.000213
0.000322
0.000424
0.000645
0.000317
0.000317
0.000326
0
0.000211
0.000426
0.000314
0.000211
0.00075
0
0.000524
0.000421
0.000643
0.000216
0.000317
0.000325
0.000107
0.000664
0.000213
0.000105
0.000105
0.000748
0.000426
0.00032
0.000315
0.000211
0.000107
0.000212
0.000106
0.00095
0.000426
0.00053
0.000315
0.000534
0.000214
0.000107
0.00032
0.000323
0.000212
0.000318
0.00032
0.000755
0.000741
0
0.000977
0.000432
0.000535
0.000322
0.000428
0.000108
0
0.000222
0.000326
0.000874
0.000327
0.000331
0.000111
0.000858
0.000111
0.000441
0.000109
0
0.00066
0.000327
0.000324
0.000432
0.000544
0.000536
0.000323
0.002075
0.000652
0.000323
0.00293
0.001761
0.000651
0.000109
0.000107
0.000109
0.000106
0.000214
0.00022
0.000328
0.000109
0
0.000326
0.000438
0.000752
0.000215
0.000644
0.000542
0.000429
0.000324
0.000435
0.000218
0.000776
0.000109
0.000109
0
0.000218
0
0.000892
0.000215
0.00044
0.000109
0.000673
0.000218
0.000216
0.002979
0.00011
0.000777
0
0.000445
0.00033
0.000112
0.000343
0
0.000116
0.000811
0.000114
0.00046
0.00412
0.000234
0.000234
0.000346
0.000233
0.000351
0.000236
0.000722
0.000356
0.00036
0.000237
0
0.001479
0.000125
0.000253
0.000492
0.000992
0.001371
0.000241
0.00012
0.00012
0.00023
0.000115
0.000702
0.000118
0.000352
0.000239
0.000473
0.000119
0.000356
0.000117
0.00035
0.00035
0.000118
0.000465
0.000706
0.000231
0.000349
0.001192
0.000346
0.000346
0.00057
0.000457
0
0.000225
0.000221
0.000431
0.000216
0.000108
0.00033
0.0205
0.000323
0.000107
0.00054
0.000322
0.000536
0.000214
0.000212
0.000214
0.000106
0.000214
0
0.000106
0.000212
0.004764
0.000749
0.000213
0.000323
0.001529
0.000215
0.000534
0.000212
0.00032
0.000429
0.000214
0.000213
0.000211
0.000746
0.000318
0.000211
0.000322
0.000106
0.000535
0.000106
0.000316
0
0.000316
0.000328
0
0.000212
0.000533
0.000539
0.000315
0.000424
0.000107
0.000106
0.000425
0.000216
0.000873
0.000109
0.000109
0
0.000431
0.000214
0.000543
0
0.000539
0.000535
0.000215
0.000108
0.000217
0.00043
0.000326
0.00032
0.000324
0.000212
0.000527
0.000105
0.000318
0.000212
0
0
0.000212
0.00021
0.000213
0.000106
0.000423
0.000753
0.000321
0.000106
0.000213
0.000215
0.000217
0.000108
0.00043
0.00043
0
0.000211
0.000212
0.000108
0.000324
0.000861
0.000323
0.000534
0.000107
0.000211
0.000639
0.000106
0.00032
0.000106
0.000214
0.00032
0.000423
0.000533
0.000212
0.000212
0.000106
0.000212
0.000428
0.000212
0.000432
0.000318
0.000423
0.000105
0.000321
0.000544
0.000108
0.000435
0.000646
0.000325
0.000108
0.000342
0.000678
0.000111
0.000327
0.001575
0.000781
0.000327
0.00011
0.000661
0.00065
0.000331
0.000441
0.000328
0.000443
0.000545
0.000212
0.000425
0.000966
0.000108
0.000107
0.000109
0.000759
0.000215
0.000438
0.000799
0.000457
0
0.000114
0.000347
0.000572
0.000229
0.000116
0.000114
0.000116
0.000113
0.000223
0.000336
0.000343
0.000334
0
0.000224
0.00011
0.00011
0.000217
0.000109
0.00032
0.000318
0.000215
0.00043
0.000539
0
0.000437
0.000325
0.002123
0.000435
0.000331
0.000215
0.000214
0.000323
0.000214
0.000107
0
0.000108
0.000108
0.000648
0.000213
0.001748
0.000219
0.000447
0.000447
0.000322
0.000108
0
0
0.000107
0.000215
0.000106
0.000322
0.000435
0.000216
0.000427
0.000433
0.000109
0.000222
0.001227
0.000319
0.000548
0.000539
0
0.000109
0.001
0.000109
0.000441
0.000109
0.000221
0.000109
0.000214
0.000213
0.000535
0.000105
0.000212
0.000214
0.000645
0.000532
0.000217
0.000327
0.000106
0.000328
0.000534
0.000321
0.000108
0.000537
0.000215
0.000216
0.001095
0.000329
0.00022
0.000222
0.000434
0.00032
0.000215
0
0.000318
0
0.001085
0.000106
0.000425
0
0.000319
0.000538
0.000108
0.001083
0.000322
0.000214
0.000214
0
0.000214
0.000321
0.000322
0.000107
0.00055
0.000216
0.000646
0.000318
0.000429
0.000317
0.000213
0
0.000107
0
0.000106
0.000546
0.000219
0.000446
0.00011
0.000108
0.000322
0.000858
0.000215
0.000107
0.000541
0.000111
0.000328
0
0.000224
0
0.000112
0.000334
0.000332
0
0.000329
0.000336
0
0.044944
0
0.000112
0.000112
0
0
0.000112
0.000222
0.000229
0.001042
0.028595
0.000224
0.000553
0.000111
0
0.000322
0.000215
0.000212
0.000108
0.000325
0.000325
0.000217
0.000541
0.000436
0.000214
0.000214
0.000107
0.000215
0.000213
0.000646
0.000325
0.00032
0.000106
0.009836
0.000107
0
0.000216
0.000214
0.000544
0.002099
0.000323
0
0.000542
0.000535
0.000323
0.000642
0.001201
0.000325
0.000552
0.000223
0.000446
0.01331
0.000445
0.000441
0.000327
0.000329
0.000442
0
0.000441
0.001106
0
0.000872
0.000216
0.000109
0.000323
0.000546
0.000216
0.000109
0.000108
0.000425
0.000107
0.000214
0.000107
0.000108
0.00011
0.00066
0.000447
0.00056
0.00022
0.000661
0
0.000437
0.000109
0.00011
0.000326
0.00176
0.001749
0.000559
0.000549
0.000873
0
0.000326
0.000435
0.00032
0.000106
0.000106
0.000107
0.000107
0.000858
0.000214
0.000431
0.000538
0.000216
0.000428
0.000106
0.000214
0
0.000215
0.00096
0.000212
0.000213
0.000319
0.00032
0.000214
0.000105
0.000212
0.000106
0.000217
0.003181
0.000769
0.000216
0.000753
0.000643
0.00054
0.000106
0.000212
0.000319
0.000318
0.000106
0.000106
0.00075
0.000106
0.000429
0.00022
0.000327
0.000566
0.000775
0.000107
0.000427
0.000106
0.000215
0.000325
0.000215
0.000755
0.000108
0.000435
0.000664
0.000111
0.000447
0.000115
0.000224
0.000333
0.000445
0.000447
0.000109
0.000111
0.000221
0.000108
0.000319
0.000216
0.000766
0.000435
0.000109
0.000326
0.000221
0.000441
0.000437
0.000217
0
0.000319
0.000323
0.000645
0.000323
0.000108
0.000442
0
0.000445
0.000109
0.000435
0.000215
0.000321
0.000325
0.000322
0.000431
0.000324
0.000427
0
0.000327
0.000326
0.000433
0.000882
0.00011
0.000984
0.00055
0.000774
0.000327
0.000217
0.000326
0.000667
0.000111
0
0.000553
0.000655
0.000216
0.000442
0.000541
0.000108
0.000215
0
0.000761
0
0.000782
0.000216
0.000216
0.00033
0.000644
0.000214
0.000107
0.000542
0.000434
0.000663
0.000987
0.000552
0.000877
0.000549
0.00065
0.000331
0.000108
0.000332
0.00022
0.000108
0.000108
0.000216
0.000325
0.000438
0.000755
0.000432
0.000322
0.000107
0.000326
0.000217
0.000109
0.000215
0.00011
0.000216
0.000435
0.000538
0.000318
0
0.000432
0.000548
0.000213
0.000107
0.000993
0.000327
0.000216
0.00032
0.000539
0.000108
0.000108
0.000219
0.000554
0.000324
0.000321
0.000109
0.000109
0.000649
0.000325
0
0.000324
0.000324
0.000325
0.000325
0.000546
0.000327
0.000436
0.00043
0.003547
0.000657
0.000436
0.000216
0.000433
0.000322
0.000108
0.000109
0
0.000216
0.00011
0.00076
0.000109
0.0011
0.000883
0.000343
0.001281
0.000332
0.00011
0.000893
0.001006
0
0.000108
0.000329
0.000329
0.000548
0.000766
0.000332
0.000766
0.001349
0.000224
0.000226
0.00101
0.000109
0.000217
0.000328
0.001006
0.000219
0.000219
0
0.00147
0.001024
0.000334
0.001447
0.000331
0.00011
0.000779
0.001128
0.000225
0.000445
0.00034
0.00045
0.00034
0.000335
0.000222
0
0.000222
0.000447
0.000447
0.000331
0.000335
0.000441
0
0.00055
0.000215
0
0.000108
0.000213
0.000215
0.00032
0.000319
0.000106
0.000106
0.000327
0.000439
0.000895
0.000903
0.000772
0.000437
0.00086
0
0.000215
0.000107
0.000536
0.000216
0.000991
0.000551
0.000109
0.000219
0.00011
0.00022
0.000109
0.000439
0
0.000111
0.000223
0.000219
0.000331
0
0.000441
0
0.000221
0.00067
0.00022
0.000558
0.00079
0
0.000217
0.000328
0.000109
0.000217
0.000107
0
0.00022
0.000109
0.001215
0.000645
0.001115
0.000222
0.003037
0.000213
0.000321
0
0.000215
0.000422
0.000425
0.000532
0.000654
0.000216
0.000215
0.000214
0
0.000318
0.000318
0
0.000212
0.000431
0.000107
0.000213
0.000638
0.000212
0.000642
0.000107
0.00053
0.000106
0.000426
0.000217
0.00033
0.000546
0.000329
0.000107
0.000538
0.001612
0.00032
0.000211
0.000106
0.000106
0.000858
0.000644
0.00086
0
0.000329
0.000222
0
0.00011
0.00022
0.00033
0.000776
0.000218
0.000222
0.000335
0.000447
0.000331
0.00011
0.000328
0.000333
0.000447
0.000108
0.000437
0.000109
0.000439
0.000332
0.000334
0.000444
0.000221
0.000331
0.000111
0.000222
0.000337
0
0.000112
0.00034
0.000115
0.000231
0.000228
0.000224
0.00011
0.000219
0.000545
0.000108
0.000217
0.000106
0.012333
0.000318
0.000754
0.000215
0.000428
0
0.000541
0.000321
0.000322
0.000428
0.000647
0.000427
0.000108
0.000108
0.000105
0.000107
0.000106
0.00317
0.000425
0.000427
0.000212
0.000852
0.000106
0.000211
0.000106
0.000549
0.00022
0.000223
0.000111
0.000334
0.000221
0.000441
0.00011
0.000219
0.000109
0.00066
0
0.000328
0.00011
0.000327
0.000109
0.000221
0.000106
0.00032
0.000541
0.000539
0.000213
0.000213
0.000323
0.000428
0.000749
0.000107
0.000747
0.000544
0.000444
0.000109
0.000549
0.000109
0.000763
0.000213
0.000429
0.000423
0.000757
0
0.000107
0.000215
0.000333
0.001015
0.000225
0.002149
0.000111
0.000547
0.00011
0.000218
0.000326
0
0.000447
0.000222
0.00033
0.000335
0.000217
0.000217
0.00011
0
0
0
0
0.000112
0
0.000215
0.000547
0.000536
0
0.000541
0.000427
0.000322
0.002539
0.000217
0.000551
0.00011
0.000553
0.000111
0.000111
0.000554
0.000218
0.000109
0.00033
0.000109
0.000545
0.000551
0.001211
0.000219
0.000428
0.000109
0
0.000539
0.000215
0.000216
0.000107
0.000323
0.000764
0.000986
0.000108
0.000647
0.000325
0.000107
0.001116
0.000444
0.00034
0.000111
0.000332
0.000337
0.000336
0.00056
0.000113
0.000454
0
0.000566
0.000113
0.001036
0.000223
0.00022
0
0.000115
0.021905
0.000235
0.00081
0.002068
0.000341
0.000337
0
0.000914
0.00023
0.000457
0.001263
0.000224
0.000109
0.000647
0.000329
0.00043
0.00044
0.000218
0.000547
0.000535
0.000539
0.000221
0.000329
0.000549
0.000439
0.000216
0.00086
0.000431
0.000968
0.000425
0.000321
0.00811
0.000546
0.000656
0.000328
0.000436
0.000324
0.000652
0.000221
0.000442
0.000326
0.000329
0
0.000325
0.000427
0.000322
0.000108
0.000646
0.000219
0.000549
0.000322
0.000642
0.000217
0.000109
0
0.000219
0.000322
0.000756
0.000108
0.000437
0.000109
0.000328
0.000673
0
0.000329
0.000336
0.000451
0.000219
0.000333
0.000659
0.000216
0.000326
0.000217
0.000329
0.001106
0.000435
0.00079
0.000109
0.000214
0.000538
0.000214
0.000321
0.00033
0.001127
0.001359
0
0.000325
0.000109
0.000109
0.000219
0.000758
0.000111
0.002875
0.000329
0
0.00054
0.000107
0.000317
0.000212
0.000656
0.000539
0.000656
0.000325
0.000544
0.000318
0.000435
0.000218
0.007221
0.000649
0.002645
0.000214
0.001181
0.003471
0.000767
0.000215
0.000319
0.000106
0
0
0
0
0.000318
0.000107
0.000319
0.000321
0.000105
0.000317
0.000319
0.000428
0.00043
0.000652
0.000448
0.000447
0
0.000438
0.015271
0.000108
0
0.000107
0.000215
0.000318
0.000214
0
0
0.000532
0.000432
0.000655
0.000327
0
0.00033
0.00055
0.000219
0
0.00055
0.00011
0.00011
0.000108
0
0.000219
0.000444
0.000674
0
0.000339
0.000115
0.000343
0
0.000326
0.000218
0.000221
0.000441
0.000335
0.000559
0.000219
0.000445
0.00011
0.000225
0.000785
0.000224
0.000332
0.000222
0.000335
0.001125
0.00078
0.000108
0.000107
0.000211
0.001409
0.000107
0.000427
0.000429
0.003578
0.000107
0.000322
0.000432
0
0.000107
0.000212
0.000107
0.000107
0.000429
0.000325
0.000327
0
0.000109
0.000551
0.00055
0
0.000107
0.000215
0.000434
0.00032
0.000107
0.000428
0.000213
0
0.000429
0.000215
0
0.000108
0.00011
0.00011
0.000335
0.000442
0.000221
0.000334
0.000558
0.000219
0
0.000111
0.00011
0.000217
0.000427
0.000212
0.000106
0.000319
0.000214
0.000322
0.000107
0
0.000109
0.000332
0.000109
0.000327
0.000325
0.000218
0
0.000107
0
0
0
0.000322
0.000432
0.000977
0.000106
0.000427
0.000106
0.000106
0.000212
0.000106
0.000211
0.000106
0.000214
0.000424
0.00032
0.000212
0.000214
0.000529
0.000213
0.000212
0.000426
0
0.000108
0
0.000641
0.000107
0.000216
0.000106
0.000106
0.000211
0.000428
0.000107
0.000644
0.000433
0.000107
0.000106
0.000106
0.000211
0.000212
0.000317
0.000422
0.000428
0.000532
0.000106
0.000106
0.001186
0.000537
0.000211
0.000526
0.000317
0.000106
0.000321
0.000319
0.000427
0.000322
0.00054
0.000109
0
0
0.000537
0.001726
0.000213
0.000542
0.000106
0.000211
0
0.000653
0.000112
0.00034
0.000114
0.00023
0.000227
0.000111
0.000111
0.000113
0.000336
0.00022
0.00011
0.000221
0
0
0.000107
0.000107
0.002362
0.000112
0.000222
0.000109
0.000109
0.000107
0.000642
0.000213
0.000437
0.000656
0.000326
0.000108
0.00011
0.000565
0.000443
0.001553
0.000109
0.000109
0.000332
0.000218
0.000319
0.000107
0
0.001219
0.000109
0.000109
0.000217
0.000325
0
0.000109
0.000438
0.000217
0.000322
0.000655
0.00033
0
0.000325
0.000108
0.000428
0.000541
0
0.000431
0.000549
0
0.002738
0.000331
0.000968
0.000324
0.000328
0.000343
0.000112
0.001682
0.000217
0.000216
0.000439
0.00033
0.000539
0.000108
0.000215
0.000768
0.000783
0.000561
0.001349
0.000441
0.00022
0.001001
0.001218
0.000109
0.000219
0.000218
0.000328
0
0
0.000331
0.000561
0.000332
0.000108
0.000107
0.000325
0.000216
0.000109
0.000109
0.000435
0.000109
0.000658
0.000216
0.000323
0
0.00075
0.000216
0.000109
0.000661
0.000769
0.00011
0.00022
0.000109
0.000438
0.00011
0.000327
0.00099
0.000541
0.000329
0.000554
0.000441
0.000326
0.000219
0.000219
0.000444
0.00011
0.001216
0.00022
0.00033
0.000439
0.000655
0.00022
0
0.000219
0
0.00011
0.000443
0
0.000109
0.000107
0.000109
0.000667
0.000787
0.000447
0.000446
0.001598
0.000448
0.000339
0.000802
0.000231
0.000226
0.000225
0
0
0.000109
0.000431
0.000647
0.000322
0.000107
0.000111
0.001823
0.001009
0.00011
0.013147
0.000436
0.000223
0.000333
0
0.000226
0.000229
0.0006
0.000716
0
0
0.000597
0.000368
0.000358
0.01621
0
0
0.000122
0.000493
0.001381
0.000124
0
0.018795
0
0.000129
0
0.000525
0.000271
0.000454
0
0.000152
0.000765
0.017233
0.000153
0.000607
0.000223
0.00011
0.00022
0.00022
0
0.000659
0.000541
0
0
0.000214
0.000553
0.000537
0.000653
0.000106
0.000755
0.00011
0.000329
0.000971
0.000869
0.000108
0.000678
0.008854
0
0
0
0
0.01293
0.000334
0.000467
0.014096
0
0.000113
0.000575
0.00772
0.000228
0.000469
0.000812
0.00011
0.000109
0.001461
0.000328
0.000654
0.000108
0.000108
0.000111
0.000218
0.000214
0.000427
0
0.000215
0.011295
0.000326
0.000213
0.000536
0.000108
0.000763
0.000767
0.002231
0.000429
0.000212
0
0.00011
0.000108
0
0.000218
0.000447
0.000215
0.000328
0.000655
0.000329
0.000111
0.013972
0.000544
0.000433
0.000106
0
0
0.040263
0.000109
0
0.000107
0.000211
0.000537
0.013747
0.000109
0.00011
0.013584
0.013385
0.000331
0.00075
0
0
0.000111
0.000334
0
0.000795
0.00011
0
0.000438
0.000108
0
0
0.000216
0
0.000217
0.001008
0.001626
0.000445
0.001248
0.000446
0.000336
0.000224
0.000565
0.025051
0.000237
0.00035
0.00732
0
0
0.000343
0
0
0.001355
0.000567
0.000452
0.000336
0.000337
0.000223
0.007536
0.000337
0.000233
0.046069
0.000767
0.000387
0.026557
0.000263
0
0.018439
0
0.00012
0.000946
0.000118
0
0.015364
0.000238
0
0.000478
0.00036
0.000483
0.000721
0.000734
0.000121
0.000981
0.00125
0.000122
0.000119
0.000121
0.000237
0
0.000472
0.000468
0.000468
0.000231
0.000346
0.00081
0.000116
0.000119
0.001345
0.000472
0.000237
0.000118
0.000238
0.000359
0.001483
0.000504
0.000235
0.000628
0.002603
0.005013
0.000228
0.000224
0
0.016125
0.000222
0.000829
0.001004
0.000446
0.000346
0.018629
0.000118
0.000111
0.000221
0.00022
0.000219
0.000228
0.001011
0.000334
0.008519
0.000437
0.000328
0.000444
0.000109
0.000219
0.000433
0.000664
0.00011
0.000328
0.001213
0.000657
0.000873
0.000555
0.00011
0.008134
0
0.00011
0.00022
0.001218
0.000438
0.000553
0.000438
0.000111
0.000453
0.000336
0.000797
0.000803
0.000113
0.000444
0.00725
0.000329
0
0.000443
0.000223
0.000218
0.018266
0.000778
0.000222
0.000112
0.000233
0.000699
0.000122
0.00049
0
0.019971
0.000847
0.000112
0.000222
0.000219
0.000111
0.000224
0.00045
0.001079
0.020716
0.000462
0.000699
0.026588
0.000595
0.000478
0.000348
0.000449
0
0.000795
0.000465
0.00045
0.000659
0.000111
0
0.001339
0.000239
0
0.000234
0.000117
0.000341
0.000689
0
0.00058
0.009975
0
0.000225
0.000465
0
0.000574
0.000233
0
0.000232
0.001071
0.000365
0.000365
0.000483
0
0.000116
0.000229
0.000357
0.000834
0.000113
0.000112
0
0.000452
0.026932
0.000113
0.000789
0.000113
0.000112
0.007321
0.001149
0.000227
0.001962
0.017255
0.000224
0.000113
0.000337
0
0.000344
0.000229
0.000222
0.000332
0.000439
0.000109
0.000671
0.000226
0.000891
0.002295
0.000111
0.000451
0.00068
0.000329
0
0.000561
0.000452
0
0.000599
0.000119
0.00012
0.020002
0.000562
0.000223
0.000907
0.000225
0.000447
0.000232
0.000115
0.000112
0.00034
0.000111
0
0.000332
0.000113
0.000225
0.000686
0.000114
0.000113
0.003662
0.000227
0
0.000572
0.000224
0.000228
0.000228
0.000226
0.000571
0.001028
0.000113
0
0.016296
0.000224
0.000441
0.001105
0.00011
0.000111
0.001435
0
0.000109
0.000995
0.000109
0
0.000327
0.000437
0.000218
0.00011
0.000111
0.00011
0.001196
0.000442
0.000109
0.013602
0.00011
0
0
0.000346
0.000115
0.001496
0.000113
0
0.000215
0.000217
0.000215
0.000323
0
0.00022
0.000107
0
0.000327
0.000321
0.000217
0.00043
0.000214
0.000108
0.000549
0.00022
0
0.000761
0.000108
0.000325
0.000654
0.012619
0
0.000108
0.00043
0.000216
0.000433
0.000109
0.00055
0
0.001668
0.000337
0.001029
0.001361
0.000437
0.000109
0.000434
0.000109
0.000109
0.000329
0.000997
0.000112
0.001217
0.000441
0.000219
0
0.00089
0.000221
0.000552
0.000903
0.000452
0.000234
0.000343
0.000112
0.000228
0.000466
0.000115
0.000345
0.000351
0.000116
0.013088
0
0.00058
0.00023
0.000115
0.000237
0.001169
0.000359
0.001471
0.02112
0.000363
0.000481
0.001177
0.000347
0.000114
0.000113
0.000347
0.000345
0.001725
0.000337
0.000218
0.000329
0.00011
0
0.000567
0.000114
0.000112
0.00011
0
0
0.000221
0.000328
0.00022
0.000219
0.00011
0.000551
0.00011
0.008322
0.001601
0.024207
0
0.000115
0.016211
0.000113
0.00011
0.001319
0.000329
0.00011
0.014474
0.000553
0.000333
0.0009
0.002196
0.000446
0.000333
0.00022
0.000223
0.001105
0.000223
0.000224
0.000229
0.000229
0.000566
0.00011
0.000113
0.000801
0.000341
0.007817
0.000466
0.010267
0.000114
0.000339
0.000333
0.000442
0.000223
0.000224
0.000331
0.000446
0.001334
0.000224
0.000223
0.002814
0
0.00011
0.000462
0.000339
0.000333
0.000442
0.000221
0.000544
0.000549
0.000323
0.00011
0.00011
0
0.000111
0.000565
0.000221
0.000331
0.001553
0.00011
0
0.014422
0.000757
0.000551
0
0.000446
0.000111
0.00022
0.000218
0.000108
0.016803
0.001431
0
0.000964
0.000653
0.000434
0.000435
0.000432
0.000215
0
0.000326
0
0.001339
0.000223
0
0.000983
0.000217
0.000664
0.000979
0
0.000109
0.000437
0
0.000109
0.000551
0.00022
0.000663
0.000433
0.000108
0.000434
0.000109
0.001533
0.000548
0.000219
0.000884
0.000109
0.000437
0.000217
0.000216
0.013288
0.000216
0.000217
0.000327
0.000213
0.000321
0.000429
0.000326
0.000109
0.000217
0.000548
0.000108
0.000219
0
0.00078
0.001429
0.00011
0
0.000963
0.00011
0.000224
0.000224
0.000223
0.000108
0.000323
0.000649
0.000107
0.000438
0.000219
0.000334
0.000109
0
0.001459
0.000113
0
0.000221
0.000447
0.000111
0.000451
0.000112
0.000222
0
0.001146
0.000226
0.000223
0.000556
0.000334
0.000223
0.00124
0
0.000111
0.000447
0.000557
0.000111
0.000661
0.000781
0.000221
0.000109
0.000436
0.000427
0.000757
0.000109
0.000218
0.000337
0.000222
0.000555
0.002653
0
0.000111
0.000786
0
0.000442
0.001413
0.000108
0.000432
0.000325
0.00044
0.000108
0.000326
0.000217
0.000109
0.000111
0.000111
0.000224
0.000329
0.00022
0
0.001322
0
0.000214
0.000326
0
0.000219
0.003734
0.000657
0
0.000215
0.000436
0.000444
0.001225
0.000214
0
0.000214
0.000757
0.000323
0.01041
0.000544
0.000323
0.014367
0.000218
0
0.00345
0.00033
0.000546
0.000541
0.000324
0.000108
0.000322
0.000546
0.000538
0.000323
0.000323
0.000108
0.000332
0.00044
0.000659
0.0012
0.000331
0
0.000922
0.00023
0.000109
0.000539
0.000107
0.000765
0.000985
0.000326
0.00022
0.000111
0.000546
0.000326
0.00022
0.000663
0.000437
0.000219
0.000327
0.000672
0.0011
0.000109
0.00011
0.000109
0.00033
0.000326
0.000108
0.00022
0
0.000663
0.000887
0.000215
0.000218
0.001338
0.000325
0.001088
0.000553
0.000222
0.001015
0.000222
0.00044
0.000224
0.000669
0
0.000443
0.000223
0.000114
0
0.000561
0.00022
0.000334
0.000338
0
0.000581
0.00045
0.000112
0.022413
0.0009
0.000331
0.000111
0
0.000329
0.000222
0.000333
0
0.001099
0.000553
0.000223
0.02477
0.00046
0.000115
0.00023
0
0.000328
0.000329
0.000221
0.000329
0.000673
0.000224
0.000111
0.001225
0.000113
0.000454
0.000225
0.000224
0.000447
0.002142
0.000111
0.001713
0.001474
0
0.000449
0.000224
0.000223
0.000572
0.000356
0.000463
0.000466
0.014365
0
0
0.000353
0
0.000116
0.000576
0.000232
0.000349
0.000231
0.00023
0.000343
0.000116
0.000232
0
0.000232
0.000226
0.000338
0.001003
0.000111
0.000217
0.000108
0.000219
0.000325
0.015498
0
0.000109
0.000651
0.000865
0.00054
0.000108
0.000541
0.000215
0.000108
0
0.001875
0.000218
0.000778
0.004524
0.046904
0.000109
0.000108
0.00034
0
0.00011
0.000882
0.000109
0.000658
0.014012
0.000111
0.000544
0
0.000447
0
0.000446
0.000328
0.000112
0.014447
0.000331
0.000429
0.008729
0.012838
0.000108
0.000108
0
0.000431
0.000106
0.00032
0.000431
0.00087
0.001185
0
0.000217
0.000429
0.002191
0.00224
0.000546
0.000108
0.000213
0.000107
0.000213
0.000321
0.000214
0.000108
0.001318
0.000107
0.000106
0.000107
0.000325
0.001307
0
0.000108
0.000327
0.000112
0.000326
0.000109
0.000217
0.000547
0.000219
0.000222
0.00044
0
0.000218
0.001473
0.000222
0.000222
0.000783
0.000441
0.000331
0.00034
0.000222
0.000223
0.000329
0.000107
0.00044
0.000331
0.000218
0.000111
0.000219
0
0
0.000454
0.000358
0.000238
0.000119
0.000236
0.018442
0.00155
0.000772
0
0.000106
0.000213
0.000107
0.000108
0.000217
0.000108
0.000217
0.00022
0.000783
0.000217
0.000213
0.000107
0.000533
0.000754
0.000107
0.001086
0
0.000214
0.000646
0
0.001527
0.000542
0.000107
0.003718
0.000433
0.000436
0.000107
0.000426
0.00054
0.000221
0.000219
0.000217
0.000759
0.000108
0.000329
0.000222
0
0.000227
0.000112
0.00046
0
0.000111
0.00011
0.00011
0.000557
0.000106
0.000648
0
0
0.000213
0.000315
0.00074
0.000106
0.000212
0.00032
0.000319
0.000425
0.011616
0.000214
0.001638
0.000536
0.000966
0.000319
0.000106
0.000215
0.00043
0.000642
0.000318
0.000107
0.000432
0.000216
0.00043
0.000543
0.000431
0.001026
0.001462
0.000222
0.000659
0.000555
0.000548
0.00022
0.00011
0
0.000331
0.000111
0.000223
0
0.000448
0
0
0.000437
0.000658
0.00033
0.000219
0.00011
0.00044
0.000444
0
0.000328
0.000328
0
0.000213
0.000107
0.000214
0.000651
0.000325
0.000108
0.000214
0.000865
0.000214
0.00076
0.000326
0.000215
0.000217
0.000326
0.000434
0.000434
0.002462
0.000777
0.004289
0.00056
0.000442
0.000222
0.00033
0.00022
0.000338
0.000688
0.000461
0.000114
0.000586
0.0006
0.014134
0.000365
0
0.000579
0
0.000355
0
0.000231
0.00035
0.000343
0.00023
0.000228
0.000582
0.000116
0.000115
0.000601
0.000119
0.000583
0.000233
0.000562
0.000109
0.000107
0.000321
0.000321
0.000545
0.000644
0
0.000431
0.00011
0.000443
0.000659
0.000218
0
0.000338
0.000222
0.000325
0.000108
0.000215
0.000107
0.000109
0.000107
0.000213
0.000106
0.000215
0.000108
0.000108
0.000214
0.000107
0.000214
0
0.000108
0.000217
0.000222
0.000224
0.000221
0.000111
0.000224
0
0.000113
0.000115
0.00047
0.000459
0
0
0.000118
0.000468
0.000351
0.000352
0.000236
0.000599
0.000347
0.000115
0.002022
0.000113
0.000557
0.000111
0.00011
0.000335
0.000926
0
0.001469
0.000326
0.000213
0.000213
0.000533
0.000214
0.000106
0
0.000215
0.000106
0
0.000326
0.001357
0.000444
0.000216
0.000435
0.000322
0
0
0
0.000426
0.000535
0.000331
0.000217
0.000108
0.000221
0.000448
0.000681
0.000114
0.000456
0.024207
0.00011
0
0.004916
0.000325
0.000859
0.000753
0.000433
0.000215
0.000109
0.000217
0.000327
0.00089
0.000215
0
0
0.000432
0.000435
0.00123
0
0
0.000322
0.000326
0.000323
0.000109
0.000328
0.000221
0.000109
0.000219
0.000327
0.000107
0.000219
0.000216
0.000215
0.000324
0.000221
0.000538
0.000108
0.000107
0.000646
0.000215
0.000754
0.000857
0.000108
0.000655
0.000106
0
0.000326
0.012869
0.000435
0.000108
0.000323
0.000106
0.000107
0.013315
0.000327
0.000217
0.000213
0.000536
0.000111
0.012877
0.000572
0.000227
0.000115
0.000344
0.000347
0.000722
0.001463
0.00024
0.000717
0.000606
0.000359
0.002214
0.000222
0.000328
0.000109
0.000438
0.000439
0.000325
0.000214
0.000218
0.000441
0.000219
0.000217
0
0.000321
0.00032
0.000426
0.000428
0.00032
0.000975
0.000431
0.000108
0.000109
0.005633
0.000361
0.001567
0.000363
0.000241
0.001094
0.000333
0
0.000217
0.000659
0.000109
0.000106
0.000213
0
0.000773
0.000109
0.000543
0.000109
0
0
0.010793
0.000323
0.000216
0.000428
0.000108
0.000323
0.000545
0.00011
0.000108
0.000109
0.000551
0.000674
0.002469
0.000107
0.000323
0.018887
0.000442
0.000111
0.000222
0
0.000108
0.000109
0
0
0.000218
0.00022
0.000218
0.000538
0.000214
0.000653
0.000325
0.000213
0.000108
0.000553
0.000109
0.00011
0.001327
0.000109
0.000324
0.000432
0.00076
0.000109
0.000669
0.000789
0.000111
0.025354
0.000338
0
0.000226
0.000112
0.000114
0.000342
0.000227
0.000467
0.000814
0.00023
0.000343
0.000343
0.000682
0
0.000114
0.000228
0.000563
0.000674
0.000226
0.000231
0
0.000231
0.000349
0.000233
0.000349
0.000116
0.000228
0.000228
0.000574
0.000909
0.000691
0.000115
0.000458
0.000462
0.000227
0.000343
0.000457
0.000694
0.000454
0.000223
0.000225
0.009246
0.000552
0.000441
0.000656
0.00054
0
0.001326
0.000329
0.000434
0.000217
0.000327
0.000107
0.002449
0.000217
0.000215
0.000218
0.000108
0.000215
0.000107
0.000107
0.000216
0.001214
0.000438
0.000877
0.01188
0.000108
0.000649
0.000109
0.000215
0.001103
0.003078
0
0.001996
0.000435
0.000883
0.000426
0.000107
0.000107
0.000433
0.001099
0.007725
0.000563
0.000111
0.00045
0.000221
0.000779
0.000444
0.000111
0.000329
0.000434
0.001125
0.000548
0.000438
0
0
0.000435
0.000437
0.000216
0.00022
0.000645
0.000543
0.000439
0.000434
0
0.000108
0.000445
0.009302
0.000227
0.000108
0.000433
0.00022
0.00011
0.000441
0.000223
0
0.000224
0.000574
0.001599
0.00055
0.000328
0.000215
0.000431
0.00033
0.000537
0.010868
0.000109
0.000108
0
0.000109
0.000221
0.000373
0.002918
0.000373
0.000245
0.00037
0.000245
0.00037
0
0.000121
0.000368
0
0.00089
0.000323
0.00033
0.000432
0.001508
0.000427
0.000431
0.000326
0.000426
0.000214
0.00192
0.000215
0.000107
0.000108
0.000428
0.000107
0.01441
0
0.000109
0.000549
0.001093
0.000216
0.000108
0.000434
0.000334
0.002164
0
0
0.000455
0.000109
0
0.000541
0.000438
0.000218
0.000558
0.000108
0.000326
0.00109
0.000984
0.004265
0.001102
0.000444
0.000557
0.01015
0.000112
0
0.000224
0.000114
0.000232
0.010609
0.000122
0.000612
0.025253
0.000121
0.000119
0.000358
0.000116
0.000115
0.013254
0.000579
0.000354
0.001676
0.000583
0.000115
0.000116
0.000483
0
0.01409
0.001211
0.00024
0.00107
0.000954
0.000838
0.000238
0.000239
0.000482
0.000243
0.000369
0.000365
0.000121
0.000242
0.000122
0.000247
0
0.000123
0.016717
0.000612
0.000492
0
0.000478
0.00061
0.015688
0.016292
0.000374
0.000124
0
0
0.000525
0
0.000776
0.018113
0.00012
0.00035
0.000234
0.000116
0.000341
0.000111
0.000223
0
0.000109
0.000219
0.000559
0.000983
0.000781
0.000108
0.000551
0.000216
0.00022
0.000218
0.000552
0.000865
0.000541
0.000214
0.000108
0.000443
0.001098
0.000211
0.000319
0.000106
0.000433
0.000543
0.000537
0.000437
0.001256
0.000219
0.000216
0.000431
0
0.002649
0.011059
0.000328
0.000321
0.000546
0.000432
0.000213
0.001092
0.000775
0
0.000434
0.000213
0.000653
0.006726
0.000325
0.000426
0.000428
0.001544
0.000212
0.000639
0.000106
0.000425
0.000108
0.000319
0.000107
0.012583
0.000658
0.000438
0.000424
0
0.000212
0.011996
0.000428
0
0.000427
0.00032
0.000428
0.000216
0.000215
0.000437
0.014502
0.000222
0.000111
0.000971
0.000322
0.000325
0.000443
0.000217
0
0.000215
0
0.000983
0.000217
0.000876
0.000216
0.000109
0
0.000881
0.014041
0.000217
0.000327
0.000325
0.000109
0.000437
0.000108
0.000327
0.000328
0.000109
0.000113
0.000226
0.001887
0.000113
0.000333
0.000901
0.000223
0.000227
0.012978
0.00011
0.00055
0.00098
0.000219
0.000324
0.000545
0.000219
0.00011
0
0.00033
0.000109
0
0.000216
0.000432
0
0.000431
0.000107
0.000758
0.00033
0.000684
0.001932
0.000331
0
0.000438
0.00011
0.000224
0.000899
0.012974
0.00011
0.012373
0.000771
0.000227
0.010773
0.000335
0.000446
0.000111
0.000449
0.000225
0.000457
0.000706
0.002225
0.000939
0.000586
0.00024
0.000844
0.000117
0.000114
0.00198
0.000114
0.000231
0.000115
0.000344
0.000341
0
0.000347
0.000724
0.000993
0.000243
0.000242
0.000121
0.001298
0.000115
0.000685
0
0.000223
0.000226
0
0.000338
0.000113
0.000567
0.000345
0
0.000115
0.000228
0.000798
0.000223
0.000334
0.001016
0.000339
0.000228
0.001007
0.000111
0.000665
0.000788
0.000227
0.000225
0
0.000225
0.000335
0.000223
0.000224
0.000334
0.000224
0.00022
0.000107
0.000857
0
0.000107
0.000107
0.00032
0
0.000106
0.000762
0.000329
0.000217
0.000327
0.000221
0.000109
0.000541
0.001299
0.000436
0.000897
0.000442
0.000219
0
0.000215
0.000769
0.000332
0.000218
0.00022
0.000554
0.00088
0.00022
0.000111
0.000221
0
0.000109
0.000765
0.000326
0.015493
0.000326
0.000106
0
0.000107
0.000214
0.001302
0.00022
0.000216
0.000763
0.000324
0.00065
0.000327
0.000108
0.000215
0.000217
0.000108
0.000547
0
0.000219
0.00011
0.000556
0.000108
0.000761
0.000223
0
0.000449
0.000111
0.00011
0.000334
0.000547
0.000107
0
0.000435
0.000325
0.01393
0.000216
0.001213
0.000433
0.000885
0.000663
0.001543
0.00022
0.00011
0.000108
0.000107
0.000108
0.001069
0.000325
0.00011
0.00033
0.000216
0.00011
0.000112
0
0.000231
0.000462
0.000803
0.000221
0.000879
0.000875
0.000434
0.000544
0.000661
0.000326
0.000545
0.000222
0.000222
0.000228
0.000333
0.000451
0.015277
0.00103
0.000333
0.000554
0.000438
0.000214
0.000542
0.000333
0
0.000228
0.000114
0.000226
0.000114
0.000471
0.000456
0.000115
0.001158
0.000565
0.000567
0.000113
0.000333
0
0.000111
0
0.001465
0.000457
0.000345
0.000461
0.000447
0.00022
0.002623
0.001175
0.000573
0.000662
0.000446
0.000111
0.000334
0.000222
0.000218
0.000549
0
0.00011
0.000222
0.000223
0.000225
0.025475
0.000447
0.000327
0.00055
0.00022
0.000556
0.000329
0.000435
0.000438
0.000217
0.00055
0.000218
0.000108
0
0.000222
0.000785
0.000439
0.000219
0.000548
0
0.000112
0.000546
0.000325
0.000333
0.000439
0.000327
0.000109
0.000435
0.000324
0.000326
0.000109
0
0
0.000221
0.000334
0.000222
0.007106
0.000776
0.000323
0.000546
0.000215
0.001448
0.000218
0.000549
0.000438
0.000109
0.000437
0.00125
0.000655
0.00033
0.000456
0.000331
0.01391
0.000452
0.000109
0.012951
0.000896
0.000338
0.00033
0.000222
0.000441
0.000111
0.000222
0.012176
0.000219
0.00011
0.000553
0.000216
0
0
0.000217
0
0.000331
0.000432
0.000432
0.000221
0.001002
0.000327
0.000437
0.00022
0.000108
0.012969
0.000217
0.000543
0
0.000329
0.00033
0.000109
0.000111
0.000911
0.013887
0
0.000116
0.000827
0
0.000112
0.000108
0.000109
0.001308
0.000108
0
0.000113
0.012549
0.000224
0.000113
0.014267
0
0.000348
0.002045
0.000117
0.000233
0.011989
0.000229
0.00035
0.014123
0
0.000344
0.00091
0.000112
0.000448
0.001004
0.000915
0.000566
0.013044
0.001464
0.00011
0.00119
0
0.000442
0.000548
0.000556
0.00011
0.000109
0.000665
0.000329
0.001432
0.000436
0.00045
0.00011
0.00011
0.00011
0.013257
0.000108
0
0.000446
0.000109
0.000551
0.0011
0.000329
0.000108
0
0.000321
0.000109
0
0.000326
0.000323
0.000323
0.001202
0.00098
0.000219
0.000215
0.014126
0.000324
0.000537
0.000538
0.00043
0.00087
0.00011
0.000108
0
0.000326
0.000111
0.01441
0.000332
0.000326
0.000442
0.012777
0.000662
0.00011
0.000327
0.00123
0.002268
0.000216
0.000326
0.000438
0.000542
0.000862
0.000331
0.000224
0.003269
0.000679
0.000554
0.000109
0.000108
0
0.000214
0.00043
0.00043
0
0.00044
0.000329
0.000328
0.000331
0.000218
0.013567
0.000215
0.000108
0.000327
0
0.000331
0.000225
0.000933
0.00011
0.000334
0.006555
0.000335
0.000334
0.000919
0.000444
0.008724
0.000223
0.000447
0.000114
0.000678
0.000229
0.000342
0.000337
0.00011
0.000221
0.000447
0.000113
0.00023
0.002
0.000879
0.000675
0.000216
0.000109
0.000107
0.000227
0.000229
0.000115
0.007935
0.000355
0.000591
0.0007
0
0
0.000463
0.000226
0.000565
0
0.000803
0.000571
0.000568
0.000343
0.000344
0.00035
0.00141
0.002196
0.000111
0
0.00033
0.000332
0.000447
0.000222
0.000111
0.00092
0.000111
0.000442
0.000449
0.000335
0.00011
0.000338
0.000225
0.000343
0.000113
0.00023
0.000235
0.000473
0.00071
0.000475
0.00023
0.00035
0.001199
0.000238
0.000119
0.000232
0.000231
0.000577
0.000465
0.000923
0.000113
0.000115
0.000693
0.001137
0.000224
0.000224
0.000111
0.000224
0.000113
0.000572
0.000669
0.000331
0.001695
0.000331
0.000773
0.00011
0.002294
0.000218
0.000108
0.000218
0.001564
0.000438
0.000655
0.000325
0
0.000325
0
0.000443
0.000222
0.000222
0.000221
0
0.000221
0.00045
0.000331
0.000329
0.000331
0.000108
0.000109
0.000548
0
0
0.000327
0.000218
0.000219
0.001576
0.000108
0.000108
0.000547
0.000906
0.000448
0.000109
0.00032
0.000218
0
0.000436
0.000327
0.000438
0
0.000324
0.000219
0.000108
0.000653
0.001187
0.000109
0.000645
0.000649
0.000217
0.00044
0.000107
0.000328
0.000109
0.00011
0.000221
0.000445
0.00056
0.000561
0.000452
0.001984
0.000339
0.000223
0
0.000227
0.000115
0.000114
0.000226
0.000113
0.000227
0.000116
0.000228
0.000575
0.00035
0.000345
0.000232
0.000578
0.000469
0.000473
0.00023
0.000229
0.000349
0
0.000118
0.000469
0.000117
0.000118
0
0
0.004444
0
0
0
0.000552
0.000331
0.000219
0
0.000225
0.000226
0.000224
0.000111
0
0.000333
0.000109
0.000326
0.000329
0.000109
0.000111
0
0.000223
0.000223
0
0.000108
0.000328
0
0.000217
0.000107
0.000422
0.000316
0.000529
0.000214
0.00033
0.00076
0.000547
0.000219
0.000217
0.00011
0.000219
0
0.000334
0.000111
0.00022
0
0
0
0.000435
0.000552
0.000216
0.000322
0.000106
0.000106
0.000111
0
0.00011
0.000219
0.000109
0.000534
0
0.000216
0.000873
0.000214
0.000326
0.013719
0.000214
0.000212
0.000637
0.000319
0.000753
0
0.000317
0.000105
0.000214
0
0.000536
0.000429
0.000321
0
0.000657
0.000551
0.000883
0.000435
0.000328
0.000666
0.001112
0.000541
0.000212
0.000213
0.000428
0.000214
0.000319
0.010411
0.000213
0.000215
0.002012
0.000551
0.000111
0.000332
0.000541
0.000108
0.000106
0.000106
0.000531
0.000319
0.000106
0.000323
0
0.000108
0.000108
0.000432
0.000213
0.000213
0.000534
0
0.000106
0.000319
0.000105
0.000317
0.000967
0.000107
0.000748
0.000214
0.000863
0.000107
0.000214
0.000213
0.000212
0.00032
0.000215
0.001221
0.000324
0.000217
0.000212
0.000217
0.000431
0.000215
0.000215
0.001321
0.004995
0.00022
0.000328
0.000108
0.000542
0.003157
0.000534
0
0.000108
0.000215
0.000112
0.000223
0.000454
0
0.000449
0.000341
0
0
0.000433
0.000434
0.000219
0.00011
0.000223
0.000218
0
0.000108
0.000552
0.000109
0.000867
0
0.000107
0.00086
0.018366
0.000323
0.000326
0.000111
0.000445
0
0.000219
0.000329
0.000221
0
0.000426
0.000107
0.000215
0.000216
0.000108
0.000441
0.000221
0.000337
0.000225
0.000323
0.000213
0.000218
0.000795
0.00057
0.000222
0.000549
0
0.000108
0.000334
0.000221
0
0
0.00022
0.000547
0.000433
0.00088
0.000111
0.000332
0.000329
0.000334
0.000655
0.000327
0.000329
0.00055
0.000325
0.009384
0.000431
0.000432
0.000216
0.000216
0.000108
0.000107
0
0.000108
0.000868
0.000544
0.000109
0.000327
0.000433
0.000651
0.000435
0.000109
0.000435
0.000109
0
0.000547
0.000658
0.00033
0.000214
0.000324
0.000545
0.000323
0.000218
0
0.000321
0.000436
0.000883
0.000333
0.000219
0.000109
0.000321
0.000215
0.000218
0.000107
0.000108
0.000109
0.000218
0.000327
0.000652
0.001196
0.000559
0.000322
0.000753
0.001314
0.000107
0.00043
0.000321
0.000752
0.002985
0.000214
0.000108
0.000648
0
0.000107
0.00043
0.000433
0.000428
0.00032
0.000429
0.000324
0.000322
0.000215
0.00032
0.000647
0.000108
0.000107
0.000859
0
0.000647
0.000542
0.000434
0.000108
0.002473
0.000425
0.000435
0.000656
0.000323
0.000106
0.000106
0.000324
0.001284
0.000325
0.000108
0.000324
0.000324
0.00011
0.000336
0.000112
0.000225
0.000338
0.000115
0
0.000219
0.000901
0.000334
0
0.013846
0.000115
0.000113
0.000784
0.000459
0.000344
0.001037
0.000113
0.000223
0.000669
0.000226
0.000222
0.000111
0
0.000668
0
0
0.000441
0.00055
0.000108
0.000426
0.000425
0.000217
0
0.000876
0.000218
0.000111
0.009677
0.001039
0.000925
0.000334
0.000117
0
0.000603
0.000241
0.000238
0.025104
0
0.000236
0.001076
0.001342
0
0.00064
0.000106
0
0.000216
0.001421
0.000537
0.000431
0.000108
0.00033
0.000328
0.000216
0.000324
0.000107
0.000318
0
0.000856
0.000428
0
0.000106
0.000213
0
0.000323
0.000107
0.000107
0.003104
0.000332
0.000324
0.000107
0.000219
0
0.000108
0.000322
0.000322
0.000211
0.000319
0.000213
0.000321
0.000106
0.000107
0.000428
0
0.000436
0.000758
0.000216
0.000107
0.000323
0.000216
0.000534
0.001077
0.000214
0.000214
0.001081
0.000652
0.000324
0.000543
0.000219
0.001088
0.000642
0.00033
0
0.000321
0.000321
0.000748
0.000757
0.000218
0.000214
0.000108
0.001086
0.000107
0.000973
0.000322
0.000318
0.000106
0
0
0.000537
0.000215
0.000434
0.000964
0
0
0.000222
0.000111
0.00022
0.000225
0.000544
0.000972
0.000213
0.000216
0.000108
0.01495
0.000427
0
0.000215
0.000107
0
0.000319
0
0.000431
0.000321
0.000649
0.000322
0.00032
0.000326
0
0.012678
0.000218
0.00011
0.008314
0.000447
0.002921
0.000327
0.000652
0.000216
0
0.000539
0.000324
0
0.000437
0.000111
0.008237
0.000112
0
0.000113
0
0.000559
0.008182
0.000229
0.00023
0.000335
0.000335
0.000111
0.004583
0.000114
0.000563
0.00034
0.000225
0.000113
0.000114
0.000236
0.000234
0.000116
0.000351
0.000354
0
0.000833
0.000118
0.000236
0.000356
0.00024
0.000119
0.00024
0.00012
0.000944
0.000118
0.000233
0.000116
0.000117
0.000115
0.000231
0.000238
0.000696
0.000231
0.000461
0.000338
0.007003
0.000114
0.000566
0.000337
0.00045
0.000111
0.000112
0.000111
0.000442
0.000555
0.00011
0.000111
0.000334
0.000111
0
0.015453
0.000224
0.000111
0.000564
0.000885
0.000108
0.000213
0.000215
0.000109
0.015038
0.000107
0.000216
0.000641
0
0.00044
0.00033
0.000661
0.000224
0.019573
0.000338
0.00011
0.000333
0.00011
0.00044
0.014033
0.000542
0.000108
0.000325
0.000653
0
0.000217
0.000767
0.000429
0.000214
0.000324
0.000108
0.000324
0.000218
0.00011
0.000115
0.000116
0
0.000461
0
0.000225
0.043287
0.000109
0.000105
0
0.000105
0
0
0.000213
0.000106
0.000105
0.000424
0.000213
0.000319
0.000105
0.000429
0.000216
0.000435
0.000111
0.000784
0.000223
0.000112
0.000449
0
0
0.000533
0.000213
0
0.000319
0
0.000217
0.000663
0.00022
0.000107
0.000215
0
0
0.000435
0.000215
0
0.000322
0.000213
0.000431
0.000655
0.000215
0.000212
0.000535
0
0.00011
0.000107
0.000108
0.000213
0.001189
0.000765
0.000321
0
0
0.000215
0.002213
0.000324
0.00099
0.000217
0.002214
0.000217
0.000757
0.000109
0.000214
0.001109
0.000326
0
0.000108
0.000219
0.000218
0.000328
0.000109
0.000222
0.000998
0.00011
0.000111
0.000332
0.000112
0
0.000551
0
0
0.001003
0.00022
0.000113
0.000225
0.000227
0
0.001338
0.00024
0.00036
0.000364
0.000718
0.000351
0.000344
0.000692
0.000117
0.000117
0.000115
0.000224
0.000793
0.000452
0.00069
0.000114
0.000335
0
0.000443
0
0.000452
0.000454
0.000341
0.000113
0.013615
0.000226
0.000571
0.000111
0.000223
0.000335
0.000111
0.000109
0.000218
0
0.000436
0.00022
0.000655
0.00033
0.000339
0.016081
0.000458
0
0.000807
0.000555
0.00169
0.000111
0.000217
0.000109
0.000428
0.000326
0.000329
0.015291
0.000216
0.000757
0.000324
0.00011
0.00022
0.000112
0.000225
0.000112
0.000222
0.000331
0
0.00045
0.000334
0.000221
0.000223
0.000332
0.000433
0.000219
0.000219
0
0
0.000324
0.000107
0.000644
0.000652
0.000109
0.000431
0.000107
0.000321
0.000216
0.000107
0.00032
0.00043
0.000325
0.000436
0.004933
0.000438
0.000553
0.000329
0.000891
0.000436
0.004806
0.000108
0.000321
0.000643
0.000673
0
0.000112
0.000111
0.000549
0.000776
0.000328
0.000221
0.00011
0.000217
0
0.000438
0.00044
0.000447
0.000444
0.000562
0.000112
0.000113
0
0.000444
0.000441
0.000898
0
0.000226
0.000331
0
0.000541
0.000557
0
0.000556
0.030934
0.000111
0.000561
0.000719
0.000911
0.000571
0.000449
0.000339
0.00078
0.000335
0
0.013859
0.000109
0.000342
0.013387
0.000112
0.000112
0
0.001915
0.000114
0.000457
0.000229
0.000115
0.023406
0
0.000233
0.000116
0.000234
0.000119
0.000595
0.000238
0.000115
0.000587
0.000352
0.000237
0.000117
0.000237
0.000234
0.001282
0.000361
0.000483
0.001308
0.000353
0.000118
0.00128
0
0.000461
0.000463
0.000342
0
0.000118
0.00035
0.000232
0.000113
0
0.000229
0.015062
0
0.000229
0.000112
0.00068
0.000228
0.025702
0.000356
0.000359
0.000237
0.000234
0.000231
0
0.000115
0.000695
0.000922
0.00035
0.000232
0.016382
0.000344
0.000229
0.001255
0.00035
0.000465
0.000583
0.000115
0.000456
0.000229
0.000235
0.000352
0.001574
0
0.000231
0
0.000117
0.000119
0.044262
0
0.000125
0.000125
0.000119
0.000542
0.001313
0.000326
0.000656
0.00011
0.001315
0
0.0011
0.00011
0.000219
0.000323
0.000215
0.000328
0
0
0.000109
0.008109
0.000436
0.000108
0.001328
0.002024
0.000221
0.001424
0.00022
0.000325
0
0.000439
0.000224
0.00034
0.000339
0.000111
0.001345
0.000114
0.000113
0.001018
0.001155
0.000807
0.000341
0
0.00068
0.000112
0.000112
0
0.00023
0.000341
0.000461
0.001374
0.000228
0.000116
0.026303
0.000115
0.00023
0.000113
0.000114
0.000332
0
0.000112
0
0.000568
0.00046
0.000229
0.001136
0.000225
0.000231
0.001652
0
0.000685
0.000343
0.000804
0
0.000225
0
0.000223
0
0
0.000222
0.000227
0.000341
0
0.015664
0
0.000332
0.00011
0.00067
0.000454
0.019075
0.000223
0.000222
0.000108
0.002014
0.000435
0
0.001436
0.000653
0.00022
0.000652
0.000327
0.000217
0.000438
0.00056
0.000112
0.000114
0.000447
0.010594
0.000226
0.000224
0.000115
0.000115
0.00091
0.000342
0.000114
0.000229
0.000235
0.000234
0.000116
0.000466
0
0.000118
0.000354
0.001055
0
0.000594
0.000479
0.000118
0.000473
0.004781
0.000456
0.000339
0.000229
0.000111
0.003804
0.000434
0.000107
0.000216
0.002304
0.000217
0.000108
0.000108
0.000217
0.000108
0.000431
0.000218
0.000432
0
0.000111
0
0.000556
0.000113
0.001849
0.00011
0
0.005967
0.00043
0.000108
0.000319
0.000323
0.000106
0.001271
0
0.000213
0.00096
0.000106
0.000106
0.000742
0.000318
0.000106
0
0.000213
0.000213
0.000426
0.000324
0.000211
0.000106
0.00032
0.000319
0.000424
0.000426
0.000424
0.000211
0.000106
0.000108
0.000641
0.000319
0.000211
0.00032
0
0.000322
0.000856
0.000218
0.00022
0.000902
0
0
0.000106
0.000215
0.000318
0.001289
0.000653
0.000109
0.001302
0.000216
0.000213
0.00011
0.001221
0.000659
0.000882
0.000109
0
0
0.000106
0.000107
0.00032
0
0.000107
0.000864
0.000106
0.000548
0.000216
0
0.000553
0.001263
0.000115
0.000229
0.001262
0.000109
0.000432
0.000215
0.000107
0.000216
0.000429
0.000215
0.000108
0.000869
0.000108
0.000108
0.000433
0
0.000217
0.000664
0.00022
0.000111
0.000797
0.000222
0.00011
0.00011
0
0.000329
0.000989
0.000435
0.000218
0.000221
0.000111
0.000448
0.000221
0.000115
0.001153
0.024719
0.0007
0.000343
0.001378
0.000116
0.000235
0.003384
0.000114
0.000454
0.001113
0.000453
0.000906
0.001569
0.000225
0.000446
0.000333
0.00056
0.000223
0.00056
0.000111
0.000226
0.000453
0.000336
0.000229
0.000689
0
0.000466
0.000468
0.000349
0.000346
0.000463
0.000473
0.000232
0
0.000691
0.000923
0.000223
0.000334
0.000227
0.000112
0.000449
0.000112
0.000112
0.000231
0.000117
0.000948
0.000343
0.000226
0.001154
0.000803
0.000346
0.000559
0.000564
0
0.000454
0.000226
0.00011
0.000216
0.000436
0.001002
0.000218
0.000108
0.000545
0.000442
0.000439
0.000774
0.000217
0.000219
0.000217
0.00098
0.000324
0
0.000215
0.000988
0.000543
0
0.00011
0.000108
0.000432
0.000109
0.000437
0.000217
0.000548
0.000323
0.000218
0.000434
0.000324
0.000543
0.000216
0.000327
0.000322
0.000651
0.000213
0.001426
0.000223
0
0.000111
0.000666
0.000109
0.000447
0.000446
0.000226
0
0.000451
0.000336
0.019975
0.000334
0.000334
0.00056
0.000113
0.000113
0.003419
0.000245
0.000121
0.016699
0.001372
0.001499
0.003193
0.000114
0.000113
0.000223
0.000332
0.00022
0
0.00011
0.000109
0.000657
0.004062
0.000222
0.001781
0
0.000216
0
0.000107
0.000108
0.001348
0
0.000111
0.024855
0.000321
0.000215
0.000106
0.000107
0.000107
0.007739
0.000216
0.000213
0.000866
0.000105
0.000527
0.00042
0.000211
0.000735
0.0148
0.000212
0.000106
0.00032
0.000111
0.000442
0.000881
0.00033
0.000108
0.000552
0.000545
0.000334
0.001395
0.000115
0.000345
0.005533
0.000331
0.000325
0.000108
0
0.00022
0.00147
0.000105
0.000208
0.000207
0.000522
0.000312
0.000208
0.000634
0.000524
0.000218
0.000435
0.000331
0.000335
0.000111
0.000113
0.00208
0
0.000116
0.000113
0.00023
0
0.000225
0
0.000229
0.000347
0.000116
0.000233
0.000117
0.000235
0.000347
0.000969
0.000122
0.000489
0.0011
0
0.000224
0.000334
0
0.000444
0.000443
0.000672
0.000108
0.000328
0.000217
0.000215
0.000219
0.000108
0.000107
0.000523
0
0.000314
0.000211
0.000105
0.000423
0.00063
0.000319
0.000318
0.014854
0.000424
0.00032
0.000319
0.000539
0.000324
0.000211
0.00032
0
0.000532
0.000214
0.000106
0.000317
0.000531
0.000321
0.015549
0
0.000108
0.000108
0.000322
0.000318
0.00043
0.000107
0.000212
0.000106
0.000425
0.000108
0.000322
0.00032
0.000437
0.000216
0.000216
0.000544
0.000107
0.00011
0.000216
0.022382
0.002342
0
0.000324
0.00098
0.000216
0.001198
0.000537
0.000859
0.000332
0.015641
0.000552
0.001068
0.000319
0.000324
0.00043
0.000108
0
0.000324
0.00022
0.000441
0.000112
0.00011
0.000223
0.000224
0.000444
0
0.018065
0.000112
0
0.000223
0.000226
0.000452
0.000455
0
0.000342
0.000457
0.000337
0.000112
0.000224
0.000682
0.000224
0.000335
0.000686
0.000112
0.000224
0.000228
0
0.017786
0.000231
0.000221
0.000442
0
0.000337
0.000453
0
0.000111
0.000229
0.000227
0.000577
0
0.006763
0.001753
0.000579
0.000946
0.000229
0.000688
0.000114
0.00035
0.008509
0.000692
0.000229
0
0.000115
0.000227
0.001046
0.000115
0.000938
0.000588
0.000235
0.000116
0.000116
0.000466
0.000234
0.000117
0.000596
0.000454
0.000463
0
0.000349
0.000242
0.000241
0.000364
0.000492
0.000135
0
0
0.000272
0.000548
0.000556
0
0.000275
0.000275
0.000136
0.000136
0.016226
0
0
0.000115
0.000343
0
0.000112
0
0.000445
0.000552
0.000108
0.000432
0.000324
0.000215
0.000322
0
0.000109
0.000215
0.001515
0.000431
0.000107
0.000427
0.000424
0
0.000106
0
0.000426
0.000431
0.000214
0.000321
0.000656
0.000108
0.000216
0.000214
0.000323
0
0
0
0
0.000433
0.000108
0.000216
0.000431
0.000215
0.000664
0.000325
0
0
0.000218
0.000109
0.001014
0.022237
0.00011
0.000216
0.000214
0.000107
0.00065
0.000327
0.000219
0
0.023876
0
0
0.000109
0.00022
0.000765
0.000653
0.000989
0.000325
0.000108
0.000325
0
0.000433
0
0.000107
0
0.00033
0.000327
0.000546
0.000221
0
0.000325
0.000108
0.000215
0.000543
0.001099
0.000217
0
0.000109
0.000435
0.000109
0.000447
0.000223
0
0
0.000234
0
0.000663
0.000131
0.016116
0.000398
0
0.000397
0.000132
0
0
0.000245
0.000485
0.000122
0.000242
0.000121
0.018059
0
0.000231
0.00023
0.000341
0.001034
0.000113
0.000225
0.00034
0.000114
0.000229
0
0.001397
0.000571
0
0.000568
0.000345
0.000343
0
0.000113
0.000464
0.000463
0.000114
0
0.000229
0
0.002965
0.000227
0.000228
0.000233
0.000729
0
0.000116
0.000701
0.000954
0.000118
0.000236
0.000231
0.000116
0.000348
0.000356
0.000242
0.00012
0.000249
0.000245
0.00012
0.000124
0.000122
0.000244
0.000123
0.000124
0.001
0.000366
0.000121
0.000238
0.00097
0.000609
0.017696
0
0.000363
0.00024
0.000364
0.00024
0.00036
0.000475
0.001311
0.000699
0
0
0.000589
0.001792
0.000232
0.000579
0.000233
0.00058
0.000114
0.000341
0.000333
0.00078
0.000324
0.000108
0
0.000215
0.000109
0.000109
0.000999
0.000325
0.000214
0.00044
0.000224
0.001343
0.000111
0.000334
0
0.000336
0.000337
0.000668
0.000226
0.000452
0.007897
0.000226
0
0.001134
0.000228
0.000227
0.000228
0.000915
0.000112
0.00034
0.000571
0.000228
0.000222
0.000334
0.000447
0.001217
0.00022
0.000219
0.000436
0
0.00045
0.001348
0.000218
0.000108
0.000108
0.000107
0.000215
0.000325
0.000219
0.000108
0.000429
0.000214
0.000214
0.000321
0
0.000108
0.04199
0.000763
0.000108
0.000108
0.000107
0.000323
0.000107
0.000107
0.000108
0.000326
0.000108
0
0.000326
0.000438
0
0.00066
0.000109
0.000562
0.000679
0.000682
0.000454
0.000113
0.000341
0.000225
0.000113
0
0.000563
0.000338
0.000458
0.000115
0.000692
0.000114
0
0.000687
0.000114
0.000456
0.000345
0.000459
0.000115
0
0
0.000114
0.000453
0.000914
0.000225
0.00022
0.000218
0.000112
0
0.000685
0.000115
0.000228
0.000233
0.000713
0.000231
0.001636
0
0.000588
0.000229
0.000341
0.00034
0.000565
0.000569
0.002116
0.000345
0.000342
0.000337
0.000936
0
0.000607
0.00024
0.00071
0
0.000961
0.000356
0.00037
0.000362
0.000243
0.018458
0.00118
0.000119
0.001467
0
0
0.000231
0.000231
0.000351
0.000237
0.000584
0.000234
0.00048
0.000364
0
0.000122
0.001013
0.000124
0.000125
0.000251
0.000252
0.0134
0.000503
0.000507
0
0.000126
0.000252
0.000876
0.000251
0.022951
0.000255
0.001029
0.023891
0.00012
0.000361
0.000232
0.014355
0.000115
0
0.001813
0
0.000452
0.000113
0.000344
0.000115
0.000572
0.00034
0.000228
0.000336
0.000329
0.000325
0.000443
0.000219
0.000107
0.000213
0.00132
0.000107
0.000325
0.000109
0.00033
0.00011
0.015962
0.000222
0.001013
0.001359
0.00011
0.000111
0.000333
0
0.000334
0.000218
0.000218
0.000434
0.000647
0.000322
0.000641
0.00021
0.00021
0.000105
0.000106
0.000427
0.000423
0.000106
0.000981
0.000215
0.000766
0.000107
0.000527
0.000104
0.000417
0.00031
0.000517
0
0.000524
0.000423
0.000316
0.000208
0.000421
0.000529
0.00021
0.000105
0.00063
0
0.000315
0.000965
0.002173
0.000537
0.000315
0.000432
0.018313
0.00021
0.000736
0.000427
0.000646
0.000215
0
0.000224
0.000441
0.000111
0.000111
0.000222
0.000111
0.000224
0.000332
0.00055
0.000221
0
0.000795
0.000565
0.000449
0.000112
0
0.000115
0.000686
0.000465
0.000113
0.000341
0.000229
0.000234
0.018246
0.000476
0.000115
0.001412
0.001297
0.00046
0.000452
0.000227
0.000336
0.000337
0.000458
0.000113
0
0.000472
0.000231
0.000474
0.000117
0.000357
0.000353
0.000117
0.000116
0.000355
0.000119
0.000961
0.000353
0.000469
0.000586
0
0.000231
0.000112
0.000223
0.000112
0.000783
0.000337
0.000109
0.000435
0.000108
0.000115
0
0.000218
0.000111
0.000445
0.000442
0.000344
0.000226
0.000227
0.001403
0.000229
0.000224
0.000113
0.000218
0.000658
0.00011
0.000756
0.000326
0.000329
0.000108
0.000108
0.000444
0
0.000345
0.000463
0
0.000232
0.000231
0
0.000701
0.000584
0.000469
0.00324
0
0.000116
0.000344
0
0.000226
0
0.000663
0.000109
0.000536
0
0.001135
0.003149
0.000217
0.000108
0.000223
0.001
0.000109
0.011661
0.000324
0.001408
0.000108
0.000108
0.000323
0.000107
0
0.00054
0.001196
0.000546
0.000444
0.000546
0.000221
0.00011
0.000109
0.000109
0.000217
0.023327
0.00022
0.00011
0.000537
0.000322
0.000109
0.00077
0.000215
0.000108
0.000329
0.000217
0.000555
0.00387
0.000224
0.000229
0.023649
0.000337
0
0.000222
0.00056
0.000223
0.000667
0
0.000225
0.000225
0.013957
0.000223
0.000223
0.000111
0.000111
0.00011
0.00011
0
0.016819
0.000218
0.000108
0.000108
0.00022
0.000109
0.000112
0.000218
0.000218
0.000108
0.000108
0
0.000549
0.000437
0.000442
0.000219
0.000221
0
0.000336
0.000668
0
0.000772
0.000675
0.00022
0.000328
0.000219
0.000547
0.001326
0.000442
0.000326
0.000757
0.000552
0.000335
0.000443
0.000109
0.00033
0.000878
0.000565
0.000111
0.000227
0.00058
0.000351
0.000821
0
0.000464
0.000589
0
0.00072
0.000478
0.000364
0.00024
0.025266
0.000483
0.000609
0.000243
0.000122
0.000242
0.00012
0.00036
0.000483
0.000241
0.000238
0.000123
0.01888
0.008014
0.000483
0.00012
0.00024
0.000117
0.000232
0.000472
0.000348
0.00783
0.000233
0.000822
0.003427
0
0.000117
0.017599
0.000472
0.000117
0.000234
0.000229
0.000226
0.000226
0
0.000114
0.000476
0.000227
0.000225
0
0.000114
0.000229
0.000337
0.000335
0
0.000448
0.000342
0
0.000113
0.000224
0.000222
0.000113
0.00068
0.000113
0.000802
0.000108
0
0.000216
0.00011
0
0.022995
0.000219
0.000218
0.000218
0.000326
0.000216
0.001086
0.000216
0.000432
0.00011
0.00011
0.000329
0.016718
0.000109
0.000107
0.000549
0.000326
0.000326
0.000108
0.000216
0.000216
0.000109
0.000435
0.000434
0.023775
0.000654
0.000324
0.002553
0.000325
0.000434
0.016162
0.000218
0.00011
0.001464
0
0.000111
0.001121
0.000226
0.000225
0
0
0
0.024337
0.000333
0
0
0.000327
0
0.000436
0.000873
0.000108
0.000216
0.001077
0.000108
0
0.000214
0.000215
0.000215
0.000329
0.000432
0.000109
0.000666
0.000218
0.000326
0.00077
0.000548
0.000775
0
0.000215
0.000213
0.00043
0.000433
0.00022
0.00033
0.000108
0.000214
0.000107
0.000107
0.000538
0.000324
0.00043
0.000973
0.000216
0
0
0.000216
0
0.00066
0.000548
0.000217
0.000964
0.000428
0.001189
0.000322
0.000755
0.000218
0.00022
0.013017
0.000329
0.000221
0.00067
0.000113
0.00033
0
0.000436
0.000108
0.000436
0.00011
0.000112
0.000337
0
0.002421
0.000333
0
0.000329
0.00011
0.000109
0.000216
0.000544
0.000107
0.000435
0.000218
0.000111
0.000561
0
0.000109
0.000218
0.00034
0.000442
0.000442
0.000331
0.000226
0.022412
0.000114
0.000114
0.000113
0.000445
0
0.001314
0.000587
0.000348
0
0.000114
0.000111
0.001033
0.00068
0.000344
0
0.001507
0.000114
0.000112
0.000338
0.000459
0.00128
0.000114
0.00022
0.000329
0.00033
0.000219
0.00077
0.000323
0.000325
0.000655
0.000325
0
0.000641
0.000214
0.000872
0.000977
0.000545
0.000108
0.000108
0.000329
0.000328
0.000777
0.000219
0
0.000322
0.000329
0.000442
0.000564
0.000336
0.000221
0.00011
0
0.000555
0.000331
0.000333
0.000112
0.009279
0.000792
0.000333
0.00011
0.00055
0.000561
0.013385
0
0
0.000216
0.000433
0.000432
0.000217
0.001322
0.000537
0.000214
0.003345
0.000221
0.000656
0.000212
0.000427
0.001314
0.000546
0.000218
0.00011
0
0.000434
0.000545
0.000764
0.000434
0.012758
0.000326
0.000327
0.000549
0.000331
0.000326
0.000216
0.000217
0.000217
0.000534
0.000747
0
0.000427
0.000107
0.000214
0.00032
0.000758
0
0.000327
0.000435
0.000646
0.000217
0.000431
0.000108
0.000107
0.000106
0.000211
0.000213
0
0.000213
0
0.000108
0.000221
0.000345
0.000115
0.000234
0.000116
0
0.000113
0.000113
0.000227
0
0.000114
0.000114
0.000344
0.000231
0.000465
0.000346
0.000115
0.000226
0
0.000666
0.000335
0
0.00078
0.000111
0.000558
0.003115
0.000338
0.001124
0.00053
0
0.000215
0.000109
0
0
0.000212
0.000108
0.000108
0.000786
0.00033
0.000439
0
0.000109
0.000113
0.000571
0.000114
0.000439
0.000543
0.000877
0.000218
0.000109
0.000438
0.000436
0.000437
0.000109
0
0.000331
0.000333
0.000113
0.014397
0.000112
0.000111
0.000112
0
0.000456
0.000113
0
0.00011
0.000215
0.000109
0.000329
0.014191
0.000324
0.000325
0.000749
0
0.000215
0.000108
0.000433
0.000216
0
0.000216
0.000107
0.000218
0.000109
0.000108
0.000216
0.000431
0.000107
0.000431
0.000213
0.000106
0.000534
0.000108
0.000325
0.000435
0.000861
0.000438
0.00067
0.000216
0
0.000213
0.000537
0.000107
0.000108
0.015214
0.000539
0.000219
0.000216
0.00032
0.000108
0.000108
0.000422
0.000318
0.000533
0.000108
0.000323
0.000108
0.000426
0.000319
0.000214
0.000422
0.000741
0.000105
0.00032
0.000107
0.000645
0.00043
0.000537
0.000428
0.000105
0.014153
0.000212
0.000213
0.000212
0.00053
0
0.001734
0.000323
0.000107
0.000108
0
0
0.000326
0
0.000435
0.000328
0
0.000426
0
0
0
0.000424
0.000216
0.000106
0.000107
0.000107
0
0.000216
0.001397
0.000107
0.000317
0.000213
0.000211
0.014028
0.000432
0.000321
0
0.000548
0.000333
0.000644
0.000107
0.000107
0.000212
0
0.000106
0.000105
0.000107
0.000212
0.000114
0.00034
0.000227
0.000112
0.000222
0.000792
0.025828
0.000111
0.000108
0.000213
0.000535
0.000215
0.000322
0.000217
0.000429
0.000535
0.000107
0.000216
0.000664
0
0.000335
0.000872
0.000107
0
0.000671
0.000551
0.00022
0.00033
0.00022
0.000328
0.00044
0.000109
0.00022
0.000329
0.00011
0.000439
0.000331
0.000222
0.000225
0.000114
0.000113
0.000338
0
0.000111
0.000112
0.000225
0.000452
0
0.000452
0.000336
0
0.000341
0.014896
0.000226
0.00011
0.00033
0.000442
0.000653
0.000326
0.000108
0.000656
0.000326
0.000218
0.016646
0.000108
0.000325
0.000109
0.000448
0.000111
0.000433
0.000213
0.000762
0.000108
0.000435
0.000439
0.001323
0.001771
0
0.000435
0
0.000324
0.000109
0.000217
0.000325
0.000436
0.000544
0.000872
0.000217
0.000326
0.000669
0.017307
0.000342
0.000679
0.000223
0
0.000229
0.000463
0.000464
0.000352
0.000948
0.000217
0.000434
0.000108
0.000324
0
0.000763
0.000108
0
0.014872
0.00067
0.000332
0.00011
0.000549
0.000217
0.000981
0.000108
0.000108
0.000326
0.000221
0.000337
0.001593
0.000341
0.000114
0.000905
0.000223
0.00011
0.000661
0.000444
0
0.000111
0.000676
0.000445
0.00033
0.000221
0.001019
0.000111
0.000896
0.012696
0.000109
0.000111
0.000332
0.000341
0.000115
0.000584
0.020712
0.000108
0.000109
0.00011
0.000325
0.000109
0.000323
0.000319
0.000108
0.000219
0.000913
0.000799
0.000111
0.000111
0.000111
0.000226
0.000453
0
0.000444
0.000219
0.000221
0.000111
0.000444
0.00011
0.000332
0
0.000686
0.000346
0.000115
0.000456
0.000343
0.000115
0.015088
0.000114
0.000226
0.000809
0.000228
0.000457
0.000452
0.000342
0.000901
0
0.000445
0
0.000555
0.000563
0.00044
0.010607
0.000332
0.000443
0.00067
0.000223
0.000109
0.001102
0.000109
0.000109
0.001012
0
0.000331
0
0.000115
0.000228
0.000576
0.000352
0.000346
0.020787
0.000356
0.0006
0.003568
0.034376
0.000245
0.002084
0.01121
0.000438
0.000108
0.000111
0.000661
0.000554
0.000334
0.000441
0.000328
0.000336
0.00011
0.000218
0.000219
0.000445
0.00011
0.000656
0.000108
0.000218
0.000672
0.000222
0.001327
0.000547
0.00011
0.000441
0.00033
0.000337
0.026304
0.000337
0.000439
0.000217
0.000436
0.000433
0.000439
0.000443
0.000439
0.000438
0.000551
0.000111
0.001577
0.000771
0
0.000861
0.000222
0.000436
0.000657
0.000545
0
0.000217
0.00044
0.000111
0.000216
0.000216
0.000441
0.000885
0.000654
0.000435
0.000216
0.000323
0.00088
0.000215
0.000432
0.000323
0.000975
0.000435
0.000111
0.000219
0.00044
0.000561
0.01665
0.000908
0.000225
0.001394
0.000342
0.000115
0.013533
0.000221
0
0.000442
0
0.000456
0.001042
0.000336
0
0.001008
0
0.000112
0
0.000223
0
0.000334
0
0.000223
0
0.001145
0.000226
0.000111
0.000457
0.000229
0.000236
0.000115
0.000446
0.000218
0.000329
0.000219
0.000543
0.000552
0.000667
0.000109
0
0.000109
0.00011
0.000108
0.000219
0.017166
0.000339
0.00034
0.000454
0.00011
0.000219
0.000868
0.001106
0.000434
0.000109
0.000214
0.00022
0.000112
0.000565
0.000339
0.000111
0.000334
0.000223
0.000225
0.000564
0.000337
0.000454
0
0.000227
0.000346
0.002096
0.001033
0.001009
0.00022
0.000219
0.000108
0.000328
0.000444
0.000112
0.000112
0
0.000341
0.000335
0.000905
0.002071
0.00185
0
0
0.000111
0.000576
0.00101
0.000111
0.000228
0.00034
0.000229
0.00081
0.000115
0.000232
0.000228
0.000114
0.002036
0.000347
0.000812
0.000228
0.000565
0.000223
0.000343
0.000115
0.000582
0.000114
0.000111
0
0
0
0.024265
0.000685
0.000331
0.000443
0.000217
0.000222
0.000437
0.000329
0.01516
0.000539
0.00011
0.000222
0.000114
0
0.000333
0.001144
0
0.000327
0.000556
0.000224
0.000558
0.000869
0.000553
0.000222
0.000333
0.001415
0.000229
0.008459
0.000225
0.000225
0.015335
0.000114
0.000345
0.000905
0
0.000221
0
0.00055
0.000111
0
0.00022
0
0
0
0.000329
0.000111
0.001831
0.000441
0
0.000112
0
0.001034
0.000338
0.000558
0.000339
0.000111
0
0.000339
0.000332
0.000107
0.000107
0.000659
0.000434
0.000109
0.000645
0.000538
0.000107
0.000108
0.000223
0.000222
0.000675
0.000111
0.010227
0
0.00022
0.012485
0.000334
0.000221
0.000807
0.014908
0
0.025573
0
0.000355
0.000355
0.000425
0.000529
0.000319
0
0.00053
0.000425
0.000214
0.000212
0.000426
0
0
0.000854
0.000107
0.000536
0.021818
0
0.000214
0.000107
0.000318
0.000535
0.001075
0.000436
0.000109
0.000112
0.000676
0
0
0.000108
0.000326
0.00054
0.000544
0
0.000321
0
0.000221
0.000658
0.00011
0.00011
0.000549
0.000434
0.000108
0.000874
0.000111
0
0.000335
0.008146
0.000343
0.002587
0.000123
0.000247
0.001473
0.000116
0.000215
0.00054
0.000109
0.00022
0.020377
0.000109
0
0.000217
0.000107
0.000109
0.000437
0.000106
0.000107
0.000107
0.000108
0.000216
0.000331
0.001116
0.000796
0.01663
0.000225
0.000334
0.015183
0
0.000976
0.001195
0.000668
0.000444
0.000326
0.000218
0.000328
0.000217
0.000219
0.000332
0.000559
0
0.000107
0.000109
0.000219
0
0.000226
0
0.000461
0.000903
0.000335
0.000328
0.008518
0.00044
0.000215
0
0.014998
0.000112
0.000786
0
0
0.007575
0.00011
0.000545
0.000108
0
0.000442
0.00033
0.000446
0.00011
0
0
0
0.000224
0
0.00033
0.000108
0.00044
0.000112
0.000916
0
0.000439
0.000108
0.000438
0.000541
0.000108
0.000542
0.000551
0.019516
0
0.000111
0.000453
0.000792
0.000436
0.000217
0.000541
0.000429
0.000439
0.000109
0
0.00045
0.000464
0.000224
0.000113
0.000113
0.000342
0.016533
0.000674
0.00011
0.00022
0.000994
0.000217
0.000216
0.000541
0.000217
0.000434
0.000108
0.000108
0.000216
0.000109
0.001609
0.000216
0.000108
0.000666
0.000333
0
0.000109
0.000218
0
0.000556
0.000113
0.001133
0.000109
0.008381
0.000443
0.000111
0.000344
0.000324
0.000325
0.015945
0.00088
0.000653
0.000109
0
0
0.000219
0
0.000336
0.016757
0
0.00067
0.00044
0
0.000691
0.000223
0.000227
0.000675
0
0.000113
0.000338
0.00011
0.000443
0.000219
0.001348
0.000112
0.000791
0.00022
0.001873
0.000557
0.000453
0.009094
0.008184
0.000684
0.000338
0.000226
0.000115
0.000119
0.000361
0.000471
0.000113
0
0
0
0.000111
0.000225
0.000228
0
0
0
0.000224
0.000225
0.000786
0.00011
0
0.001356
0.000333
0.000108
0.000108
0
0.009059
0
0
0.000328
0.000326
0.000327
0.00032
0.000428
0.000648
0.000107
0.000327
0.000107
0
0
0.000435
0
0
0.000112
0.000449
0
0.000218
0.000432
0.000225
0.000224
0.000113
0.000224
0.00022
0.000111
0.000223
0
0.003841
0.000346
0.00011
0
0
0.00011
0.014531
0.00011
0.000549
0.014311
0.001018
0.000114
0.000228
0.000231
0.000115
0.008678
0.000462
0.000115
0.000228
0
0.000114
0.000113
0.000111
0.00044
0.00022
0
0.000112
0.015589
0.000324
0.00043
0.000539
0
0.000222
0.009132
0.000108
0
0.001772
0.000435
0.000218
0.014659
0.000108
0.000217
0.000107
0.000215
0.000861
0.013021
0.000324
0.000216
0.00077
0.000108
0.000108
0.000107
0.000219
0.000112
0.014149
0
0.000432
0.000107
0
0.000106
0.00032
0.001413
0.000213
0.000319
0.000322
0.000318
0.000323
0.000109
0.000331
0.000441
0
0.000217
0
0.00011
0.000111
0.000662
0.001109
0.000332
0.000874
0.000214
0.00054
0.000108
0.001086
0.000216
0.000216
0.000108
0.000216
0.000434
0.000437
0.001101
0.000214
0.000214
0.000218
0.000324
0.000108
0.000781
0.000669
0.00011
0.000219
0.000214
0.000217
0.00043
0.000322
0.000107
0.000215
0.000107
0.000215
0.000331
0.00044
0.00133
0.000217
0
0.002548
0.000109
0.000108
0.011392
0.000326
0.000328
0.00011
0.000111
0.000433
0.000437
0.000544
0.000434
0.000109
0.000109
0.000438
0.000869
0.000109
0.000216
0.000324
0.000109
0.000433
0.000755
0.000767
0.000663
0.000333
0.00112
0.000554
0.00022
0.000554
0.000222
0.000552
0.000549
0.00011
0.000547
0.00033
0
0.000554
0.003398
0.000217
0.000111
0
0.000352
0.000945
0.000822
0.000116
0.000346
0.000347
0
0.001382
0.000112
0.000111
0.00146
0.000448
0.000335
0.024387
0.000786
0.00022
0.000435
0.000436
0.000217
0.000331
0.000338
0.000218
0.000224
0.000553
0.00011
0.013417
0.000794
0.000335
0.000897
0.000907
0.000343
0.000677
0.000226
0.000331
0.000331
0.000223
0.000336
0.000662
0.000219
0.000108
0.000109
0.000326
0.000217
0.000108
0.000219
0.000219
0.005464
0.000441
0.000218
0.000763
0
0.000779
0
0.000554
0
0.000754
0.000109
0
0.000548
0.000217
0.000323
0.000318
0.000644
0.000215
0.001327
0.000326
0.000217
0.00033
0.000332
0.000108
0.000108
0.000446
0.000439
0.000436
0.000109
0.000221
0.000329
0.000333
0
0.000324
0.000431
0.000327
0.000216
0.000648
0.000109
0.00033
0.000444
0.00011
0.000555
0.005989
0.014052
0.000992
0.000326
0.000108
0.000109
0.000776
0.000219
0.000547
0.000331
0.000326
0.002641
0.000552
0.000107
0
0.000213
0.000323
0.000327
0.000434
0
0.000435
0.000219
0.000107
0.000108
0.000866
0.000215
0.00076
0.000108
0
0.000217
0.000439
0.000219
0.024095
0.00011
0.000323
0.000108
0
0.000224
0.000781
0
0
0.000214
0
0.000213
0.000213
0.000106
0
0.000216
0.00054
0.000534
0.000213
0.000108
0.00011
0.001216
0.000673
0.000324
0.000428
0.000875
0.000431
0.000972
0.000214
0.000108
0.02399
0
0.0008
0.001248
0.000108
0.000218
0.000433
0.000658
0.000432
0.000661
0.001444
0.000109
0.000109
0.000108
0.000217
0.000108
0.000324
0.000219
0.000218
0.001437
0.000219
0.000768
0.001115
0.000326
0.000107
0.000216
0.000322
0.000641
0.000218
0.000216
0.012993
0.000109
0
0.000215
0.000543
0.000109
0.000223
0.000107
0.000108
0.000759
0.000219
0.000218
0.000108
0.000109
0.000323
0.000215
0.000653
0.000108
0
0.000109
0.000109
0.000219
0.000325
0.000331
0.000663
0.000111
0.000221
0.008103
0.00011
0
0.005576
0.000112
0.000109
0.000325
0
0.000216
0.000216
0.000217
0.000108
0.000217
0.000217
0.000219
0.001122
0.002373
0
0.000331
0.000223
0
0.000338
0.000112
0.000112
0
0.000225
0.000337
0.000565
0.000111
0.000452
0.000337
0.000333
0.000111
0.013015
0.000431
0.000108
0
0
0.000216
0.000646
0
0
0.000328
0.000109
0.000647
0.000214
0.000108
0.000325
0
0.000644
0.000216
0.000433
0.000108
0.000441
0.000771
0.000443
0.000108
0.00097
0.000214
0.000108
0.000439
0.000109
0.000542
0.013414
0
0.000107
0.000862
0.001763
0.000983
0.000324
0.00011
0.000219
0.001662
0.000324
0.00032
0.000213
0.000321
0.000213
0.00032
0.001406
0.00075
0.000106
0.000214
0.000322
0.000428
0.000109
0
0.00043
0.000214
0
0.000531
0.00032
0.00054
0.000539
0.000325
0.000446
0.00033
0.002416
0.000431
0.000531
0.001201
0
0.000219
0.00022
0.000216
0.022586
0.000213
0
0.012558
0.00043
0.000427
0.000534
0.000876
0.00011
0.000551
0.000777
0.000677
0.016779
0.000112
0.001351
0.016059
0.001465
0.000322
0.000637
0.000109
0.000326
0.000324
0.000537
0.000216
0.000212
0.000225
0.000328
0.000545
0.000329
0.000324
0.014516
0.000109
0.000435
0.000109
0.000215
0.000324
0.000217
0.000428
0.000108
0.000213
0.000214
0.000319
0.000532
0.000323
0.000324
0.000442
0.000219
0
0.013597
0
0
0.021746
0.000663
0.000215
0
0.000322
0.000859
0.000424
0.000645
0
0.000319
0.000323
0
0.000216
0.000213
0.000324
0.000648
0.000541
0.000217
0.001078
0.000106
0.000431
0.001763
0.000109
0.000108
0.014015
0.00011
0.00011
0.000446
0.000448
0.000449
0.035227
0
0.000224
0.000112
0.000222
0.000341
0.018244
0.000231
0
0.000921
0.00034
0.000226
0.000112
0.000113
0.000454
0.000228
0.00057
0
0.000452
0.000228
0.000456
0.00081
0.000113
0.000225
0.000224
0.000226
0.000568
0.001014
0.000449
0.000332
0.000331
0.00033
0.000111
0.000873
0.00022
0.000322
0.000217
0.000763
0
0.001184
0.000324
0.000107
0.000324
0.000757
0.000325
0.00032
0.000212
0.000213
0
0.000107
0.000214
0.000429
0.000993
0.000107
0.000327
0.000435
0.000216
0.000324
0.00032
0.000107
0.01443
0.00011
0.000109
0.000874
0.00044
0.000109
0.000111
0.000108
0.00011
0.001235
0
0.000214
0.000214
0
0.00032
0.013559
0.000543
0.000107
0.000434
0.000432
0.000217
0.000108
0.000108
0.000215
0.000215
0
0
0.001071
0.000319
0
0.003519
0.00066
0.000437
0.00011
0.000434
0.000442
0.00113
0.000113
0.000344
0.001031
0.000342
0.000114
0.000108
0.000436
0
0.000327
0.000112
0.000333
0.000112
0.000454
0.000334
0.000679
0.000559
0.000444
0.009314
0.00033
0.000221
0.005574
0.000107
0.000214
0.000212
0.000106
0.000218
0.000962
0.000216
0.000437
0.000217
0.000323
0.000108
0.001768
0.000107
0.000873
0.000763
0.000431
0.000429
0.000212
0.000322
0.000429
0.000216
0.001656
0.000539
0.000217
0.000433
0
0.000107
0.000213
0.000108
0.000441
0.000334
0.00011
0.001552
0.000429
0.000318
0
0.000107
0.000534
0.001285
0.001087
0.000322
0.00043
0.001983
0.000325
0.001203
0
0.000215
0.000645
0.000876
0.000655
0.000435
0.000546
0.000325
0.000214
0.000329
0.000548
0.012588
0.000881
0.000216
0.000325
0
0.00011
0.000222
0.000109
0.000876
0.001087
0.000541
0.00022
0.000109
0.00011
0.000328
0.000555
0.00033
0.000323
0.000326
0.00088
0.000214
0.00065
0.000214
0.000323
0.000216
0.000323
0.000325
0.000979
0.000217
0.000328
0.001532
0.000875
0.000326
0
0
0.00044
0.00033
0.000757
0.000438
0.00011
0.000219
0
0.000109
0.000221
0.000336
0.000337
0
0.000227
0.001873
0.000112
0.000336
0.013386
0.000218
0.000326
0.00011
0.000108
0
0.000447
0.000563
0.000113
0.000113
0.000224
0.000113
0.000222
0.000224
0.000225
0.001598
0.000338
0
0
0.004318
0.000441
0.000446
0.000224
0.000112
0.000668
0.000111
0.000333
0.001103
0.000109
0
0.000542
0.000108
0.000324
0.000431
0.000107
0.000219
0.000324
0.000648
0.000326
0.000432
0.000328
0.000109
0.000436
0.000549
0.000547
0.00011
0.000217
0.000326
0.001012
0.00022
0.000328
0.000218
0.001578
0.00055
0
0.000335
0.000111
0.000443
0.000669
0.000214
0.000322
0.000324
0
0.000528
0.000532
0.000211
0.000321
0.000213
0.000218
0.000221
0.000551
0
0.000108
0.000329
0.000225
0.000344
0.000226
0.000113
0.000337
0.000109
0.000215
0.000107
0.000427
0.000319
0.000215
0.000213
0.000321
0.000318
0.000424
0.000641
0.000106
0.000316
0.000211
0.000106
0.000432
0.000324
0.000547
0.000106
0
0.000212
0.000319
0
0.000215
0.000107
0.000217
0.000216
0.00022
0.000652
0.000219
0.000329
0.000544
0.000545
0
0.000107
0.00011
0.000109
0.00011
0
0.000216
0.000324
0.000107
0.000433
0.000434
0.000324
0.000434
0
0.000217
0.000218
0
0.000324
0
0
0.001324
0.000326
0.000108
0.000433
0.00011
0
0.00033
0.00011
0.000216
0
0.00044
0.000436
0
0.006489
0.000223
0.000113
0.000448
0
0
0.000226
0.00068
0.000332
0.000223
0.000667
0.000447
0.000112
0.010683
0.000542
0
0.000214
0.000108
0.000321
0.000317
0.000106
0.000428
0.000217
0.000422
0.000213
0.00032
0.000106
0.000212
0.000427
0.00043
0
0.00032
0.000215
0.000217
0.000662
0.000111
0.000223
0.000108
0.000327
0.000219
0.000999
0.000554
0.000326
0.000222
0.000441
0.000111
0.000574
0.000456
0.000458
0.003232
0.00034
0.000228
0.000346
0.000581
0.000232
0.000352
0.000118
0.014544
0.000116
0
0.000456
0.000473
0.000355
0.013535
0.00061
0.00012
0
0.000711
0.000459
0.000574
0.000459
0.000448
0.000444
0.00288
0.000336
0.000333
0.00011
0.000435
0.000219
0.000327
0.000337
0.00022
0.000112
0.000555
0.00011
0.000326
0.000216
0
0.00034
0.000331
0.000443
0.000109
0.000217
0.000106
0.000217
0.000217
0.000429
0.000217
0.001324
0.000542
0.000215
0.000215
0.00011
0.000324
0.000108
0.000324
0.000107
0.000431
0
0.000332
0.000562
0.000111
0.000112
0.000222
0.000109
0.000325
0.000109
0.000227
0.001737
0
0.000557
0.000225
0.000112
0
0.000907
0
0.00011
0.000335
0.000779
0.000904
0.000558
0.000559
0.000432
0.00033
0.000215
0.000216
0
0.000443
0.001038
0.000436
0.000108
0.01788
0.000324
0.000108
0.00011
0.000332
0.000564
0.00105
0.000115
0
0.000114
0
0.000234
0.000689
0.000107
0.000431
0.009748
0.000216
0.000328
0.007859
0
0.000215
0.000329
0.004563
0.000111
0.000453
0.000346
0
0.000232
0
0.000338
0
0.000113
0.001278
0.000901
0.000113
0
0.000227
0.000335
0.000337
0
0.000793
0.000454
0.000794
0.000339
0.00011
0.000109
0.000449
0.000563
0.000791
0
0.000111
0.000111
0.000453
0
0
0.000443
0.000541
0.000324
0
0.000545
0.000222
0.001695
0.000438
0.000111
0.000112
0.000345
0.000228
0
0.000453
0.000338
0
0.000675
0.000448
0.001031
0.000229
0.000115
0.000111
0.000332
0.00045
0.000339
0.000353
0.013241
0.00038
0.000255
0.008782
0.000257
0.000254
0.002206
0.00012
0.00012
0.000238
0.000234
0.000234
0.000584
0.000598
0.002315
0.000365
0.000119
0.000358
0.000476
0.000237
0.00012
0.001793
0.000114
0.000461
0.017472
0.000452
0.000899
0.000111
0.000337
0.000113
0.00046
0.006188
0.000697
0.000531
0.000107
0
0.000871
0.000653
0.000216
0.000534
0.000538
0.000321
0.000551
0.000217
0.000658
0.000323
0.000323
0.000215
0.003021
0.000215
0.000217
0.000108
0.00011
0.000219
0.000111
0.000441
0.000318
0.000106
0.000107
0.000993
0.000333
0.000225
0.000347
0.000576
0.000229
0.013873
0.000112
0.000224
0.001116
0.0117
0
0.000107
0
0.000323
0.000543
0
0.000213
0
0.000107
0.000325
0.000108
0.017626
0.000109
0.000424
0.000316
0.000216
0.000212
0.000107
0.010396
0.000328
0.000531
0.000428
0.000758
0.007547
0.000532
0.000324
0.010923
0
0.000441
0.010099
0
0.000892
0.000216
0.000441
0
0.000106
0
0.000326
0.000441
0.00089
0.000324
0.000319
0.000544
0.000112
0.000111
0.001325
0
0.001222
0.00033
0.000438
0
0.000218
0.000327
0.000548
0.00022
0
0.000108
0.011652
0.000432
0.000323
0.000107
0.000429
0.000108
0.000325
0.000432
0.000323
0.000324
0.000108
0.000539
0.000879
0.000552
0.000542
0
0
0.000326
0
0
0.000225
0.000338
0.000794
0.000565
0.000218
0.000539
0.007329
0.000433
0.000218
0.000327
0
0.000109
0
0.000222
0.000221
0.00077
0.00011
0
0.00011
0.000217
0
0.00022
0.000555
0.000559
0.00033
0.000329
0.000331
0.000219
0.000111
0.000225
0
0.000231
0.000349
0.000117
0.000116
0.000232
0.000469
0.000116
0.000117
0.000353
0.000235
0.000353
0.000701
0.000354
0.000462
0.000345
0.000468
0.000232
0.000115
0.000338
0.000112
0
0.00022
0.000331
0.000982
0.000541
0.000108
0.000324
0.000327
0.000111
0.00129
0.000345
0.000113
0.000115
0.015687
0.000227
0.000994
0.000446
0.000334
0.000113
0.000111
0.000332
0.00011
0.000441
0
0.00044
0.000108
0.000322
0.000107
0.000538
0.002145
0.00043
0.000326
0.000329
0.001211
0.000442
0.000218
0.000328
0.000108
0.000107
0.000648
0.000871
0.000325
0.000326
0.000658
0.000221
0.000886
0.000215
0
0.000108
0.000218
0.000539
0.008204
0.000223
0
0.000551
0.00033
0.000332
0.000221
0.000332
0
0.000685
0
0.000108
0.000652
0.000435
0.000219
0.000108
0.000327
0.00043
0
0.000323
0.000543
0.000326
0.000441
0.002426
0.00043
0.000111
0.00044
0.002304
0.000558
0.000219
0.026797
0.00022
0.00011
0.000219
0
0.000108
0.000541
0.000109
0.000108
0.000987
0.000108
0.000324
0.000108
0.000108
0.000218
0.000108
0.000325
0.000219
0.00011
0.00022
0.000342
0.000349
0.000575
0.000225
0.000225
0.000334
0.000112
0.000336
0.000557
0.000448
0.01527
0.000331
0
0.000336
0.00011
0.000325
0.000219
0.016264
0
0.000326
0.000108
0
0.000111
0.000341
0.000229
0.00046
0.00022
0
0.001078
0.000217
0.000216
0.000108
0.000327
0.000326
0.000437
0.000219
0.00011
0.00055
0.000216
0.000325
0.000109
0.000217
0.000111
0.000108
0.000536
0.000109
0.019128
0.000341
0.00034
0
0.000233
0.000118
0.000369
0.00109
0.000237
0.000707
0.000586
0.000235
0.014709
0.000705
0.000235
0.013582
0.000467
0
0.000231
0.000235
0.000475
0.000858
0.000363
0.000117
0.000464
0.000689
0.000346
0.00023
0.000456
0.00023
0.014418
0.000226
0.000228
0.000114
0.000569
0.000341
0.000113
0.000457
0.000462
0.000118
0.025607
0.000116
0.000355
0.000577
0.000227
0.000343
0.000233
0.000113
0.000227
0.000797
0.000112
0.000225
0.000343
0.001163
0.000451
0.000332
0.000222
0.000337
0.001739
0.000112
0.000444
0.000109
0.000325
0.000559
0.000234
0
0.028226
0
0.000244
0.000122
0.000494
0
0.00356
0.000242
0.000215
0.00011
0.00033
0
0.015513
0.000217
0.000443
0.014183
0.000221
0.000219
0.000662
0.000221
0.000658
0
0.00044
0.000111
0
0.000223
0.00022
0.003292
0
0.000329
0.000109
0
0.000216
0.000107
0.000214
0.000108
0
0.000217
0.000108
0.000108
0.011978
0.000115
0.015795
0
0.000113
0.016892
0.000107
0.000108
0.000535
0.000323
0.000107
0
0.001687
0.00022
0.019744
0.000111
0
0.010228
0.000218
0.000545
0.000431
0.000434
0.000111
0.000659
0.000221
0.000232
0.000124
0.000368
0
0.000123
0
0
0.004466
0.000607
0
0.00012
0.000121
0
0.000485
0.000226
0
0.000448
0
0
0.000449
0.002492
0.000216
0
0.000659
0
0.000762
0.000217
0.00033
0.000779
0.00011
0
0.00022
0.000557
0.000328
0.001231
0.000327
0.000222
0.001012
0.00011
0.000548
0.000221
0.000219
0.000115
0.00023
0.000233
0.000462
0.000116
0.000351
0.000117
0.000117
0.000591
0.000118
0.001738
0
0.000117
0.000118
0.000472
0.027241
0.000232
0.000231
0.000114
0
0.000464
0.000232
0.000231
0.001481
0.015798
0.000248
0
0.000123
0.000117
0.000229
0.000345
0.000581
0.000229
0.000228
0
0
0.000348
0
0.000113
0.000338
0.012088
0.000114
0.000236
0.003221
0.002213
0.000119
0.000375
0.000596
0
0.000354
0.000591
0.000348
0.000348
0.000226
0.008818
0.000225
0.000115
0.000456
0.023734
0.000448
0.013681
0.000111
0.000111
0.000335
0.000111
0.000113
0.001146
0.000327
0.000438
0.000887
0.000543
0.000109
0.000222
0.000331
0.000332
0.000443
0.000552
0.000225
0.000897
0.000109
0.000221
0.000326
0.000433
0.000112
0.004821
0.00011
0.000582
0.000115
0.000227
0.000113
0.000111
0.000111
0.000659
0
0
0.000329
0.000112
0.00178
0.000112
0.001026
0.000129
0
0.000259
0.000644
0
0.001739
0
0.000261
0.009709
0.009099
0.000116
0.000231
0
0.000343
0.000113
0.000112
0.000459
0.000712
0
0.000117
0.00153
0.000336
0.00011
0.000331
0.000767
0.00033
0.000223
0.000223
0.000222
0.000993
0
0.000221
0.001561
0.000109
0.000216
0.023665
0.000327
0.000108
0.000433
0.000217
0.000214
0
0
0.00022
0.000219
0.000331
0.000217
0.000324
0.000217
0.000109
0.000109
0.000432
0.00032
0.000107
0.00265
0.000216
0
0.000106
0.00022
0.01544
0.000223
0.000455
0.003695
0.000661
0
0
0.000107
0.000539
0.000433
0.000109
0.000217
0
0.000109
0.00011
0.01462
0.000112
0.000112
0.003148
0.000907
0.000225
0.000448
0.001052
0.000928
0.000117
0.000343
0.000465
0.001628
0.000235
0.000229
0.00136
0
0.000111
0.000892
0.013551
0.00011
0.000562
0
0
0.000343
0.000454
0.00022
0.000442
0.000112
0.000114
0.000925
0
0
0.000451
0.000114
0.000342
0.000339
0.000223
0.000111
0.001127
0
0.00011
0.000449
0.069686
0.000228
0.000902
0.000227
0.000115
0.014894
0.00012
0.000924
0.000947
0.00046
0.000219
0
0.000653
0.000329
0.000656
0.00022
0.000108
0.000438
0.000219
0.000221
0.000111
0
0.000111
0.043937
0.00034
0.000224
0.000222
0.000111
0
0.010957
0
0.000109
0.0018
0.000111
0.000217
0.00011
0.000328
0.00011
0.000218
0
0.000222
0
0.00033
0.000669
0.009616
0
0
0.000226
0.000341
0.001077
0.009305
0.009482
0.000486
0.000969
0
0.000366
0.011115
0.000224
0.000684
0.000112
0.000338
0
0.00079
0.000566
0.000343
0.000575
0.000343
0.000572
0.000113
0.000449
0.000223
0.000112
0.000114
0.000792
0.000561
0.000555
0.000222
0.000548
0.000442
0.000329
0.00022
0.00033
0.000113
0.01199
0.000775
0.000322
0.00043
0.000108
0.000219
0.000218
0.000219
0.000331
0.00087
0.000439
0.000218
0.001321
0.000436
0.000109
0.000749
0.000434
0.000107
0.000214
0.000438
0
0.000109
0.000107
0.000427
0.000542
0
0.000332
0.002002
0.000222
0.000111
0.000328
0.000109
0.000538
0.000222
0.00011
0.00022
0.001574
0.000444
0.000109
0.000436
0.000328
0.000221
0.000438
0.000559
0.000113
0.000783
0
0.000877
0.001321
0.00067
0.000112
0.000441
0.00022
0.000328
0
0.000332
0.000558
0
0.000575
0.000454
0.013733
0.000358
0
0
0
0.000117
0.000701
0.000235
0.000231
0.000229
0.000342
0.000706
0.000353
0.000236
0.000961
0.000722
0.000597
0.000114
0.00068
0.000566
0.00022
0.000108
0
0.000447
0.000112
0
0.000339
0.00174
0
0.000561
0.00022
0.000224
0.000328
0.000108
0
0.000675
0.00102
0.00011
0.000223
0.000659
0.00011
0.00065
0.00022
0.000109
0.00011
0.001095
0.000221
0.000218
0.000329
0.000109
0.000218
0
0.000219
0.000218
0.000439
0.000436
0.000664
0.000883
0.000111
0.000337
0.001263
0.000677
0.000113
0.000553
0.00044
0.000329
0.000109
0.001699
0.000327
0.000652
0
0.00011
0.000881
0.000109
0.000326
0
0.001444
0.000218
0.000659
0.000108
0.000337
0.000333
0.000333
0
0.000337
0
0.00034
0.00091
0.000463
0.000112
0.000547
0.000547
0.000329
0.000109
0.000325
0.000435
0.000546
0.000109
0
0.000334
0.000222
0.000335
0.000327
0.000219
0.000327
0.000222
0.000441
0
0.005444
0.000324
0.000216
0.000443
0.000329
0.000433
0.000655
0.000434
0
0.00011
0.000328
0.000329
0.000225
0
0.00044
0.011859
0.000329
0.000223
0.000334
0.000443
0.000221
0
0.000878
0.000109
0.000109
0.00022
0.000666
0.000221
0.000331
0.000331
0.000564
0.0035
0.000459
0.012133
0.000111
0.000452
0.000223
0.000341
0.000114
0.000561
0
0.000111
0.000114
0.000112
0.000225
0.013092
0.001905
0.000116
0.001154
0.000223
0.00011
0.000782
0.001238
0.000109
0.000109
0.000225
0.000341
0.000112
0.000471
0
0.000231
0.00035
0.000118
0.001062
0.00094
0.000459
0.001141
0.000115
0.000581
0.000348
0.000116
0.000229
0.000116
0.000349
0.000351
0.012384
0.000237
0.000354
0.000368
0.000121
0.000344
0.001879
0.000232
0.000465
0.0008
0.000113
0.000685
0.000222
0.000335
0.000564
0.000224
0.000228
0.000115
0.000349
0.000231
0.000347
0.000229
0.000686
0.00023
0.000372
0
0
0.000324
0.00076
0.000109
0.000114
0.001014
0.000109
0.000548
0.013473
0.000109
0
0.000324
0.00132
0.000643
0
0.000109
0.000584
0.000354
0.000351
0.000116
0.00341
0.000117
0.013182
0.000219
0.000328
0.000221
0.000768
0.00011
0.000863
0.000217
0.000109
0.000896
0.000111
0
0.000681
0.00045
0.000344
0.000826
0
0
0
0.000445
0.000326
0.000669
0.000331
0.000552
0.000663
0.001129
0.000668
0.000112
0.000556
0.00011
0.000223
0.000436
0.000333
0.000217
0.000546
0.000108
0
0.000108
0.000445
0.014149
0.001202
0.000107
0.000648
0.002229
0.000541
0.008835
0.000218
0.000537
0.000215
0.000435
0.000217
0.000434
0.000436
0
0.000329
0.000221
0
0.000868
0
0.000557
0.000441
0
0
0.000109
0
0
0.000658
0.00011
0.000333
0.000897
0.000326
0.000323
0
0.00076
0.000326
0.000653
0.000109
0.00022
0.001683
0.000333
0.001487
0.000332
0.000448
0.00045
0.014348
0.000116
0.000647
0.000115
0.000115
0
0
0
0
0
0
0.000227
0.002115
0.000118
0
0.001175
0.000114
0.000227
0.000114
0.000114
0.00023
0.010155
0.000352
0.000118
0
0.00024
0.000358
0.013376
0.001369
0.000361
0.002313
0.00051
0.000841
0.028599
0.000485
0.000238
0
0.000352
0.00059
0
0.000912
0.000384
0.000964
0
0
0.015709
0.000367
0.000238
0.000118
0.000363
0.00048
0.013877
0.000236
0.000354
0.000235
0.000116
0.000588
0.000351
0.000233
0.000117
0.000232
0.000117
0.000587
0.00023
0.000114
0.000459
0.000691
0.000457
0.000113
0.000224
0
0
0.000761
0.000219
0.00044
0.000323
0.001907
0.000218
0
0.000111
0.001747
0.001272
0.000342
0.000455
0.000229
0.000342
0.000468
0.00023
0.000117
0.000238
0.00012
0.000119
0
0.001703
0
0.000224
0.000441
0.00045
0.000338
0
0.000111
0.000225
0.009833
0.000109
0.00011
0.000221
0.000543
0.000216
0
0.000108
0.000109
0.000325
0.000546
0
0.000112
0
0.000113
0.006596
0.000214
0.000212
0.000107
0.000106
0.000219
0.000223
0.000221
0.000667
0.012673
0.00055
0.000111
0.013004
0.000109
0.000215
0.000424
0.000107
0.000655
0.005253
0.000657
0.000108
0.000533
0.00032
0.000215
0
0.000108
0.000109
0.012846
0.000436
0.000323
0.000429
0.000108
0.000758
0.000432
0.000321
0.000325
0.012511
0.000111
0.00011
0.001438
0
0
0
0.000871
0
0.000213
0.000107
0.000108
0.000643
0.000319
0
0.002684
0.000543
0.000321
0.000212
0
0.000215
0.000108
0.000109
0
0.000587
0.001197
0.000234
0
0.000117
0.000232
0.013905
0.000109
0.000109
0.000659
0.000325
0.000109
0.000432
0.00043
0.000107
0.000219
0.000328
0.000433
0.000109
0.000887
0.000109
0.000219
0.000784
0.000112
0.000444
0.000454
0.000666
0.002678
0.00022
0.000327
0.000544
0.000216
0.000215
0.000324
0.000434
0.000333
0.000548
0.000109
0.000339
0.000458
0.000114
0.000111
0.002676
0
0.000229
0.000467
0.000351
0.000116
0.00046
0.000682
0.000114
0.00115
0.000229
0.000116
0.000119
0.000118
0.000118
0.000823
0
0.000113
0.000338
0
0.000559
0.000223
0.000113
0.000228
0.011283
0.00023
0.000115
0
0.000465
0.000233
0.014171
0
0.000354
0.000579
0.000349
0.00035
0.005534
0.00025
0
0.012157
0.000602
0.000235
0
0.000117
0.00024
0.000118
0.000118
0.000237
0.000238
0
0.000717
0
0.000356
0.000238
0
0.000851
0.000742
0.000358
0.000364
0.000245
0
0.000122
0.000245
0.000596
0.001565
0.000235
0.000364
0.019819
0.000349
0.00023
0.000345
0.000345
0.000575
0.000229
0.000454
0.000341
0.000223
0.000678
0.000224
0.00033
0.000428
0.000753
0.000212
0.000108
0.000538
0.000536
0.000642
0
0.000325
0.000655
0.001104
0.010041
0
0.000318
0.000106
0.000106
0.000215
0.000215
0.000108
0.002578
0.000107
0.000215
0.000653
0.000426
0
0.00053
0
0.000107
0.000429
0.00032
0
0.000106
0.000108
0
0.00067
0.000109
0
0.013783
0
0.000214
0.000108
0.000108
0.000431
0.00078
0.00055
0
0.000218
0.000109
0.000114
0.014438
0.000336
0.000443
0.000222
0.000337
0.000229
0.022585
0.000932
0.000229
0
0.000115
0.000228
0.014329
0
0.001991
0
0.000229
0
0.000672
0.00045
0.000114
0.000112
0.000114
0.000456
0.01309
0.000343
0.000228
0
0.000228
0.000113
0.000226
0.008861
0
0.000444
0.000449
0.000112
0.000113
0.026081
0.000114
0.000677
0.000451
0.00045
0.000457
0.000114
0.000115
0.000464
0.000231
0.000346
0.00011
0.000221
0.000437
0.000438
0.000444
0.00022
0.000111
0.00011
0.000222
0.000925
0.000798
0.000689
0.000802
0
0
0.000546
0.000436
0.000109
0.001245
0
0.00011
0.000324
0
0.000548
0.000863
0.001621
0.000109
0.000328
0.00011
0.000765
0
0.000109
0.000218
0.000108
0.000109
0.000335
0.000988
0.000678
0.000222
0.000222
0.001369
0.00045
0
0.000783
0.000222
0
0.000225
0.000931
0.000116
0.000116
0.000462
0.000565
0
0.000478
0.000475
0
0.000338
0.000229
0.000455
0.000113
0
0.00034
0.000226
0.000228
0.000462
0.000224
0
0.008264
0.000436
0.000327
0.000215
0.000218
0.000547
0.009682
0.00032
0.000746
0.000215
0.000425
0.000212
0.000212
0
0.000219
0.000109
0.000547
0.000107
0.000108
0.000322
0
0.000218
0.000329
0.000325
0.00022
0.000107
0.000433
0.000325
0.000325
0.000434
0.000217
0.000997
0.000217
0.000661
0.000438
0.000326
0.000443
0.000219
0.00055
0.000334
0.000334
0
0.000326
0.000328
0.000325
0.000433
0.000219
0.000109
0.000217
0
0.000329
0.003017
0.000113
0.014359
0
0
0.000325
0.000426
0.000214
0
0.000213
0.00022
0.001462
0.01214
0.000332
0.001212
0.000219
0.000339
0.000337
0.000342
0.000454
0.000569
0.00046
0.000233
0.000453
0.000667
0.000666
0.037843
0.000442
0.00011
0.000219
0.000219
0
0.006988
0
0.000463
0.000818
0.000693
0.00034
0.000223
0.00034
0.000678
0
0.000111
0
0.000225
0.000227
0.004476
0.014017
0
0.00022
0.000435
0.000219
0
0.000221
0
0.000441
0.00011
0
0.001658
0.000108
0.00044
0.000108
0.000543
0.000664
0.000547
0.000442
0.006046
0.000349
0.001046
0.00046
0.000695
0
0.000338
0.000112
0.000224
0.000232
0.000231
0.001081
0.000119
0.000344
0.000113
0.000344
0.002056
0.000237
0.000466
0.000237
0.008409
0.000239
0.000969
0.028952
0.000236
0.000119
0.000495
0.000248
0.00024
0.00012
0.000244
0.000121
0.001205
0.000481
0.000365
0
0.000744
0.000121
0.000247
0.000235
0.000825
0.000464
0.000232
0
0.02767
0
0.000115
0.000112
0.000112
0
0.01514
0.000894
0
0.000333
0.000221
0.000108
0.000112
0.000435
0.000442
0
0.000223
0.00022
0.000326
0.000453
0.00044
0.000434
0.000328
0.000539
0.000216
0.00011
0.000224
0.002118
0
0.00011
0.000659
0.000445
0.000109
0.000221
0.026011
0.000108
0
0
0.00022
0.000111
0.002126
0.000222
0.000224
0
0.000568
0.00034
0.00023
0.000114
0.000678
0.00057
0.000348
0
0.000112
0.000109
0.000113
0.000111
0.000445
0.000334
0.000112
0.000342
0.000566
0.000447
0.000111
0.000112
0.000337
0.000232
0.00023
0.002334
0.000113
0.000809
0.000352
0.000228
0.000227
0.000225
0.000115
0.002171
0.000226
0.000342
0.000115
0
0.000229
0.000347
0.00012
0.001093
0.000118
0.000225
0.000114
0.000115
0.000344
0.000223
0.000225
0.000337
0.000224
0.000336
0
0.000445
0.001262
0.000449
0.000225
0.000442
0.000224
0.000442
0.000109
0.000328
0.00011
0.000328
0.00011
0.000441
0
0.019064
0.000112
0.000561
0
0.000222
0.000554
0.000221
0.00055
0
0.000444
0.000333
0.000557
0.000111
0.000222
0.000559
0.000442
0.000224
0.000223
0
0.000334
0
0.000335
0.000334
0.000448
0.01621
0.000447
0.000115
0.018222
0
0.000228
0.000113
0.000225
0.000456
0
0.000342
0
0.001092
0.000243
0.000118
0.000116
0
0.000231
0.000116
0.00071
0.000118
0.000237
0
0.000238
0.000346
0.000231
0.000352
0.000462
0.000116
0.000115
0.000117
0.000233
0
0.000118
0.00047
0
0.000118
0.000471
0.000116
0.000115
0.000116
0.000459
0.000337
0.000225
0.000113
0.000225
0.000111
0.000111
0.00055
0.000335
0.00011
0.000667
0.000327
0
0
0.000434
0.000327
0.000329
0.000558
0.000224
0.000112
0.000114
0.014438
0.000114
0
0.000379
0.000253
0.033652
0
0.013995
0.000112
0.000338
0
0
0.000109
0.000217
0.000544
0.000216
0.000438
0.000329
0.002263
0.000217
0.000109
0.000219
0.000225
0.000551
0.000448
0.000219
0.00011
0.000333
0.000334
0.001005
0.000108
0.000435
0.00055
0.000109
0
0.000108
0.000438
0.000332
0
0.000115
0.000695
0.000684
0
0.000115
0.000355
0.00012
0
0.000239
0.000471
0.000237
0
0.000236
0.000351
0.000349
0
0.010532
0.000234
0.000352
0
0
0.000349
0.000465
0.000115
0.000115
0.000348
0.000352
0
0.000117
0.000234
0.000358
0.000236
0.000473
0
0.000116
0.000464
0.000232
0.015478
0.00047
0
0
0.000236
0.000117
0
0
0.000118
0.000352
0.000116
0.000116
0.00023
0.000347
0.000115
0.001877
0.000594
0
0
0
0.001502
0.000351
0.000345
0.00023
0.000584
0.001336
0
0.000854
0.000248
0.000123
0
0.000222
0.000329
0.000772
0.000788
0.000331
0.000223
0.000111
0.00067
0.000113
0.000666
0.018473
0.000656
0.000323
0.000107
0.00054
0.000326
0.000108
0.000764
0.000219
0.000551
0.00045
0
0.000658
0.000226
0.000323
0.000537
0.00066
0.000651
0.015393
0.000222
0
0.000339
0.001108
0.000221
0.00011
0.000334
0.000109
0.000216
0.000319
0.000324
0.004284
0.000601
0.004288
0.019968
0.000957
0.000768
0.002451
0.000243
0.000134
0
0.000693
0.000249
0.002927
0.000119
0.000459
0.020526
0.000246
0.000608
0.000974
0.000854
0.000339
0.000775
0.000686
0.000111
0.000467
0
0.000111
0.000941
0.000746
0.000257
0.01887
0.000123
0.000124
0.000474
0.012306
0.00044
0.000822
0.000114
0.000339
0.000446
0.000222
0.00078
0
0
0.000335
0.000551
0.000215
0.000545
0
0.00035
0
0.030846
0.000235
0.001259
0.016243
0.000341
0.000326
0
0.000451
0.000548
0.001007
0.000343
0
0.000223
0.000338
0.000673
0.000333
0.000226
0.000223
0.00089
0.000339
0.000112
0.000222
0.001005
0.000653
0.000221
0.000333
0
0.000334
0
0.000225
0.029251
0
0.000222
0.001028
0.001059
0
0.000227
0.000589
0.00034
0.000328
0.00079
0.000446
0.000344
0.010564
0.000119
0.000352
0.000114
0.000115
0.000114
0.000236
0.000229
0.000349
0.000236
0.000356
0.000123
0.000364
0.000119
0.000116
0.000594
0.00047
0.000562
0.000467
0.000113
0.014739
0.000225
0.000474
0.00084
0.000232
0.000113
0.001403
0.000235
0.000468
0.00082
0.000235
0.000222
0.000222
0.000224
0.000335
0.000223
0.001042
0.000225
0.000691
0.005147
0.00058
0.001515
0.000803
0.000583
0.000913
0.000224
0.000112
0.015291
0.017307
0.000368
0
0.000238
0.000236
0.000118
0.000233
0.000233
0.000468
0.00071
0.000118
0
0.00012
0.000247
0.00037
0.000124
0.000249
0
0.000123
0.000248
0.000246
0.000246
0.001668
0.000125
0.000247
0
0.000246
0.000251
0.000374
0.003916
0
0.000252
0.001801
0.000128
0.000255
0.000379
0.000126
0.000126
0.001264
0.000919
0.000257
0.00126
0.000256
0.000498
0.001233
0.001009
0.000751
0.023717
0.000366
0.000707
0
0.000351
0.000235
0.000238
0.00107
0.000234
0.00403
0.000702
0
0.00117
0.000117
0.000472
0.001085
0.000235
0
0.000237
0
0.000119
0.001785
0.000355
0
0.016553
0.000243
0
0.020353
0.000242
0
0.018841
0
0.000233
0.00166
0.000118
0.000117
0.001533
0.000235
0.000114
0.000232
0.000344
0.000115
0.000228
0.000114
0.000113
0.005923
0.000468
0.000462
0.009291
0.000227
0.000581
0.002438
0.00023
0.000114
0.000693
0.000115
0.000227
0.00174
0.000112
0.000558
0.000221
0.000111
0.000112
0.000225
0
0.000663
0.013202
0.000233
0.000233
0.001039
0.000116
0.00046
0.000232
0.000699
0.000117
0.000971
0.000338
0.000223
0.000111
0.00011
0
0.000542
0
0.000334
0.018624
0.000333
0.000545
0.001901
0.000332
0.001011
0.000111
0.000437
0
0.00099
0.000222
0.000235
0.029496
0.001438
0
0.000116
0.000116
0.000449
0.000771
0.000539
0.000327
0.016668
0
0.000216
0.00022
0.000333
0.00011
0.000329
0.000219
0.000109
0.000217
0.000219
0
0.000658
0.000445
0.000332
0.00145
0.000438
0.000218
0.01483
0.000219
0.001124
0.015734
0.000109
0
0.000782
0.000333
0.000439
0.000109
0
0.000109
0.000673
0.00068
0.00011
0.000552
0.000223
0.000111
0.018514
0.000254
0
0.000254
0
0.000123
0.017099
0.000126
0
0.000129
0.020272
0
0.030423
0.000261
0
0.012822
0.000671
0.009427
0.00067
0.00078
0.000325
0.000435
0
0.000329
0.000653
0.000219
0.00011
0.000542
0.000217
0.000109
0.000223
0.000662
0.000435
0.000218
0.000327
0.000111
0.017486
0.00022
0.00011
0.001001
0.000331
0.00022
0.000329
0.000674
0.000222
0.000666
0.000225
0.000221
0.000441
0.000333
0
0.000222
0.000331
0.000109
0.000652
0.000109
0.000219
0.000223
0.000336
0.000113
0.007581
0
0.00022
0.00022
0.002569
0.000111
0.000561
0.000115
0.000232
0.000585
0.000344
0.000115
0.000116
0.000358
0
0.000476
0.000592
0.000238
0.000237
0.000473
0
0
0.000125
0
0.00117
0.000387
0.000129
0.000251
0
0.00052
0.000261
0.000261
0.000126
0
0.000384
0.000264
0.000659
0
0.000129
0.000268
0.000265
0.000264
0.000132
0.000132
0.000132
0.000132
0.000402
0
0.000129
0.000128
0
0.01726
0.000134
0.000135
0.016312
0
0
0.000779
0.000263
0
0.000916
0.000135
0
0.001403
0.000828
0.000127
0.00025
0
0
0.000124
0
0.000125
0.02873
0.000123
0.000245
0.018525
0
0
0.000229
0.000117
0
0.000115
0.000117
0.000348
0
0
0.000119
0.000238
0.001228
0.000118
0.000703
0.000359
0.00146
0.000821
0.000117
0.000119
0.017013
0.000121
0.000124
0.030794
0.00037
0.000238
0.000834
0.001828
0.000364
0.010052
0
0.000118
0.014061
0
0.000124
0.00101
0.000126
0
0.000507
0
0.000382
0.000629
0.000339
0.000225
0
0.000441
0
0
0.00022
0.000551
0.000108
0.000325
0.000328
0.002792
0.000221
0.001428
0.000982
0
0.001667
0.017213
0.000109
0.000329
0.000431
0
0.000108
0.000108
0
0
0.000109
0.000109
0.000435
0.000216
0.000215
0.000216
0.000108
0.000656
0.00022
0
0.000218
0
0.000218
0.000331
0.000217
0.000108
0.00011
0.001231
0
0.000331
0.000329
0.00089
0.000328
0.000553
0.000441
0.000437
0
0.000546
0.000872
0.000549
0.00067
0.000443
0.002039
0.00101
0.000334
0.013834
0.000435
0
0.000111
0.000795
0.000804
0.000553
0.000326
0.00011
0.000221
0.000109
0.000215
0.000218
0.000331
0.000438
0.000328
0.000551
0.000221
0.000111
0.000581
0.000842
0.000726
0.025501
0.023669
0.000127
0.000884
0
0.000125
0.000377
0.001507
0.000118
0.000119
0.000236
0
0.012661
0.000238
0
0.000475
0.000237
0
0.000354
0
0.000238
0.000355
0.000363
0.00012
0.000359
0.000246
0.000122
0.011881
0
0.000123
0.000371
0.000121
0.00012
0.000239
0
0.000481
0.000362
0.000844
0.000468
0.010271
0.001072
0.000704
0.000951
0.000357
0
0.000116
0.00023
0.000116
0.000848
0.001305
0.000822
0.000116
0
0.000234
0.000705
0
0.000358
0.000122
0
0.000121
0.000487
0.000242
0.000119
0.000232
0.000347
0
0.000705
0.000238
0.000241
0.012652
0
0
0.014906
0.00118
0.00047
0.000118
0.000948
0.000817
0.000231
0.000115
0.000478
0.016108
0.002069
0.000719
0.000359
0.000475
0.000234
0.000118
0.00035
0.000113
0.00057
0.000796
0.000689
0
0.000112
0.000112
0.000552
0
0.000562
0.000327
0.000546
0.000434
0.000219
0.000222
0.000111
0.000329
0
0.000108
0.015287
0.000327
0.000109
0.000109
0.000329
0.000327
0
0.000221
0.000222
0.000219
0.000109
0.001039
0.000789
0.000331
0.00011
0.00022
0.000111
0.000333
0.017435
0.000113
0.000113
0.000341
0.00023
0.000576
0.00012
0.000122
0.000242
0.031526
0
0.000121
0.000243
0
0.000112
0.000222
0.000448
0
0.000111
0
0
0.016514
0.000108
0.000108
0.000877
0.001465
0.000111
0.018035
0.000226
0.000447
0.001243
0.000555
0.000218
0.009733
0.000326
0.000109
0.000217
0.000109
0.000222
0.000674
0
0.000225
0.011263
0.000108
0
0.000433
0.000109
0
0.017918
0.000217
0.00022
0.004424
0.000752
0
0
0.000884
0.000227
0.000454
0
0
0.000451
0.050686
0.000117
0.000232
0.000345
0.000573
0.017791
0.000348
0.000241
0.021075
0
0.000373
0.033469
0.000242
0.000239
0.001323
0.001577
0.001958
0.001029
0.000449
0.000455
0.029835
0.000574
0.000115
0.000115
0.000113
0
0.026778
0
0.000118
0.000237
0.000111
0.000218
0.000219
0.000329
0.000327
0.000218
0.000216
0.000657
0.000548
0.000108
0.000442
0.000659
0.000109
0.000108
0.000219
0.000884
0.000217
0.000217
0.000328
0.000216
0.000541
0.000439
0
0.025629
0.000225
0.000226
0.000565
0
0.000118
0.000721
0.000471
0.00035
0.000231
0
0.000114
0.000114
0.000113
0.000227
0.000114
0.000115
0.000231
0.015869
0
0.000232
0.000453
0
0
0.000567
0.000114
0.000561
0.000336
0.000111
0.00022
0.000334
0.000221
0.000439
0.00033
0.00011
0.000223
0.000446
0
0.000681
0.000224
0.000336
0.000224
0.000227
0.000335
0
0.000112
0.000112
0.000223
0.00011
0
0.000111
0
0.000111
0.000449
0.024161
0.00023
0.000114
0.000116
0.000115
0.00035
0.013851
0.000482
0.000122
0.00037
0
0.000122
0.000741
0.000124
0.000493
0.000124
0.000632
0.000249
0.000507
0
0.000128
0.000182
0.000363
0.000547
0.013758
0
0.000182
0.000911
0
0
0.000558
0.036632
0
0.001948
0.000388
0.000195
0.028835
0
0
0.011996
0.00099
0.000785
0.001182
0.000384
0
0.000561
0.000953
0.000379
0.001315
0
0
0.001304
0.00081
0.001225
0.007654
0.000131
0
0.012898
0.000638
0
0
0
0
0
0.000242
0.00012
0.000362
0.000122
0.000121
0
0.000358
0.000122
0.001159
0.000368
0.000481
0.007988
0
0
0.000118
0.000238
0
0.000115
0.000581
0.000233
0.000585
0.000117
0.000349
0.000688
0.00023
0.000459
0.000577
0.000114
0.000339
0.000115
0.000686
0
0.000467
0.000114
0.00023
0.000928
0.000114
0.000228
0.000113
0
0.000115
0.000227
0
0.002383
0.000456
0.000227
0.000228
0.000457
0.000565
0.000456
0.001735
0.000111
0.00011
0.000554
0
0.000329
0.000329
0.000111
0.000109
0.000109
0.000109
0.00022
0.000987
0.000111
0.000223
0.00088
0.000108
0.000108
0
0.000539
0.000217
0.000322
0
0.000435
0.00011
0.000109
0.000436
0.000108
0
0.000109
0.025225
0.001224
0.000222
0.000985
0.000327
0
0.000215
0.000215
0
0.00043
0.000108
0.000217
0.004852
0.016423
0.000109
0.000107
0.000545
0
0.000537
0.001533
0.000109
0.000326
0.000433
0.000433
0.000432
0.000218
0.000784
0.015099
0.000221
0.000436
0.000217
0.000216
0.000321
0
0.000552
0.000333
0.000325
0
0.000109
0.000328
0.000224
0.000775
0.0011
0.000444
0.00011
0.014996
0.000329
0.000222
0.000231
0.000226
0.00011
0.000329
0.000219
0.00011
0.007997
0.01469
0.00022
0.000433
0.00065
0.000217
0.000108
0.000552
0.000108
0.000439
0.000554
0.000441
0.01557
0.00022
0.00011
0.000451
0.001049
0.000114
0.000456
0
0.000458
0.000459
0.000345
0.000116
0
0.000237
0.000118
0.000117
0.00012
0.000358
0.000719
0.000122
0.000119
0.001725
0.000491
0.000367
0.000249
0.000244
0.000243
0.000242
0.000121
0.000492
0.017924
0.000371
0.000244
0
0
0.000383
0.016429
0.000376
0.000125
0.000369
0.000124
0.000247
0
0.000124
0.000124
0.007493
0.000652
0.000629
0.000377
0.000123
0.00037
0.00062
0.000123
0.000245
0.000629
0.000753
0.000638
0.001934
0.000507
0.000251
0.000371
0.000248
0.000384
0.000764
0.000128
0.000129
0.000378
0.000638
0
0.022944
0.000648
0.000253
0
0.000125
0.000125
0.000508
0.016356
0.000509
0
0.000494
0
0.000479
0.000241
0.000365
0.000243
0.00061
0.000728
0.001984
0.000487
0.000373
0.000124
0.000506
0.000117
0.000232
0.000585
0
0.000344
0.000115
0.000225
0.000228
0.000565
0.000334
0.000334
0.000448
0.000337
0.000221
0.000112
0.00011
0.000109
0.000443
0.000109
0.000436
0.00223
0.000109
0.000439
0
0.000449
0.017218
0.000112
0
0.013646
0.000334
0.000554
0.015249
0.000217
0.000551
0.000328
0.00011
0.000331
0.000439
0.000444
0.000114
0.000115
0.001418
0.000831
0.017353
0.017496
0
0.000224
0.000343
0.00045
0.000113
0.000112
0.00034
0.000114
0
0
0.019066
0.000116
0.000116
0.029744
0.000337
0.000112
0.000441
0.000109
0
0.00033
0.000438
0.000213
0.000107
0.000108
0.000219
0.000435
0.000555
0.000112
0.028888
0.000343
0.000462
0.020103
0.001423
0.000113
0.000331
0.000109
0.000774
0.00022
0
0.001489
0.002257
0.000351
0.000233
0.000117
0.000234
0.000357
0.000485
0
0.000121
0.00012
0.000244
0.000243
0.000639
0.000126
0.000126
0.001812
0.000252
0
0.000515
0
0.000114
0
0.000934
0.000575
0.023737
0.000226
0.00035
0.000592
0.000346
0.000114
0.000231
0.000704
0.000561
0.001459
0.000222
0.000338
0.035305
0.000339
0.000332
0.000114
0.000329
0.000111
0.000108
0.00011
0.000325
0.000659
0.00022
0.000111
0
0.000802
0.000111
0.001538
0.00011
0.000339
0.000112
0.000344
0.000113
0.000114
0.000112
0.000451
0.00145
0.000114
0.001222
0.00011
0
0.000109
0
0
0.000223
0.022099
0.000115
0.000115
0
0.001563
0.000229
0
0.000453
0
0.00128
0
0.000337
0.000112
0
0.000452
0.017883
0
0.000114
0.000583
0.000805
0.000112
0.000112
0
0.000113
0.030073
0.000225
0.000228
0.000446
0.000558
0.000222
0.000222
0.000111
0.000444
0.000335
0.000333
0.001
0.00022
0.000109
0.000326
0.001733
0.000109
0.000321
0.001643
0.000111
0.000778
0.002631
0.000217
0.000109
0.000221
0.000112
0
0.001714
0.000112
0.000334
0.000111
0.000333
0
0.001116
0.000453
0.000111
0.000677
0.000112
0.000678
0.000553
0.000222
0.00022
0.00022
0.00044
0.000221
0.000333
0.000228
0.000446
0.000458
0.00023
0.000225
0
0
0.000352
0.010602
0.000118
0.000531
0.000397
0.00053
0.000268
0.033098
0.00068
0.000135
0.000405
0.000135
0
0.035575
0.003899
0.000132
0.000227
0.000233
0
0.000111
0.017482
0
0
0.013717
0.000214
0.000429
0.000109
0.000109
0.00043
0.000534
0.000325
0.002147
0.008528
0.000112
0.00044
0.00022
0.000452
0.000337
0.003104
0.000115
0.000338
0
0.000454
0.000665
0.000112
0.000447
0.000228
0.000339
0
0
0.002019
0.000121
0.001419
0
0.000421
0
0.001703
0.000435
0.000436
0.00322
0.000146
0.015284
0.00029
0.047156
0.000294
0.015789
0.000241
0.012441
0.000589
0.000351
0.000348
0.00034
0.000451
0.000226
0.000567
0.000112
0.000225
0
0.00023
0.001166
0.000113
0.000114
0.002858
0.000462
0.000229
0.0009
0
0.000349
0.000348
0.000348
0.000582
0.001959
0.000458
0.001144
0
0.000552
0.000559
0.00011
0.000224
0.000328
0.000226
0.001029
0.000784
0.016928
0.015193
0
0
0.004028
0.000324
0.007807
0
0.00045
0.008384
0
0.000331
0.000112
0.00056
0.000227
0.000339
0.00011
0.000438
0.000874
0.00011
0.000544
0.013667
0
0.00011
0.001092
0
0.000221
0.00011
0.000331
0.000336
0.000225
0.000113
0.000116
0.000954
0.000119
0.000481
0.01528
0.000119
0.00022
0.000328
0.000439
0.000332
0.000217
0.000436
0.000326
0.000109
0.000874
0.000109
0.000109
0.000436
0
0.000221
0.000112
0.000223
0.000111
0.001014
0.000223
0.000446
0.000223
0.000221
0.00022
0.000667
0.000329
0.000435
0.000108
0.000325
0.000757
0.000328
0.000222
0.000332
0.000112
0.00011
0.00077
0.000436
0.000768
0.002598
0.000217
0
0
0.000109
0.000438
0
0.000109
0.000542
0.000446
0.000334
0.000218
0.002049
0.000445
0.000669
0.000439
0.000325
0.000328
0.006643
0.000111
0.000441
0.000877
0.000885
0.000877
0.008731
0.000112
0.000224
0.000338
0
0.000233
0
0.016732
0.000121
0.03313
0.000475
0.000114
0.000455
0
0.000346
0.001309
0.000598
0.000115
0.000461
0.002173
0.000348
0
0.000583
0.000118
0.004426
0.000232
0.000233
0.001663
0.000355
0.000118
0.00012
0.003797
0.000336
0.008821
0
0.000891
0.000335
0.001589
0.000114
0.000931
0.000233
0.000116
0
0.000801
0.000228
0.000226
0.000805
0.000115
0.000347
0.000476
0
0.000479
0.000243
0.000241
0
0.000121
0.000235
0.000475
0.000119
0.000358
0.011699
0.000349
0.001152
0.015942
0.000451
0.000332
0.000219
0.000661
0.00022
0
0.000223
0.000222
0.000339
0.001123
0.000539
0.000431
0.00011
0.001648
0.000107
0
0.000322
0.000642
0.000217
0.000218
0
0.00032
0.00011
0.022835
0.00023
0.00023
0.000115
0
0.000214
0
0.000542
0.000214
0.000751
0.000106
0.000105
0
0.000322
0.000322
0.011599
0.000107
0.000108
0.002324
0.000109
0.000107
0.00043
0.000326
0.000109
0.000331
0.000549
0.00011
0.000219
0.00033
0.000109
0.000217
0.000324
0.000218
0.000214
0.000436
0.000559
0.018035
0.000111
0.000329
0
0.000329
0
0.000974
0.00086
0
0.000759
0.000434
0.000541
0.000218
0.000436
0.000436
0.00011
0.000222
0.000217
0.000328
0.000219
0.005683
0.000649
0.000539
0.000109
0.000928
0.000909
0.017564
0.000218
0.000329
0.000327
0.00055
0
0.000214
0.000559
0.000217
0.000325
0.000326
0.000108
0.000326
0.00678
0.00011
0.000113
0.000228
0.000672
0.000547
0.000436
0.000109
0
0.000433
0.000219
0.000326
0.001125
0.000332
0.000547
0.000908
0.000112
0.000458
0.000719
0.003256
0.000113
0.000449
0
0.000221
0.000221
0.000552
0
0.000223
0.000113
0.000447
0.000458
0.000698
0.000225
0.000336
0
0.000339
0.000906
0.000221
0.000887
0.010001
0.00011
0.00011
0.014694
0.001319
0.00022
0.000329
0.000665
0.000555
0.000562
0.000112
0.000347
0.000233
0.000233
0.000349
0.000347
0.000232
0
0.000829
0.000472
0.000115
0.000815
0
0
0.00061
0
0.000119
0.000241
0.000486
0.000365
0.000119
0
0.000498
0.001478
0.000123
0.000361
0.000122
0.000372
0.000125
0.000637
0.000127
0.000125
0.000753
0.00051
0.000497
0.000628
0.000372
0.000248
0.000621
0.000494
0.000123
0.000626
0.000247
0.000245
0.000122
0.000503
0.000246
0.016318
0.000354
0.000712
0.00071
0.000237
0.00048
0.000602
0.000857
0.00024
0.000243
0
0.000746
0.000246
0.000245
0.000358
0.00036
0.00085
0.000975
0.000971
0
0.000365
0.000363
0.000484
0.000241
0.000482
0.00012
0
0.000236
0.000483
0.001087
0
0.000119
0.000717
0
0.000116
0.000466
0.000709
0.000589
0.00255
0.000559
0
0.000113
0.000223
0.00055
0.000878
0.000331
0.000327
0.001436
0.000109
0.000321
0.000106
0.000322
0.000534
0.00097
0.016445
0.000213
0.00032
0.000426
0.00033
0.000107
0.002341
0
0
0.000325
0.000107
0.000213
0.000107
0.000538
0
0.00057
0.000228
0.001047
0.01641
0
0.000218
0.000441
0.000674
0
0.014771
0.000325
0
0.000214
0.000107
0.000108
0.002341
0.013503
0
0.000432
0.000538
0.000107
0.000755
0.002886
0
0.000215
0.000106
0.00032
0.014701
0.000428
0.000215
0
0.000437
0.000326
0.000665
0
0
0.000218
0.000555
0.000109
0.000329
0.000328
0.000221
0.000569
0.000226
0.000112
0.003238
0
0.000213
0.000108
0.000214
0.000427
0.000213
0.000326
0.000323
0.00043
0.000324
0.000107
0.000216
0.000108
0.000432
0.000108
0.000107
0.000217
0.000548
0.00011
0.000324
0.000324
0.000108
0.000108
0.001201
0.001549
0.000436
0.000328
0.000436
0.000324
0.000215
0
0
0.000109
0
0
0.002745
0.000599
0
0.037517
0
0.259513
0.000118
0.000113
0.00099
0.003135
0.00024
0.00012
0.00097
0.000118
0.000115
0.00047
0.000114
0.000568
0
0.000348
0.000336
0.000333
0.000225
0.000566
0.004121
0
0.000224
0.00184
0.000224
0.000341
0
0.013583
0.000348
0.000923
0.000114
0.00023
0.004655
0.000832
0.000117
0.000239
0.000987
0.000474
0.000237
0.00024
0
0.000247
0.000502
0.000762
0.013507
0.000374
0
0.000355
0.000238
0.000362
0.021295
0.000239
0.00072
0.011354
0.00048
0.000366
0.002112
0.00012
0.000119
0.000478
0.00035
0.000232
0.000359
0.000116
0.000356
0
0.000118
0.000119
0
0
0.000365
0.000122
0.000121
0.000121
0.000244
0.000368
0.000246
0.00075
0.000235
0.000117
0.000116
0.000462
0.000116
0
0.000115
0.000115
0.009856
0.001196
0.000237
0.000469
0.000224
0.000333
0.000221
0
0.00011
0.000109
0
0
0.000111
0.000552
0.000108
0.000107
0.00043
0.000108
0
0
0
0.000229
0.000117
0
0.025583
0
0.000219
0.000219
0.000327
0.000107
0
0.000107
0.000107
0.000751
0.000433
0.000107
0.000325
0.000213
0.000106
0.000106
0.000321
0.000107
0.000535
0.000322
0
0.000848
0.000322
0.000323
0.000653
0.000534
0.000318
0.002759
0
0.000429
0.001086
0.000214
0.000107
0.000214
0.000544
0
0.000886
0.000328
0.000108
0.000322
0.000862
0.000108
0
0.00043
0.000437
0.000651
0.000221
0.000216
0.000439
0.00076
0.000108
0
0.000217
0.000329
0.00011
0.001123
0.000329
0.024964
0.000111
0.000226
0.027194
0.000113
0.000556
0.000217
0.000549
0
0.000449
0.000445
0.000111
0.000758
0.000768
0.001108
0.015733
0.000329
0.000442
0
0.000432
0.00136
0.000435
0.000219
0.000441
0.000657
0.000552
0.000329
0.000332
0.000441
0.000332
0.000228
0.000572
0.000235
0.001056
0.000115
0.000116
0.000459
0.000345
0.000232
0.000115
0.001115
0.000237
0.000118
0.000238
0.000351
0.00035
0.000707
0
0.000117
0.000118
0.000234
0.000596
0.000112
0.000112
0.000224
0.003001
0.000441
0.00022
0.000224
0
0.000238
0.000355
0.000229
0.014674
0.000339
0.000567
0.000114
0.000228
0.00034
0.000224
0
0
0.000234
0
0.000355
0.017198
0
0.000239
0.001193
0.000238
0.000118
0.000358
0.000248
0.000489
0.000357
0
0.000118
0.001538
0
0.000465
0.00034
0
0.001722
0.001743
0.000343
0.001724
0
0.014845
0.000117
0.000235
0.00036
0.000117
0.019231
0.00027
0.000682
0.033545
0
0.0004
0.000134
0
0.00013
0.003119
0.00013
0.000533
0.050991
0.02027
0.000262
0.000231
0.000114
0
0.000114
0.000225
0.000112
0.00371
0
0.000217
0.001205
0.000325
0.000111
0.001443
0
0
0.000661
0
0.000438
0.000771
0.000328
0.000216
0.001087
0.000109
0.000109
0.001088
0.000439
0.000109
0.000438
0.000877
0.000108
0.000447
0.000446
0.000222
0.001219
0.000217
0
0
0.001091
0.000111
0
0.001265
0.000337
0.000224
0.00023
0.000235
0.001558
0
0.000228
0.013865
0.000457
0
0.000118
0.000473
0.000351
0.000116
0
0
0.000472
0
0.000586
0.001518
0.000116
0.000115
0.000227
0.00046
0.000115
0.000587
0.000233
0.000463
0.000575
0.000117
0.000233
0.012096
0.000117
0.000234
0.021178
0.000235
0.000357
0.014183
0.000116
0
0.001134
0.000126
0.000252
0.027124
0.000505
0.000124
0.000124
0.000506
0.000251
0.009428
0.000488
0
0.000247
0.000371
0.000122
0.000248
0.000496
0.000122
0.000122
0.000252
0.000374
0.000248
0.000122
0.000122
0.016785
0.000123
0.000484
0.00012
0.000243
0.000725
0.000236
0
0.000241
0.000242
0.000242
0.000719
0
0.000356
0.000119
0.000239
0.000236
0
0.001509
0.000497
0.000374
0.000502
0.000378
0.000126
0.000514
0.000386
0
0.000385
0.000254
0.000643
0.001782
0.000629
0.000383
0.00013
0.000258
0.000129
0.000904
0
0.000261
0.000397
0.000257
0
0.00026
0.000662
0.000129
0.00027
0.000397
0.000263
0.000131
0.00013
0.000398
0.00054
0.000514
0.000255
0
0
0.000479
0.000118
0.000477
0.000478
0.000119
0.000709
0.00093
0.001538
0.000231
0.000703
0.000585
0.000349
0.000232
0.011828
0.000352
0.000567
0.001205
0.000888
0.000329
0.000554
0.000992
0.000769
0.001555
0.000109
0.000109
0.000323
0
0.000551
0.00011
0.000554
0.00011
0.002859
0.000339
0.000111
0.000111
0.000221
0.000226
0.000445
0.000674
0.000226
0
0.000336
0.000437
0
0.000217
0.000761
0.000222
0.005351
0.000662
0.000331
0.000222
0.000344
0.00081
0.000228
0.000349
0.001161
0.000221
0.00011
0.000218
0.00011
0.00044
0.000112
0.00033
0.000442
0.000218
0.000554
0.000442
0.000331
0.000329
0.000332
0.000443
0.001
0
0.000779
0.000111
0.00033
0.001707
0.000792
0.001726
0.003646
0.002669
0.000113
0.000111
0.000113
0.013578
0.001155
0.000117
0.000721
0.002518
0.000349
0.000113
0.000225
0.000337
0.000806
0.000916
0.000338
0.000232
0.000344
0.00046
0.000462
0.000227
0.000233
0
0.000345
0.00034
0.000228
0.000117
0.000592
0.000355
0.000729
0.000601
0.000815
0.000722
0.000483
0.000359
0.006124
0.000118
0.000233
0.000589
0.000473
0.00024
0.000369
0.000124
0.000248
0.000486
0.000122
0.000497
0.000494
0.000124
0
0.012884
0
0.000252
0.000127
0.000259
0.000398
0.001314
0
0.000388
0.001052
0.00026
0.000132
0
0.000409
0.000141
0.011206
0.000165
0
0.000496
0
0.000329
0.000491
0.000165
0.000329
0.000488
0.000288
0.000141
0.008868
0.009341
0.000404
0.000135
0.002933
0.003154
0.000404
0.000678
0.000139
0.000708
0.000137
0.000543
0.000136
0.000548
0.000274
0.01301
0
0.000134
0.000544
0.000542
0.000404
0.000679
0.000272
0.000272
0.000816
0.000271
0.000691
0.001112
0.000272
0.000546
0.020677
0.000131
0
0.000393
0.000398
0.0004
0.00053
0
0
0.000525
0
0
0.000253
0.000127
0.000366
0.000121
0.00038
0.000258
0.001155
0.000639
0.000124
0.000988
0
0
0.000244
0.009466
0.000234
0.001438
0.000229
0.000114
0.000116
0.000113
0
0.000693
0.000225
0.000324
0.000429
0.000215
0.000881
0.00022
0.000435
0.000997
0.000654
0
0
0.011906
0.000225
0.000555
0.000109
0.000436
0
0.000219
0.00011
0.000326
0
0.000222
0.000449
0.001658
0.000435
0
0.001202
0.00033
0.000443
0.000216
0.000445
0.000677
0.001336
0.000568
0.00011
0.00011
0.000327
0
0.012129
0
0.000334
0.000228
0.000447
0.000111
0
0.015968
0
0.000113
0.00011
0
0.014764
0.000437
0.00011
0.000444
0.000224
0.000434
0.000109
0.000443
0.00011
0.000335
0.001797
0.00044
0.013716
0.00011
0
0.001867
0
0.000111
0.000445
0.000223
0
0.000559
0.001891
0.000431
0.010438
0.000223
0.000216
0.000323
0.000326
0.000109
0.002373
0.000447
0
0.000224
0.000333
0.000114
0.000339
0
0.000227
0.002293
0.000115
0.00023
0.001968
0.000812
0.000111
0.000225
0.000818
0.000231
0.000343
0
0.000228
0.011872
0.000232
0.000695
0.010248
0
0
0.000228
0.000349
0.000231
0.012743
0.00034
0.000574
0.001582
0.000344
0.000341
0
0.00023
0.000114
0.000345
0
0
0.002594
0
0.000232
0.000232
0.000116
0.000117
0.001877
0.000236
0.000391
0.000147
0.002334
0.000146
0.000144
0.000144
0
0.004397
0.000425
0.000559
0.000139
0.002502
0.000379
0.009045
0.00024
0.00024
0.000608
0.000239
0.00024
0.002747
0.000237
0.00048
0
0.000483
0.000238
0
0.000361
0.000357
0
0.000234
0.000342
0.000343
0.000227
0
0.000233
0.001757
0.000115
0.001295
0.003386
0.000236
0.000232
0.000117
0.000233
0
0.000117
0.000235
0.000118
0.000239
0.000596
0.00132
0.000469
0.000576
0.000918
0.006009
0.000233
0.000231
0.000348
0.000114
0.000228
0.000565
0.000559
0
0
0.000228
0.000114
0.000459
0.000225
0.001815
0.000111
0
0.000224
0.000446
0.000335
0.000226
0.000916
0
0.000334
0.000224
0.000223
0.001028
0.000111
0.000457
0.000463
0.000677
0.000222
0.000112
0
0.011342
0.000224
0.000113
0
0.000221
0.000216
0.000217
0.000441
0.000219
0.000329
0
0.00033
0
0.000443
0.00022
0.000328
0.000537
0.000106
0.000107
0.000216
0.000327
0.000109
0.000107
0.000107
0.00054
0.000216
0.000108
0.000107
0.000428
0
0.000321
0.000107
0.000107
0.000323
0.000323
0.000333
0.000432
0.000215
0.000439
0.00011
0.000219
0.000216
0
0
0.000217
0.000218
0.000217
0.000109
0
0.000324
0.000216
0.001677
0
0.000324
0.000218
0.008686
0.000218
0.000217
0.000436
0.000108
0.000654
0.000108
0.001086
0.000757
0.000216
0.000435
0
0.000537
0.000215
0.000113
0.000228
0.000231
0.00072
0.007416
0.000122
0.00073
0.001359
0
0.000117
0.00023
0.00058
0
0.000477
0.000476
0.000235
0
0.000117
0.000352
0.000116
0.000582
0.001398
0.002958
0.000469
0.011124
0.000585
0.000349
0.000231
0.000579
0.000116
0.000231
0.000344
0.000462
0.000468
0.000117
0.00023
0.000457
0.000115
0.000228
0.001023
0.000116
0.000116
0.000358
0.000488
0
0.000468
0.000346
0.00035
0.000116
0.000577
0.000116
0.000584
0.000471
0.000237
0.00036
0.000727
0.000119
0.000478
0.000477
0.000119
0.00024
0.000239
0.000475
0.000465
0.000344
0.000116
0.00105
0.000231
0.000457
0.000115
0.000231
0
0.000232
0.000468
0.000232
0.000956
0.00035
0.000706
0.000116
0.000469
0.000116
0.007032
0.000463
0
0.000842
0
0.000242
0.000355
0.000121
0.017248
0.00012
0.000602
0.000122
0.000364
0.000121
0.000122
0.00088
0.000619
0.000122
0.000365
0.000363
0.000241
0.00024
0.00049
0.000978
0.015553
0.000366
0.001728
0.010016
0.0011
0.00174
0.001458
0.001085
0.002966
0.003672
0.000336
0.001066
0.03358
0.000116
0.000221
0.000707
0.00023
0.000115
0
0.001068
0.000455
0.000593
0.000439
0.000834
0.000228
0.000443
0.000562
0.001098
0.00117
0.000349
0.001102
0.000223
0.000668
0.001595
0.000231
0.001089
0.000974
0.000116
0.000869
0.000113
0
0.00034
0.015255
0.000113
0.000115
0.000688
0.000696
0.000829
0.01548
0.000227
0.001466
0.000335
0.00055
0.000111
0.000793
0.000334
0.000458
0.00089
0.000914
0.002462
0.001177
0.000577
0.000113
0.000562
0.000445
0.000571
0.001154
0.000344
0.00023
0.000336
0.000336
0.000924
0.002199
0.000112
0.000226
0.000227
0.000229
0.000944
0.000568
0
0.000565
0.000862
0.000218
0.000435
0.00055
0.000561
0.000214
0.000649
0
0.000454
0.000112
0.000442
0.000444
0.000226
0.000324
0.000328
0.000217
0.005267
0.000107
0.000216
0
0.000109
0.000795
0.001129
0.001139
0.014396
0.00056
0
0.002009
0.000341
0.001609
0
0.000442
0.000221
0.011861
0.002073
0.000333
0.000108
0.000324
0.000217
0.000109
0.000444
0.00011
0
0.000691
0.000224
0.001964
0.000567
0.000114
0.000227
0.000113
0.000344
0.001178
0
0.000116
0.000945
0
0.000152
0.023414
0.000348
0.001252
0.047454
0.003183
0.002309
0
0.000343
0.000346
0
0.002858
0
0.000166
0.000337
0.0005
0.002118
0.000162
0.000166
0.02568
0.00013
0.000129
0.000128
0.000639
0.000402
0.000142
0.000525
0.001543
0.001755
0.000532
0.001749
0.000964
0.000774
0.000939
0.000259
0.000989
0.00168
0.02031
0.001081
0.00079
0.005023
0.000494
0.000379
0.000649
0
0.000758
0.000253
0.000267
0.002408
0.00214
0.001068
0.000937
0.038063
0.001282
0.00038
0.002265
0.000119
0.001133
0.00047
0.000594
0.001127
0
0.000237
0.002163
0.000875
0.000482
0.000981
0.000484
0.000353
0.001184
0.004198
0.000234
0.001699
0.00037
0.00025
0.023265
0.000998
0.000253
0.000913
0.000636
0.000254
0.001291
0.000244
0.000239
0.001199
0.000113
0
0.000329
0.000681
0.000457
0.000936
0.001101
0.000111
0.000907
0.000454
0.017872
0.000796
0.000442
0.000335
0.000334
0.000557
0.000692
0.000446
0.000331
0.000675
0.000555
0.000678
0.000231
0.00045
0.000226
0.001952
0
0
0.000443
0.007056
0.000675
0.000111
0.000442
0.000782
0.000559
0.000793
0.025876
0.000834
0
0.019477
0.000351
0.000115
0.000115
0.000348
0.000346
0.016023
0.000669
0.000219
0.000776
0.00045
0.000109
0.001105
0.000558
0.000335
0.000448
0.000111
0
0.001146
0.000455
0
0.000685
0.000446
0.00022
0.000329
0.000219
0.000222
0.001096
0.000331
0.000553
0.000886
0.000331
0.00033
0.001462
0.00045
0.001775
0.000684
0.000332
0.000219
0.000658
0.000445
0
0.028162
0.000122
0.000746
0.030292
0
0.000121
0.000365
0.00036
0.000124
0.000375
0.000123
0.001036
0.000266
0.000266
0.030417
0.000132
0
0.000963
0.002689
0
0.000682
0.017778
0.000356
0.000229
0.000219
0.000218
0.000217
0.00011
0.000559
0.000224
0.001894
0.00044
0.000664
0.000113
0.000225
0.001383
0.00101
0.000111
0.002731
0.00126
0.000227
0.000227
0.000899
0.000225
0.000354
0.020706
0
0.030528
0.000889
0
0.000252
0.000748
0.00025
0.000481
0.000117
0.00024
0.000118
0.000238
0.000119
0.00012
0.001332
0.000749
0.000949
0.000116
0.000467
0.000353
0.030263
0.000449
0.000557
0.000224
0
0.000115
0.000671
0.000449
0.000114
0
0.000342
0.000804
0.000578
0.000113
0.000227
0.000682
0.000559
0.000438
0.025577
0.000326
0.000324
0.000324
0
0
0.000218
0.000328
0.000108
0
0.000544
0.000332
0.00011
0.000672
0.000222
0.00011
0.00022
0
0.001105
0.000654
0.000992
0.000216
0.000324
0.000995
0.000217
0.000219
0.000773
0.000438
0.000998
0.000553
0.000669
0.00044
0.001121
0.000446
0.000326
0.000899
0.001102
0.000558
0.003344
0.000328
0.000334
0.000653
0.000546
0.000217
0.000442
0.000333
0.001902
0.000331
0.000219
0.000444
0.000224
0.008067
0.00033
0.000218
0.000538
0.000434
0.000108
0.000535
0.000322
0.000108
0.000463
0.000228
0
0.000112
0.000336
0.000111
0.000114
0
0.001001
0.000439
0.000109
0.00011
0.000446
0.000452
0.001291
0.004269
0.000359
0.000599
0.001321
0.000111
0.000222
0
0.000328
0.000108
0.000111
0.000451
0.000226
0.013161
0.000895
0.000223
0.000789
0.000339
0.000899
0.010775
0.000324
0.000545
0.000221
0.00022
0.000662
0.00011
0.00022
0.000332
0.001125
0.000559
0.010158
0.02517
0.000693
0.000114
0.000795
0.000665
0.000111
0.000455
0.000696
0.000686
0.000112
0
0.000444
0.000111
0.000559
0.00022
0.000221
0.000222
0.000449
0.000222
0.000111
0.000114
0.000115
0.000601
0.000239
0.000602
0.00096
0.000116
0.000327
0.00033
0.000111
0.001128
0.001137
0.000571
0.00034
0.000335
0.00078
0.001043
0.001244
0.000112
0.000556
0.000342
0.000797
0.000908
0.000338
0.000336
0.000458
0.000341
0.001153
0.000895
0.000774
0.001168
0.001136
0.000337
0.001115
0.000554
0.000456
0.000223
0.000792
0.000336
0.001275
0.000458
0.000694
0.000791
0.000685
0
0.000457
0.000581
0.000344
0.000798
0.001486
0.00045
0.000564
0.000113
0.000808
0.000342
0.001043
0.000112
0.000341
0.000471
0.000235
0
0.010688
0.000476
0.00093
0.000116
0.00084
0.001101
0.004014
0.001066
0.000751
0.000114
0.001934
0.000861
0.000488
0.001676
0.019319
0.001919
0.001659
0.001263
0.000924
0.000293
0.000431
0.000584
0.369038
0.001129
0.08448
0
0
0
0
0
0
0
0.000133
0.006345
0.013258
0.00652
0.000287
0.001207
0.000261
0.000526
0.000126
0.022634
0.000127
0.01324
0.000548
0.001316
0.000266
0.000125
0.001053
0
0.000365
0.00024
0.000608
0.006258
0.00026
0.001044
0.000616
0.003275
0.000121
0.0005
0.000348
0.001789
0.000833
0.000114
0.00631
0.00023
0.000591
0.000463
0.000475
0.001964
0.000999
0.005077
0.000119
0.002566
0.000348
0.001834
0.001183
0.00248
0.001313
0.000348
0.000473
0.001832
0.002157
0.000344
0.000229
0
0.004569
0.000428
0.000772
0.000901
0.000217
0.001003
0.001224
0.000909
0
0.001012
0.00033
0.000332
0.017957
0.000221
0.000222
0.000442
0.000221
0.000906
0.000108
0.000108
0
0.00087
0.000432
0.000213
0
0.000435
0.000225
0.000228
0.01516
0.025319
0.000582
0.000116
0.000234
0.000235
0
0.000357
0
0.000893
0.000638
0.004954
0.019078
0
0
0.000104
0
0.000313
0.000211
0.00021
0.000416
0.000521
0
0.000316
0.001828
0.000323
0.000433
0.000107
0.000425
0.000759
0.000107
0.000322
0.000631
0.000314
0.000427
0.000319
0.000422
0.000106
0.00063
0.00021
0.000322
0.000213
0.000645
0.027065
0.000108
0.000213
0.000214
0.000634
0.000642
0.001303
0.000107
0
0.000109
0
0.030819
0.000115
0.032411
0.000335
0.000109
0
0
0.000217
0.000326
0.000218
0.000424
0.000322
0
0.000106
0.000107
0.000109
0.017837
0.000226
0.000224
0.000227
0.000436
0.000329
0.00011
0.001564
0.000649
0.000636
0.000214
0.000108
0.001436
0.000327
0.000108
0.000109
0.000771
0.00033
0.000649
0.000537
0.000107
0.000217
0.000872
0.000221
0.000782
0.000451
0.001113
0.000222
0.000656
0.000546
0.000218
0.0114
0.018212
0.000545
0.000433
0.000218
0.001097
0.000438
0.00011
0.00066
0.000218
0.000108
0.000332
0.00022
0.000443
0.002027
0.000221
0.000111
0.000903
0.000223
0.000451
0.000458
0.000577
0.000455
0.001989
0.000345
0.002742
0.000455
0.023025
0.01249
0.01208
0.001112
0.000226
0.000114
0
0.009887
0
0.00035
0.000232
0.000468
0.000364
0.0175
0.000232
0.000344
0.000584
0.000585
0.00035
0.000575
0.000337
0.0049
0.000227
0.009561
0.000225
0.000338
0.000334
0.000333
0.00022
0.000444
0.00022
0.000457
0.000229
0.000114
0.000222
0
0.000108
0.000323
0.000425
0.02212
0.000209
0.000211
0.01061
0.000419
0.000526
0.000418
0.000105
0.000105
0.000318
0
0
0.000211
0.000107
0.001313
0.000542
0.000214
0.000214
0.00032
0.000424
0.001279
0.000315
0.000316
0.024033
0.000107
0.000421
0.000839
0.000423
0.000211
0
0.000534
0.000211
0.012383
0.000419
0.000635
0.000537
0.000214
0.000105
0.000211
0.000105
0.000531
0.000425
0.000106
0.000106
0.001177
0.000213
0
0
0.000533
0
0.000215
0.000108
0.000108
0.000107
0
0.000434
0.000327
0.000324
0.000211
0
0.000216
0.000327
0.000424
0.000635
0.000531
0.000427
0.000213
0.00032
0.000213
0
0
0.000222
0.000783
0.000334
0.001453
0.000444
0.000217
0.000221
0.000649
0.000433
0.000219
0.00055
0.020485
0.000441
0.005293
0.001125
0.002273
0.000345
0.00023
0
0.000233
0.000676
0
0.002211
0.000169
0
0.001544
0.000686
0.000333
0.000168
0.000165
0.000166
0.00118
0.001673
0.000647
0
0.00016
0.007098
0.000974
0.000469
0.000154
0.000149
0.000303
0.019593
0.000122
0
0.000358
0.001738
0
0.000582
0.000464
0.000114
0.00034
0.000336
0.000343
0.000113
0.000804
0.00057
0.001742
0.00033
0
0
0.000806
0.000227
0.000228
0.001029
0.000114
0.000464
0.000927
0.000344
0.000339
0.000227
0.000455
0.002152
0.000457
0.000233
0.004834
0.000237
0.000227
0.000339
0.000111
0.000328
0.000435
0.000217
0.000107
0.000651
0.000433
0.000323
0.000326
0.000108
0.000215
0
0.001001
0.000108
0.000437
0.000325
0.00033
0
0.000107
0.000323
0.000107
0.000216
0
0.000324
0.000322
0.000432
0.000108
0.000322
0.000108
0.000326
0.000109
0.000108
0.002628
0.00011
0.000107
0.001697
0.00011
0.000221
0.000687
0.000364
0.000121
0.002311
0.000833
0
0.02147
0.000218
0
0
0.000215
0.000107
0.002215
0.000535
0.000213
0.000325
0.000108
0
0.00043
0.00011
0.000111
0.000217
0.000217
0.000218
0.00011
0.000332
0.000333
0.001857
0.000227
0.000108
0.000542
0.000648
0.000109
0.000323
0.000108
0.000556
0.000445
0.000772
0.000108
0.000107
0.00032
0
0.000659
0.00022
0.000453
0.00055
0.000114
0.000448
0
0.000117
0.00036
0.000119
0.000849
0.000358
0.000243
0.000241
0.000122
0.000368
0.000487
0.000612
0.000245
0.000763
0.000127
0.000504
0
0.000124
0.000124
0.000125
0.000495
0.000375
0.001026
0.00025
0.000249
0.000518
0.000384
0.000389
0.000253
0.000252
0.000126
0.000123
0.000242
0.000122
0.000246
0.000624
0.000126
0.0009
0.000377
0.000749
0
0.000249
0.001157
0.001407
0.000244
0.000123
0.00063
0.000247
0.000502
0.000124
0.000243
0.000362
0.004774
0.000359
0.000611
0.00149
0.000362
0.000511
0
0.011875
0.013014
0.000123
0.000476
0.000117
0.000118
0.000595
0.000236
0.000235
0.000234
0.000227
0.0007
0.000569
0.000223
0.000561
0.000329
0.00089
0.000219
0.00044
0.000219
0.000433
0.000327
0.00076
0.000439
0.000545
0.000217
0.000216
0.000217
0
0.000796
0.00114
0
0
0.282051
0
0
0
0.001574
0.00011
0
0.000318
0.000319
0.000213
0.000429
0.000107
0.000213
0.000108
0.000215
0.000217
0
0.000112
0.001021
0.000223
0
0.000994
0.000436
0.000216
0.000321
0.000432
0.000214
0.000324
0.000214
0.000218
0.000109
0.000323
0
0.000109
0.000215
0.000215
0.000107
0.000216
0.000775
0.000439
0
0.000109
0.00022
0.000331
0.000556
0.001682
0.000111
0.000111
0.00022
0.000332
0.000326
0.000328
0.000108
0.000109
0.00112
0.000216
0.000109
0.000325
0.000896
0.000224
0.000219
0.001353
0.000222
0.000224
0.000448
0.000111
0.000109
0.000327
0.000109
0.000109
0.000327
0.000219
0.002495
0.001218
0.000108
0.001658
0.00033
0.00054
0.000215
0.000107
0.000643
0.00043
0.000214
0.000438
0
0
0.000222
0.000224
0.000672
0.00022
0
0.000111
0.00011
0.000109
0.000109
0.000543
0.000552
0.000546
0.000437
0.000108
0.000453
0.000771
0.00011
0.000328
0.000108
0.000218
0.000108
0.000216
0
0.000109
0.000662
0.000565
0.000564
0.000113
0.000112
0.000109
0.00011
0.000222
0.00011
0.000336
0.000682
0.00023
0.000232
0.000233
0.00023
0.000463
0
0.000807
0.000237
0.000118
0.000938
0.000117
0.000235
0
0.000576
0.000348
0
0.000235
0.000233
0.000238
0.00047
0.000115
0.000117
0.000238
0.000359
0.000241
0.000245
0.000246
0.00037
0.000743
0.000631
0.000762
0
0.0005
0.000127
0
0.000126
0.000378
0.000251
0.000372
0.000373
0.000363
0.000362
0.000117
0.000823
0.000116
0.000587
0.000237
0.000118
0.000236
0.00012
0.000119
0.00012
0.00036
0.0006
0.000955
0.000118
0.000589
0.000702
0.000116
0.000349
0.000233
0.000116
0
0.000237
0.000351
0.000348
0.000117
0.000581
0.000231
0.000457
0
0
0.00034
0
0.000231
0.000116
0.000464
0.000114
0.000348
0.000358
0.000119
0.000473
0.000118
0.000596
0.000117
0.00106
0
0
0.00082
0.00012
0.000713
0
0
0.000234
0.000117
0.000238
0.000237
0.000355
0.000238
0.000119
0.000599
0.000237
0.000116
0.000467
0.000233
0.000841
0.000479
0.000241
0.000119
0.000238
0.000241
0.000122
0.000118
0.000118
0.000946
0.000115
0.000118
0.000465
0.000473
0.000119
0
0.000123
0.000124
0.000248
0.000373
0.000373
0
0
0.000128
0.000125
0
0.000126
0.000255
0.000637
0.000503
0.000507
0
0.000124
0.000621
0.000744
0.000381
0.000377
0.00052
0.000536
0.00027
0.000133
0.000265
0.000266
0
0.001362
0.000272
0.000401
0
0.000268
0.000393
0.003663
0
0.00066
0.000672
0.000266
0.000265
0.0004
0.000674
0.000136
0.000269
0.002745
0.003268
0
0.000137
0.000138
0.000988
0.000139
0.00097
0.000275
0.000139
0.000417
0.000138
0
0.000286
0.000282
0.000706
0.000424
0.000551
0.000135
0.000271
0.000137
0.000135
0.000136
0.000422
0.000288
0.000147
0
0.000286
0.000282
0.000142
0.000143
0.001328
0.000281
0.00028
0
0.000283
0.00014
0
0.000141
0.000139
0.000689
0.000416
0.000276
0.000139
0.000277
0.00028
0
0.000439
0
0.000302
0.01563
0.000754
0.000588
0.000735
0.000286
0.000283
0.000438
0
0.000725
0.000286
0.000144
0
0.000742
0.000782
0.000306
0.000306
0.000151
0.000305
0.000151
0
0.000151
0.001888
0.000301
0
0.000787
0.000153
0.000307
0
0.001108
0.000305
0
0.000774
0.000637
0
0.000654
0.000465
0.000309
0.00064
0.000162
0.000496
0.000479
0.000156
0.000323
0.000795
0
0.000477
0.00016
0
0.000163
0.00016
0.000323
0
0.00032
0.000159
0.000323
0.000159
0
0.000159
0
0
0.000323
0
0.000668
0.000163
0.000161
0.000647
0.000657
0.000498
0
0.000531
0.000178
0
0.000175
0.000172
0
0.000882
0.000514
0.000349
0.000177
0
0.000695
0.000526
0
0.00018
0
0.000181
0.000354
0.000177
0.000375
0.000565
0.000566
0.000185
0
0
0.00019
0
0
0
0
0.000183
0.000548
0.006135
0.000355
0.000349
0
0
0.000359
0.00036
0.000916
0.000362
0.000537
0.000538
0.000529
0.000173
0.000695
0.000524
0.000173
0
0.000539
0
0
0.000185
0
0
0
0
0.00072
0.000179
0
0.000178
0
0.000182
0
0
0.000234
0.00023
0.000232
0
0.021794
0
0
0
0
0
0.026763
0.000203
0.000832
0.000409
0.005559
0.000411
0.017001
0
0.004861
0.000573
0.000382
0.000559
0.000186
0
0
0.000178
0.000171
0
0.001182
0.00066
0
0.000161
0
0
0.000166
0
0.00033
0.000984
0.000833
0.000824
0.000324
0.000326
0.000162
0.000319
0.000502
0.000163
0.000326
0.000332
0.000497
0.000167
0.000333
0.000833
0.000162
0.000163
0.000164
0
0.000171
0.000175
0.000344
0.000168
0
0.000345
0.000346
0.000528
0.000172
0.000173
0
0.000172
0.000894
0.00018
0
0
0.001287
0.00035
0.00052
0
0
0.000528
0.000359
0
0
0.000351
0.000717
0
0
0.000175
0.000175
0
0.018805
0.000178
0.000343
0.000353
0.017721
0
0
0
0
0.000326
0.00016
0.000162
0.000313
0
0
0
0.001296
0
0.001953
0
0
0.000155
0.000154
0.000631
0.000159
0.002914
0
0.000159
0
0.000825
0
0.000506
0.000336
0.000669
0.001184
0.000166
0
0.000502
0.00083
0.000346
0.014149
0.000179
0.000176
0.00035
0
0.000549
0.016527
0.000191
0.00038
0
0
0.002762
0
0.00885
0
0
0.442623
0
0.000183
0.005356
0.000174
0
0
0
0.000353
0
0.000178
0
0.000537
0.000538
0
0
0
0.005377
0.00645
0.00018
0.000183
0.000387
0
0.000773
0.00019
0.003274
0.00022
0.001389
0.029754
0.000221
0
0.00067
0
0
0.000714
0
0
0
0.007728
0.000979
0
0
0
0
0
0
0.000241
0
0
0.00025
0
0.000251
0
0
0
0
0
0.026316
0
0
0
0
0
0
0
0
0
0
0
0
0
0
1
0
0
