0
0
0
0
0.000997
0
0
0
0.000901
0
0
0
0
0.000898
0
0
0.000902
0
0
0
0
0
0
0
0
0
0.000701
0
0
0.000581
0.000563
0.001092
0
0
0
0
0.00045
0
0
0
0.000362
0.000352
0.000353
0.000347
0
0.000344
0
0.000325
0.000323
0.000316
0
0.000316
0
0.000316
0.000629
0.000313
0
0.000448
0.000223
0
0
0
0
0
0
0.000208
0.000201
0.000193
0.000376
0
0.000375
0
0
0
0.000173
0.000679
0.00259
0.000334
0.000165
0.000832
0.000332
0.00016
0.000161
0
0
0.000315
0.000155
0.00031
0.000312
0.000154
0
0
0.000464
0
0
0.000153
0.000303
0.000149
0
0.000295
0
0
0.000146
0
0.000439
0
0.000146
0
0.000145
0.000443
0.000288
0.000142
0
0.00014
0
0.000557
0.000273
0.000276
0
0.000135
0.000132
0.000396
0.000658
0
0
0.000129
0.000127
0
0.000125
0.000615
0.000123
0.000244
0.000118
0.000117
0.000232
0.000116
0.000701
0.000459
0.000338
0
0.000112
0
0.000568
0.000111
0.000109
0.000436
0
0.000664
0.001085
0.000108
0.000218
0.000109
0.00011
0
0.00011
0
0.000645
0.000215
0.000106
0.000106
0
0.000107
0.000867
0.000771
0.000215
0.000323
0.000108
0.000322
0.000107
0.000216
0.000427
0.000431
0
0.000438
0.000214
0.000107
0.000434
0.000215
0.000998
0
0.000213
0.000213
0.000319
0.000215
0.000323
0.000544
0.000439
0
0.000438
0.000327
0.00054
0.000108
0.00065
0.000323
0.000325
0.00032
0
0.000532
0
0.000213
0.000217
0.000112
0.000229
0
0
0.002053
0.000229
0.000343
0.000341
0
0.000115
0.000574
0.000109
0.000107
0.000875
0.00032
0
0.000109
0.000218
0.00011
0.000331
0.001993
0
0.000106
0.000108
0.000108
0.000333
0.000107
0.000534
0.000212
0.000213
0.000212
0.000323
0.001777
0.000214
0.003605
0.001604
0.000106
0.000211
0.000105
0
0.000644
0.00021
0.00032
0.000753
0.000212
0.000536
0.000107
0.000106
0.000107
0.000106
0
0.000107
0.000211
0.000319
0.000529
0.000319
0.000212
0.000106
0
0.000214
0.000212
0.000211
0.000106
0.000214
0.000107
0.000105
0.000421
0.000425
0
0.000106
0
0.000108
0.00032
0.000108
0
0.000213
0.000106
0
0.000213
0.000316
0.002748
0.000109
0
0.000423
0
0.00042
0.000213
0.000982
0.00021
0.000322
0
0.000212
0
0.000214
0
0.000107
0.00021
0.000107
0.000532
0.000428
0
0
0.000106
0.000321
0.000106
0.000105
0.000211
0.000315
0.000212
0.000418
0
0
0.00042
0.000416
0
0.000311
0.000209
0.000527
0.000634
0.000105
0.000524
0.000536
0.001088
0.000437
0.00032
0.00064
0.000629
0.000106
0.000639
0.000106
0.000317
0.000213
0.000213
0
0.000106
0.000105
0.000214
0.000531
0.000646
0.000326
0.000323
0.000548
0.003922
0.00065
0.000962
0.000105
0.000212
0.00021
0.00021
0.000105
0
0.000745
0.000323
0.000432
0
0.000318
0
0.000106
0.000212
0.000318
0.000655
0.000777
0.000213
0.000429
0
0.000215
0.000107
0.000547
0.000107
0
0.000107
0.000217
0.000107
0.000211
0
0.00021
0.000318
0.000108
0.000105
0
0.000316
0.000104
0.000104
0.000209
0.00021
0.000523
0.00021
0.000104
0.000523
0.000209
0.000209
0
0.000104
0.000317
0.000427
0.000416
0.000209
0.000106
0.000105
0
0.000209
0.000104
0
0.000418
0.000209
0
0.000104
0.000104
0.000104
0
0.00021
0.000105
0.000105
0
0.000526
0.000208
0.000418
0.001266
0.000209
0.000312
0.011171
0.000417
0.000211
0
0.001699
0.000313
0.00031
0.000423
0.000106
0.000107
0.000213
0.000105
0.000321
0.000212
0.000315
0.002624
0.00021
0.000105
0.00032
0.000105
0.000422
0.000317
0
0.000105
0
0.002436
0.000217
0.001407
0.000851
0.000105
0.000211
0.000533
0.000106
0.000212
0.000427
0.000426
0.000106
0.000429
0.000325
0
0.000215
0.000637
0.000106
0
0.000105
0.00021
0.000419
0
0.001854
0.000419
0.000209
0.000211
0.000105
0.000105
0.000317
0.000108
0
0
0.000526
0.000107
0.000211
0.000106
0.000213
0.000426
0.000649
0.000211
0.000105
0.000216
0.000107
0.000539
0.000319
0.000322
0.000108
0.000107
0.000107
0.000212
0.000322
0.000108
0.000107
0.000423
0.000211
0.000106
0.000541
0.000432
0.000214
0.000748
0.000322
0.000107
0.000108
0.003438
0.000428
0
0.000438
0.000111
0.00011
0.000216
0
0.000106
0
0.000107
0.000106
0.000214
0.000424
0.00054
0.000106
0.000106
0.000424
0
0.000106
0.000633
0.000106
0.00313
0.000528
0.002841
0.00021
0.000209
0.001291
0.00076
0.000105
0.000209
0.00021
0.000317
0.000105
0.000208
0.000417
0.000104
0.000105
0.000316
0.000105
0.00021
0.000104
0.000104
0
0
0
0.00063
0.000417
0.000104
0
0
0.000426
0.000209
0.000315
0.000106
0.00021
0.000105
0.000419
0.000105
0.000105
0
0
0
0.000313
0.000106
0.000425
0.000106
0.000313
0.000104
0.000212
0.000105
0.000105
0.000213
0.000321
0.000317
0.000427
0.000315
0.000316
0.000315
0.000208
0.000106
0.000106
0
0.000316
0.000528
0.000426
0.000859
0.000537
0.000107
0.000323
0
0.000215
0.000107
0.00064
0.000324
0.000322
0.000107
0.000536
0.000537
0.001077
0.000106
0
0.000106
0.000105
0.00021
0.000424
0.000209
0.000733
0.000208
0
0.000104
0.000209
0.000209
0.000105
0
0.000212
0.00021
0
0
0.000211
0.000212
0.000759
0.000213
0.00097
0.000534
0.000319
0.000319
0.002047
0.000213
0.006695
0.000213
0.000321
0.00021
0.000212
0.002324
0
0.000106
0.000212
0.000106
0.000106
0.000425
0.002642
0.000315
0.000529
0.001305
0
0.000215
0.00032
0.000214
0.000106
0
0.000107
0.00021
0
0.000106
0.000431
0.000324
0.000216
0.000316
0
0.000215
0
0
0.000529
0.000534
0.000107
0.000107
0.000213
0.000105
0.000211
0
0.000321
0.000211
0.000209
0.000105
0.000212
0.000106
0.000208
0.000105
0.000209
0.000105
0.012242
0.000106
0.000107
0.000417
0.00021
0.000317
0.000105
0.000104
0.000738
0.000317
0.00021
0.000418
0.000104
0.000312
0.000105
0
0.000104
0.000631
0
0.000209
0.000846
0.000104
0
0.000315
0.000104
0.000854
0.000529
0.000314
0.000208
0
0.000313
0.00021
0.000208
0.000104
0.000105
0.000106
0.000534
0.000319
0.001393
0.000211
0.000318
0.000107
0.000106
0.000215
0.000211
0.000213
0.000317
0.000212
0.000317
0.000317
0.001717
0.000216
0.000213
0
0.000106
0.000865
0.000105
0.000106
0.000212
0.000425
0.000106
0.000321
0.000216
0.000107
0.000749
0
0.000639
0.000105
0.000641
0.000107
0.000321
0.000105
0.000319
0.000211
0.000317
0.000531
0
0.000105
0.000105
0.000211
0.00021
0.000107
0.000423
0.000212
0.001191
0.00043
0.000428
0.000964
0.000422
0.000429
0.000431
0.003862
0.000106
0.000316
0.00021
0.000529
0.000106
0.000212
0.000104
0.000535
0.004293
0
0.000109
0.000538
0.000426
0.000316
0.000106
0.000742
0.000424
0
0.000106
0.000421
0.000316
0.000313
0.000534
0.000431
0.000766
0.000322
0.000211
0.000538
0.000324
0.000657
0.00011
0
0
0.000434
0.000218
0.000225
0
0
0.000109
0.000108
0.000323
0
0.000645
0.000433
0.000217
0.000108
0.000107
0.000213
0.000214
0.000322
0
0.000324
0.011911
0.000108
0.001991
0.000431
0.000212
0.000317
0.000107
0.000214
0.000107
0.000645
0.000214
0.000537
0
0.000212
0.002313
0
0.000106
0.000644
0.000107
0.000328
0.001093
0.000991
0.012505
0.000213
0.002394
0.000214
0.001102
0.000213
0.000212
0.000106
0.000214
0
0.000749
0.000214
0.000431
0.000106
0.000533
0.000106
0.000322
0.000321
0.000211
0.000427
0.000321
0.000642
0.000109
0
0.00032
0.000107
0.000759
0.000321
0.000327
0.000218
0.002229
0
0
0.00032
0.00098
0.000869
0.000325
0.000214
0.000323
0.000108
0.000108
0.000106
0.000214
0.000326
0.000653
0
0.000108
0.000108
0.000323
0.000642
0.000326
0.000754
0.000106
0
0.000218
0.000434
0.000319
0.000318
0.000863
0
0.000213
0.00065
0.000321
0.000641
0.009104
0.000212
0.000212
0.000318
0.000318
0.000318
0.000211
0.000425
0.00032
0.000319
0.000213
0.000319
0.000215
0.000215
0.000105
0.000424
0.000212
0.00032
0.000424
0.000105
0.00032
0.001396
0.00043
0
0.000109
0.000212
0.000107
0.00043
0.000108
0.000426
0.000106
0.000537
0.000214
0.000215
0.000106
0.000107
0.00021
0.000648
0
0
0.000108
0
0
0
0
0.5
0
0
0.000105
0
0.000104
0.000106
0.000105
0.000108
0.012175
0
0
0.000422
0.000212
0.000427
0.00043
0.000321
0.000211
0
0.000321
0.000327
0.000106
0.000106
0.000318
0.000315
0.00042
0.000422
0.000314
0.000211
0.000105
0.000317
0.000426
0.001065
0.00021
0.000209
0
0.001353
0.00063
0.000104
0.00073
0
0.000105
0.000106
0.000105
0.000418
0.000208
0.000209
0.00021
0.00021
0.000315
0.000315
0.000313
0.000104
0
0.000966
0.000105
0.000104
0
0
0.000312
0.000637
0.000529
0.000208
0.000209
0.000422
0.000107
0.000313
0
0.000209
0
0.000105
0.000207
0.000105
0.000321
0.000107
0.00011
0
0
0
0
0.041667
0
0
0.008274
0
0
0.000105
0.000942
0.000104
0.00021
0.001175
0.00021
0.000314
0.000317
0
0
0
0.000107
0.000106
0.00032
0.00065
0.000756
0
0.00021
0.000314
0.000105
0.000524
0.000312
0.000104
0.000209
0.000208
0.000313
0.000211
0.000526
0.000318
0.000106
0.000104
0.000212
0.000642
0.000425
0.000427
0.000215
0.00032
0.000106
0
0.000525
0.000107
0
0.000428
0.000105
0.010574
0.000105
0.000319
0
0.000214
0.000213
0.000319
0.000211
0.000214
0.000105
0.00064
0
0.000317
0.000322
0.000319
0.000535
0.000429
0.000543
0.000108
0
0.000572
0.000115
0.000466
0.000232
0.000358
0.000116
0.000229
0.000457
0
0.000452
0.002477
0.000324
0.000217
0
0.000214
0
0.00053
0.000321
0.000106
0.000542
0.000109
0.000322
0.000107
0.000322
0.000428
0.000318
0.000212
0.001207
0.000433
0
0.000106
0
0.000106
0.00177
0.001083
0.000213
0.000105
0.000105
0.000211
0.000211
0.000107
0.000211
0.000212
0.000105
0.000317
0.000427
0.000536
0.000425
0.000209
0.000418
0.00021
0.000209
0.00021
0.009937
0.000105
0.000318
0.000318
0.000321
0.000106
0.000106
0.000738
0.000633
0
0.000425
0
0.001405
0.000212
0
0.000215
0.00011
0.000108
0.000323
0.000213
0.001824
0
0.000313
0.00021
0.000434
0.000216
0.000545
0.000536
0.00032
0.0013
0.000329
0.000212
0.000846
0
0.000103
0.00052
0.000104
0.000106
0.000105
0
0.000319
0.000212
0.00042
0.00064
0.000316
0
0.000753
0.00042
0.000429
0
0
0.000524
0.000857
0.000104
0.001064
0.001949
0.010616
0.000525
0.000311
0
0.00021
0.000311
0.000628
0.000104
0.000523
0.000416
0.000211
0.000528
0
0.000104
0.000217
0
0.000315
0.000208
0.000104
0.000105
0.000421
0.000314
0.000104
0.000317
0.000426
0.000322
0.000317
0.000212
0.000424
0.000982
0.000106
0
0.000209
0.000106
0.000106
0.000213
0
0.000209
0.000536
0.000211
0
0.000105
0.00053
0.000419
0.000211
0.000108
0.000429
0.000432
0.000646
0.000325
0.000428
0.000321
0.000109
0.000109
0.000106
0.000105
0.000751
0.000542
0.000107
0.000106
0.000214
0.000647
0
0.000324
0.000321
0.000427
0.000212
0.000212
0.000213
0.000105
0
0.000747
0.000105
0.000105
0.000319
0.000105
0.000634
0.001266
0.000214
0.014793
0.00021
0.002439
0.000107
0.000107
0.001736
0.003802
0.000317
0.000534
0.000105
0.000213
0
0.000104
0.000423
0.000315
0.000316
0.000209
0.000318
0.000214
0.000212
0.000315
0.000106
0.000213
0.00084
0.000107
0.000106
0.000211
0.000752
0.00021
0.000214
0.000105
0.000107
0.000108
0.000543
0
0.000757
0.000216
0.000769
0
0.000106
0.002356
0.000107
0
0.000107
0.000322
0.000318
0.000217
0.00022
0.000108
0
0
0.000107
0.000326
0.012162
0.000107
0.000107
0.000105
0.000213
0.000107
0.000648
0
0.000321
0.000212
0.000105
0.00032
0.000548
0.000434
0.000109
0.000323
0.00065
0.000218
0.000106
0
0.000212
0.000212
0.000106
0.000319
0.000107
0.00032
0.000325
0.000432
0.000533
0.000213
0.000319
0.000106
0.000431
0.000219
0.000107
0.000434
0.000317
0.000321
0.000548
0
0.000106
0.000424
0.000106
0.000107
0.000108
0.00032
0.000645
0.000322
0.000319
0.000322
0.009916
0.000539
0
0
0.000318
0.000526
0.000105
0.000318
0.000107
0.000425
0.000214
0.000105
0
0.000211
0.002861
0.000213
0.000106
0.000215
0.001981
0.000218
0.000216
0.000318
0.000108
0.000325
0.000215
0.000321
0
0.000321
0.000107
0.000105
0.000108
0
0.000321
0.000211
0.000104
0.000104
0.000314
0.000211
0
0.000631
0.000743
0.000745
0.000104
0.000105
0.000105
0.000105
0.00042
0.000956
0.000313
0.000208
0.000208
0.000314
0.000104
0.000104
0.000104
0.000103
0.000315
0.00021
0.000105
0.00021
0.000629
0.000104
0.000525
0.000419
0.00042
0
0
0.000314
0.00021
0.000105
0
0.000318
0.000105
0.000105
0
0.000415
0.000311
0.000318
0
0.000635
0.00021
0.000106
0
0.000523
0.000104
0.000521
0
0
0.000105
0.000215
0.000216
0.000427
0.000107
0.000106
0.000215
0.000106
0.000429
0.00032
0.000106
0.000209
0.000317
0.000106
0.000211
0.000213
0.000106
0.000842
0.000316
0.000212
0.000107
0.000213
0.000432
0
0.000844
0.000316
0.000106
0
0.00042
0.000106
0.00021
0.000528
0.000209
0.000316
0.000424
0.000955
0.00021
0.001223
0.001194
0.000106
0.000425
0.000318
0.00021
0.000106
0.00054
0.000215
0.000665
0.000319
0.00021
0.000316
0.000316
0.000429
0.000319
0.000323
0.000215
0.000106
0.000215
0.002013
0.000321
0.000214
0.000326
0.000109
0.00043
0.000216
0.000649
0.000107
0.000323
0.000106
0
0.000421
0.000656
0.000214
0.000107
0.000109
0
0.000211
0.000106
0.000426
0.000433
0.001165
0.000425
0.000106
0.000107
0.000216
0.00011
0.000325
0.000984
0.000322
0.00033
0
0.000214
0.000214
0.000214
0.00032
0.000214
0.000214
0.000215
0.000214
0
0.002303
0.000641
0.000536
0.000214
0.000317
0.000106
0
0.000319
0.000106
0.000427
0.000106
0.000322
0.000657
0.000107
0.000318
0.000107
0
0.000323
0.000978
0.000315
0.000321
0.000538
0.000106
0.000107
0.001643
0.000106
0
0.000106
0.000425
0.000211
0.000105
0.000105
0.000211
0.000315
0.000213
0
0.000211
0
0.000213
0.000107
0.00053
0.000648
0.000423
0.000639
0.000215
0.000529
0.000217
0.000216
0.000444
0.000216
0.000216
0
0
0.00021
0.000215
0.000106
0
0.000105
0
0.000211
0.000105
0.000106
0.000212
0.000106
0.000211
0
0.000316
0.000213
0.000321
0.000211
0.000213
0.000323
0.000321
0.000216
0.001665
0.000215
0.001065
0.00021
0.000321
0.000315
0.000106
0.000105
0.000316
0
0.000105
0.000212
0.000106
0.000316
0.000105
0.000315
0.000105
0.000212
0.000316
0.000422
0.000105
0
0.00042
0
0.000643
0
0.000322
0
0.000319
0.000106
0.000216
0.000109
0
0
0
0.000112
0.000223
0.000218
0
0.000217
0.000436
0.000443
0.000223
0.009862
0.000321
0.000321
0.000215
0.000528
0.000211
0.000107
0.000736
0.000322
0.00043
0.000322
0.000852
0.001071
0.000428
0.000315
0.000531
0.000421
0.000639
0.000211
0.000214
0.000646
0.000106
0.000211
0.000646
0.000214
0.000324
0.000538
0.000107
0.000329
0.002523
0.000429
0.00053
0.000537
0.000106
0.000427
0.000426
0.001529
0.000323
0.000635
0.000106
0.000215
0.010486
0.000107
0.000211
0
0.000213
0.000319
0.000211
0.000213
0.000532
0
0.000106
0.00021
0.000429
0.000105
0.000528
0.000105
0.000638
0.000636
0
0.000315
0.000209
0.000627
0.000422
0.000315
0.000424
0.000426
0.00021
0
0.000107
0
0.000316
0.000105
0.000425
0.000316
0.00086
0.000211
0.000748
0.000212
0.000747
0.000313
0.000637
0.000323
0.000315
0.000212
0.000316
0.000317
0.000105
0.000423
0.000106
0.000642
0.000108
0.000215
0.000429
0.000105
0.000105
0.000317
0
0.002215
0.00021
0.000421
0.00042
0.000105
0.000212
0.000313
0.000211
0
0.000434
0.004543
0.00011
0.000324
0.00032
0.000317
0.000214
0.000105
0
0.00042
0.000104
0.000208
0.000105
0.000317
0.000314
0.000105
0.000105
0.000421
0.000644
0.000638
0.000105
0.000423
0.000524
0.000422
0.000106
0.000211
0.000966
0.000425
0.00054
0.000328
0.000324
0
0.000114
0.00011
0.000322
0.000535
0.000321
0.00021
0.000107
0.000328
0.000322
0.000212
0.000107
0.000216
0.000321
0.000644
0.000107
0.00054
0.000974
0.000536
0.000319
0.000211
0.000105
0.000537
0.000645
0.00032
0.000321
0.000869
0.000531
0.000432
0.000649
0.000429
0
0.00032
0
0
0.000433
0.000214
0.000106
0.000318
0.000322
0.000213
0.000322
0.000876
0.000544
0.000749
0.000435
0.00097
0.000319
0.000317
0.000105
0.000107
0.000106
0.000105
0.000639
0.000533
0.000421
0.000433
0.000424
0.000106
0.000532
0.000105
0.000214
0.000428
0.000767
0.000106
0.000211
0.000427
0.000211
0.000421
0.000425
0.000106
0.000213
0.000978
0.001298
0.000428
0.00032
0.000213
0.000318
0.000651
0.000214
0.000744
0.000427
0.000213
0.000319
0.000531
0.000212
0.000529
0.000213
0.00032
0.000106
0.000106
0.000212
0.000318
0.000212
0
0.000429
0.000106
0.000431
0.000319
0.000315
0
0.00053
0.000646
0.000531
0.000213
0.000656
0.000217
0
0.000106
0.000646
0
0.000106
0.000107
0.000324
0.000106
0.000319
0.00054
0.000215
0.000538
0.000641
0.000107
0.000319
0.000106
0.000107
0.000215
0.000107
0.000432
0.000108
0.000106
0.002408
0.000107
0.000107
0.000213
0.00032
0
0.000106
0.000531
0.000213
0.000213
0.000424
0.000317
0.000213
0.000645
0.000215
0.000437
0.000564
0.000323
0.000107
0.000219
0.00131
0.000322
0.000213
0
0.000439
0.000109
0.000329
0.000109
0.000535
0.000539
0.000318
0.000423
0.000426
0.000106
0.000106
0.000426
0.000982
0.000741
0.000213
0.000319
0.001623
0.001869
0.000426
0.000431
0.000215
0.000749
0.000217
0.000659
0
0.000214
0.000216
0.000212
0.000107
0.000212
0
0.000213
0.000214
0.000652
0.000327
0.000215
0.000327
0.000326
0
0.000107
0
0.000322
0.000424
0.000105
0.000212
0.000105
0.00042
0
0.000315
0.000106
0.005252
0.000211
0.000533
0.000749
0.00032
0
0.000105
0.000211
0.000105
0.002102
0.000525
0.000107
0.000319
0.00021
0
0
0.000315
0.000105
0.004527
0.000315
0
0.000211
0.000315
0.000423
0.000213
0.000317
0
0.000212
0.000531
0
0.000212
0.001181
0.000105
0.00042
0.000423
0.000316
0.000212
0.000418
0.000106
0.000537
0.000106
0.000426
0.000422
0.001089
0
0.004835
0.000105
0.000421
0
0
0
0.000212
0
0.000108
0.000653
0.000429
0.000213
0.000211
0.000211
0.000209
0
0.000106
0.000106
0
0
0.000421
0.000105
0.000749
0
0.000314
0.000209
0.000421
0.000213
0.000108
0.000107
0.000106
0.000105
0.000105
0.001057
0.000946
0
0.000523
0.000105
0
0.000105
0.000417
0.000421
0
0.000211
0.000313
0.00021
0.000314
0
0.000527
0
0.000106
0.000106
0.000526
0.000209
0.000315
0.000105
0.000535
0.000537
0
0
0.000212
0.000647
0.000764
0.000432
0.000106
0.000209
0.000314
0.000106
0.000107
0.000318
0.000315
0.00021
0.000105
0.000532
0.000424
0
0.000105
0.000104
0.00021
0.000211
0.000106
0.000213
0.000219
0.015419
0
0.000531
0.000211
0.00021
0.000524
0.000106
0.000211
0.000212
0.000536
0.00043
0.000318
0.000212
0.000214
0.000106
0.000318
0.000634
0.003375
0.000526
0.000426
0.000315
0.003171
0.000423
0.00021
0.000418
0.000209
0.000314
0.000106
0.00021
0.000525
0.000315
0
0.000104
0.000416
0.000105
0.000422
0.000104
0.000317
0
0.000313
0.000209
0.000212
0.000418
0.000634
0
0.001074
0.000637
0.00042
0.000427
0.000211
0.000106
0.000105
0.000526
0.000854
0.000107
0.000533
0.000213
0.000213
0.00074
0
0.000317
0.000418
0.00032
0
0
0
0.000432
0.001085
0.000107
0.000429
0.000106
0.000211
0
0.000313
0
0.000106
0.000107
0.000425
0.000536
0.000218
0.000325
0.000321
0
0
0
0
0.000105
0.000319
0.000214
0.000314
0.000322
0.000105
0.000213
0.000106
0.000211
0.000105
0.00076
0.000324
0.000543
0
0.000214
0.000211
0.000318
0.000211
0.000209
0.000315
0.000638
0.000105
0.000211
0.000212
0.000212
0.000212
0.000317
0.000212
0.000105
0.000641
0.000105
0.00032
0.000106
0.000317
0.000107
0.000532
0
0.000212
0.00032
0
0.001004
0.000442
0.00196
0.000111
0.000221
0.001593
0.00011
0.000218
0.00011
0.000883
0.000219
0.001025
0.000113
0.00172
0.000442
0.000218
0.00044
0.00011
0.011947
0
0.000222
0.000652
0.000431
0.000216
0.00044
0.000328
0.000553
0.000434
0.000654
0.000215
0.000646
0.001192
0.000647
0.000217
0.000549
0
0.000444
0
0.000755
0.000546
0.000108
0.000108
0.000544
0.000537
0.00043
0.000108
0.000216
0.000213
0.00043
0.001086
0.000546
0.000325
0.000541
0.000539
0.00064
0.000432
0.000219
0.000329
0
0.000321
0.000427
0.000108
0.000426
0.000213
0.000106
0
0.000644
0.000107
0.000212
0.000106
0.000318
0.000212
0
0.000434
0.00064
0.000534
0.000107
0.000429
0.000534
0.000215
0.000109
0
0
0.000107
0.000434
0.000212
0.000428
0
0.000319
0.000319
0.000107
0
0.000657
0.00032
0.00033
0.000427
0.00021
0.000106
0
0.000106
0.000108
0.000661
0.000997
0.000107
0
0.000107
0
0
0.000325
0.000433
0.002701
0.000859
0
0.000424
0.00021
0.000315
0.000316
0.000215
0.00032
0.000537
0.000317
0.000535
0
0.000323
0.000535
0.005492
0.000745
0.001819
0.000104
0.000634
0.001483
0.000643
0.000531
0.000317
0.000419
0.000316
0.000106
0.00021
0.000208
0.000312
0.000105
0.00157
0.000105
0.000312
0.000104
0.000105
0.000105
0.000105
0.000747
0.000452
0.000679
0.00022
0.000331
0.022626
0
0.000106
0.000213
0.00032
0
0.000211
0.000628
0.00021
0.000105
0.000107
0.00011
0.000219
0.00044
0.000327
0.000107
0.000211
0.000105
0.000212
0.000106
0
0
0.000319
0.000318
0.000323
0.000435
0.000212
0.000106
0.000844
0.00032
0.000213
0.000105
0.000107
0
0.002542
0.000542
0.002789
0.000212
0.000961
0.000213
0
0
0.00032
0.000211
0.000106
0.00032
0.000966
0.000321
0.000106
0
0.000316
0.004125
0.000213
0.000105
0.000214
0.002699
0.000213
0.000526
0.000315
0.000105
0.000105
0.000316
0
0.000105
0.000105
0.000105
0.000211
0.000527
0.000105
0.000532
0.000636
0.000425
0.000422
0.000315
0.000531
0.000105
0
0.000316
0.000105
0.000322
0.000426
0.000314
0.000105
0
0.000526
0.000422
0.000536
0.000529
0
0.000106
0.000214
0
0
0.000317
0
0.000314
0.000105
0.000104
0.000313
0.000105
0.000107
0.000106
0.00021
0
0.000745
0.000325
0.000318
0.000316
0.000312
0
0.000104
0
0.000312
0.000104
0.000315
0.000106
0.000317
0.000319
0
0.000212
0.000211
0.00021
0.00021
0.00021
0.000105
0
0
0.000209
0.00021
0.000209
0.000105
0.000209
0.000209
0.000105
0.000316
0
0.000104
0.000315
0.000211
0.000105
0.000421
0.000419
0.000209
0.000315
0.000429
0
0.000645
0.000435
0
0.000105
0.000315
0.00021
0.00021
0.000105
0.000417
0.000532
0.000105
0.000211
0.000106
0.001391
0.000213
0.000528
0.000105
0.00021
0
0.000109
0.000323
0.000321
0.000107
0.000323
0.000646
0.000211
0.00021
0.000211
0.000965
0.000108
0.000435
0
0
0.000209
0.00021
0.00021
0.000639
0.000218
0.00044
0.000326
0.000106
0.000107
0.000754
0.000527
0.000313
0.000426
0.000107
0.000106
0.000318
0.000106
0.000105
0.004788
0.000318
0.000211
0.000105
0
0.00021
0.000418
0.000104
0.000214
0.000211
0.000317
0.000317
0.000319
0
0.000317
0.002167
0.000106
0.000105
0.000537
0.00021
0
0
0.000105
0.000426
0.000105
0.00021
0.00021
0.000105
0
0.000419
0.000426
0.000105
0.000211
0.000748
0.000426
0.000209
0.00042
0
0.000318
0.000426
0.000214
0.000426
0.000429
0.000325
0.002426
0.000214
0.000314
0.000106
0.000104
0.000318
0.000209
0.000538
0.000105
0.000742
0.000323
0.000645
0.000318
0
0.000106
0.000324
0.000442
0.000217
0.000754
0
0.000422
0.000106
0.000105
0.000422
0.000425
0.000213
0.000531
0.000214
0.000321
0.000532
0.000324
0.000213
0.000106
0.000105
0.000211
0.000211
0.000421
0.000317
0
0.000212
0.000423
0.000317
0.000106
0
0.000314
0.000425
0.000212
0.000106
0
0.000318
0.00032
0.000106
0.000635
0
0.000106
0.000538
0.000321
0.000329
0
0.000109
0.00043
0.000108
0.000324
0.000217
0.000107
0.00032
0.000106
0.000214
0.000426
0.000425
0.000106
0
0.000529
0
0.000215
0.000327
0
0.000213
0.000106
0.000436
0.000221
0.000222
0.000221
0.000659
0.000544
0.000215
0.00044
0.000444
0.000779
0.000658
0.000108
0.000324
0.000214
0.000322
0.000213
0.000214
0.00032
0.000108
0.000554
0.002765
0.000117
0
0.013831
0.00011
0
0.000213
0.000322
0.000426
0.000214
0.000108
0.000647
0
0
0.000107
0.000322
0
0.011149
0.000318
0.000107
0.000214
0.000978
0.000108
0.000107
0.00032
0.010732
0.000217
0
0.000107
0.000763
0.00011
0.000685
0
0
0.000343
0.010329
0
0.000228
0.000106
0.000106
0.000105
0.000213
0.000211
0.000215
0.000214
0.000213
0.000107
0.000107
0.000773
0.000107
0.000646
0.000421
0.000106
0
0.000532
0.000316
0.000533
0.000318
0
0.000211
0.000105
0.00042
0
0.000329
0.012104
0.000106
0.000315
0.010054
0
0.000328
0.000111
0.00045
0.00011
0.000222
0.000319
0
0.000211
0.000427
0.00021
0
0.000313
0.000105
0.001763
0.000211
0.000313
0.000104
0.000104
0.00021
0.012005
0.000211
0.000104
0.000104
0.000105
0.000314
0.000212
0.000761
0.000104
0.000314
0.00021
0.000106
0.000105
0.000106
0.000316
0.00043
0
0.000426
0.000105
0
0.00021
0.010909
0.000107
0.000322
0.000212
0.000213
0.000107
0
0.000106
0.000106
0.000213
0.000314
0.000418
0.012351
0.000106
0.000213
0.011768
0.018192
0.000212
0.000105
0.000107
0.000106
0.000113
0.000226
0.000574
0.00023
0
0.00022
0.000222
0.000552
0.000219
0.000317
0.000107
0
0.000319
0.000539
0.000524
0.000425
0.000753
0.000106
0.000318
0.000105
0.000105
0.012053
0.000433
0.000219
0
0.000423
0.000419
0.00021
0.000317
0.000319
0.000316
0.000106
0.000425
0.00021
0.001282
0
0.000526
0.000954
0.000106
0.000317
0.000963
0.000106
0.011708
0.00032
0.000212
0.011421
0.000316
0.000319
0.000211
0.000105
0
0.013831
0.000107
0.000211
0.000106
0.00021
0.000107
0
0.000874
0
0.000544
0
0.000213
0.000321
0.000214
0.000318
0.000215
0.000431
0.000214
0.000216
0.000751
0.000323
0.000109
0.000433
0.000558
0.002321
0.000562
0.000678
0
0
0
0.001545
0.001894
0.000659
0.001124
0.0022
0.011694
0.000218
0.000321
0.000862
0.013238
0.000438
0.00195
0.000342
0.000223
0.000214
0.013261
0.000109
0.000113
0.00054
0.000108
0.000108
0.000221
0.00078
0.000217
0
0.000108
0
0.000222
0.000644
0.000214
0.000318
0.000549
0.000108
0.000106
0.000326
0.000214
0.000107
0.000664
0.000668
0.01547
0.000107
0.000106
0.000217
0.005321
0.000107
0.000433
0.000318
0.00032
0.000217
0.001079
0.000216
0.000219
0.000217
0.000539
0.000214
0.000108
0.000214
0.000222
0.000763
0.00032
0.003851
0.000436
0.000215
0.000437
0.000221
0.000334
0.000112
0.000335
0
0.008264
0.000883
0.000533
0.000214
0
0.00011
0.00023
0.000576
0.00171
0.011736
0.00011
0
0.00756
0.000111
0.000225
0.000113
0.00011
0
0.000218
0.000112
0.000107
0.000106
0
0.000109
0.000115
0.000114
0.000114
0.000114
0
0.000334
0.000224
0
0.000214
0.001434
0.000429
0.000211
0
0.000319
0
0.000109
0.000214
0.000108
0.003075
0.000221
0
0.000333
0.000214
0.000317
0.000428
0.000107
0.00075
0
0.000106
0
0
0.008398
0
0.000213
0.000213
0.000108
0
0.000321
0
0.004338
0.002649
0.000316
0
0.000106
0.000327
0
0
0.000214
0
0.000425
0.000106
0.00032
0.000535
0.000427
0
0.000434
0.000106
0.000214
0.000105
0.000211
0.000212
0.000107
0.000108
0.000108
0
0.000429
0.008187
0
0.000209
0.000318
0.000215
0.000331
0.000222
0
0
0.000106
0.00021
0.000105
0.000211
0.000211
0.000211
0.000425
0
0.00021
0.00021
0
0
0.000211
0.000104
0.000317
0.001079
0.000105
0.000539
0.001605
0.000213
0.000959
0.009029
0.000209
0
0.000628
0.00021
0.000319
0.000957
0.000104
0.000105
0.000107
0.000315
0.000208
0.000632
0.000213
0
0
0.00011
0.000109
0.016829
0.00166
0.000125
0.013889
0.000248
0.000123
0.000622
0.000503
0.000124
0.000375
0.000219
0
0.000624
0
0.000314
0.000416
0
0.000106
0.000105
0.000209
0.000432
0.000321
0.000543
0.000107
0.000212
0.000107
0.000324
0.000215
0.000321
0.000106
0.00021
0.000213
0.000539
0.014952
0
0.000429
0.002564
0
0.000107
0.000219
0
0
0.000438
0.000665
0.00101
0.000665
0.000424
0.000211
0.000531
0.000106
0.000215
0.000531
0.001508
0.000216
0.000106
0.000319
0.000107
0
0.000429
0.000105
0.000532
0.000768
0.000322
0.000433
0.000107
0.000106
0.000434
0
0
0
0.000355
0
0.015498
0.000234
0
0.000112
0.000337
0.000455
0
0.000343
0
0.015475
0
0
0.000212
0.000317
0.000211
0.000214
0
0.000107
0.000862
0
0.000215
0.000107
0.000107
0.000212
0.000432
0.000431
0.000424
0.000108
0.000107
0.000108
0.000106
0.000641
0.000529
0.000107
0
0
0.000108
0.000431
0.000107
0.012555
0.000423
0.000211
0.012378
0.000106
0.000215
0.000214
0.000323
0.000434
0.012988
0.000322
0.001859
0.000864
0.007269
0
0
0.000107
0.000217
0.000215
0
0.000318
0.000324
0.000215
0.000212
0
0.000106
0.000642
0
0.0029
0.000229
0.003872
0.000111
0.000107
0.000105
0
0.000214
0.000433
0.000106
0
0.000318
0
0.000107
0.001072
0
0.000107
0.000675
0.000109
0.000424
0.000429
0.000536
0.000105
0.000107
0.000105
0.00021
0.000212
0
0.000317
0.001938
0.000106
0
0.012284
0.000106
0.00011
0.012769
0.000536
0.000642
0.000426
0.000108
0.000215
0
0.000211
0.000106
0.011127
0.000212
0.000106
0
0.000323
0.000538
0.000647
0.000849
0.00021
0.000106
0
0.00022
0.00022
0.000549
0
0.000106
0.000106
0.000752
0
0.000427
0.000317
0
0.000425
0.000318
0.001528
0.000108
0.000748
0.000106
0.000213
0.00043
0.000324
0.000966
0.000322
0.000856
0.000532
0.000211
0.000105
0
0.000109
0.012654
0.00032
0.000106
0.000216
0.000211
0.000316
0.000316
0
0.000106
0.00032
0.001391
0.00021
0.000211
0
0.000527
0.000526
0.000105
0
0
0
0.000211
0.000424
0.000213
0.000631
0.000105
0.000749
0.000105
0.000317
0.000533
0.000212
0.000316
0.000315
0
0
0.00053
0.000426
0.000107
0
0.000217
0.000212
0
0.000315
0.000105
0.000316
0.00021
0.000634
0
0.00032
0
0.000214
0
0.000965
0.000857
0.000316
0.000317
0.000106
0.000315
0.000104
0.000319
0.000209
0.000106
0
0.000211
0.000856
0.000426
0.000745
0.000106
0
0.000542
0.00033
0.000218
0.000106
0.000532
0.000105
0.000318
0.000106
0.000642
0.00021
0.000643
0.000212
0.00043
0.000326
0.000547
0.000329
0.000542
0.000216
0
0.000212
0.000425
0
0.000636
0.000528
0
0.000426
0.000213
0
0.000106
0.000213
0.000107
0.000327
0.000212
0
0.000214
0.000323
0.000425
0.000212
0.000214
0.00022
0.016176
0.000223
0.000331
0.003454
0.000214
0.000105
0.000106
0.000105
0.000211
0.000105
0.000753
0.000214
0.000531
0.001194
0.000107
0.000111
0.00022
0.000328
0.000216
0.026662
0.000218
0.023966
0.003026
0.000218
0.000109
0
0.000217
0.000214
0.000214
0.000108
0.000431
0.000323
0.00032
0.000221
0.00011
0.000326
0.000333
0.000215
0.000327
0.000865
0.000216
0.000107
0
0
0
0.000212
0.000216
0.000217
0.001524
0.001086
0
0.000425
0.000439
0
0.000211
0.000212
0.000106
0.001625
0.000213
0.000105
0.000107
0.000216
0
0.000214
0.000215
0
0.000534
0.000539
0
0.000212
0.000107
0
0.000336
0.000335
0.000332
0.014257
0.000221
0.00022
0.000213
0.000212
0
0.000216
0.000215
0.000107
0.000426
0.000538
0.000426
0.011355
0.000109
0.000109
0.000445
0.00022
0.000107
0.000214
0.00032
0.000212
0.000322
0.000214
0.000319
0
0.000106
0.000432
0.000423
0.000427
0.000321
0.000326
0.000427
0.00076
0.000646
0.000213
0.000538
0.000215
0
0.000222
0.016341
0.000343
0.000343
0.013859
0.000332
0.00011
0
0.000106
0.000106
0.000318
0.000107
0.000431
0.000326
0.000215
0.000427
0.000327
0
0.000323
0
0.000422
0
0.000211
0.000846
0.000423
0.01726
0.000324
0
0.012425
0.000428
0.000106
0.000216
0.000218
0.000437
0
0.000646
0.000644
0.000538
0.000323
0.000655
0.000109
0
0.000553
0.023859
0.000437
0.000107
0.000653
0.000218
0.000652
0.000793
0.000224
0
0.014433
0.00105
0.000549
0.000326
0.00011
0.000213
0.000109
0.000106
0.000323
0.011531
0.000538
0.000106
0.000219
0.013325
0.000219
0.000322
0.000323
0.000107
0
0.000106
0.000108
0.000216
0.000214
0.000215
0.000216
0
0.002573
0.003121
0.000437
0.000215
0.000319
0.000215
0
0.000325
0.000106
0.000325
0.002184
0.000108
0.000215
0.000211
0.000749
0.000107
0.000105
0.000212
0.000106
0.000642
0.000214
0.000107
0
0.000542
0.000108
0.000215
0
0.000529
0.000318
0.000325
0.000108
0.018407
0.000109
0.000434
0.000858
0.000214
0.000212
0
0.000214
0
0.000327
0.000443
0.000222
0.000111
0.000225
0.000112
0
0
0
0
0.000369
0
0.057068
0.04187
0.000106
0
0.000312
0.000105
0
0.00021
0.000742
0
0.000209
0.000415
0.000316
0.000105
0.000209
0
0.000105
0.001493
0.000105
0.000423
0.000105
0.00021
0
0.000428
0.001169
0.000528
0.000105
0
0.000429
0.000646
0.000858
0.00021
0.000316
0.000108
0.000216
0.000212
0.000212
0
0.000214
0.00021
0.000105
0
0.000209
0.000316
0.000209
0.000209
0.000105
0.000211
0.00032
0.00021
0.00085
0
0
0.000109
0.000428
0.000106
0
0
0.000216
0.000323
0.000436
0.019256
0.000106
0.000851
0.000422
0.000964
0.000313
0.000209
0.000318
0.000423
0.000317
0.000314
0.000105
0.000107
0.000107
0.000532
0.000107
0.000106
0.001555
0.001532
0.000535
0.000211
0.000529
0.00021
0.000315
0.000211
0.000429
0.000424
0.00032
0.000317
0.00021
0.000106
0
0.000317
0
0.00021
0.000426
0.000105
0
0.000105
0.000213
0.000427
0.000212
0.00043
0.00021
0.000105
0.000211
0.000211
0.000319
0.00032
0.000319
0
0.001179
0.00021
0.000642
0.000212
0.000212
0.000426
0.000212
0.000211
0.000212
0.002987
0.001116
0.005869
0.000326
0.000535
0.000648
0.000214
0.000217
0.000558
0.001271
0.000225
0.000328
0.000427
0
0.015083
0.000762
0.000216
0.000322
0.000639
0.000548
0.000427
0.000105
0.000643
0.00021
0.000107
0.000215
0
0
0
0.00033
0.000536
0
0.000318
0.000107
0
0.000104
0.000105
0.000105
0.000644
0.000105
0
0.000104
0.000319
0.000214
0.000105
0.00021
0.000212
0.000432
0.000424
0
0.000105
0.000106
0.000105
0.000107
0.000314
0
0.000314
0.000107
0.000323
0.000107
0.000211
0.000315
0.000318
0.000211
0
0
0.000111
0.000558
0.000109
0
0.000108
0
0.000211
0
0.000424
0
0
0.000106
0.000439
0.000324
0.000318
0
0.000212
0.000107
0
0.000215
0.000324
0.000211
0.000212
0
0.000209
0.000106
0.000108
0.000422
0.001407
0.000105
0
0.000315
0.000106
0.000317
0.000105
0
0.000421
0.000106
0.000214
0.000436
0.000336
0.000665
0.000214
0.000425
0.000213
0.000317
0
0.000106
0
0.000211
0.000323
0.000107
0
0.000108
0.000329
0
0
0
0.011353
0.000215
0
0.000106
0
0.000211
0.000315
0.000214
0.000105
0.000106
0.000212
0.000213
0.000108
0
0.000313
0.000208
0.000215
0
0.001313
0.000318
0
0.00021
0.000213
0.000318
0.000107
0.001494
0.000107
0.000318
0.000108
0.000215
0.000106
0.000107
0.000961
0
0
0.000109
0.000321
0.000427
0.000214
0
0.000211
0.000317
0.000522
0.000213
0.000435
0.00021
0.000211
0
0.01263
0
0.000316
0.000316
0
0.000107
0.002531
0.000331
0
0.000211
0.000209
0.000211
0.000316
0.000104
0.000104
0.000104
0
0.000105
0.000217
0.001195
0
0.000322
0.000869
0
0.002682
0.000104
0.000104
0.000104
0
0.000212
0.000105
0.00021
0.000108
0
0.000437
0.000433
0
0.000212
0.000211
0.000105
0.000422
0.000211
0.000432
0
0.000216
0
0.014489
0.000241
0.003398
0.000243
0.000243
0.001593
0.000106
0.000209
0.000419
0.000212
0.000421
0.000208
0
0
0.000112
0.000217
0.000217
0.00011
0.000106
0.000211
0.000315
0.000425
0.000428
0.000855
0.000107
0.000213
0.000751
0.000422
0.000418
0.000106
0.000533
0.000757
0.001288
0.000314
0.000105
0.011307
0.000212
0.00032
0.000218
0.000215
0.00032
0
0.000106
0.000105
0.000106
0.000317
0.000527
0.000104
0.000209
0.001489
0.00053
0
0.000106
0.000553
0.000215
0.000321
0.000432
0.000106
0.000209
0.000209
0.000106
0
0.000426
0.000424
0.000105
0.012166
0
0.000212
0.000107
0.000426
0.000535
0.000106
0.000317
0
0.000982
0.000425
0.000212
0.000735
0.000209
0.000209
0.000212
0.000319
0.000528
0.000104
0
0.000429
0
0.00043
0.000107
0.000541
0.00064
0.000212
0.000318
0.000319
0.000106
0.000211
0
0.000106
0
0.000848
0.000315
0.000107
0.000213
0.001484
0.000209
0.000105
0.000953
0.000104
0.000527
0.000525
0.000105
0.000314
0.000106
0.000653
0.000213
0.000212
0.000419
0.000312
0.000421
0.000104
0.000105
0
0.000104
0.000641
0.000105
0.000312
0.000209
0.000213
0.000218
0.000108
0.000546
0.014696
0.000108
0.000104
0
0.000105
0.000211
0.000106
0.000211
0.002405
0.000213
0.001197
0.000423
0
0.000105
0.000105
0.000539
0.013943
0.001008
0.000217
0.000544
0
0.000977
0.000327
0.000109
0.000107
0.000106
0.00237
0.000107
0.000322
0.000109
0.000544
0
0.000656
0.000108
0
0.00021
0.000323
0.000324
0.000323
0
0
0
0.000578
0.000222
0.000107
0.000106
0.001702
0.000425
0.000318
0.000212
0
0
0.000441
0.000989
0.000214
0.000422
0.000107
0.000109
0.000112
0
0.015988
0
0
0
0
0
0.000134
0.00068
0.000673
0.000534
0
0.000133
0.000932
0
0.000129
0.001434
0.000216
0.001117
0
0.000106
0.000105
0.000104
0.000208
0.00021
0.000321
0
0
0.001037
0
0.000104
0.000105
0
0.000107
0.015915
0.00032
0
0.000105
0.000316
0.000105
0.000105
0
0.000323
0.000219
0
0
0.000109
0.000105
0
0.000212
0.000107
0.000107
0.001314
0.000212
0.000434
0.000428
0.000533
0.002536
0.000322
0.001421
0.000317
0.000318
0.000748
0
0.000324
0.000217
0.000107
0.000227
0
0
0.015437
0.001136
0
0.000111
0.000568
0.000113
0.017466
0
0
0.000567
0.000417
0
0.000104
0
0.000105
0.015093
0.000105
0.000208
0.000209
0.000211
0.000316
0.000215
0.000215
0.000422
0.000213
0
0.000629
0
0
0.000104
0.000425
0.000319
0.000107
0.016247
0.000108
0.000429
0
0.000318
0
0.018439
0.015941
0.000217
0.000108
0.000217
0
0.000335
0
0.000213
0.014897
0.00032
0.000105
0.000426
0.000427
0.000105
0.000318
0
0.000428
0.000105
0.000107
0.00011
0.000108
0.000323
0
0.000753
0.000212
0.000429
0
0.000217
0.000541
0.000536
0.000106
0.000106
0.000212
0.000647
0.000316
0.000427
0.000213
0
0.004041
0.000318
0.000428
0.001234
0.000109
0.000433
0.00032
0.000211
0
0.000211
0.000216
0.000214
0.000215
0.000107
0.000107
0.020583
0.000225
0.000339
0.000329
0.000106
0.000438
0
0.000649
0
0
0.00077
0.000105
0.000318
0.000106
0
0.000645
0
0.000213
0.013609
0.000337
0.000214
0.000317
0
0.000106
0.013373
0.000534
0.000105
0.00042
0.00021
0
0.000106
0
0
0.012359
0.000217
0.000324
0.000105
0.000316
0.000215
0.000437
0.000106
0.000423
0.000213
0.000105
0.00064
0.000531
0.000107
0.000212
0.000212
0
0.000861
0.013454
0.002065
0.00032
0
0.000106
0.000216
0.000322
0.000215
0.000431
0.000107
0.000112
0.000445
0.001731
0.000217
0.000427
0.002431
0.000109
0.000326
0.01271
0.000213
0.000106
0.000318
0.000317
0.000316
0.00021
0.000105
0.000107
0.000322
0.000536
0.000213
0
0
0.000317
0.000105
0.000106
0
0.000318
0.000108
0.000672
0.000112
0.000218
0.000212
0.000213
0.000107
0
0.00033
0.013021
0.000357
0.016788
0.000217
0.000534
0.000105
0.000105
0
0.000105
0
0.000105
0.000212
0.015071
0.000107
0.000428
0.000107
0.000325
0.000333
0.000214
0.000212
0.001882
0.000109
0.000108
0.000214
0.000322
0.000107
0.000107
0.000992
0.00045
0.00034
0.000218
0
0.000218
0.000108
0.000531
0.000216
0.000325
0.000213
0.000215
0.000429
0.00032
0.000107
0.000427
0.000108
0
0.000214
0.000213
0.000756
0
0.000322
0.000544
0.000217
0.000764
0
0
0.000214
0.000111
0.001098
0.000217
0.000428
0.000867
0.000213
0.000639
0.000321
0.000213
0
0.000214
0.000211
0.000211
0
0.000317
0
0.000421
0.000107
0.000317
0.000323
0.000107
0.000106
0
0.000317
0.000106
0
0.000107
0.000212
0.000547
0.000435
0.000107
0
0.000213
0.00044
0.000109
0.000318
0.000216
0.000107
0.000321
0.000106
0.000322
0
0.000107
0.000536
0.000326
0.000434
0.012132
0.000321
0.000423
0.000317
0.000106
0.000106
0.00076
0.000217
0.000107
0.000758
0.000215
0.000324
0
0.000861
0.000215
0.000545
0.000217
0.000325
0.000218
0.000216
0.000858
0.000216
0
0
0.000648
0.000106
0.000322
0.000532
0.000425
0
0.000109
0.00032
0.000108
0.000217
0.000108
0.015757
0.00011
0.000436
0.000323
0.000649
0.001184
0.000971
0.000433
0.000327
0.000108
0.000427
0.000321
0.000107
0.000664
0.000222
0.000111
0.000325
0.000432
0.000534
0.000106
0.000107
0.000214
0.000758
0.000213
0.000429
0.000755
0.000106
0.000321
0.00065
0.000322
0.000215
0
0.000322
0.000433
0.000764
0.000219
0.013004
0.000214
0
0.000644
0.000107
0.000316
0.000212
0.00011
0
0.000331
0.000438
0.00054
0.000213
0.000657
0.000214
0.000876
0.000552
0.000648
0.000216
0.000215
0.000214
0.000433
0.000108
0.000217
0.000325
0.000109
0.000766
0.000665
0.000323
0
0.000446
0.001235
0.000548
0.000321
0
0.000108
0.000108
0.000213
0.000213
0.000322
0.00032
0
0.000107
0.000429
0.000537
0.014966
0.000212
0.000106
0.000431
0.000215
0.000107
0.000214
0.00032
0.000319
0.000107
0.000215
0.000321
0.000106
0
0.000214
0.001075
0.000426
0.000214
0.00032
0.00022
0.000322
0.000106
0.000318
0.000434
0.000215
0.000216
0.000216
0.000428
0.000213
0.000107
0.000323
0
0.000212
0.000536
0.000543
0.000108
0.002036
0.00075
0.00053
0.000107
0
0.001652
0.000107
0.000429
0.000213
0.000107
0.000431
0.000547
0.000216
0.000108
0.000436
0.000427
0.014684
0.000218
0.000109
0.016798
0.000216
0.000871
0.000106
0.000758
0.000664
0.000434
0.000321
0.00032
0
0.000106
0.000868
0.000107
0.000213
0
0.00043
0
0.000438
0.000431
0.000213
0.000435
0.000866
0.000323
0.000544
0.000108
0
0.016319
0.000217
0.000107
0.000106
0.000216
0
0
0.000212
0.000744
0.014834
0
0.000105
0.00043
0.000313
0.000106
0.000105
0.000212
0.000212
0
0.000107
0.000218
0.016144
0.000226
0.000232
0.000464
0.000227
0.000114
0.000114
0.000215
0
0.002515
0.000525
0.000106
0.014242
0.000212
0.000217
0
0.000211
0.000318
0.000425
0.000324
0.000427
0.017023
0.000212
0.000429
0.000319
0.000534
0.000542
0.000427
0.000968
0.000427
0.000535
0.000327
0.000216
0.000538
0.000107
0.000221
0.000109
0.000109
0.000218
0.016625
0.000321
0.000212
0.000546
0.000318
0
0.005017
0.00032
0.000106
0
0.000105
0
0.000424
0.000847
0
0.000531
0.001079
0.000641
0.00032
0.000427
0.01538
0.000106
0.000211
0.000106
0.000636
0.000106
0.000211
0.000318
0
0.000217
0.000428
0.015194
0.000105
0.000106
0.000539
0.003496
0.000543
0
0.000428
0.001538
0.001666
0.000317
0.00032
0.000645
0.000214
0.000214
0.000329
0.000885
0.005438
0.002711
0.002031
0.000318
0
0.000417
0.000423
0.000428
0.000966
0.000433
0.000438
0.000773
0.000219
0.001352
0.000108
0.014698
0
0.000108
0.000331
0.001196
0.000317
0.000327
0.000568
0
0.000216
0.008055
0.000107
0.000323
0.001221
0.000215
0.000321
0.000323
0.000107
0.000437
0.00022
0.000332
0.000667
0.00011
0.000322
0.000216
0.000331
0.000338
0.000115
0.002838
0.0026
0.000668
0
0.000218
0.000211
0.00011
0.000218
0.00022
0.000337
0.00034
0.000441
0.000218
0.000106
0.000214
0.000217
0
0.000214
0.000214
0.000765
0.000544
0.000216
0.000217
0.000326
0.000338
0.000569
0.000337
0.000761
0.000214
0.000106
0.000107
0.000533
0.000214
0.000214
0.000771
0
0.000107
0.000537
0.000533
0.000212
0.000109
0.000538
0.000107
0.000106
0.000106
0.000429
0.000323
0.000109
0
0.000212
0.000107
0.002127
0.000434
0.000108
0.000107
0.000322
0.000108
0.000218
0.000436
0
0
0.000222
0.000108
0.000107
0.00032
0.000213
0.000318
0
0.001502
0.000649
0.000215
0.001844
0.000215
0.000746
0
0.000318
0.000106
0.000107
0
0.001982
0.000214
0.000534
0.000106
0.000105
0.000319
0
0.000108
0
0
0.000324
0
0
0.000553
0.000213
0.000322
0
0.000106
0.000215
0.01845
0.000108
0.000108
0.000106
0.000213
0.000746
0.000875
0.000319
0.000318
0.000872
0.001128
0
0
0.000316
0.00053
0.000105
0
0.000212
0.000321
0.000106
0.000216
0.000326
0.00032
0.000533
0.000964
0.000109
0.000428
0.000538
0.000322
0.000325
0.000315
0.000215
0.000425
0.000423
0.000318
0.000962
0.000106
0.000213
0.000429
0.001316
0.000533
0.000318
0.000106
0.000428
0
0.000213
0.000106
0.000531
0.000106
0.000107
0.000316
0.000109
0.000326
0.000216
0.000107
0.000214
0.000216
0.000541
0.00021
0
0.000212
0.000324
0
0.000108
0.00011
0.000109
0
0
0.019868
0
0
0
0.000105
0.00042
0.000316
0.000104
0.000324
0.00032
0.000317
0.000312
0.000105
0
0.000208
0.000423
0.000632
0.00042
0.000533
0.000215
0.000215
0
0.000104
0.000208
0.000106
0
0.000105
0.000421
0
0.000313
0.000419
0
0
0.00021
0.000105
0
0.000423
0.000321
0.000212
0.000107
0.000107
0.000106
0.000107
0.00053
0.000211
0
0.000328
0.000109
0.00032
0.000209
0.000209
0.000104
0.000315
0
0.000209
0.00021
0.000211
0.000208
0
0.000319
0.014334
0.000317
0.000211
0.002148
0.000315
0.000209
0.000104
0.000105
0.000956
0.00021
0
0.000208
0.000742
0.000419
0.000216
0.00043
0.000321
0.000108
0.000642
0.000423
0.000319
0.000106
0.00063
0.000321
0.000641
0.000636
0.000105
0.000208
0.000104
0.000105
0.000314
0.000316
0.000317
0.000215
0.000329
0
0.000213
0.000323
0.000105
0
0
0
0.000105
0.000315
0
0.00032
0.000321
0.000424
0.000106
0.000428
0.000106
0.000211
0.00021
0.000314
0.000523
0.000315
0.000417
0.000314
0.000639
0
0.00053
0.000319
0.000214
0
0.000319
0.000105
0.000315
0.000423
0.00032
0.002199
0.000217
0.000108
0.000105
0.000216
0.000749
0
0
0.002768
0.005086
0.000328
0.000325
0.000531
0.000528
0.002618
0.000105
0.000421
0.000531
0.000212
0.000323
0.000219
0.00011
0.000217
0.000637
0.000428
0.000213
0.000105
0.000105
0.000419
0
0.000107
0.000217
0.000105
0.000315
0.00021
0.000739
0.000953
0.00053
0.000105
0
0
0.012342
0.00011
0.000218
0.000216
0.000107
0.000212
0.000211
0.000317
0.00021
0.000209
0.000105
0.000316
0.000213
0.000214
0
0.000751
0.000211
0.00032
0.000322
0
0.000421
0.00043
0.000217
0.000319
0.000106
0.000104
0.000318
0.000211
0.000331
0.000107
0.000213
0.000315
0.000318
0.00053
0.00021
0.000855
0.000968
0.000214
0.000213
0.000427
0.00021
0
0.000107
0.000533
0.000316
0.001073
0
0
0.000319
0.000212
0.000316
0.000105
0.000314
0
0.000213
0.000107
0.000107
0.000323
0.000214
0.000426
0
0.000107
0
0
0.000105
0.000213
0.001698
0
0.00021
0.000423
0.000213
0.001363
0.000424
0
0.000316
0.000436
0.000555
0.001526
0.000318
0.000321
0.000211
0.000211
0.000213
0
0.000107
0.000107
0.000323
0.000323
0
0.000216
0.000439
0.000105
0.00021
0.000746
0.000105
0.00021
0
0.000527
0.00021
0.00021
0.000105
0.000532
0.000105
0.000105
0.000533
0.000646
0.000106
0.000106
0
0.000213
0.000317
0
0.000422
0.000425
0.000646
0.000105
0.000319
0
0.00054
0.000326
0.000217
0.000216
0.000528
0.00021
0.000212
0.000637
0.000105
0.000209
0
0
0.000106
0.000219
0
0.000108
0.000215
0.000323
0.000105
0
0.000417
0
0
0.00042
0
0.000951
0
0.000314
0.010081
0.000422
0
0.00021
0.000535
0.000323
0.000217
0.000321
0.000106
0.000316
0.000106
0.00021
0
0.000105
0.000317
0.00042
0.000211
0.000317
0.000322
0.000213
0.000633
0.000211
0.00032
0.000211
0.000105
0.000318
0.000427
0.000439
0.000214
0
0.000316
0.000107
0.000107
0.000774
0.000548
0.000211
0.009779
0.000418
0.000211
0.004931
0.00032
0
0.000209
0
0.000105
0.000318
0.001187
0.000859
0.000318
0.000105
0.000747
0.00021
0.000105
0.000419
0.000628
0.000316
0
0
0.000424
0
0.000105
0.000106
0.000425
0.000428
0.000213
0.000322
0.002102
0.000653
0.00021
0.000422
0.000324
0.000105
0
0.000211
0.000318
0
0.000527
0.000106
0.001588
0.000421
0.000107
0.000108
0.000106
0.000737
0.001256
0.000212
0.000106
0.000107
0
0.000106
0.001921
0.000106
0.000318
0.001501
0.000432
0.000107
0.000538
0.000216
0.000753
0.001588
0.000535
0.000425
0.000213
0.00021
0.000106
0.001481
0.000215
0.000212
0.00043
0.000858
0.000107
0.001524
0.000107
0.00021
0.001165
0.000105
0.00032
0.001382
0.000425
0.000107
0.001061
0.000538
0
0.002547
0.000327
0.000216
0.000111
0.000319
0.000638
0.000211
0.000425
0.000105
0.009557
0
0.000106
0
0
0.000105
0.000106
0.000107
0.000324
0
0.000318
0.000211
0.000105
0
0
0.011219
0.000436
0.000108
0.000435
0.000217
0.001313
0.000107
0.000635
0.000106
0.000211
0.00053
0.000212
0.000633
0.000107
0
0.000107
0.00032
0
0.000212
0.000106
0.000106
0.000642
0.000534
0.000539
0.000528
0.000106
0.000321
0.000322
0
0.00053
0.00032
0.000424
0.000106
0.000108
0.000216
0.000106
0.000632
0.000106
0.000322
0.000537
0.000859
0
0.000211
0.000316
0
0
0.000634
0
0.000422
0.000106
0.000316
0.000317
0
0.00021
0.00032
0.000324
0.000213
0.000528
0.000315
0.000318
0.000423
0.000636
0.000319
0.000211
0.00096
0.000107
0.000217
0.000107
0.000431
0.000212
0
0.000318
0.000422
0.000317
0.000211
0.009805
0.000213
0.000315
0.000319
0.000106
0.000316
0
0
0.000215
0.009991
0.000109
0.000323
0.000316
0.000211
0.000315
0.000106
0.000213
0.000106
0.009722
0.000652
0.000211
0.00065
0.000108
0.001346
0.01183
0.000109
0.000545
0.000535
0.000645
0.000534
0.000107
0.001978
0.000211
0.000318
0.000427
0.000212
0
0.000107
0.000108
0.00056
0.000112
0.000112
0.000561
0
0.000104
0.000105
0
0.000104
0.000105
0.000318
0.000214
0.000319
0.000106
0.000211
0.000313
0.000521
0.000104
0.000104
0.000104
0.000843
0.00021
0.00021
0.000327
0.000222
0.000109
0.000221
0.000678
0
0.000213
0.000213
0.000856
0.00032
0.00021
0.000425
0.000107
0.001641
0.000109
0.000107
0.000212
0.000213
0
0.000105
0.000317
0.000105
0.000105
0
0.000105
0.001073
0.000318
0.000314
0
0.000106
0.000214
0
0.00063
0.000105
0.00053
0.000213
0
0.000316
0
0.000105
0.001624
0.000315
0.000751
0.000532
0.000321
0.000316
0.000106
0.000213
0.000528
0.003747
0.001088
0.000213
0.000424
0.000321
0.000213
0.000106
0.000212
0.000529
0.000211
0.000105
0.00021
0
0.000105
0.000106
0.000212
0.00064
0.000106
0.000638
0.000212
0.000216
0.000214
0.000107
0.000429
0.000444
0.000109
0.000327
0.00033
0.000215
0.00032
0
0.000429
0.000107
0.000225
0.000107
0.000108
0.000753
0.000211
0.000743
0.000213
0.000424
0.000318
0
0
0.000105
0.00032
0.000326
0.000108
0.010557
0.000214
0.000321
0.000213
0.000213
0.000213
0.000321
0.000108
0.000426
0.000319
0.000107
0.000108
0.000534
0.000864
0.000106
0.010136
0.000646
0.000869
0.000872
0.000322
0.002956
0.000429
0.000106
0.000107
0.000316
0.000107
0.000427
0.010384
0.000216
0.000428
0.000214
0.000439
0.000327
0.000219
0.000435
0.000213
0.000106
0.000108
0.000109
0.000565
0.00066
0.000868
0.000437
0.000325
0.000324
0.000217
0.000219
0.000107
0.000212
0.000212
0.000316
0.000425
0.00032
0.000108
0.00064
0.000106
0.000107
0.000108
0
0.000637
0.000107
0.000537
0.000547
0.00306
0.000217
0.000549
0.000546
0.001675
0.000433
0.000755
0.000107
0.000213
0.000212
0.000108
0.000106
0.000429
0.000106
0.000106
0.000432
0.000531
0.000213
0.000107
0.000215
0
0.000216
0.000325
0.000431
0.000321
0.00043
0.000107
0.000214
0.000437
0
0.000106
0.000107
0.000213
0.000325
0.000107
0
0
0.000652
0.000108
0.000109
0.027695
0.000215
0.000107
0.000677
0.000446
0
0
0.000549
0
0.000109
0.00011
0.010828
0.000112
0.000225
0.011683
0.000218
0
0.000317
0.001086
0
0
0
0
0.010438
0.000216
0
0
0.000216
0.000323
0.000966
0
0.00021
0.000108
0.000323
0.000107
0.000105
0.000638
0.000323
0.013534
0.000323
0.000212
0.000107
0.000527
0.00042
0.000105
0.000212
0.00021
0.000318
0.000426
0
0.000216
0.000322
0
0.000212
0.000105
0.00053
0.01113
0
0.000106
0.000432
0.000433
0.000218
0.011477
0
0.000456
0.000112
0.000324
0
0
0.000212
0.000425
0.001613
0.000216
0.00032
0.011449
0.000319
0.000107
0.016374
0.000431
0
0.000105
0.000106
0.000324
0.000321
0.00043
0.000543
0.003862
0.000224
0
0.000223
0
0.000115
0.008918
0.000118
0
0.000117
0
0.000637
0.000749
0.000211
0.000318
0.000426
0.000423
0
0.000765
0.000548
0
0.000211
0.00021
0.000215
0.000637
0.000216
0.000318
0.001596
0.00064
0.000534
0.000771
0.002651
0
0.000428
0.000107
0.000106
0
0.000211
0.000213
0.000428
0.000211
0
0.000211
0.000105
0
0.00021
0.000214
0.000857
0.000107
0
0
0
0
0.000213
0.000324
0.000425
0.000321
0.000425
0.000213
0.000317
0.012673
0.00021
0.000319
0.002018
0.000323
0.000421
0.000214
0.000435
0.000325
0.000659
0.000221
0.000658
0.000326
0.000213
0.00043
0.000441
0.000106
0.000106
0.000321
0.000535
0.000105
0.000212
0
0.000424
0.000316
0
0.000215
0.001408
0
0.000106
0.011011
0.000428
0.000534
0.000211
0.000317
0.001631
0.011257
0.000321
0.000219
0
0.001855
0.000638
0.000212
0.001182
0.000106
0.000529
0.000212
0.000106
0.000421
0
0.000427
0.000107
0.000107
0.00074
0.000214
0.000322
0.000319
0.000213
0.000106
0
0.000319
0.000107
0.000218
0.000217
0.000109
0.000107
0.000539
0.000108
0.000438
0.00011
0.001091
0.000534
0.000766
0.00033
0.000109
0.000761
0.003389
0.000212
0.000211
0.000107
0.000211
0.000213
0
0.000213
0.000434
0.001632
0.000326
0.000328
0.000216
0.00032
0.000212
0.000213
0.000106
0.00116
0.000215
0.000318
0.000106
0.000316
0.000322
0.000778
0.000213
0.000421
0.001579
0.00105
0.000106
0.000106
0.000106
0.000313
0.001467
0.000105
0.000212
0.000212
0.000105
0
0.001261
0.000105
0.000211
0.000314
0.000209
0.000104
0.001156
0.000319
0.000104
0
0.00021
0
0.001668
0.000105
0.00042
0
0.000209
0.000105
0.001677
0.000314
0
0.000851
0.000209
0.000213
0.0016
0.000109
0.000218
0.000335
0.000212
0.000319
0.000419
0.00032
0.000105
0.001706
0.000213
0.000642
0.001599
0.000213
0.00021
0.000426
0.000538
0.000745
0.002538
0.000318
0.000105
0.000104
0.000105
0.000317
0.000106
0.000212
0.00032
0.000853
0.000209
0.000423
0.000839
0.000104
0.000213
0.002996
0
0.000319
0.002968
0
0
0.000315
0.000104
0.000106
0.001686
0.00021
0.000742
0.002005
0
0.000105
0.001782
0.000211
0.000106
0.001822
0.000214
0.000108
0.000441
0
0.000106
0.000106
0.000316
0.000429
0.0017
0.000316
0.000424
0
0.000212
0.000426
0
0.000429
0.000215
0.009393
0.000321
0
0.001785
0.000107
0.000109
0.00011
0.000219
0.00044
0.001611
0
0.000764
0.002145
0.000109
0.000106
0.000423
0.001594
0.000106
0.001819
0.000212
0.000214
0.000107
0
0.000424
0.001598
0.000213
0.000213
0.000107
0.000107
0.000213
0.000322
0.00044
0.000216
0.00054
0.001191
0.000214
0
0.000107
0.000654
0.000433
0.000324
0.000214
0.000108
0.000331
0
0.000333
0.000324
0.000214
0.000653
0.000216
0.000218
0.000319
0.000108
0.000109
0.000881
0.000332
0.000437
0.000107
0.000643
0.000108
0.000323
0
0.000215
0.000108
0.000321
0.001082
0.000322
0.000215
0.000214
0.001297
0.00032
0.00043
0.000106
0.001532
0.000536
0.000213
0.000431
0.000212
0.000532
0
0.000432
0.000108
0.000326
0.000107
0.000109
0.000106
0.001065
0.000859
0.000214
0.000322
0.000107
0.000645
0.000318
0.001754
0.000224
0
0.000329
0.000109
0.000321
0.001239
0.00043
0.000107
0.000212
0.000321
0.000106
0.006664
0.000319
0
0.000214
0.000544
0.000108
0.000109
0.000107
0.000104
0.008735
0.001288
0.001188
0.000643
0.000104
0.000104
0.000313
0.000209
0.000105
0.000105
0.000106
0.000104
0.000211
0.004195
0.000212
0.000212
0.000425
0.000207
0.000417
0.000312
0
0.000648
0.000104
0.000827
0.008919
0.000103
0.000308
0.000103
0.001351
0.000206
0.000417
0.000312
0.000103
0.000316
0.000103
0.000312
0.000103
0.000104
0.000313
0.011697
0.000319
0.000519
0.000207
0.000417
0.000205
0
0.000618
0
0.000422
0.000207
0.000214
0.000227
0.000225
0
0.002471
0.00032
0.000735
0.000209
0.00021
0.000209
0.000424
0.000207
0.000104
0.000206
0.000104
0.000522
0
0.000418
0.000209
0.000321
0
0.000214
0.000428
0.000211
0.000318
0.000758
0.000319
0.000425
0.000103
0
0.000206
0.000309
0
0.000411
0.000931
0
0.000104
0.000732
0.000836
0
0.000108
0.000108
0.000108
0.000759
0.000106
0
0
0.000104
0.000103
0.000525
0.00021
0.000206
0.000103
0.000207
0.000207
0.000522
0.000313
0
0
0.000419
0.000104
0.000205
0
0.000415
0
0.000208
0.000106
0.010785
0
0.000104
0.000313
0
0.000314
0.000103
0.00021
0
0.000315
0.000314
0.000105
0.000207
0.000312
0.000314
0.010347
0.000213
0.000215
0.001169
0.000211
0.000419
0.000959
0.000211
0.000105
0.000209
0.000106
0.000107
0.000212
0.000212
0.000322
0.000316
0.000212
0.000106
0.000209
0.000317
0
0.011855
0.006332
0.000421
0.000104
0.000524
0.000316
0.000211
0.000211
0
0.000212
0.011311
0.000314
0.001674
0.000105
0.000214
0.001181
0.000319
0.000106
0.000532
0.000108
0.000858
0.000215
0
0.000645
0.000535
0.000213
0.000214
0.003177
0.000215
0.000107
0.000319
0.000107
0
0
0.000106
0.000322
0.000554
0.000214
0.000107
0.000423
0.000542
0.00064
0.000212
0.000654
0.000106
0.000422
0.000215
0
0.012291
0.000215
0.000106
0
0.000107
0.000214
0.000318
0.000105
0.000105
0.000527
0.000209
0.000212
0.000422
0.004876
0.000543
0.00032
0.000653
0
0.000537
0.000107
0.000651
0.000431
0
0.000213
0.000213
0.000217
0.000535
0.000218
0.000214
0.000658
0.000766
0.000108
0.000214
0.000106
0.000315
0.000319
0.000318
0.000214
0.000104
0.000636
0.000106
0.000214
0.000222
0.000754
0.000105
0.000422
0.000543
0.000214
0.000211
0.000426
0.000212
0.001069
0.000321
0.000106
0.00032
0.000208
0.000104
0.012057
0.000104
0.000314
0.000315
0.000421
0.000105
0.000209
0.000314
0.00021
0.000633
0.000104
0
0
0
0.000209
0.000213
0.000419
0.000211
0.000739
0.000105
0.00021
0.000105
0
0
0.000315
0.000209
0.000105
0.000537
0.000313
0.000525
0.004367
0.000107
0.000106
0.001067
0.000105
0.000318
0.000215
0.000212
0.000107
0.000214
0.000212
0.000106
0.000106
0.00063
0.001491
0.000104
0
0.000104
0
0.000209
0.000627
0.011495
0.000104
0.000425
0.000321
0.000211
0.00097
0.000419
0.001479
0.000208
0.010718
0.00042
0.00021
0.000212
0.000106
0.00032
0.000214
0.002869
0.000105
0.000105
0.000211
0.000318
0.000209
0
0
0
0.000435
0.000105
0.000324
0.000559
0
0
0.000317
0.000105
0.000536
0.000532
0.000314
0
0
0
0.000105
0.000424
0
0.000317
0.000315
0.000106
0.000214
0.001567
0
0.009252
0.000112
0.000223
0
0
0.000112
0.000337
0
0
0
0.00042
0.000316
0.009282
0.000105
0.000106
0.000212
0
0.000327
0.000216
0.000431
0.000109
0.000329
0.000331
0.000441
0.001599
0.00011
0.000111
0.000221
0.00044
0.000109
0.000106
0.000324
0.000646
0.000751
0.000316
0.000536
0.000318
0.000324
0.000324
0
0
0.000323
0.000553
0.00033
0.000106
0.000531
0.000542
0.000321
0
0.000319
0.000426
0.000212
0.000431
0.000532
0.000213
0.000217
0.000429
0.000213
0.000323
0.000537
0.000213
0.000107
0.000534
0
0.000212
0.000107
0.000106
0.000974
0.000322
0.011126
0.000214
0.00032
0.000212
0.000321
0.000106
0
0.000107
0.000106
0.000106
0.000107
0.000216
0.000321
0.001072
0.000212
0
0.000213
0.000106
0.000528
0.000215
0.000213
0.000214
0.000318
0.000319
0.000321
0.000214
0.000323
0.000213
0.00043
0.000318
0.000106
0.000426
0.000319
0.000212
0.000107
0
0.000214
0.000424
0.000213
0.000316
0.000533
0.000424
0
0.000426
0.000322
0.000216
0.000217
0.000108
0.000218
0.000757
0.000106
0.000431
0.000322
0.000213
0.000106
0.000106
0.000319
0
0.000106
0.000426
0.000531
0
0.000218
0.000438
0.000215
0.000106
0.000106
0.000212
0.000646
0.000324
0.000217
0.000106
0.000106
0.000213
0.000212
0.000318
0
0.000212
0.000106
0.000212
0.000319
0.000214
0
0.000108
0.000212
0.000212
0.000427
0.000216
0.000213
0.000212
0.000212
0.000215
0.000107
0.000857
0
0
0.000213
0.000428
0.000214
0.000106
0
0.000213
0
0.000318
0
0.000215
0.000552
0.000223
0.000892
0.00011
0.000111
0.000663
0
0.000109
0.000218
0
0.000216
0.000107
0.000428
0.000109
0
0.002208
0.000108
0.000214
0.000214
0.000108
0.000214
0.000551
0.000218
0.000108
0.000434
0.00011
0.000538
0.000755
0.000319
0.000432
0
0.000431
0.000107
0.000427
0.000214
0.001201
0.000539
0.000645
0
0.000425
0.000211
0.000326
0.000212
0.000318
0.000105
0.000213
0.000213
0.000109
0.000106
0.000322
0.012125
0
0
0.000765
0.000316
0.00021
0.000321
0.000534
0.012467
0.000109
0
0.000321
0.000426
0.000319
0.000107
0.000107
0.000108
0
0.000217
0.00033
0.001031
0.013131
0.000212
0.000317
0.000211
0.000104
0.000312
0.00032
0.000314
0.011555
0.000211
0.000212
0.012114
0.000538
0.000213
0.000107
0.012628
0.000105
0
0.000105
0.000418
0.000212
0.000211
0.000214
0.000107
0.000321
0.000105
0.000422
0.000213
0.000321
0.000637
0.000746
0.000852
0.00021
0.000314
0.00174
0.000106
0.000428
0.000322
0.000213
0.000218
0.01166
0.000439
0.000107
0.001519
0.00042
0.000315
0.000641
0.000533
0.00032
0.000317
0.000529
0.000212
0.001062
0.000106
0.000529
0.000209
0.000105
0.000213
0.000213
0.000322
0.000105
0.000211
0.001525
0.000541
0.000437
0.00021
0.000104
0
0
0.000103
0.000416
0
0.000106
0.000643
0.000213
0.000211
0.000213
0.000211
0
0.014202
0.000211
0.000211
0.000531
0.001542
0.005927
0.000425
0.000419
0.000108
0.010533
0.000107
0.000418
0.000106
0.000211
0.000106
0.000652
0.000323
0.000209
0.000419
0.000422
0.000314
0.000316
0.000524
0.000104
0.000521
0.000312
0.000316
0.003478
0.000311
0.000207
0.000103
0.000312
0.000315
0.000313
0.001273
0.000208
0.000104
0.000104
0.000321
0.01233
0.000525
0.000315
0.000326
0.000653
0.000426
0.000417
0.00063
0.000313
0
0
0.000105
0.000314
0.000535
0.000104
0.000535
0.000209
0.000949
0.000312
0.000626
0.000421
0.000319
0.00043
0.001079
0.000209
0.00021
0.00042
0.000416
0.000105
0.000209
0.000211
0.000757
0.000106
0.000215
0.000211
0.000106
0.000211
0.000323
0.000421
0.000418
0.000105
0.000424
0.000105
0.000106
0.000422
0.000534
0.001206
0.000327
0.013625
0.00032
0.000853
0
0.00021
0.000106
0.000425
0.000537
0.000106
0.000322
0.000545
0.000214
0.000426
0.000107
0
0.000426
0.000106
0.000426
0.000214
0.000538
0.000108
0.002793
0
0
0
0.000529
0.000426
0.000214
0.000318
0
0.000317
0.000215
0.000557
0.000107
0.000319
0.000106
0.000214
0.000534
0
0.011817
0
0
0
0.000531
0.00053
0.000106
0.000105
0.000215
0
0.000108
0.000431
0.000316
0.00075
0.000211
0.000424
0.000105
0.000315
0.011762
0.00043
0.000108
0.000106
0.000213
0.000107
0.000216
0
0.000106
0.000215
0.000535
0.000108
0.000331
0.000108
0
0.011533
0.000319
0.000428
0.00021
0.000638
0.000106
0.000316
0.000214
0.000215
0.000543
0.012358
0.000109
0.000212
0.000212
0.000421
0.000637
0.000106
0.000106
0.01167
0
0.000211
0
0.000215
0
0.000109
0.000211
0.000211
0.00021
0.000105
0.000105
0.000429
0.000541
0
0.000422
0.000531
0.000212
0
0.001276
0.000106
0.000962
0.0011
0.00086
0.000214
0
0.00032
0.002148
0.000108
0.000212
0.000213
0.000326
0.000215
0.000322
0.000321
0.000431
0.000325
0.000329
0
0
0.00065
0.000106
0.000106
0.000213
0.000107
0
0.000108
0.000107
0.000213
0.000536
0.000212
0.010707
0.000213
0.000321
0.000105
0.000212
0
0
0.000106
0.000754
0.000108
0.000213
0.000106
0.010171
0.000317
0.000316
0.000212
0
0.000531
0.000105
0.000755
0.000541
0.000216
0.000324
0.000107
0.001735
0.000427
0.000322
0.009302
0.000212
0.000105
0.000321
0.000106
0.000107
0.000106
0.000106
0.000107
0.000327
0
0.00032
0.000527
0.000212
0.000106
0.00021
0
0.000422
0.000106
0.000107
0.000315
0.00021
0.000315
0.000421
0.000105
0.000212
0
0.000541
0.000106
0.000314
0.000105
0.00021
0
0.010015
0.000317
0.000209
0.00021
0.000739
0.000315
0.000966
0.000211
0.000106
0.00054
0.000423
0.000105
0.009202
0.000316
0.000424
0.001839
0.000546
0
0.000107
0.000324
0.000757
0.000215
0.000108
0.000425
0.009942
0.000107
0.000216
0.000329
0
0
0.014895
0
0.000242
0.000123
0.000125
0.000123
0.01845
0.000367
0.000243
0.000848
0.000212
0.000104
0.013689
0.000107
0
0
0.000738
0
0.000315
0.000211
0.000524
0.000104
0.00042
0.000106
0.000435
0.000104
0.000105
0.000105
0.000537
0.000316
0.000423
0.000422
0.000106
0.000105
0.00064
0.000317
0.000852
0.000105
0.000209
0
0
0.000211
0.000105
0.000427
0.000424
0
0.000105
0.000105
0.000527
0.00021
0
0.000106
0.000105
0.000106
0
0.000105
0.000319
0.000106
0.000213
0.000527
0.000209
0.000208
0.00021
0.000314
0.000419
0.000104
0.000106
0.014794
0
0
0
0.000105
0
0
0
0
0.000106
0
0.000106
0.000318
0.000438
0.005039
0.000215
0.000213
0.000639
0.000317
0.000316
0.000105
0.000318
0
0.000106
0.000106
0.000212
0.00174
0.000212
0
0.000105
0.000213
0.00021
0.000105
0.000105
0.000315
0.014619
0.000317
0.000747
0.000105
0.000421
0.00043
0.00011
0.00054
0.000214
0.000107
0.000317
0.00021
0.00139
0.000525
0.004654
0.003381
0.000428
0.000555
0.000327
0.000213
0.000444
0.000327
0.000431
0.000758
0.000106
0.000426
0.000217
0.001238
0.000329
0.000546
0.000211
0
0.000215
0.000107
0.000324
0.00055
0.001336
0.000658
0
0.000107
0.000111
0.000224
0.001393
0.00045
0
0
0.00078
0.000224
0.000241
0.000115
0
0.000336
0
0.001233
0.000333
0.000667
0.000447
0.000577
0.000222
0.000219
0.000107
0.002347
0.000106
0.010466
0.000213
0.000432
0.000213
0.00096
0.000851
0
0.000649
0.000213
0
0.001222
0.000218
0
0.000106
0.000105
0.000318
0.000106
0
0.002895
0
0.00032
0.000216
0.000107
0.000766
0.012965
0.000108
0.00022
0.000437
0.00032
0.000213
0.000105
0.000211
0.00043
0.000214
0.000423
0.000318
0.000213
0.000642
0.00032
0.000107
0.000761
0.000214
0.000219
0.000324
0.000214
0.00043
0.000106
0
0.000314
0.000525
0.000105
0
0.000105
0.000106
0.00107
0.000105
0.000538
0
0.000421
0.000425
0.000316
0
0.000211
0.000317
0.000525
0.000209
0.000214
0.000106
0.000211
0.000215
0.000323
0.000212
0.000211
0.000211
0.001069
0.000105
0
0.000105
0.000105
0.000105
0.000427
0.005783
0
0.001991
0
0
0.000319
0.000217
0
0
0
0.000212
0
0.000549
0
0.000106
0.000107
0.000106
0
0.000862
0.000108
0
0.000316
0.000533
0.000104
0
0.000422
0.000106
0.000105
0
0.000104
0
0.000105
0.000314
0.010513
0.000105
0.000209
0.000421
0
0.000958
0.000106
0.000315
0
0.000525
0.000318
0.000539
0.01169
0.000431
0.000855
0.00085
0.000107
0
0.000218
0.00011
0.000333
0.000108
0.00033
0.000107
0.000326
0.000221
0.000218
0.000218
0.00043
0.000108
0.000325
0.000212
0.000318
0
0.00043
0.000105
0.000635
0
0
0.000321
0
0.000211
0.000212
0.000105
0.000315
0.000107
0.012078
0.000321
0.000534
0.000211
0
0
0.000318
0.000314
0.000423
0.000106
0.000748
0.000106
0.000213
0
0.000208
0
0.000106
0.000106
0.000416
0.00042
0.000104
0.000106
0.000534
0.000321
0.000216
0.000319
0.012207
0.000317
0
0.000105
0.00063
0.000421
0.002261
0.000324
0.000322
0.000214
0.000215
0.000319
0.00021
0.000209
0.000314
0.00021
0.000105
0.000105
0.000628
0
0.000419
0.00021
0.000323
0.000632
0.000211
0.000737
0.00021
0.000318
0.001183
0
0.000418
0.000106
0
0.012508
0.000322
0.000106
0
0.000105
0
0.000106
0.000425
0.000211
0.000314
0.000527
0.000421
0
0.000316
0.000209
0.000106
0.000105
0.00021
0.000104
0.000105
0.001084
0.012381
0.002389
0.000212
0.000736
0.000317
0
0.000315
0.000105
0.000318
0.000105
0.000209
0.000105
0.000105
0.000425
0.000534
0.000105
0.000209
0
0
0.000215
0.000214
0.000744
0.000211
0.000314
0
0.000419
0
0.000105
0.000318
0
0
0.000106
0.000211
0.000212
0
0.000105
0.00021
0.000107
0.000321
0.000323
0.000322
0.000107
0.000438
0.000421
0.000105
0.000873
0.01241
0.000111
0.000213
0.000213
0.000107
0.000213
0.000109
0
0.000324
0.000218
0.000427
0.012624
0.000325
0.000106
0.00032
0.000645
0.000535
0.000106
0.000106
0.000529
0.000318
0.000107
0.000434
0.001535
0.001437
0.000107
0.000327
0.000429
0.000535
0.00043
0.000317
0
0
0.000216
0.001204
0
0.000322
0.000325
0.013862
0.000424
0.000322
0.000213
0.000109
0.000219
0.000556
0.000335
0.00034
0.000454
0.00032
0.000321
0
0.000107
0.000108
0.000324
0.000108
0.000978
0.015073
0.000537
0.000434
0.000218
0.000216
0
0.000325
0.000321
0.000321
0.000213
0.000214
0.000327
0.002222
0.00022
0.000219
0.000328
0.000427
0.000318
0.000212
0
0.000322
0.000321
0.000538
0.00097
0.00032
0.000212
0.000876
0.000217
0.000767
0.017325
0.00032
0.000323
0.000962
0.000212
0.000215
0.001872
0.01442
0.000214
0.000657
0.003287
0.000428
0.000543
0.000214
0.000321
0.000107
0.000107
0.000216
0.000108
0.000318
0.000215
0.000106
0.000642
0.000321
0.000321
0.000107
0.000106
0.000213
0.000106
0
0.000214
0.000107
0.000554
0
0.000108
0.000108
0.019243
0.000107
0.000107
0.014393
0.000107
0.000649
0.000543
0.000536
0.000216
0.001919
0.000323
0.000215
0.000317
0
0.000319
0.00043
0.000971
0.000427
0.000107
0.000862
0.000324
0.000544
0.000542
0
0.000108
0.000434
0.00011
0.001155
0
0.000113
0
0.000255
0.000128
0.000652
0.000799
0
0.021495
0.000513
0.000247
0
0.00777
0.000247
0.001141
0.020424
0.000209
0.000209
0.000209
0.000104
0.000105
0.000736
0.000314
0.000105
0.000315
0.000848
0.000105
0.000213
0.001082
0.000321
0.000318
0.000318
0.000212
0.000328
0.000109
0.001953
0.000216
0.000107
0.000322
0.000425
0.000536
0.017089
0.000216
0.000321
0.000534
0.000646
0
0.000761
0.000544
0
0.000212
0.000858
0.000429
0.003613
0.000217
0.000107
0.000212
0.000656
0.000215
0.000108
0.000107
0.00032
0.000214
0.000327
0.000883
0.21877
0.000216
0.000217
0.000433
0.000215
0.000216
0.000214
0.000322
0.000108
0.000106
0.000424
0.000107
0.000425
0.000107
0.000649
0.000107
0.000108
0.000326
0.017901
0.009211
0.000234
0.001069
0.003936
0.000351
0.000238
0.000109
0
0.000107
0.000321
0.000428
0.001211
0.000107
0.000215
0.000324
0
0.000321
0.000216
0.000322
0.000432
0.000328
0.000108
0
0.000108
0.000888
0.000109
0.000321
0.000328
0.000109
0.000222
0.00011
0
0.000108
0.000429
0.000429
0.00043
0.000222
0.001016
0.000109
0.000215
0
0.000108
0.000108
0.00043
0.014529
0.000546
0.000218
0.000437
0.000109
0.000107
0
0.000442
0.000323
0
0
0.000216
0.000325
0.000439
0.000325
0.000215
0
0.000219
0.000868
0.000222
0.000438
0.00033
0.00022
0.000218
0.000434
0.000432
0.000109
0.000107
0.000216
0.000214
0.000428
0.00022
0.000222
0.000222
0.000333
0.000447
0.000343
0
0.00079
0.001809
0.001903
0.000215
0.000318
0.000318
0.000219
0.000427
0.000323
0.000644
0.000107
0.000108
0.000874
0.000218
0.000329
0.000215
0.000324
0.002617
0.00011
0.001545
0.000328
0.000217
0.000108
0.000791
0.000223
0.000225
0.000772
0.000108
0
0.000324
0.000324
0.01195
0.002824
0.000433
0.000219
0.000425
0.000216
0.000424
0.000219
0.012723
0
0.000327
0.000111
0.000327
0.000107
0.000215
0.014908
0.000107
0.000216
0.000546
0.000546
0.000108
0.000108
0.000109
0.000218
0.000111
0.000837
0.000344
0.00022
0.000111
0.000221
0.004164
0.000111
0
0.000111
0.000223
0
0.000336
0.000108
0.000217
0.00043
0.000109
0.000322
0.000213
0.000215
0.000108
0.00065
0.007463
0.000324
0.000213
0
0.000319
0.018938
0.000106
0.000323
0.000863
0.000428
0.000215
0.000323
0.000319
0.000105
0.000106
0.000543
0.000107
0.000109
0.000213
0.000319
0.000105
0
0.000105
0.000107
0.000538
0
0.000221
0.000109
0.000544
0.017887
0.000323
0.000213
0
0.015357
0.000105
0.011502
0.000105
0.000426
0.000215
0.000211
0
0.000105
0.000419
0.000209
0.000105
0.000213
0.000423
0.00042
0
0.000105
0.000966
0.000319
0.001414
0.01777
0.000213
0.000212
0.000317
0.000106
0
0.000213
0.000216
0
0.000661
0.000538
0.000421
0.00042
0.000748
0
0.000213
0.000968
0.000105
0.000318
0.000434
0.000897
0.000333
0.000332
0.000222
0.001091
0.000321
0.000106
0.000745
0.000316
0.000106
0.00032
0.00493
0.000322
0.001814
0.000109
0.000108
0.000863
0.000108
0
0.000421
0.000422
0
0.006399
0.000425
0.000322
0.000314
0.000104
0.000208
0.000318
0.000421
0.000417
0
0.000105
0
0.000642
0.000433
0.000215
0.013377
0.000426
0.000106
0.015516
0.000108
0.000641
0.000214
0.000429
0.001396
0.000317
0.000422
0.000427
0.00032
0.00077
0.001007
0.000335
0.000543
0.000106
0.000426
0.000107
0.000108
0
0.000334
0.000111
0
0.000431
0.00021
0.000645
0.000212
0.000105
0.000316
0.00295
0.000109
0.00022
0.000213
0.000318
0
0.000641
0.000319
0.000316
0.000107
0
0.000529
0.000537
0.000531
0.000211
0.000528
0.000323
0.000108
0
0.000426
0.000425
0.000106
0.000212
0.000763
0.000211
0.000105
0.000212
0.000108
0.000106
0.000105
0.00021
0.000316
0.011709
0.000214
0.000315
0.00032
0.000218
0.000107
0.000218
0.00053
0
0.000212
0.000105
0.00021
0.017582
0.000992
0.000213
0
0
0
0.012467
0.000105
0
0.000209
0.000637
0.000105
0.000212
0.00032
0.000211
0
0.000214
0.000319
0.000982
0.000108
0.002447
0.00043
0.000541
0.000218
0.000336
0.00044
0.000657
0.000438
0.000324
0.000218
0.00032
0.000646
0.000212
0.006681
0.000432
0.000219
0.000709
0
0.00011
0.015417
0.00022
0
0.000218
0.000108
0.000217
0
0
0.00054
0.015777
0
0.000106
0.000212
0.000221
0.000108
0
0.000213
0.000318
0.000318
0.000431
0.00032
0.000319
0.000534
0.000212
0.000983
0.000108
0.000658
0.000213
0.000318
0.000214
0.000437
0.002747
0
0.000327
0.00043
0
0.000223
0.000575
0.000465
0.000115
0.000107
0
0.000316
0.00032
0.000105
0.000106
0.00032
0.000315
0.000326
0.000107
0.000215
0.000108
0.000532
0.000211
0
0.002092
0.000213
0.000105
0.000105
0
0.000213
0
0.000108
0
0.000536
0.000317
0.000106
0.000212
0.000321
0.000213
0.000655
0.000213
0.000107
0.000433
0.000213
0.000213
0
0.000221
0.00033
0
0.000106
0.000213
0.000107
0.000321
0
0.000108
0.000211
0.000213
0
0
0.001325
0.000215
0.000105
0
0.000212
0.000107
0.014313
0.00011
0
0.015118
0.000106
0.000419
0.000525
0
0
0
0.000107
0
0.000105
0.000312
0.000209
0.000105
0.000105
0.000423
0.000105
0.000105
0.000418
0.013606
0.000317
0.000209
0
0
0.000318
0.000849
0
0.000106
0.000859
0.000212
0.000212
0.013248
0.000529
0
0.000105
0.000212
0.000106
0.016631
0.000112
0
0.007767
0.000105
0.000105
0
0.000214
0.000105
0.014922
0.000212
0.000211
0.00042
0.000223
0.00032
0.000319
0.001077
0.000316
0.000105
0.000106
0.000317
0.000213
0.000215
0.000534
0.000425
0.000317
0.000319
0.000636
0.000211
0.00066
0.000761
0.00066
0.000757
0.001635
0.000532
0.000536
0.000106
0.000425
0.000106
0.000318
0.000106
0.000215
0
0.000321
0.000543
0.000106
0.000321
0.000327
0.000107
0
0.001468
0.000332
0.000324
0.000106
0.000318
0.00032
0.000317
0.000212
0.000848
0.000639
0.000106
0.000318
0
0.000214
0.000109
0.000319
0
0.002232
0.000108
0.000218
0.017198
0.000211
0.00032
0.000651
0.000107
0
0
0.000214
0.000217
0
0.000213
0.000106
0.000316
0
0
0.000425
0.000543
0.000214
0.000212
0.000325
0.000536
0.000324
0.000325
0
0.000537
0.001091
0.000542
0.000107
0.000642
0.000107
0.000107
0
0.000214
0.000216
0.002426
0.000106
0.00022
0.000219
0.000111
0.001787
0.000651
0.000214
0.000319
0.000319
0.000348
0.000106
0.000743
0.000106
0.00078
0.000326
0.000214
0.016
0.00044
0.000217
0.000106
0.000317
0.000107
0.000213
0.000215
0
0.000434
0.000214
0.000325
0.016743
0.001518
0.000212
0
0.00099
0.000213
0
0.000214
0.000106
0
0.000107
0.000215
0.000216
0.000107
0.000321
0.000215
0.000216
0.00032
0.000107
0.000225
0.000561
0.000808
0.000214
0.000105
0.000429
0
0.000322
0.000106
0.000427
0.000105
0
0.000109
0
0.000222
0.00077
0.000321
0.00021
0.000107
0.000108
0.000783
0.000108
0.000108
0.000218
0.000108
0.000212
0.000106
0.000108
0.000427
0.000212
0.000213
0.000211
0
0.000536
0.000213
0.000105
0.000421
0.000532
0.000106
0.000105
0.000212
0.000107
0.000322
0.000443
0.000679
0.000929
0.013935
0.00011
0.000423
0.000105
0.000212
0.001088
0.000319
0.000106
0
0.000104
0.002739
0.000105
0
0.000104
0.000104
0.00021
0.00053
0
0.000105
0.000212
0.000108
0.000212
0.000213
0.000427
0.000209
0.000737
0.000105
0.000211
0.001397
0.000973
0.000318
0.01238
0.000321
0.000106
0.000212
0
0.000548
0.000768
0
0
0.000212
0.000634
0.000422
0.000316
0.000106
0.000106
0.000108
0.000213
0.000106
0
0.000106
0.000217
0.006318
0.000877
0.000214
0
0.000434
0.000106
0.000859
0.000213
0.000106
0.012368
0.000217
0.000219
0.000446
0.000106
0.000321
0
0.000321
0.000318
0
0.000759
0.000106
0.000528
0
0.000106
0.000107
0.000106
0.000214
0.000106
0.001855
0.000642
0.000538
0.003067
0
0.000211
0
0.000317
0.000317
0
0.000106
0.013448
0.000106
0.000105
0.000105
0.000211
0.000316
0.000107
0.000106
0.000211
0.000324
0.000435
0
0
0
0.000106
0.000318
0.000542
0
0.000105
0.000427
0.000325
0.000216
0
0.000107
0.000318
0.000426
0.000213
0.000215
0.000322
0.000224
0.015333
0.000111
0.000322
0.000215
0.000535
0.000213
0.000214
0.00065
0.000317
0.000107
0.000106
0.000319
0.000219
0.003097
0.000431
0.000214
0.000319
0.000213
0.000323
0
0
0.000317
0.000107
0.000532
0.000324
0.000108
0.000327
0.000109
0.000323
0.000221
0.012795
0.000109
0.000109
0.000211
0
0.000429
0
0
0.000106
0
0.000107
0.000645
0.000106
0.000106
0.000106
0.000532
0.000212
0.000106
0.000428
0.000213
0.000334
0.000445
0.000447
0.000107
0.000215
0
0.000318
0.000216
0.000218
0.000107
0.014161
0
0
0.000106
0.000431
0.000214
0.000317
0.000321
0.000107
0.003537
0
0.000528
0.000423
0.000211
0.000106
0.000213
0.000536
0.000529
0.000106
0.000426
0.000213
0.000106
0.001302
0.00021
0.000631
0.000534
0.000106
0.000314
0.000211
0.000321
0.000212
0.000211
0.000433
0.000215
0.001506
0.000316
0.000211
0.000107
0.001913
0
0
0.000224
0.014342
0.000218
0.000328
0.014603
0
0.000104
0.000105
0.00021
0.000105
0
0.000852
0.000533
0.003198
0.000213
0.001951
0.005086
0.001632
0
0.000105
0.000322
0.000106
0.000209
0
0.000106
0
0
0.000106
0.000105
0.000318
0.000105
0.019869
0.000108
0.001158
0.000104
0
0.000106
0
0.019115
0
0
0
0.000104
0.000211
0.000211
0.000426
0.025185
0.000232
0
0.017646
0.000228
0.000456
0.017988
0
0.000311
0.000105
0.000104
0.000106
0.000104
0.000318
0.00052
0.000313
0.000105
0.000105
0.000213
0
0.00021
0.000105
0.000317
0.00053
0.00021
0.000208
0.000211
0.000317
0.000317
0.000212
0.017682
0.000321
0.00042
0.000107
0.000214
0.000106
0.007209
0.000104
0.000629
0.00021
0.000104
0.000639
0.015116
0.00021
0.000417
0.000418
0.000208
0.000104
0.000104
0.000104
0.000421
0.000526
0.000738
0.000211
0.000317
0.000106
0.000217
0.000876
0.000422
0.000318
0.000421
0.000316
0.000106
0
0.000419
0
0.000428
0.000213
0.000106
0.000105
0.000212
0.00021
0.000427
0.00108
0.000212
0.000105
0.000634
0.000105
0
0.000535
0.000212
0
0.000105
0
0.00021
0.000105
0.000105
0.000741
0.000959
0.000317
0.000106
0.000106
0.000105
0.000318
0.000211
0.000319
0.014683
0.000108
0.000319
0
0.000212
0.000211
0.000106
0.000318
0.000445
0.000793
0.000222
0.000325
0.000325
0.00053
0.000107
0.015533
0
0.00021
0.00032
0.000424
0.000106
0.000745
0
0.000212
0.000106
0.000105
0.000421
0.000317
0.000422
0.000211
0.000106
0.000214
0.000425
0.000533
0.000212
0.000334
0.001257
0.000341
0.000348
0.000463
0.000115
0.000114
0.000321
0.000107
0.000106
0
0.000655
0.000321
0.000432
0.000435
0.000106
0.000756
0.000744
0.000742
0.00086
0.000107
0.00022
0.014758
0
0.000211
0.000209
0.000105
0.000212
0.000527
0.000316
0.000105
0.000107
0.000318
0.000106
0.001502
0.000316
0.001077
0.00075
0.000533
0.000422
0.000105
0.00021
0.000105
0
0.001176
0.000209
0.000212
0.000317
0.000424
0.000421
0.000106
0
0.000449
0.000338
0.000112
0.002906
0.000316
0.000314
0
0
0.000527
0.000317
0.001299
0.00063
0.00021
0.002167
0.000106
0.000533
0.000211
0.000636
0.000423
0.000753
0.000423
0.000105
0.000538
0.000425
0.000106
0.000109
0.001492
0.009505
0.000319
0.000318
0.000213
0.000635
0
0.000214
0.000106
0.000529
0.000426
0.000631
0.000211
0.000211
0.000106
0.000743
0.000539
0.000426
0.000209
0.000318
0.000429
0.000105
0.000317
0
0.00021
0.000212
0.000105
0.000211
0.000317
0.000105
0.000316
0.000637
0.000422
0.000106
0
0
0.00032
0.000641
0
0.000106
0.000429
0.000107
0.000213
0
0.000209
0.000106
0.00021
0.000105
0.000108
0.001247
0.000223
0.000112
0.012101
0.000215
0.000529
0
0.000105
0.000424
0.000106
0.000317
0.000213
0.000105
0.000637
0
0.000211
0.000744
0
0.002603
0.000107
0.000106
0.000751
0.00373
0.000425
0.000435
0.000108
0
0.000745
0.000106
0.00032
0.000537
0.000105
0.000539
0.000212
0.000211
0.000106
0.000319
0.000106
0.000108
0.001069
0
0.000213
0.000213
0.000106
0.000108
0.000108
0.000219
0.000544
0.000218
0.000319
0.000322
0.002044
0
0.000316
0.000841
0.000973
0.000212
0.000106
0.000213
0.000424
0.000425
0.000754
0.00032
0.000848
0.000426
0.000105
0
0.000318
0.00021
0.000212
0.000869
0.000108
0.000546
0.000428
0.000105
0.000211
0.00033
0.000114
0.000461
0
0.000453
0.000336
0.000222
0.000323
0.000424
0.000212
0.000107
0.000106
0.000211
0.000319
0.000423
0.000316
0.000424
0.000211
0.000314
0.000211
0
0.000319
0
0.00054
0.000105
0.000107
0.000319
0.00021
0
0.000318
0.000106
0.00032
0.000639
0.000107
0.000107
0.000211
0.000105
0.000317
0.000105
0.000635
0.000105
0
0
0.000105
0.000105
0.000314
0.000211
0.00042
0.000212
0.000211
0.000315
0.000318
0.000211
0.000213
0.000212
0.000104
0
0.000317
0.000212
0.000744
0.000419
0
0.000317
0
0.000318
0.000319
0
0
0.000318
0.000315
0.000523
0.000316
0.002946
0.000106
0.000212
0.000316
0
0.000322
0.000642
0.001061
0.000416
0.000104
0.000104
0.000315
0.000212
0.011749
0.000313
0
0.000104
0.000209
0.000317
0.000209
0.000209
0.000423
0.00032
0.000104
0.00042
0
0.000209
0.000106
0.000746
0.000214
0.000314
0.000319
0
0.00064
0.000106
0.000106
0
0.000421
0.000104
0.000105
0.000637
0.000108
0.000733
0.000319
0.00042
0.000316
0.000107
0.000319
0.000216
0.000757
0.000105
0.000215
0.000327
0.000324
0
0.00021
0.000314
0.00855
0.000631
0.000211
0.000214
0.000212
0.000317
0.008049
0.000318
0.000428
0
0.000213
0.00042
0.000211
0.000107
0.000214
0.000212
0.014085
0.000215
0.000217
0.000323
0.000315
0.000325
0.000109
0.000109
0.000109
0.000112
0.000341
0.000227
0.012963
0.000347
0.000589
0.000118
0
0.000817
0.000108
0.000316
0
0.000209
0
0.000105
0.000104
0.000426
0.000106
0
0.000209
0.000319
0.000315
0.000106
0.000423
0.000104
0.000316
0.000211
0
0.000326
0.000213
0.000213
0.000106
0.000105
0.000104
0.000208
0.000213
0.001176
0.000209
0.000211
0.000318
0
0.000104
0.000528
0.000211
0.000208
0.000212
0.00021
0
0.000211
0.000106
0
0.000322
0.000107
0
0.00033
0.000337
0.000921
0.000258
0
0.015906
0.000257
0.000129
0.000258
0
0.000262
0.0004
0.000397
0.000131
0.000133
0.000132
0
0.002865
0
0.000254
0.015825
0
0
0.000104
0.000209
0.000207
0.000209
0.000949
0.000208
0.000419
0.000311
0.000104
0
0.000312
0.000104
0.000314
0.000316
0
0
0.000316
0.000105
0.000105
0.00021
0.000637
0.00043
0.00054
0.000108
0.00043
0.000428
0.000318
0.000428
0.000215
0.000213
0.000107
0.000212
0
0.000325
0
0.000438
0.000108
0.000214
0.000532
0.000215
0
0.000109
0
0.001442
0
0.000222
0.000449
0.000564
0.000219
0.000322
0
0.000321
0.000216
0.000433
0.000109
0.000222
0
0.000329
0.000106
0
0.000433
0.000432
0.000216
0.014504
0.000323
0.000434
0.000227
0
0.000223
0.002905
0.000108
0.000323
0
0.000107
0.000109
0.000217
0.00078
0.008824
0.00011
0.000107
0.000324
0.003042
0.000109
0.000109
0.004825
0.000107
0.000107
0.016235
0.000107
0.000215
0
0.000108
0.000108
0.00121
0.006922
0.000219
0.000213
0
0.000106
0.000978
0.001081
0.000216
0.000214
0.000322
0.000215
0.000651
0.000215
0.000321
0.000106
0.00032
0.000214
0.000749
0.000645
0.000108
0.000215
0.000217
0.000535
0.000433
0.000108
0
0.000106
0.000424
0.001089
0.000322
0.000216
0.001131
0
0.000109
0.01362
0
0
0.000107
0.015045
0.000107
0.000105
0.000105
0
0.000324
0.000316
0
0.000106
0
0.000849
0.000321
0.013213
0.000218
0
0.000323
0
0.000111
0.000219
0.015182
0.000545
0
0.000213
0.001284
0
0.000212
0.000109
0.016313
0.000218
0.000332
0.01716
0.000107
0.000326
0
0.000425
0.000208
0.00021
0.000211
0.000317
0.000215
0.001416
0.000106
0
0.000213
0.000327
0.000108
0.000107
0.000212
0.000425
0.000317
0.000423
0.000105
0
0.00042
0.000637
0.000432
0
0.000213
0.014493
0.000318
0.000422
0.000211
0.000318
0.000105
0.000211
0.000319
0.000324
0
0
0.000107
0.000215
0.000323
0.000106
0.000105
0.000319
0.000213
0.000327
0.000105
0.000105
0
0.000213
0.000106
0.000105
0.00042
0.00021
0.000106
0.000218
0.000216
0.000322
0
0.000214
0.000214
0.000213
0.000427
0.000533
0.000107
0.000106
0.000214
0.000106
0.000321
0.000107
0.000106
0.000421
0.000214
0.000107
0.000211
0.000106
0.000106
0.000212
0.000106
0.000749
0.000213
0.000321
0.000214
0.000107
0
0
0.000537
0.000107
0.000326
0.000107
0.000756
0.000319
0.000425
0.000322
0.000106
0.000213
0.000317
0.000212
0.000107
0.000425
0
0.000214
0.000106
0.000108
0.000319
0
0.000537
0.000332
0.000215
0.000107
0.000214
0.010954
0.000538
0.000322
0.000215
0.000764
0.000109
0.000215
0
0.00032
0.000107
0
0.000215
0.000213
0.000106
0.00021
0.000211
0.000317
0.000532
0.000431
0.00032
0.000108
0.000321
0.000218
0.000111
0
0
0.00065
0.001316
0.000217
0.000544
0.000546
0.00022
0.000439
0.000105
0.000105
0.000533
0.000326
0.000214
0.000106
0.000212
0.000105
0.000315
0.000211
0.000319
0.000106
0
0.000108
0.00011
0
0.000106
0.000212
0.000318
0.000427
0
0.000869
0.000106
0.000211
0.000212
0.000643
0.000107
0.000322
0.001618
0.000107
0.000436
0.000109
0
0.000326
0
0.011774
0.000429
0.000536
0
0.000107
0.000107
0.000213
0.000108
0.000107
0.000762
0.000108
0.000323
0.000214
0.000213
0.000214
0.000319
0.000215
0.00022
0
0.00044
0.000336
0.000224
0.000326
0.000212
0.000631
0.000106
0
0.000107
0.000107
0.000215
0.012038
0.000107
0.000106
0.000425
0.000318
0.000213
0.000327
0.012511
0
0.000421
0.000211
0
0
0.000212
0
0.000322
0
0.000418
0.000317
0.000105
0
0.000105
0.000213
0.000212
0.000318
0.000106
0.000107
0.000216
0.00032
0
0
0.00032
0.000214
0.000211
0
0
0.012993
0.000112
0.000111
0.000113
0
0.000224
0.00023
0.000219
0
0.000107
0.000318
0.001097
0.013262
0
0
0.013387
0.000107
0.000104
0.000105
0.000321
0.000214
0.00087
0.000106
0.000317
0.000213
0.000745
0.000106
0
0.000106
0.000214
0.009989
0.000107
0.000212
0.000213
0.000212
0.000213
0
0
0.00043
0.000108
0.012346
0.000439
0.000332
0.000324
0.000321
0.000327
0.00022
0.000214
0.000211
0.000425
0.000213
0.000548
0.000672
0.00043
0.014747
0.001571
0.000109
0.001106
0.001975
0.000213
0.000218
0.000762
0.000228
0.000451
0.000112
0.000323
0.012046
0.000109
0
0.000122
0.000247
0.000118
0.000243
0.000236
0
0.000223
0.000222
0
0.017446
0
0.000109
0.017279
0
0.000107
0.000107
0.000216
0.000318
0.000107
0.000107
0.000221
0.000335
0.00011
0
0.000108
0
0.000325
0.000546
0
0.000425
0.000106
0
0
0.000323
0.000216
0.000108
0.000219
0.001274
0.000346
0.019974
0.000109
0.000423
0.018511
0
0.000214
0.000426
0.000427
0.000213
0.000325
0.000653
0.000433
0.019345
0
0
0.003084
0.00032
0.000653
0.000214
0.000108
0.000433
0.000107
0.000107
0.00044
0.000351
0.000116
0.000115
0
0.000114
0.000112
0.000222
0.000437
0.000109
0.000219
0
0.000327
0.000657
0.000106
0
0.000755
0.000108
0.000107
0.000329
0.001884
0.000321
0.000106
0.00099
0.000108
0.000108
0
0.000329
0.000786
0.000109
0
0.000752
0
0.000216
0.000793
0.000107
0
0.000107
0
0.000317
0.000214
0
0
0.000214
0
0.000429
0.000108
0.000536
0.000215
0.000217
0.000328
0.000109
0.002072
0.000109
0.000334
0.000112
0.000326
0.018547
0.000222
0.000326
0
0.00044
0.000343
0.000111
0.00077
0.000721
0.016272
0.00023
0.000218
0.000227
0.000222
0
0
0.000365
0
0.000108
0.000333
0.000107
0.000108
0.0014
0.00032
0
0.018194
0.00011
0
0.003799
0.000217
0.000215
0.000105
0.000221
0
0.000107
0.000864
0.000215
0.000218
0.000107
0.000107
0.000106
0.000112
0.000109
0.014389
0.000999
0.015411
0.000331
0
0.000217
0.000106
0.000109
0.000222
0.000106
0.000107
0.000543
0.000319
0.000427
0.000109
0.000215
0.000331
0.000216
0.000215
0
0.00011
0.000218
0.000219
0.000218
0.000107
0.000446
0.002164
0.00011
0.000697
0.000111
0
0.000323
0.000107
0.000109
0.000214
0
0
0.000218
0.000223
0.000111
0.000221
0.000125
0.000252
0
0.000126
0.000248
0
0.00065
0.000125
0.000379
0.000124
0
0
0.000209
0.000106
0.000105
0.000105
0.000108
0.00011
0.000568
0
0.000221
0.003352
0
0.000106
0.000213
0.000105
0.000419
0.000212
0.000318
0.000212
0.000318
0
0.00075
0.001532
0.000107
0.000763
0.013802
0.000108
0.000107
0.000213
0.000212
0.000106
0.000219
0
0
0.000109
0.001515
0.000212
0
0.000105
0.000106
0.000106
0.000428
0.000106
0.000106
0.002289
0.000426
0.00021
0.000105
0.000531
0.011234
0.000106
0.000538
0.000547
0.000426
0.000424
0.000212
0.000211
0.000433
0.001976
0.000108
0.000536
0
0.000215
0
0.014423
0.00011
0.00055
0.001431
0.000216
0.000214
0.00032
0.000435
0.000433
0.000221
0
0
0.00138
0.000108
0.000659
0.000106
0.000107
0.000217
0.00011
0.013965
0.000325
0.000757
0
0.000105
0.000111
0.000326
0
0.000316
0.000105
0.000215
0.000436
0
0.000106
0.000216
0.000107
0.000107
0.000321
0.000318
0.000107
0.000547
0.001116
0
0.000685
0.182588
0.000222
0.000538
0.00011
0.000325
0.009909
0.000114
0.000323
0.000225
0.000113
0.000107
0.000109
0.000215
0.000324
0.000215
0.000219
0.000424
0
0.000109
0
0
0.000769
0.000324
0.000427
0.000108
0.00011
0.000218
0.000218
0.000426
0.000433
0.000106
0.000427
0.000475
0.000108
0.000107
0.000324
0.000646
0.000109
0
0.000109
0
0.000116
0.000234
0.000237
0.000234
0
0.000356
0
0.000118
0.000133
0.016198
0.016498
0
0.000397
0
0.000636
0.012598
0.000106
0.000318
0.000211
0
0.000318
0.000211
0
0.00032
0.000429
0.000214
0
0.000213
0.000852
0.000427
0
0.000109
0.000647
0.000428
0.000744
0.000324
0.000217
0.000217
0.000541
0.000107
0.000643
0.000319
0.014211
0.00043
0.000213
0.000212
0.000641
0.000213
0.000211
0.000214
0.000212
0.005275
0.000751
0.000213
0.000757
0.000427
0.000535
0.000106
0.00032
0.000422
0.000212
0.000107
0.000107
0.000428
0.00021
0.000211
0.00032
0.000431
0.00022
0.002238
0
0.000218
0.000105
0.000422
0.000423
0.000321
0.000107
0.000216
0.000328
0.000322
0.00032
0.000537
0.000105
0.000214
0.000107
0.000322
0.000323
0.00053
0.000212
0.000106
0.000106
0.000109
0.000329
0.000753
0.000106
0.00074
0
0.000107
0.001064
0.000213
0.000108
0.000216
0.012527
0.000107
0
0.000527
0.000213
0.000213
0.016686
0.000107
0.000106
0.000106
0.000321
0
0.000107
0.000321
0.000554
0.000112
0.000776
0.000431
0.000213
0.00043
0.000317
0
0.000107
0.000329
0.00033
0.000116
0
0.002906
0
0.000439
0.000321
0.000326
0.00053
0.00021
0
0.000109
0.000331
0.000107
0.000319
0
0.000318
0.000316
0.000214
0.000211
0.000214
0.001723
0.000434
0.000106
0.000215
0.000106
0.000108
0.000216
0.000427
0.000212
0.000321
0.000213
0.000218
0.000216
0.000221
0
0.002031
0.000109
0
0.000318
0.000213
0.000214
0
0.001319
0.00032
0
0.000423
0.000213
0.000317
0.000318
0
0.000106
0.001289
0.000212
0.000106
0.000318
0.000109
0.000214
0.000105
0.000318
0.000106
0.000217
0.00011
0.000557
0.000224
0.000107
0.000106
0.000214
0.000211
0.000213
0.000212
0.000426
0.000536
0.000428
0.000106
0
0
0.000212
0
0.000427
0.000107
0.000448
0.001343
0.000214
0.035092
0.000107
0.00011
0.000339
0.000222
0.000637
0.000544
0.000435
0.000328
0
0.000114
0.000454
0.000487
0.000357
0.000117
0.019426
0.000114
0.000115
0.000339
0.000324
0.000441
0.000108
0.000109
0.000108
0.000324
0.000109
0.000327
0.00033
0
0.000327
0.000226
0.008761
0.000466
0.02075
0.000113
0
0.00011
0.000111
0.000222
0
0
0.000325
0.000227
0.000221
0.00011
0.017073
0.001006
0
0
0.00011
0
0.000224
0.000794
0.000219
0.000327
0.000448
0.000223
0
0.000671
0.000219
0.000111
0.00011
0.000218
0.000435
0.003148
0.000433
0.000216
0.00011
0.000338
0.000448
0.00011
0.000108
0
0.000109
0.000221
0.018209
0.000454
0.000341
0.000116
0.000111
0.000107
0.000772
0.000322
0.000108
0
0.000435
0.00011
0.000322
0.000543
0
0.000109
0.000111
0.000114
0.000346
0.000115
0.00023
0.000112
0.000453
0
0.000363
0.000217
0.000322
0.000213
0
0.000105
0.000111
0.001209
0.000318
0.000106
0.017474
0
0.000106
0.000106
0.000213
0.000106
0
0.000106
0.001314
0.000217
0.000539
0.000325
0.000544
0.000108
0.017948
0
0.000105
0.000425
0.000534
0.000214
0.000106
0.000107
0.00032
0.000215
0.000212
0.000317
0.000212
0.000635
0.000108
0.000551
0.000108
0
0.000213
0.000428
0.00032
0.000214
0.000533
0.000107
0.000211
0.000645
0
0.000427
0.000533
0.000317
0
0.000107
0.00054
0.000318
0.000537
0.000425
0.000213
0.000213
0.000215
0.014083
0.000782
0.000211
0
0.000774
0.000668
0.000438
0.000433
0.000424
0.000212
0.000106
0.000106
0.000425
0.00032
0
0.00032
0.000217
0.000108
0.000748
0.000213
0.000656
0.000544
0.000106
0.000317
0
0.00021
0
0
0.000432
0.000218
0.000444
0.000647
0.000319
0.000321
0.000325
0
0.000425
0.000105
0
0.00108
0.000213
0.001408
0.000107
0.000214
0.000106
0.012168
0.000109
0.000217
0.002496
0.000218
0.000426
0.000106
0.000107
0.000106
0.000213
0.000106
0
0.004047
0.000116
0.000115
0.00058
0.000218
0
0.000108
0.000216
0.000587
0.000333
0.000676
0
0.000346
0.000344
0.000453
0.014574
0.000444
0.000323
0.000329
0.000822
0.000763
0.013398
0.000215
0.000213
0.000323
0.000108
0.000219
0.000348
0.003
0.001432
0.000221
0.00011
0.000216
0.013946
0.000319
0
0.000317
0
0
0.014072
0.000105
0.000317
0.000105
0.000105
0.000634
0.000211
0.000105
0.000315
0.000105
0
0.000212
0.00021
0.00021
0.000532
0.000107
0.000528
0.001161
0.00021
0.000318
0.000635
0.000428
0.000107
0.000648
0
0.001918
0.000216
0.000325
0.000432
0.002329
0.000216
0.000213
0.000107
0.000323
0.000214
0.000328
0.000535
0.000324
0.000438
0.000219
0.00011
0.000222
0.000444
0.000106
0
0.00032
0.000326
0.000436
0.000216
0.000107
0.000541
0.000328
0.000106
0
0.00043
0.00032
0.00011
0.000323
0.000326
0
0.000109
0
0.000228
0.000343
0.000115
0.000342
0.022551
0.000215
0.000527
0.000213
0.000106
0
0.000443
0.000108
0.001925
0.015822
0.000219
0
0.014517
0.00042
0.000426
0.000318
0
0.000108
0.000106
0.002171
0.000214
0.000106
0.000212
0.000107
0.000108
0.00054
0.000645
0.013259
0.000212
0.000212
0
0.000214
0
0
0.000107
0.000762
0.013371
0.000108
0.000111
0.000561
0.000553
0
0
0.000873
0.000334
0
0
0.00011
0
0.000107
0.000107
0.002952
0.000546
0.000107
0.000107
0.000428
0
0
0.000219
0.000114
0.001162
0.000705
0.000111
0.000108
0.000651
0.000319
0.012988
0.000547
0.000107
0.000108
0
0.000428
0.000426
0.000213
0
0
0.000221
0.000434
0.000108
0.001107
0.000217
0.000108
0.000543
0.000435
0.000318
0.000214
0.000424
0.000752
0
0.00021
0
0
0.000209
0.000105
0.000631
0.000107
0.000209
0
0.000211
0.000106
0.00021
0.000209
0.000208
0.000208
0.000105
0.000316
0.000211
0
0.000104
0.002306
0.000212
0.000107
0.000325
0.000109
0.000111
0.000217
0
0.000326
0.000105
0.000313
0.000315
0.000211
0
0.000104
0.000213
0
0.016499
0
0.000105
0.000105
0
0.000214
0.014109
0.000323
0.000212
0.00021
0.00021
0.000315
0.005699
0.000112
0
0.000773
0.000319
0.000105
0
0.000105
0.00032
0
0.000424
0.000107
0.000108
0.000107
0.000534
0.000426
0
0.000106
0.000214
0.000322
0.000109
0
0.000213
0.000422
0.000104
0.000208
0.000211
0.000105
0.001613
0.000318
0.00011
0.018949
0
0.000104
0.000315
0.000106
0
0
0.000643
0.000972
0.000422
0.000431
0.000106
0.00064
0.000105
0
0.000211
0
0.000212
0.000319
0.000106
0
0.000108
0.00011
0.000116
0.000347
0.000111
0
0.000104
0.000209
0.000321
0
0
0.003455
0
0.000108
0.003094
0.000213
0.000106
0.000105
0
0.000323
0
0
0.000317
0.00021
0.00032
0.000535
0.003667
0.000214
0.000106
0.01172
0.000318
0.000107
0.000423
0.000107
0.000213
0.000215
0.000553
0.000336
0
0.004179
0
0.013064
0.00333
0.000218
0.000441
0.000325
0.000213
0.013154
0.00033
0.000214
0
0.000107
0
0.013316
0.000105
0.004381
0.000217
0.000866
0.000106
0.000317
0
0.000107
0.000212
0.000106
0.000427
0.014333
0.000108
0.000329
0.000218
0.000767
0
0
0.000108
0.000211
0
0.00022
0.000108
0.002378
0.012975
0.000105
0.000216
0.000431
0.000212
0.000321
0.000533
0.000214
0.000765
0.000652
0
0.000106
0.000107
0.000107
0.000107
0.000108
0.000109
0.000111
0.00032
0.000106
0.000446
0.000109
0.000109
0
0.000215
0
0.000106
0.000107
0
0.00022
0
0.000426
0.000319
0.000322
0.000322
0
0.004262
0.000107
0.000535
0.000108
0.00032
0.000109
0.000322
0.000216
0.000107
0.002348
0.000642
0.000106
0.000867
0.000321
0.000425
0.001329
0.000107
0.000213
0.003082
0.000542
0.000316
0.000106
0.001319
0.000975
0.000323
0.0034
0.000537
0.000322
0.000219
0.00055
0.000324
0.000212
0.000108
0.000318
0.000108
0.00033
0.000215
0.000217
0
0.000222
0.000214
0.000211
0.000212
0.000316
0.000106
0.000321
0.000216
0
0.00011
0.000423
0.000105
0.000106
0.000419
0.000316
0.000315
0.000318
0.000438
0.000436
0.000109
0.000106
0.000317
0.000523
0.000105
0.000106
0.000426
0.000431
0.000106
0.000106
0.000108
0.000106
0.000533
0.000107
0.00086
0.000438
0
0.00043
0.000109
0
0.00044
0.000109
0.000218
0.000222
0.00033
0
0.000107
0.000107
0
0.000106
0
0.000427
0.000107
0.000212
0.000321
0.000218
0.000319
0.01482
0.000212
0
0.000106
0.000211
0.000211
0.000319
0.000319
0.000217
0.003494
0.015707
0.000322
0.000211
0.000212
0.000105
0.000316
0
0
0.000219
0.000109
0.000219
0.002612
0.000106
0.003283
0.00097
0.000213
0.000106
0.000434
0.000436
0.000108
0
0.000107
0.000107
0.000322
0.000324
0.00043
0.000322
0.000439
0.000643
0.000214
0.000109
0.000109
0.000325
0.000431
0
0.014097
0.000214
0.000107
0
0.000324
0.000319
0.000215
0.000211
0.000217
0.000541
0
0.001082
0.000107
0.000108
0.000215
0.000322
0.000109
0
0.000324
0.003293
0.000226
0.000902
0.00011
0.00011
0.000215
0.000319
0.000213
0.000106
0.000864
0.000107
0.000546
0.000547
0.000324
0.000107
0.000219
0.004079
0.000436
0.000323
0.000657
0
0.000216
0.000214
0.013394
0
0.000218
0.000335
0.000336
0.000446
0.00033
0.000334
0
0.000215
0.000537
0.000214
0.000212
0.000652
0.000107
0.000109
0.000324
0.001083
0.000107
0.000214
0.000546
0.012323
0.000767
0.000215
0.000219
0.00055
0.000112
0.013333
0.000218
0.000317
0.000108
0.000108
0.000318
0.000108
0.000536
0.000322
0.000107
0.00022
0
0.000642
0.00088
0.000217
0.000322
0.000219
0.000323
0.000217
0.000768
0.000229
0.00578
0
0.000112
0.000222
0.000221
0.000108
0.000216
0.010534
0
0.000213
0
0
0.00054
0.001964
0.000326
0.000107
0.000109
0.000539
0.000536
0.000431
0.000537
0.000213
0.000431
0.000549
0.000546
0.000108
0
0.000217
0.000107
0.000322
0.000536
0.000323
0
0.000333
0.00022
0.000859
0
0.000432
0.000876
0.000436
0.002725
0
0.000426
0.000437
0
0.000106
0.000317
0.000107
0.002013
0.000213
0.000641
0.000321
0.000105
0.000215
0.000324
0.00022
0.000337
0.00011
0.000323
0.000532
0.000106
0.000211
0
0.000213
0.000319
0.000425
0.000106
0.000214
0.000852
0.001323
0.000109
0.000108
0.000213
0.001943
0.000107
0.000317
0
0.000217
0.000108
0.00011
0.000658
0.000333
0.009056
0.000431
0.001094
0.000321
0.000316
0.000961
0
0.000211
0.000211
0
0
0.000106
0
0.000213
0.000215
0.000106
0.000213
0.000212
0.000106
0.000211
0.000106
0.000322
0.000107
0
0.013588
0.000325
0.000539
0.012389
0.00078
0.000112
0.00022
0.000108
0.000662
0
0.000218
0.000226
0.000343
0.000341
0.00032
0.000316
0.000106
0.000635
0.000213
0.001083
0.000321
0
0.000213
0.000216
0.000106
0.000106
0
0
0.000213
0.000106
0.000106
0.000211
0
0.000107
0.000107
0.000536
0.000214
0.00032
0
0.000107
0.000108
0.000321
0.000108
0.000212
0.000108
0
0
0.00043
0.000106
0.000108
0.000107
0.000213
0.000211
0.000106
0.000638
0
0.000106
0.000429
0.000217
0.000329
0.00022
0.000553
0.016235
0.002259
0.00049
0.000367
0.000612
0.013254
0
0.018094
0.000216
0
0.000106
0.000213
0.00043
0
0.000107
0.000212
0.001863
0.002659
0.001653
0.000107
0.000214
0.000324
0.000329
0.000215
0.000321
0.000106
0.000108
0.000109
0.000108
0.000879
0.000108
0.000323
0.000216
0.000214
0.000756
0.000107
0.000109
0.000221
0.000327
0.00022
0.000329
0.000213
0.000106
0
0.00032
0.000108
0.00043
0.000323
0.000323
0.000214
0.00043
0.000107
0.000106
0
0.000428
0.000105
0.000213
0.000863
0.000425
0.000429
0.00053
0.000213
0
0.000213
0.000217
0.000649
0.000107
0.000218
0.000219
0
0.000435
0.000321
0
0.000633
0.000106
0.000529
0.012811
0.000215
0.000214
0
0.000107
0.000426
0
0.000213
0.000211
0.000321
0.000528
0.000106
0.000424
0.000212
0.000106
0.001643
0.00044
0
0.000106
0.000106
0.001189
0.000219
0.000108
0
0
0.000574
0.000112
0.000799
0.000571
0.000113
0.000422
0.000213
0.000106
0.000106
0.000108
0.000212
0
0.000216
0
0.000109
0.000216
0.007146
0.000318
0.000317
0.000212
0.000636
0.000106
0.000427
0.000214
0.000107
0.00032
0.000868
0.000214
0.000322
0
0.000321
0.000428
0.000219
0.000558
0.012936
0.000329
0.000436
0.000439
0.000108
0.000106
0.000107
0.000538
0.000108
0.000426
0.000419
0.000425
0.00237
0.000223
0.001855
0.001744
0.000601
0.000711
0.001415
0.000333
0.000696
0.00011
0.002051
0.000217
0.000522
0
0
0.007487
0
0
0.000214
0.000333
0.000431
0.000106
0.000322
0.000429
0.000681
0.00043
0
0.000109
0.000222
0
0.009024
0.000221
0.000355
0.000221
0.000109
0.000748
0.000813
0.000221
0.000222
0.000108
0.000108
0
0.000216
0.00011
0.000431
0.000321
0.000106
0.000214
0.000217
0.000224
0.000695
0.009761
0.000334
0.001981
0.014294
0.000225
0.002799
0.000313
0.00043
0.000211
0.000217
0.000332
0
0.000326
0.000109
0.000109
0.000214
0.000324
0
0.001199
0.000218
0.000324
0.000323
0.000328
0.000219
0.000547
0.000214
0.000318
0.000107
0
0.000105
0.012244
0
0.000326
0.00022
0.000444
0.000106
0.000214
0.000549
0.000218
0.000318
0.000217
0.000217
0.00011
0.000331
0.000114
0.00023
0.00011
0
0.000109
0.000334
0.000109
0.000324
0
0.000338
0.000238
0.000117
0
0.000112
0.000114
0.000223
0.000216
0.000112
0
0.018351
0.000219
0.000342
0.00321
0.000108
0
0.000109
0
0
0.000645
0.000215
0.000107
0
0.000108
0.000321
0.000431
0.000447
0.000671
0.000427
0.001344
0.000873
0.000322
0.000647
0.00011
0.000327
0.000216
0
0.014184
0.013595
0
0
0.000108
0.000107
0.000219
0
0.000213
0.000212
0.000434
0.000218
0.000111
0.000111
0.000451
0.000112
0.000333
0.000223
0
0.000334
0.000222
0.00033
0
0.001222
0.000326
0.000322
0.000318
0.000536
0.000426
0.000426
0.001822
0.000105
0.000107
0.000641
0.000432
0.000321
0.000106
0
0.000214
0.000108
0.000443
0.000216
0.000319
0.000107
0.000321
0.000105
0.00043
0.000535
0.014678
0.000106
0.000425
0
0.000212
0
0.000219
0.000322
0.000107
0.003883
0.000215
0.000107
0.000106
0
0.000317
0.000542
0.000107
0.000211
0.000318
0.000106
0.000105
0.017893
0.000224
0.000112
0.001365
0
0.000216
0.012857
0.000107
0.000213
0.012944
0
0
0.000213
0.000325
0.00032
0.000219
0.000325
0.000211
0.000107
0.000105
0.000105
0.000317
0.000106
0.000106
0.001222
0.000663
0.000432
0
0.000106
0.000431
0.00287
0
0
0
0
0.000318
0.000214
0
0.000106
0
0.000211
0.000107
0.000215
0.000106
0.000425
0.000107
0.000229
0
0.000113
0.000226
0.000333
0.000446
0.000224
0.000223
0.000114
0.00032
0.000211
0
0
0.000316
0.000211
0.000425
0.000212
0.012162
0.000317
0.000105
0.001173
0.000211
0.000537
0.000425
0.000321
0.000107
0.000214
0.000215
0.000218
0.01073
0.000111
0.000107
0.000212
0
0.000214
0.000106
0
0.000216
0.012554
0.000217
0.000109
0.004708
0.000552
0
0.001024
0.000107
0.000214
0.000216
0.000325
0.000903
0.001147
0.000353
0
0.000474
0
0.000355
0.01411
0.000357
0.000118
0.014155
0.000238
0.000115
0.000112
0.00032
0
0.000106
0.000106
0.000106
0.000332
0.000888
0.000212
0
0.000216
0.000214
0.010641
0.00011
0.000108
0.000224
0.000221
0.00011
0.010915
0
0.000106
0.000107
0.00999
0
0.0104
0.000549
0.000559
0.000562
0.000223
0.000222
0
0.000439
0
0.000328
0.00044
0.000567
0
0.000112
0
0.000214
0.000107
0
0.000328
0.000985
0.000432
0.000215
0
0
0.013215
0.000321
0.000107
0.000756
0.000428
0.000533
0
0.000871
0.00032
0.000107
0.000433
0.000536
0.000215
0.000108
0.000213
0.000427
0.000212
0.000213
0.000106
0.000107
0.000107
0
0.000107
0
0.003599
0.000105
0.000105
0.000105
0.002045
0.000213
0.000215
0.000214
0.000322
0.000108
0.000107
0.000106
0.000427
0.000648
0.000424
0.000212
0.000316
0.000214
0.000214
0.000107
0.000219
0.00011
0
0
0.000117
0.000228
0.000331
0.000213
0.000217
0
0.000107
0.000212
0
0.000105
0.000317
0.000211
0.000106
0
0.000314
0
0
0.000106
0.000211
0.000318
0.00042
0.000212
0.000212
0.000108
0
0.000317
0.000109
0.010456
0.000316
0.000105
0.010348
0.000107
0.000105
0
0.000427
0.000106
0.000215
0.00011
0.000111
0.000228
0
0
0
0.000633
0
0.000105
0.000106
0.000422
0.010999
0.000108
0.000216
0.010369
0.000422
0
0.000104
0.000209
0.000105
0
0.000208
0
0.00053
0.000104
0.000319
0.000211
0.001411
0.00021
0.000104
0.000105
0.000841
0.000104
0
0.000215
0.010824
0
0.000104
0.010459
0.000209
0.000104
0.000315
0.00064
0.000107
0
0
0.000344
0.02148
0
0.000124
0.008056
0.000251
0
0.000889
0.000126
0
0.003272
0.000519
0
0
0.000104
0
0.000207
0.00042
0.000105
0.000104
0.000103
0.000209
0.003367
0.000209
0.001595
0.001063
0.000208
0.000956
0.010822
0.00021
0.000211
0
0.000105
0
0.000209
0.000211
0
0.000421
0.000314
0.000212
0.000107
0
0.000426
0.000426
0.000539
0.000213
0.000106
0.00032
0.000424
0.000106
0.001193
0.000214
0.000318
0
0.001096
0
0.00011
0.000323
0.001986
0.000424
0.001212
0.000778
0.000327
0.000108
0.00076
0
0.000327
0.000673
0.000112
0.00526
0.004965
0
0.002737
0.000546
0
0
0.00022
0.002246
0.000106
0.000212
0.000542
0.000109
0.01618
0.000215
0.000215
0.000323
0.000759
0.000212
0
0.000753
0
0.00011
0.00067
0.000221
0.012503
0.014598
0.000367
0.002692
0
0.000115
0
0.000232
0.000108
0.000214
0.000214
0.000106
0.002237
0.000439
0.000438
0.000218
0.000216
0.000325
0.000531
0.00043
0.000326
0.000427
0.000108
0.000107
0
0.00022
0.000328
0.000437
0.000322
0.000106
0.000428
0.000213
0.000213
0.000322
0
0.000213
0
0.000871
0.000321
0.000214
0.001105
0.000431
0.000549
0.00076
0.000322
0.000109
0.000107
0.000109
0.000668
0.000215
0.000323
0.000537
0.000214
0.000427
0.000215
0
0.000327
0
0.00011
0.000219
0.00011
0.000216
0
0.000211
0.000106
0.000219
0.00022
0.000334
0.000339
0.007107
0.000218
0
0.012358
0.00032
0.00032
0
0.000211
0.000851
0.000105
0.000319
0.000107
0.012366
0.001899
0.000109
0.000109
0
0
0
0.000317
0
0.000213
0.000425
0.000106
0.000211
0.000633
0.000105
0.000105
0
0.000109
0.000106
0.000106
0.000106
0
0.000319
0
0
0.000211
0
0.012719
0
0.000314
0.000107
0.001492
0
0.000216
0.000215
0.000214
0
0.000214
0.000932
0.000446
0.00011
0.000326
0
0.000218
0
0.009948
0
0.000107
0
0.000325
0
0.000674
0.000112
0.00011
0.009245
0.000318
0
0.000106
0
0.000209
0.000104
0
0.000316
0.000211
0.000323
0.000109
0.011034
0.000117
0
0.015045
0
0
0.009484
0.000214
0
0.000875
0.000318
0
0.00021
0.000105
0
0.000529
0
0.000213
0.000113
0
0
0.00045
0.000217
0.000107
0.000107
0
0
0.011022
0.000217
0.000326
0.002728
0.000106
0.000105
0.000105
0.000845
0.000211
0.000425
0.000315
0.000318
0
0
0.000106
0.000106
0.000317
0.000107
0.011509
0.00021
0.000209
0.011006
0.000639
0.000211
0.014788
0
0.00086
0.001619
0.001739
0.000318
0.001832
0.000421
0.000425
0.010268
0.000645
0.000654
0.00011
0.000217
0
0.009815
0.000214
0.000214
0
0
0.000209
0.000212
0.000108
0.000108
0.000214
0.000317
0.000536
0.000106
0.000319
0.000212
0.000321
0.000106
0.000106
0.000754
0.001316
0.000324
0.000106
0.000213
0
0.000211
0
0.000212
0.009729
0.000106
0.000427
0.000428
0.000532
0.000214
0.012863
0.00032
0.000321
0.00043
0.000106
0
0
0.000426
0.000106
0
0.000107
0.000109
0.011473
0.000537
0.000107
0.000106
0.000212
0.000213
0.001737
0.000217
0
0.000323
0.000318
0.000318
0.000106
0.00086
0.000756
0.000216
0.000324
0.000109
0.00011
0.000339
0.000112
0
0
0
0.000333
0
0.000219
0.000225
0.000225
0.00011
0.000433
0.001416
0.000423
0
0.000633
0.000316
0.012492
0.000536
0
0.000317
0.000106
0.000342
0.013351
0
0.000117
0.000237
0
0.000226
0.000229
0.000554
0.000424
0.000212
0.00185
0
0.000313
0.00042
0.00021
0.000224
0.000901
0.000447
0.000224
0.000431
0
0.000106
0.000107
0.000318
0.000108
0.008653
0.00032
0.001444
0.000327
0.000326
0.006982
0
0.000117
0.000245
0.000367
0.000122
0.000492
0.000471
0.000116
0
0.00023
0.000115
0.000114
0.000114
0
0.001128
0.000955
0.000426
0
0.000105
0
0.010748
0.000106
0.000106
0.00021
0.000211
0
0
0.000105
0.000105
0.00032
0.000326
0.000106
0.000215
0.000527
0.000537
0.000879
0.000106
0
0.000212
0.000317
0.000108
0.000319
0.000213
0
0
0.000627
0.000105
0.000318
0
0.000212
0
0.000105
0.000318
0.000535
0
0
0.000105
0.000104
0.000209
0.000532
0.000209
0.000318
0.000213
0.000106
0.000313
0
0.000209
0.000525
0.000209
0
0.000332
0.000317
0.000212
0
0.000634
0.00021
0.000106
0.000532
0.000211
0.000209
0.000319
0.000209
0.000744
0.000105
0.000421
0.000318
0.00021
0
0.000107
0.00021
0.000319
0.00032
0.00064
0.000528
0
0.000106
0
0.00032
0.000211
0.000324
0.000109
0.000336
0.000327
0.000109
0.000434
0
0.000323
0.009363
0.004816
0.000667
0.000439
0.000648
0.000322
0.00032
0.000214
0.000107
0.000108
0.000324
0
0.000215
0.01027
0.000218
0.000319
0.000978
0
0.000108
0.000996
0.000218
0
0.000543
0.000106
0.000107
0.000322
0.000536
0.010551
0.000107
0.000218
0.000331
0.000316
0.000317
0.000105
0.00043
0.000107
0.000531
0.000213
0.000532
0.000318
0.000534
0.000212
0
0.000682
0.000113
0.013438
0
0.000339
0.000232
0.000446
0.000107
0.000325
0.000213
0.000215
0.000107
0.012606
0.000217
0.000106
0.000106
0.000211
0
0.000105
0.000105
0.000421
0
0.000105
0.003045
0.000317
0.000211
0.00021
0.000214
0.000212
0.000211
0.000426
0.000216
0.000108
0.000219
0
0.000222
0.000323
0.000211
0.000534
0.000215
0
0.000545
0.000109
0.000106
0.002519
0.000211
0
0.000214
0.000107
0.000213
0
0.000106
0.000215
0.016925
0.000217
0.001506
0.000319
0.000319
0.000538
0.013514
0.000107
0.000212
0.000328
0
0.000107
0.000643
0.000107
0.000213
0.000333
0.002059
0
0.000436
0
0.000213
0.000215
0
0.000322
0.000326
0.000212
0.000654
0.000326
0.000321
0.000638
0.000212
0
0.000319
0.000107
0.00043
0.000107
0.000105
0.000213
0.000644
0.013047
0.000316
0.000319
0.000424
0.000421
0.000219
0.003524
0.019152
0.000221
0.000105
0.000317
0.000216
0.000108
0.000674
0.000109
0.000329
0.00011
0.000444
0.000333
0.000229
0.000459
0
0.000723
0.000109
0.000431
0.000541
0.000107
0.000325
0.000327
0.000215
0
0.000533
0.000423
0.000429
0.000108
0
0.000216
0.000333
0.000213
0.000105
0.000107
0.000425
0.00032
0.001088
0.000107
0.000542
0.000326
0.000212
0.013063
0.000424
0
0.004147
0.000321
0
0.014671
0.000106
0.000422
0.000211
0.000106
0.000215
0.000108
0.000438
0.000434
0
0.000335
0.000112
0.012305
0.012816
0.000212
0
0.000535
0.000419
0
0
0.000105
0.000316
0.000105
0.000417
0.01199
0.003379
0.000209
0.012581
0.000209
0.00021
0.00021
0.000106
0.000322
0.00032
0.000212
0.000105
0.000105
0.001535
0.000115
0.027797
0.000348
0.00082
0.033035
0.000649
0.001427
0.01223
0.001212
0
0.000215
0
0.000214
0
0.000324
0.000571
0.00066
0.000108
0.000106
0.000106
0.000213
0.000323
0.000979
0.000107
0.000107
0.000105
0.000107
0
0.000765
0
0.000106
0.013865
0.000106
0.000106
0.001092
0.000107
0.000106
0
0.000771
0
0.015613
0.000229
0
0.000115
0.000108
0
0.00055
0.002641
0.000212
0.000213
0
0.000429
0.013865
0.000544
0.000535
0
0
0.000431
0.00021
0.000107
0.000106
0.000107
0.000321
0.000213
0.000214
0.000668
0.000323
0
0.000319
0.000107
0.000105
0.000322
0.000216
0.000534
0.000538
0.000107
0
0.000215
0.001741
0.000214
0.000425
0.000321
0.000319
0.000319
0.000106
0.014134
0.000108
0.000107
0
0.002579
0.000111
0.000109
0
0.000338
0.001372
0
0.000445
0.000108
0.000213
0.000219
0.01801
0
0.000114
0.000231
0.000329
0
0.000417
0
0.000212
0.016153
0.000106
0.000319
0.000105
0.000317
0.000105
0.000315
0.000212
0.000211
0.000319
0
0.000216
0
0.00054
0.000216
0.000106
0
0
0.000106
0.000426
0.000213
0.000638
0.000106
0.000428
0.000106
0.000533
0.000318
0.000427
0.000106
0.00032
0
0.003443
0.000322
0.000214
0.000213
0
0.000752
0.000214
0.00043
0
0.000214
0.000215
0.000217
0.000323
0.000322
0
0.000338
0.000109
0.00033
0.000219
0.00021
0.000215
0.00011
0.00011
0.000108
0.00022
0.000251
0.000125
0
0.000127
0.018667
0.000253
0.00025
0.001503
0
0
0.014209
0.003779
0.000116
0.000111
0.000223
0.00022
0.00022
0.017837
0.000108
0.000108
0.018154
0.000107
0.000527
0.000211
0
0.000209
0.000417
0.000105
0.001188
0.011143
0.000109
0.000325
0.000325
0.000439
0.000432
0.002367
0.000109
0.000325
0
0.000552
0
0.000109
0.00011
0
0
0.000112
0.000233
0.003132
0.000487
0.00032
0
0.000159
0
0.000654
0.000327
0.030412
0.000983
0
0.029002
0
0.004668
0
0.000485
0
0.03165
0.000211
0.000438
0
0.000106
0.000211
0.000106
0.000212
0.000211
0
0.000213
0.000107
0.00175
0.000645
0.000107
0.002933
0
0.000326
0.000432
0.000108
0.000559
0.000769
0.000654
0.000109
0.00115
0.000214
0.000323
0.00021
0
0.000107
0.000422
0.000214
0.000211
0.000544
0.00107
0.000316
0.017269
0.0173
0.000316
0.000537
0.003495
0
0.00065
0
0.00011
0.000328
0.000216
0.000432
0.000218
0.000749
0.000108
0.000535
0
0.000319
0
0.000106
0.000418
0.019985
0.000212
0.000422
0.000209
0.000531
0.000426
0.000106
0
0.000105
0.000211
0.000212
0
0.000326
0.000658
0.000216
0.017982
0.00011
0.000327
0.000106
0
0.000878
0.000107
0
0.000325
0.000217
0.00086
0.000211
0
0.00064
0.000106
0.000212
0.000424
0.000741
0.000215
0.000219
0.000213
0.000106
0.000221
0.000219
0.000447
0.00056
0.000221
0.000431
0
0.000323
0.000852
0.000107
0.000643
0.00032
0.000216
0.000317
0.001182
0.00021
0.001739
0.001191
0.00043
0.000106
0.000324
0.000646
0.000324
0.000216
0.000323
0
0.018288
0.000431
0.000217
0.000774
0.000325
0.000657
0.000324
0.000321
0.000107
0.00418
0.000327
0.000216
0.00054
0.000323
0.000109
0.000214
0.000219
0.000108
0.000109
0.000215
0.000545
0.000322
0.011248
0.000748
0.011067
0.003445
0.000319
0.000105
0
0
0.000453
0.000453
0.00056
0.000334
0.001911
0
0.000321
0.000214
0
0
0.000209
0.000212
0.000325
0.000215
0.000322
0.000219
0.000106
0.000318
0.000106
0.000104
0.000106
0.000423
0.001723
0.000108
0.000334
0.00044
0.00065
0
0.000314
0.000317
0.000104
0.000106
0
0.00021
0.000211
0.00021
0
0
0.000529
0
0.001171
0.000845
0.000858
0.000108
0.00292
0.000778
0.00191
0.00066
0.014748
0.000652
0.00032
0
0.000424
0.000527
0.000106
0.000107
0
0.000215
0.001641
0.000319
0.000533
0.000107
0.000318
0.000105
0.000209
0.000423
0.000105
0.000105
0.000529
0
0.000106
0.000106
0.010944
0.000109
0
0.000472
0.000115
0.000115
0.016635
0
0
0.000229
0.000207
0.000104
0.000422
0.000209
0.000208
0.000534
0
0.000213
0.002239
0.000212
0.000107
0.000435
0.000316
0.000215
0.000442
0.000655
0.000437
0.000337
0.000443
0.000217
0.000109
0.000323
0.000323
0.000319
0.000109
0.000323
0.010987
0.000214
0.000421
0.000537
0.000322
0.000211
0.000534
0.000318
0.000105
0.000648
0.000218
0.00043
0.000107
0.000107
0
0.000324
0.000659
0.000107
0.000216
0.000215
0.000437
0.000214
0.000212
0.000538
0.000108
0.003567
0.010779
0.000645
0.000111
0
0.000438
0.000321
0.000319
0.000449
0
0.000534
0.00032
0.00043
0.000107
0.000108
0
0.000328
0.00044
0.000654
0.000428
0.000426
0.000327
0.000432
0
0.000214
0.000213
0.000552
0.000647
0.000107
0.002113
0.000434
0.000111
0.001269
0.002612
0.000218
0.000325
0.000331
0.000535
0.000215
0
0
0.000108
0
0
0.000113
0.001237
0.000218
0
0.00022
0
0.000332
0
0.000326
0.000887
0.000216
0.000107
0.000772
0.000107
0.000214
0.000321
0.000326
0.000108
0.000335
0.000332
0.000218
0.000216
0.000215
0.000106
0.000319
0.000541
0.000215
0.000218
0.000109
0
0.000322
0
0
0.000649
0.00032
0.000105
0.000214
0.000327
0.000646
0.000423
0.000324
0.000661
0.000109
0.000216
0.000426
0.000431
0.000324
0.00011
0
0
0.000214
0.000214
0.000429
0.000212
0.000326
0.000213
0.000754
0.000642
0
0.000106
0.000319
0.000427
0
0.000212
0.000318
0.000107
0.012526
0.000324
0.000319
0.00043
0.000107
0.000109
0
0.002182
0.000434
0.00044
0
0.000883
0.000548
0
0.000534
0.00043
0.001089
0.000424
0.000105
0.000105
0.000107
0.000211
0.000107
0.000215
0.000213
0.000107
0
0.000424
0
0
0.000106
0.000217
0.000871
0
0.000107
0.000859
0.000325
0.001218
0.001632
0.000319
0.000105
0.000105
0.000211
0.000425
0
0.000642
0.000107
0
0.000218
0.00032
0.000315
0.000538
0.000744
0.003055
0.013197
0.000418
0.000209
0.000319
0.000217
0.000104
0.000211
0.000107
0.00021
0.000108
0.000212
0.000422
0.000105
0.000211
0.000328
0.000109
0.000109
0.002067
0.011845
0.000211
0.000209
0.000208
0.000968
0
0.013401
0.000318
0.000105
0.000315
0
0.000213
0.000213
0.014217
0.000105
0.00064
0.00073
0.000211
0.000106
0.001725
0.000208
0
0
0.000106
0.014085
0.000104
0.00021
0.000104
0.000109
0.000219
0.000112
0.000108
0
0.000216
0.000218
0.000212
0.000319
0.000106
0.000212
0.015538
0.000209
0.000106
0.000427
0
0.000211
0
0.000105
0.000105
0.000105
0.000317
0.000209
0.00042
0.000527
0
0.000319
0.000212
0
0
0.000105
0.000216
0.000334
0
0.000215
0.000323
0.000107
0
0.001181
0.001311
0.000214
0.000212
0.000531
0.000213
0.000211
0.000212
0.000316
0.00021
0.000106
0.000213
0.00034
0.00045
0
0.012777
0.000212
0.215065
0.00056
0.000108
0.000242
0.001361
0
0.000116
0.000121
0.000114
0.00022
0.00011
0.000541
0.000108
0.000319
0.000436
0.000212
0.000429
0
0.000216
0.000214
0.000108
0.000216
0.014795
0.000422
0.000538
0.00056
0.012534
0.000108
0.000546
0.000109
0.000218
0.002261
0.000221
0
0.000215
0.00033
0.00032
0.000426
0.000214
0.000107
0.000327
0.001141
0.000341
0.013352
0.000224
0.000223
0.000106
0.000213
0.000216
0.011165
0.000324
0
0.012756
0.000224
0.000112
0.000113
0.000213
0.000319
0.000545
0.000107
0.000422
0.000873
0
0.000321
0.000105
0.000105
0.000317
0.000212
0
0
0.000212
0.000106
0.000211
0.000321
0.000321
0.000216
0.000548
0.000212
0
0
0
0
0
0.000213
0.000106
0.000217
0
0.000109
0.00141
0.000105
0.00021
0.000105
0.000428
0.00021
0.000315
0.000105
0
0.000435
0.000434
0.000107
0.000106
0.000319
0
0.000215
0.000107
0.000107
0.000108
0.000758
0.000541
0.010377
0.000213
0.00021
0.000215
0.000535
0.00021
0.000315
0
0.000424
0
0.000319
0.000105
0.000107
0
0.00021
0.000209
0
0.000527
0.000106
0.000321
0
0
0.000215
0.000109
0.000673
0.000107
0.000106
0.000106
0
0.000104
0.000107
0
0.000106
0
0.000421
0.000323
0.001754
0
0.000215
0.000214
0.000964
0.000319
0.000523
0.000317
0.000322
0.000213
0.000434
0.000319
0.000546
0.000216
0.000216
0.000323
0.000108
0.000773
0.000441
0.001332
0.000218
0.013278
0.000328
0.000108
0.01224
0.000105
0.000534
0.000107
0.000432
0
0.000106
0.000967
0.000865
0.000214
0.000216
0.001649
0.016727
0.000213
0.001063
0
0
0.000765
0.000425
0
0.000537
0.000319
0.000107
0.000106
0.000214
0.000322
0
0.000221
0.000109
0.000338
0.000452
0
0.00055
0
0.000108
0.000111
0.000331
0.000811
0.000219
0.000542
0.000218
0.000426
0.000316
0.000427
0.000213
0.000214
0.000425
0.000106
0.000544
0.000107
0.000107
0.000107
0.004097
0
0.000105
0.000107
0
0.00253
0.00022
0.000217
0.013377
0
0.000421
0.000211
0
0.000212
0.000105
0.000426
0.000761
0.000217
0.000214
0
0.012867
0.000211
0.000105
0
0.000105
0
0.000106
0.000652
0.000211
0
0.000211
0.000106
0.002368
0.000546
0.000861
0.000631
0.000852
0.004307
0.000106
0.000106
0.001075
0.000106
0.013315
0.000105
0.00021
0.000424
0
0.011296
0.000104
0.000425
0.01052
0.000214
0.000424
0.000216
0.000106
0.000106
0.000105
0.000211
0.000211
0.001413
0.012581
0.000636
0.000321
0.000214
0.00053
0.00097
0.00033
0
0.000439
0.000108
0
0.00032
0.000316
0.000219
0.002077
0
0
0.000326
0.000108
0.000108
0.000439
0.000323
0.000317
0
0.000216
0.000107
0.000319
0.000431
0.000107
0
0.000214
0.000106
0.00034
0.000335
0.000442
0.006967
0
0.000106
0.000321
0.000211
0.000106
0
0.003317
0.000428
0.000107
0
0.000427
0.014078
0.000323
0.000219
0.014093
0.000114
0.000568
0.000114
0.000108
0.000215
0.000213
0
0.000215
0.000645
0.000106
0.000214
0.000213
0.000213
0.000323
0.000213
0.000434
0.00011
0.000226
0.000112
0.000223
0.000111
0.000223
0.000116
0.013918
0.000123
0.000496
0.015548
0
0.000597
0.003505
0
0.000223
0.003937
0.00011
0.000326
0.011588
0.000988
0.000321
0.000323
0.000994
0.000108
0.000106
0
0.000213
0.001769
0.000107
0.000217
0.000431
0.000645
0.000213
0.016717
0.000213
0
0.000532
0.000211
0.000212
0.012348
0.000216
0.000107
0.000108
0.000325
0.00043
0.000106
0
0.000214
0.000322
0.000541
0.000321
0.000213
0.000213
0.000213
0.000214
0
0.000434
0.003343
0.000323
0.000216
0.001305
0
0.000107
0.000755
0.000321
0
0.00032
0.000642
0.000107
0
0.00053
0.000107
0.000108
0.000323
0.000213
0.000322
0.000318
0
0.000323
0.000106
0.000212
0.000429
0.00098
0.000214
0.00067
0.000218
0.000215
0
0.000107
0.000218
0.001873
0.000542
0.000107
0.000107
0.000107
0.000107
0.000429
0.000538
0.000641
0
0.000648
0.000107
0.000109
0.000215
0.000536
0.000324
0.000326
0.000219
0.013551
0.000219
0.000216
0.000317
0.000218
0.000323
0.000108
0.000111
0.000542
0.000222
0
0
0.000424
0.000215
0.000429
0.000108
0
0.000217
0.00291
0.00065
0
0
0
0.000108
0.000323
0.000656
0.000547
0
0.000547
0
0.000107
0.000106
0.000107
0.000549
0.003675
0.000433
0.000218
0.000109
0.000895
0.001593
0.000112
0.000804
0.001034
0.000326
0.000108
0.000108
0.000325
0
0.00056
0.000549
0.000553
0.000328
0.000445
0.000663
0.000221
0.000109
0.000437
0.00011
0.000663
0.000109
0.000995
0.00022
0.001094
0.002267
0.001459
0.001937
0.002218
0.003595
0.00078
0.000219
0.001333
0.013773
0.000343
0.000229
0.001459
0.006746
0.000712
0.000227
0.00079
0.00078
0.000674
0.000221
0.000329
0.000453
0.000568
0.00045
0.000561
0.00033
0.000224
0.000443
0.000221
0.000548
0.000328
0.000111
0.00079
0.000336
0.000226
0.000562
0.000559
0.000335
0.000224
0.000667
0.000334
0
0.000429
0.000434
0.000542
0.000108
0.000544
0.000216
0.000323
0.000107
0.000326
0.000109
0.000328
0.000323
0.000559
0.012555
0.000325
0.000327
0.000772
0.000111
0
0
0.00022
0.00033
0.000337
0.000112
0.00023
0.000348
0.000232
0.000117
0.000267
0
0
0.000267
0.000263
0.000269
0.000133
0
0.000267
0
0.000129
0.000252
0.00164
0.015883
0.000106
0.000216
0.004456
0.002418
0.000106
0.000213
0
0
0.000212
0.000318
0
0.000215
0
0.014538
0.000111
0.000213
0.000324
0.000324
0.000528
0.000213
0.000213
0.000319
0.000107
0.000107
0.000219
0.000662
0.000213
0.000969
0.002704
0.000107
0
0.000213
0
0.000107
0
0
0.000217
0.000767
0.000548
0
0.000317
0.000107
0.000105
0.000214
0.000222
0.000335
0.000896
0.00022
0.000317
0.000106
0.000318
0.000212
0.000763
0.00033
0.000109
0.001454
0.000324
0.000322
0.000326
0
0.000552
0.001697
0.000548
0.000107
0.000212
0.000106
0.000544
0.000433
0.000107
0.000868
0.000324
0
0.000217
0.002082
0.000217
0.000212
0.000215
0.000215
0.000324
0.000435
0.000321
0.000106
0
0.000109
0.000108
0.000536
0.000106
0.000211
0.000215
0.000222
0.000216
0.000109
0.00266
0.001251
0.000327
0.000683
0.000218
0.000216
0.000215
0
0.015306
0.000108
0.000217
0.000442
0.000217
0.000106
0
0.013421
0
0.000324
0.000106
0.000105
0.012961
0.000315
0.000212
0.000214
0.00032
0
0
0.000321
0.000211
0.000322
0.000325
0.000423
0.012462
0
0.000215
0
0
0.000223
0.000116
0
0.000111
0.000112
0.000336
0
0.016239
0
0.000105
0.000104
0
0.000105
0.001748
0.000218
0.000215
0.000328
0.000108
0.000224
0.000113
0.000573
0
0
0
0.000227
0.000454
0.000112
0.000105
0
0.000968
0.000106
0.000211
0.000315
0.000421
0.018566
0.001089
0.000216
0.014284
0
0.000421
0.000105
0.000214
0.000214
0.012961
0.000321
0.000869
0.000213
0.000431
0
0.000106
0.000215
0.000318
0.000213
0.000217
0.000218
0.000218
0.000108
0
0.000106
0
0.000107
0.002247
0.000215
0.000114
0.000245
0.000122
0
0.000355
0
0.000351
0.002054
0.000341
0.000336
0.000553
0.000669
0.000212
0
0.000105
0.000106
0.001409
0.000213
0.000217
0.000544
0.000427
0.000213
0.000643
0.000217
0.000534
0.000106
0.000215
0.000317
0.000105
0.000107
0.000211
0.000214
0.000212
0.000106
0.000106
0.000319
0.000106
0.000216
0.000549
0.000108
0.000212
0.000106
0.000106
0.000105
0.000423
0.000106
0.000212
0.000432
0.000107
0.00011
0.000325
0.000107
0.000212
0.007464
0.000425
0.000107
0.000107
0
0.000106
0.000536
0.000424
0.000319
0
0.000332
0.000222
0.000558
0.000109
0.000881
0
0.000323
0
0.000325
0.000215
0.000759
0.000984
0.000423
0.000105
0.000212
0.000962
0.001438
0.000322
0.000217
0.000334
0.000216
0.000321
0.000536
0.000212
0.015688
0
0.000223
0.000105
0.000319
0.000105
0.000107
0.000219
0.000109
0.000215
0.000108
0.000645
0.000212
0.00053
0.000628
0.000212
0.000835
0.000105
0
0.000106
0.000435
0.000216
0.000423
0.000106
0.000532
0.000214
0.000106
0
0.000104
0.000419
0.000211
0.000105
0
0.000106
0.000106
0.001006
0.000107
0
0.000321
0.000317
0.000629
0
0
0.000421
0.000211
0.000321
0.000322
0.000108
0.000211
0.000105
0.000211
0.00098
0
0.000105
0.000316
0.000314
0.00063
0
0.000213
0.00032
0.000212
0.000316
0.000422
0.000419
0.000419
0.000316
0.000314
0.000108
0.00032
0.000225
0.000226
0.001607
0.000119
0.003334
0.000119
0.000119
0.000359
0.000109
0.000324
0.000212
0
0
0.000327
0.00032
0.00032
0
0.000213
0.000642
0.000427
0.000641
0.000652
0.003413
0.000108
0.000655
0.000322
0.000321
0.000427
0.000216
0.000317
0.000211
0.000107
0.000753
0.000432
0.000645
0.000318
0.000106
0.000106
0.000105
0.000213
0.000107
0.000106
0.000215
0.000436
0
0.000106
0
0.000543
0.000215
0.000213
0.000751
0.000108
0.000651
0.000325
0.000324
0.000108
0.000215
0.000324
0.000535
0.000322
0.000432
0.000324
0.000107
0.000318
0.000425
0.000216
0.000874
0.000219
0.000423
0
0.000107
0.000213
0.000213
0.000213
0.000319
0.000433
0.000214
0.000215
0.000432
0.000216
0.000425
0.004623
0.000108
0.000215
0.000219
0.000108
0.00044
0.000212
0.000106
0.015393
0.000324
0.000216
0.000219
0.000439
0.000215
0.000538
0.000216
0.000432
0.000106
0.000321
0.00032
0.000107
0.000107
0.000545
0.000216
0.016679
0.000429
0.000436
0.002219
0.00043
0.000326
0.000756
0.000326
0.002112
0.000654
0.000215
0.000993
0.015992
0.00022
0.00011
0.000656
0.000108
0.00054
0.000216
0.000878
0.000434
0.000218
0.000323
0.000551
0.000445
0.000431
0.000328
0.000678
0.000551
0.000551
0.001251
0.000217
0.000652
0.001482
0.000545
0.000445
0.000444
0.000328
0.000218
0.000107
0.000214
0.000218
0.018252
0.000109
0.000109
0.000109
0.000329
0.000225
0.007773
0.000325
0.00395
0.000213
0.000107
0.000108
0.000867
0.000218
0.000664
0.000433
0.000441
0.001717
0.000903
0.000776
0.000215
0.000325
0.000107
0.000661
0.000326
0.000327
0
0
0.000321
0.000437
0.000547
0.000215
0
0.000219
0.000109
0.000337
0
0
0.000991
0.000212
0.000107
0.000214
0.000216
0.000548
0.000106
0.000537
0.000322
0.000218
0.000545
0.000323
0.000643
0.000109
0.000215
0.000217
0
0.001024
0.000217
0.000332
0
0
0.023557
0.002282
0.000128
0.018995
0.000252
0.000126
0.003113
0.000108
0.001097
0
0.000215
0.000319
0.000316
0.002715
0.000107
0.000106
0.000106
0.000106
0.000107
0.000215
0
0.000108
0.000442
0
0.00189
0.000324
0.000108
0
0.000322
0.000217
0.000884
0.000107
0
0.000428
0.000106
0.000107
0.000462
0.000114
0.00023
0.010594
0.000532
0.000211
0
0.000322
0.000107
0.000107
0.000556
0
0
0.000109
0.000111
0.000218
0.000218
0
0.00952
0
0
0
0.000106
0.000106
0.000538
0
0.000325
0.000321
0.000212
0.000427
0.000213
0.000753
0.000106
0.000108
0.000761
0
0.011475
0.000556
0.000326
0.000216
0.000213
0.000212
0.000108
0.000106
0
0.000549
0.001126
0.002121
0.001836
0.000337
0.001652
0.010785
0.000642
0.000215
0.000326
0.00043
0.000432
0.000216
0.00022
0.00276
0.000335
0.000223
0.001599
0.000555
0.000327
0.000221
0.000329
0.000324
0.000335
0.000111
0
0.002582
0.000116
0.000117
0.00993
0.000117
0.000234
0.000362
0.00131
0.000237
0.000472
0.000109
0.00011
0.004673
0
0.000213
0.000108
0.000758
0.000218
0.000765
0.000532
0.000538
0.000555
0.000432
0.005834
0.000549
0.000322
0
0.000109
0.000323
0.000541
0.000324
0.000216
0.000773
0.000109
0
0
0.000445
0
0.002803
0
0
0.000217
0.002751
0.000107
0.000106
0.000216
0.000226
0.000335
0.000112
0.009576
0.000215
0.000904
0.008846
0.00033
0.00043
0.000322
0.000214
0.000444
0.001088
0.000107
0.000646
0.000325
0.000757
0.000214
0
0.000216
0.000221
0.000218
0.000216
0.000217
0.000227
0.000112
0.000113
0.000787
0.000108
0.000323
0.000431
0
0.000216
0.000214
0
0.000219
0.000552
0.000322
0.000324
0.00177
0
0.001956
0
0.000108
0.000107
0.000108
0
0
0.01124
0.000112
0.000112
0.010479
0.000329
0.000111
0.015129
0
0.000218
0.000109
0.000328
0.00172
0.000455
0
0.009688
0.000217
0.000214
0.000347
0.002285
0.000111
0.000451
0.010022
0.000678
0.000335
0.000107
0.000323
0.000215
0.000326
0.000545
0.000108
0.00077
0.000324
0.000656
0.000224
0.000109
0.001662
0
0.000214
0.003914
0.000661
0.000216
0.000326
0.000108
0.000537
0.00011
0.013703
0.000111
0.012099
0.000334
0.000338
0.000232
0.000702
0.000118
0.000342
0.000223
0.000568
0
0.000112
0.000112
0.000339
0.000228
0.000815
0.000442
0.000538
0.000323
0.000106
0.01408
0.000108
0.000535
0.000106
0.000214
0.000216
0.000107
0.000215
0
0.000317
0
0.000869
0.000108
0.000105
0.000425
0.00053
0
0.000212
0.015767
0
0
0.000106
0.000105
0.000319
0
0.000746
0.000638
0.000212
0.000107
0.000327
0.000109
0.000111
0.000446
0.000219
0.000539
0
0.001201
0.000109
0.001083
0
0
0.000858
0
0.000211
0.000643
0.000426
0.001828
0.000319
0.000856
0.000316
0.001184
0.000751
0.00042
0.001304
0.00119
0.000768
0.002156
0.000108
0.000325
0.000213
0.000427
0.039369
0.000331
0.00011
0.00076
0.000321
0.000211
0.000536
0.00011
0.013367
0.000217
0.000215
0.000213
0.000217
0.000322
0.00021
0.00021
0
0.000866
0.000213
0.000423
0.000316
0.000106
0.000106
0.000442
0.000538
0.000983
0.000107
0.000107
0.000215
0
0.000545
0.00055
0.014061
0.000568
0.000114
0.000463
0.000214
0.000426
0.000106
0.000106
0.000214
0.000216
0.000651
0.000109
0.013749
0.001089
0.00032
0.00043
0.000107
0.000432
0.000325
0.000106
0.000325
0.000107
0.000319
0.000535
0.000319
0
0.000216
0.000546
0.000436
0.000218
0.01112
0.000648
0.000107
0
0
0.000107
0.000109
0.000219
0.000331
0.000324
0.000109
0.000216
0.000432
0.000435
0.000428
0.000434
0.000217
0.000219
0.000217
0.000435
0.000225
0.000115
0.000723
0.000119
0.000478
0.000354
0.000115
0.000107
0
0.000545
0.001453
0.00011
0.000775
0.000217
0.001103
0.000549
0.000684
0.000558
0.000435
0.001636
0.000329
0.000443
0.000217
0.000323
0.000429
0.000329
0.00076
0.001201
0.000215
0.000216
0.003808
0.000547
0.000549
0.000327
0.000217
0.000222
0
0.000992
0.000219
0.001811
0.000565
0.001247
0.000221
0.000774
0.000332
0.000221
0.000223
0.000222
0.000222
0.000545
0.000218
0.000764
0.000218
0
0.000107
0.000433
0.000215
0.000108
0.000667
0.000547
0.000438
0.000971
0.000331
0.000438
0.000768
0
0.000343
0.002351
0.001206
0.000575
0.000218
0.001082
0.000348
0.000227
0.003277
0.045041
0.002464
0.002026
0.001603
0.001311
0.001144
0.000633
0.001056
0.038399
0.000148
0.994937
0
0.000123
0.000119
0.000119
0.000119
0
0.000229
0.000113
0.002473
0.00907
0.004565
0.000635
0.000233
0.000112
0.000661
0.000216
0.028237
0.000553
0.009696
0.001225
0.00053
0.000117
0.000223
0.00209
0.000447
0.000441
0.000322
0.000108
0.006527
0.00036
0.001486
0.000222
0.008198
0.00022
0.000745
0.000217
0.005287
0.000774
0
0.011935
0.00033
0.000677
0.000108
0.000215
0.003544
0.001901
0.006686
0.000998
0.003278
0.000433
0.003278
0.000787
0.002171
0.000668
0.00022
0.000444
0.000332
0.003168
0.000328
0.000109
0.000216
0.006777
0.000108
0.002198
0.001065
0.000554
0.003005
0.002302
0.002395
0.000106
0.001138
0.001115
0.000766
0.009804
0.000783
0.000892
0.000221
0.000437
0.001358
0.000107
0.000109
0.000108
0
0.000331
0.000108
0
0.00011
0.000112
0
0.017409
0.000521
0.000255
0.000128
0.000263
0.00132
0
0.000265
0
0.000398
0.001083
0.000264
0.011373
0.000535
0
0.000522
0
0.00021
0
0.000531
0
0.00021
0.000213
0.000322
0.005677
0.001795
0.000439
0.000546
0.000107
0.002545
0.000646
0.000957
0
0.000105
0.000646
0.00043
0.000316
0.000213
0.000318
0.000422
0.000536
0.00032
0.00032
0.008676
0.000325
0.000852
0.00032
0.000535
0.00043
0.002208
0
0.000109
0.000216
0
0.010297
0.00011
0.007487
0.000107
0.000107
0
0.000211
0.000422
0.000319
0.000106
0.00032
0.000429
0.000635
0.000317
0.000632
0.000211
0.011439
0.000646
0.000324
0.000111
0.001188
0.000648
0.000217
0.002363
0.000108
0.000422
0.000429
0.000106
0.00128
0.000212
0.000211
0
0.00075
0.000325
0.000321
0.000635
0
0.000746
0.001401
0.000322
0.000436
0.000426
0.000318
0.000106
0.000536
0.000321
0.000319
0.000427
0.007151
0.000535
0.00075
0.000216
0.00076
0.000216
0.000322
0
0.000319
0.000212
0.000107
0.000213
0.000752
0.002597
0.000212
0.000106
0.000867
0
0.000427
0.000653
0.000215
0.000219
0.000801
0.000113
0
0.00012
0.017051
0.018456
0.017671
0.002017
0.00047
0.000117
0
0.00021
0.000212
0.000632
0
0.000644
0
0.001086
0.000106
0.000425
0.000534
0
0.000534
0.000425
0.000212
0.005498
0.000321
0.000212
0.000427
0.00032
0.000212
0.000211
0.00021
0.000105
0.000106
0.000111
0.000786
0.000558
0.000105
0
0.000417
0
0.000105
0.003738
0.000104
0.00042
0.000834
0
0.000314
0.00021
0.000421
0.00021
0
0.000214
0.000424
0.000106
0.032441
0.001749
0.000549
0.000325
0
0.000526
0.000528
0.000211
0
0.000314
0.014554
0.000318
0.00021
0.000317
0.000755
0.000106
0.000321
0.000213
0.000215
0.018664
0.000635
0.00032
0.000108
0.000641
0.000106
0.000317
0.000211
0.000108
0.000318
0.000429
0
0
0.000211
0
0.000212
0.000422
0.000211
0.00021
0.000106
0.000421
0.000629
0.000318
0.000106
0.000316
0.000422
0.000312
0
0.000317
0.000211
0.000209
0.000419
0.000315
0.000424
0.000419
0.000104
0
0.000211
0.000319
0
0.000216
0
0.000325
0.000217
0.000213
0.000107
0.000105
0.00042
0.000212
0.000319
0.011401
0.000317
0.000213
0.001319
0.003331
0.000108
0.000221
0.000334
0.000113
0.000468
0.000156
0.000465
0.000933
0.000312
0.00157
0.000309
0.000149
0.000453
0.000149
0.000149
0.005895
0.006042
0.00043
0.000282
0.000422
0.000425
0.000141
0.000106
0.000106
0.000532
0.000106
0.008922
0.000105
0.000315
0.000424
0.000548
0
0.000106
0.00042
0.000211
0.00021
0.000105
0.000431
0.000107
0.000432
0.000216
0.000649
0.00032
0.000107
0.00043
0.000428
0.000322
0.000426
0.000436
0.000326
0.000654
0.000761
0.000428
0
0.000212
0.000213
0.000214
0.000325
0.000109
0.000663
0.000218
0.000212
0.000317
0.00021
0.000318
0.000318
0.000105
0.000209
0.000319
0.000211
0
0.000429
0.000213
0.000211
0.000319
0.000544
0
0.000214
0.000213
0.000213
0.000529
0.000211
0.00032
0.000423
0.000213
0.000106
0.000213
0
0.000212
0.000212
0.000106
0.000107
0.000756
0.000107
0.000107
0.009637
0.000219
0
0.000981
0.000108
0
0.000113
0
0.000367
0.000123
0.00012
0
0.009434
0.000107
0.000104
0.000104
0.000316
0.000525
0.00129
0.000105
0
0
0.000209
0.000318
0.000105
0.000211
0.00043
0.000528
0.000318
0.000213
0.000533
0
0.000107
0.000988
0.000325
0.000105
0.000527
0
0.00063
0
0.000531
0.000107
0.000213
0.000316
0
0.00021
0.000638
0.000536
0.000538
0.000106
0.000435
0
0.000223
0.000216
0.000109
0.000109
0.000337
0.00022
0.000676
0.000447
0.000341
0.000113
0.000343
0.000802
0.00046
0.00023
0.000117
0.000366
0.000247
0.000124
0.000364
0.000238
0.000119
0.000358
0.000355
0
0.001102
0.00012
0.000117
0.000236
0.000115
0.001144
0
0.000324
0.000434
0.000106
0.000317
0.000106
0.000539
0.000427
0.000426
0.000871
0
0.000108
0
0.000436
0.001752
0.001423
0.000106
0.000215
0.00088
0.000108
0.000433
0.000216
0.000215
0.000215
0.000108
0.000428
0.000324
0.000873
0.000107
0.001911
0.000218
0.00022
0.000549
0.000212
0.000105
0.000211
0.000211
0.000212
0
0
0.000322
0
0.000109
0.000322
0
0.000108
0.000425
0.000322
0.000323
0.000109
0.000214
0.000214
0.000107
0.00043
0.000107
0.000213
0.000215
0.000106
0.000214
0
0
0
0
0
0
0
0
0
0.005951
0.000106
0.000106
0
0.000104
0.000313
0.00021
0.000314
0.000209
0.000211
0.000106
0.000215
0.000216
0
0.000113
0.000329
0.000107
0.00032
0.000106
0.000318
0.000106
0.000319
0.000316
0.000536
0
0.000321
0.000639
0
0.000106
0.00032
0
0.000106
0.000212
0.00032
0.000757
0
0.000211
0.000105
0.000734
0.000211
0.000209
0.00064
0.000212
0.000424
0.000214
0.00032
0.000105
0.00032
0.000527
0.000213
0.00108
0.000315
0.000319
0.000106
0.002602
0.001125
0
0.001099
0
0.000112
0.000334
0.000221
0.000214
0
0
0.000429
0.000217
0.000215
0.002551
0.000543
0.000426
0.001423
0.000327
0.000323
0.000214
0.000106
0
0.000423
0.000105
0
0.000776
0.000218
0.00057
0.000228
0.000459
0
0.000332
0
0.000316
0
0.000212
0.000106
0.000323
0.000426
0.000106
0.000106
0.000441
0.000426
0.00021
0.000106
0.000105
0.000107
0.000319
0.000317
0.000212
0.000105
0.000106
0.000213
0.000107
0.000213
0
0.000106
0.000319
0.000217
0.000108
0.000438
0.000437
0.000545
0.000322
0.000425
0.000106
0.000531
0.000317
0.000425
0.000317
0
0.000105
0.000422
0.000106
0.000106
0
0.00021
0.000213
0.000325
0.000215
0.000107
0.000107
0.000106
0.000211
0.000213
0
0.000108
0.000221
0.000111
0.000336
0
0.000114
0.000453
0.000222
0.000222
0.000449
0.000112
0.00011
0.000333
0.00011
0.000108
0.000215
0.000313
0.000519
0.000104
0
0.000313
0.000638
0
0.000318
0
0.000108
0.000318
0.000105
0
0.000105
0.000528
0
0.000523
0.000104
0.000311
0.000209
0.000104
0.000208
0.000209
0
0.000316
0.000105
0.000105
0.000104
0.00021
0.00021
0.000104
0.000104
0.000312
0.000104
0.000314
0.000104
0.000524
0
0.00021
0.000528
0
0.001154
0.000417
0.000843
0.000417
0.00377
0.000417
0.000209
0.000424
0.000327
0.000108
0.000214
0.000107
0.000107
0.000426
0
0
0.000325
0.000434
0.000109
0.000549
0.000109
0
0.000211
0.00021
0.000433
0
0.00011
0.000324
0
0.000441
0.000556
0.000427
0.000106
0.000211
0
0.000428
0.000214
0.000109
0.000772
0.000114
0.000567
0.000225
0.000222
0.00011
0
0.000327
0.000544
0.000219
0.000106
0.000107
0
0.00032
0.000315
0.00021
0.001515
0.000426
0.000106
0.000106
0
0.000107
0.000319
0.001094
0.000436
0
0
0.000528
0.000106
0
0.003173
0
0.000107
0
0.000217
0
0.003104
0
0.000314
0.000106
0
0.000105
0.00021
0.000105
0.000105
0.00021
0.000211
0.002497
0.00021
0.000106
0
0.001199
0.000429
0.000321
0.000107
0.000325
0.000108
0
0
0.000114
0
0.000112
0.000224
0.00011
0.000214
0
0.000108
0.000108
0.000326
0.000781
0.000227
0
0.000333
0.00033
0.000432
0.000108
0
0.001547
0
0.000217
0
0.000109
0.000218
0.000216
0.000109
0.000108
0.000217
0.001094
0.000218
0.000326
0.000108
0.000109
0.000329
0.002475
0.000335
0.001937
0.012832
0.000328
0.00022
0
0.000109
0
0.00033
0.000108
0.000443
0.000549
0.000109
0
0.000331
0.00057
0.00034
0.000113
0
0.000224
0.000112
0.000226
0.000224
0.001383
0.000221
0.000111
0.001029
0
0
0.000227
0.001504
0.000446
0.000224
0.000226
0.000577
0
0.0006
0.000227
0
0.000352
0
0.001199
0.000231
0.000451
0.000234
0.000116
0.000115
0.000349
0.000236
0.000238
0.000473
0
0
0
0
0.000113
0.000231
0.000227
0
0.000114
0.000232
0
0
0
0.000246
0.000236
0.000692
0.000231
0.000466
0.000118
0.000963
0.000243
0.000243
0.000362
0.000481
0.000118
0
0.001557
0.000471
0.000594
0
0
0.000118
0.000117
0.000343
0.000594
0.000468
0.000592
0.000115
0.000227
0.000344
0.000914
0.000681
0.000111
0
0.00033
0.00011
0
0
0.000333
0.000432
0.000432
0.000216
0.00258
0.00032
0.000215
0.000649
0.00011
0.000329
0.000219
0.000327
0.000216
0.000535
0.000324
0.00032
0.000107
0.000215
0.000216
0.000323
0
0.000334
0.000334
0.000113
0.000352
0.000116
0
0
0
0.000109
0.000331
0
0
0.000108
0.000552
0
0.000112
0.000825
0.000234
0.000226
0.000216
0.010787
0
0
0.000325
0
0.000108
0.011386
0.000438
0.000779
0.000781
0.000434
0.000325
0.011444
0.000216
0.000108
0.000324
0.000217
0.000215
0.000109
0.000215
0.000755
0.000214
0.000108
0
0.000432
0.000107
0.000214
0.000214
0.001831
0.000108
0.000112
0
0.000555
0.00011
0.000445
0.00033
0.000109
0.000218
0.000324
0.000644
0.000338
0
0
0.000443
0.000221
0.000336
0.000333
0.000556
0.000109
0
0.00011
0.000226
0.000116
0.000474
0.000233
0
0.000116
0.000236
0.000828
0.000483
0
0
0
0
0
0.000384
0.000125
0.000252
0.001911
0.00049
0.00012
0.000121
0
0.00025
0.000383
0
0
0.000127
0.000912
0.000125
0
0
0
0.000122
0.011122
0.000123
0
0.000244
0.01238
0.000119
0.000119
0.000122
0.000848
0.000617
0.000244
0.000874
0.00012
0.000358
0
0
0.000124
0.000118
0.001473
0
0
0.000237
0.000235
0.000488
0
0.000626
0.000242
0
0.000125
0.000512
0.000247
0.000252
0.00076
0.000634
0.000906
0.000381
0.000251
0.000514
0.000383
0.000132
0.018934
0.000267
0
0
0.000138
0.000677
0.016235
0.000559
0.000292
0
0
0.003546
0
0
0.00019
0
0.000365
0
0
0.033315
0
0
0
0.000162
0
0
0.000165
0
0.000499
0.000504
0.000323
0
0.000172
0.031821
0.002058
0
0
0.000898
0
0
0
0.00328
0.000197
0.001282
0.003155
0
0.000193
0.000193
0
0
0.001977
0
0
0
0.03876
0.00061
0
0.000195
0
0
0
0.000203
0.000202
0.000206
0.000415
0
0
0
0
0
0
0
0
0
0
0
0
0
0
0
0
0
0
0
0
0
0
0
0
0
0
0
0
0
0.111111
0
0
